predictors	pearson_correlation	mean_squared_error	r2	
rois + act_t1 + conn_t1 + age + T1	0.13674019470359947	0.05907452033527713	0.00824311509818998	('rDLPFC_to_lPTL_T1', -0.01709912726377167)	('rIFG_to_lIFG_T1', -0.010941448908276934)	('L_IFGorb_T1', 0.009903732540867762)	('lSMA_to_lPTL_T1', 0.009637609148480107)	('lIFG_to_lPTL_T1', -0.006752639934568601)	('L_DLPFC', -0.006712850896888102)	('L_PTL', 0.006604359239408489)	('lSMA_to_lIFG_T1', -0.006445203214477941)	('L_SMA_T1', -0.005412911710816078)	('L_IFGorb', -0.005341988784935076)	('T1', 0.0045240861856203005)	('R_DLPFC_T1', -0.003983027423127358)	('lDLPFC_to_lPTL_T1', -0.003891425455391628)	('lPTL_to_lIFG_T1', -0.003679100297914937)	('L_PTL_T1', -0.0034558301894582148)	('L_DLPFC_T1', 0.0033453063196587757)	('R_IFGorb_T1', 0.003089593596747969)	('rDLPFC_to_lIFG_T1', -0.002697578713687916)	('lDLPFC_to_lIFG_T1', -0.0021206025241253326)	('Age', 0.0013542801117964536)	('L_SMA', -0.0004677269627999545)	
