predictors	pearson_correlation	mean_squared_error	r2	
rois + act_t1 + conn_t1 + age + T1	0.22255438442052167	0.056617687733644784	0.04948899629860104	('rIFG_to_lIFG_T1', -0.011008411504613682)	('lIFG_to_lPTL_T1', -0.010749621895868675)	('L_PTL_T1', 0.010315455709874416)	('R_DLPFC_T1', 0.01026894437173524)	('lPTL_to_lIFG_T1', 0.009857793134458906)	('R_IFGorb_T1', 0.009347561096932785)	('L_DLPFC', -0.008720896053389875)	('lSMA_to_lPTL_T1', -0.007906128290667589)	('lDLPFC_to_lIFG_T1', -0.0075819769147989395)	('Age', -0.00627225467782056)	('L_DLPFC_T1', 0.005501688817661121)	('L_PTL', -0.004920558036733595)	('rDLPFC_to_lIFG_T1', -0.004490585122076647)	('T1', 0.0038539795167988633)	('L_SMA_T1', -0.0038452366252792907)	('lSMA_to_lIFG_T1', -0.003827766912714038)	('L_IFGorb_T1', -0.00336402778391035)	('rDLPFC_to_lPTL_T1', 0.00237153629482877)	('L_SMA', 0.001008786814893135)	('lDLPFC_to_lPTL_T1', 0.0008876262758188862)	('L_IFGorb', 0.0004173768872428947)	
