predictors	pearson_correlation	mean_squared_error	r2	
rois + act_t1 + conn_t1 + age + T1	0.08337748768208542	0.059276471448082686	0.004852712511732027	('T1', -0.013301862905595497)	('lDLPFC_to_lPTL_T1', 0.01259844158339603)	('L_DLPFC', -0.010511869477023447)	('R_IFGorb_T1', -0.008618030704298807)	('L_IFGorb_T1', 0.00763306927300943)	('Age', 0.0066131109164365275)	('L_SMA', 0.005168695846316266)	('lSMA_to_lPTL_T1', -0.004595328223531498)	('lIFG_to_lPTL_T1', -0.0036859669188601084)	('rDLPFC_to_lPTL_T1', -0.003635689911138458)	('rDLPFC_to_lIFG_T1', -0.0034354031197729737)	('R_DLPFC_T1', -0.0027217743831634156)	('rIFG_to_lIFG_T1', 0.0024442643640950347)	('L_PTL_T1', 0.0022393028288353214)	('lPTL_to_lIFG_T1', -0.00214108830950105)	('L_SMA_T1', -0.002008822752528551)	('L_PTL', 0.0018154164505505886)	('L_IFGorb', 0.0017625152718733989)	('L_DLPFC_T1', 0.0006915006966113648)	('lSMA_to_lIFG_T1', 0.0005467038247458515)	('lDLPFC_to_lIFG_T1', 5.1143258553278235e-05)	
