predictors	pearson_correlation	mean_squared_error	r2	
rois + act_t1 + conn_t1 + age + T1	0.03934368945290295	0.06112984939874394	-0.026262230656005636	('lSMA_to_lIFG_T1', -0.016601893519519205)	('R_IFGorb_T1', 0.014230822950546725)	('lDLPFC_to_lPTL_T1', -0.012682097714128534)	('L_SMA', -0.012492020486352205)	('L_DLPFC_T1', -0.00659620688725387)	('rDLPFC_to_lPTL_T1', -0.005991720371561977)	('L_PTL', -0.005284813097231615)	('L_DLPFC', 0.004997579772091962)	('lSMA_to_lPTL_T1', 0.004478263801441394)	('T1', 0.003472681817274875)	('L_IFGorb_T1', 0.0034279279868212704)	('rDLPFC_to_lIFG_T1', -0.003201789062302559)	('L_SMA_T1', 0.003103512028882639)	('rIFG_to_lIFG_T1', 0.0030332629418457586)	('L_PTL_T1', 0.0028254870925736027)	('lIFG_to_lPTL_T1', -0.0026126480426564187)	('lDLPFC_to_lIFG_T1', -0.0022132661333072617)	('Age', -0.0019041949297196482)	('lPTL_to_lIFG_T1', -0.0018655638925423488)	('R_DLPFC_T1', 0.0006040061216677353)	('L_IFGorb', 0.0003838696734957982)	
