predictors	pearson_correlation	mean_squared_error	r2	
rois + act_t1 + conn_t1 + age + T1	0.07909602031115144	0.06008647439407487	-0.00874580667926983	('L_IFGorb_T1', -0.019194507594836936)	('L_SMA_T1', 0.012930627899402022)	('R_IFGorb_T1', -0.00963398795408622)	('Age', -0.008308909028680284)	('L_DLPFC_T1', -0.006917682179164434)	('lSMA_to_lPTL_T1', 0.006768760396000968)	('lSMA_to_lIFG_T1', 0.0063883748224941)	('rDLPFC_to_lIFG_T1', -0.0046835762095991385)	('lDLPFC_to_lIFG_T1', -0.004666217022209511)	('R_DLPFC_T1', -0.003467142451038593)	('rIFG_to_lIFG_T1', 0.002990433511576491)	('L_IFGorb', -0.0025343298145986425)	('L_PTL', -0.002441537715051964)	('T1', -0.0017265231038039426)	('L_PTL_T1', 0.0017037572882895639)	('rDLPFC_to_lPTL_T1', -0.0016119860303141478)	('lIFG_to_lPTL_T1', 0.0014474356368177823)	('lDLPFC_to_lPTL_T1', 0.0014272086761502318)	('L_SMA', 0.0010491246151981325)	('lPTL_to_lIFG_T1', -0.0009578918174429558)	('L_DLPFC', -0.0007647674011312341)	
