predictors	pearson_correlation	mean_squared_error	r2	
rois + act_t1 + conn_t1 + age + T1	-0.16187582841974626	0.07521177176612776	-0.26267284188471507	('lDLPFC_to_lIFG_T1', -0.02028824136607449)	('L_DLPFC_T1', -0.01755745033507414)	('Age', -0.012379617068765674)	('L_PTL', -0.011412680840205124)	('L_SMA', -0.009690912933116474)	('L_IFGorb', 0.009429416990160852)	('L_DLPFC', -0.007866835337859071)	('R_IFGorb_T1', -0.007316395288051334)	('rDLPFC_to_lIFG_T1', -0.006785106280830858)	('T1', 0.00564881444410113)	('lPTL_to_lIFG_T1', -0.005641469008485278)	('rIFG_to_lIFG_T1', -0.004152529267577661)	('lIFG_to_lPTL_T1', -0.004060478794493029)	('lSMA_to_lIFG_T1', 0.00343046965493068)	('L_SMA_T1', 0.0027539319681142236)	('R_DLPFC_T1', -0.002689811331723622)	('rDLPFC_to_lPTL_T1', -0.002310030541520941)	('L_IFGorb_T1', -0.002017516390850563)	('lDLPFC_to_lPTL_T1', -0.0009993564619153366)	('lSMA_to_lPTL_T1', -0.0006984890733415337)	('L_PTL_T1', 0.0005720610243075604)	
