predictors	pearson_correlation	mean_squared_error	r2	
rois + act_t1 + conn_t1 + age + T1	0.22827661661999657	0.05655409938785665	0.050556532342516	('R_DLPFC_T1', -0.011401776416130114)	('lPTL_to_lIFG_T1', -0.008890825081730587)	('L_SMA', -0.00682874588055318)	('rDLPFC_to_lIFG_T1', -0.00506403633256611)	('T1', 0.0038881255371955143)	('rIFG_to_lIFG_T1', -0.003886682715854031)	('L_PTL', -0.003828093202300611)	('lDLPFC_to_lIFG_T1', -0.003683210483233164)	('lSMA_to_lIFG_T1', 0.003305827863703596)	('lSMA_to_lPTL_T1', -0.002525075774299275)	('L_PTL_T1', -0.0016157478587385213)	('L_DLPFC_T1', 0.0015310987315151554)	('lIFG_to_lPTL_T1', 0.001328167367231666)	('Age', -0.001294740282653323)	('L_IFGorb', -0.0012350749260577102)	('lDLPFC_to_lPTL_T1', -0.0009729877803556734)	('L_SMA_T1', -0.0006591094893965516)	('rDLPFC_to_lPTL_T1', 0.00020746185713759895)	('L_IFGorb_T1', -0.00017045238059238262)	('L_DLPFC', 0.00016337097701467723)	('R_IFGorb_T1', -0.00014061377499317377)	
