predictors	pearson_correlation	mean_squared_error	r2	
rois + act_t1 + conn_t1 + age + T1	0.12337370705161824	0.05869355149026217	0.01463890930578271	('L_IFGorb_T1', -0.007899939450008844)	('lDLPFC_to_lIFG_T1', -0.007584069639097142)	('lDLPFC_to_lPTL_T1', -0.007250856755072194)	('L_DLPFC', -0.006315826601041335)	('Age', -0.006244213653225504)	('L_SMA_T1', -0.003923673764912979)	('L_DLPFC_T1', -0.0038110756896717695)	('L_IFGorb', -0.0034777910463242834)	('R_IFGorb_T1', 0.0031970586505504217)	('L_PTL_T1', -0.0031190519117772183)	('R_DLPFC_T1', 0.002515503519346866)	('rDLPFC_to_lIFG_T1', 0.0024765757656862713)	('lSMA_to_lIFG_T1', 0.002460889541321331)	('rDLPFC_to_lPTL_T1', -0.0024121482349847762)	('lPTL_to_lIFG_T1', -0.00198587710362174)	('T1', 0.00169618367847281)	('lSMA_to_lPTL_T1', -0.0011394009763335325)	('lIFG_to_lPTL_T1', 0.0009178002479497812)	('L_SMA', -0.0007076235213010948)	('L_PTL', -0.00047022395645277535)	('rIFG_to_lIFG_T1', 0.0002370714708396873)	
