predictors	pearson_correlation	mean_squared_error	r2	
rois + act_t1 + conn_t1 + age + T1	-0.0413682513994555	0.06348866451981505	-0.06586257143331009	('lDLPFC_to_lPTL_T1', -0.006356862802450806)	('L_PTL', -0.005670482499421228)	('R_IFGorb_T1', 0.005541256026567414)	('L_PTL_T1', -0.005473267099185619)	('L_DLPFC', -0.005226870021399164)	('rIFG_to_lIFG_T1', -0.004519554077441869)	('lSMA_to_lIFG_T1', 0.004229575766891706)	('lSMA_to_lPTL_T1', -0.004142431023606725)	('rDLPFC_to_lPTL_T1', -0.004107801864864658)	('T1', -0.0038857558760782046)	('L_IFGorb', 0.002953961902229686)	('R_DLPFC_T1', -0.0020430510806052423)	('lDLPFC_to_lIFG_T1', -0.0019625626278464096)	('lPTL_to_lIFG_T1', 0.0017319922340093671)	('lIFG_to_lPTL_T1', -0.0013467160200107626)	('L_SMA', -0.001084426132971514)	('Age', 0.0008135172440633955)	('L_DLPFC_T1', 0.0007026678576024101)	('L_IFGorb_T1', 0.0004569540281279946)	('rDLPFC_to_lIFG_T1', -0.00011174373785530465)	('L_SMA_T1', -1.068381616004451e-05)	
