predictors	pearson_correlation	mean_squared_error	r2	
rois + act_t1 + conn_t1 + age + T1	-0.04162773156001887	0.06030469449721426	-0.012409336886272548	('Age', 0.010479184287727336)	('L_SMA', -0.00708058617188379)	('L_SMA_T1', -0.006780102054687396)	('lPTL_to_lIFG_T1', -0.006654230078260833)	('L_DLPFC_T1', -0.006607008399186311)	('L_PTL', 0.0058573759854253305)	('T1', -0.005017091301322921)	('lDLPFC_to_lIFG_T1', -0.004932548459581514)	('R_DLPFC_T1', 0.004894506677269376)	('rDLPFC_to_lIFG_T1', -0.0047283245043391545)	('R_IFGorb_T1', -0.004602917282278665)	('lIFG_to_lPTL_T1', -0.004016759370514)	('lSMA_to_lPTL_T1', -0.0034732931072547477)	('L_IFGorb', 0.0034044486806364825)	('lDLPFC_to_lPTL_T1', -0.002800069732281786)	('rDLPFC_to_lPTL_T1', 0.0021992247529170504)	('L_DLPFC', 0.0015264273089152195)	('L_IFGorb_T1', 0.0005332535266439366)	('L_PTL_T1', -0.0005182528089550698)	('rIFG_to_lIFG_T1', -0.000184721490629177)	('lSMA_to_lIFG_T1', 8.552339671173295e-05)	
