predictors	pearson_correlation	mean_squared_error	r2	
rois + act_t1 + conn_t1 + age + T1	-0.14104728847068027	0.06197199284565975	-0.040400332105048564	('lIFG_to_lPTL_T1', -0.01359118391732094)	('lDLPFC_to_lIFG_T1', -0.010867203181729393)	('L_PTL', -0.008924482411530425)	('lSMA_to_lPTL_T1', -0.006814758939726534)	('R_IFGorb_T1', 0.006234000197108492)	('L_PTL_T1', 0.006083283351390553)	('rDLPFC_to_lIFG_T1', -0.005496353478669235)	('L_IFGorb_T1', 0.0049979240286622)	('lPTL_to_lIFG_T1', -0.004546643977143545)	('L_DLPFC_T1', 0.003964714491144277)	('L_DLPFC', -0.003357172366976248)	('R_DLPFC_T1', -0.0032203702852652417)	('lDLPFC_to_lPTL_T1', -0.0022634582625446556)	('L_SMA', 0.001949181761721657)	('Age', -0.0018511122892261554)	('rIFG_to_lIFG_T1', 0.0016551212148387569)	('lSMA_to_lIFG_T1', 0.0014238039721752257)	('L_IFGorb', 0.0002748498688693423)	('rDLPFC_to_lPTL_T1', -0.00021316504103715484)	('T1', 9.138324671690937e-05)	('L_SMA_T1', -6.132080359982071e-05)	
