predictors	pearson_correlation	mean_squared_error	r2	
rois + act_t1 + conn_t1 + age + T1	-0.002366204617512654	0.06291239210173066	-0.05618797509345752	('L_PTL', -0.016603312916442473)	('Age', -0.013127645595414943)	('L_IFGorb_T1', -0.013004921818110792)	('L_DLPFC', 0.011437644768089273)	('rDLPFC_to_lIFG_T1', -0.01095730059825996)	('T1', -0.010500858847694203)	('rDLPFC_to_lPTL_T1', -0.008763818003927929)	('L_SMA_T1', 0.008024604825791693)	('R_IFGorb_T1', 0.007891227561913357)	('lSMA_to_lIFG_T1', -0.0073406187110501364)	('lSMA_to_lPTL_T1', 0.007094088129898535)	('L_DLPFC_T1', -0.005844795276032681)	('lPTL_to_lIFG_T1', 0.005546608374992334)	('rIFG_to_lIFG_T1', 0.004940626324871721)	('R_DLPFC_T1', -0.004061164529365389)	('L_SMA', -0.0037646642738802106)	('L_PTL_T1', 0.0033158054166268036)	('L_IFGorb', 0.0030842961626581502)	('lIFG_to_lPTL_T1', -0.002551446746080825)	('lDLPFC_to_lPTL_T1', -0.0021186821217728654)	('lDLPFC_to_lIFG_T1', 0.001288079368855363)	
