predictors	pearson_correlation	mean_squared_error	r2	
rois + act_t1 + conn_t1 + age + T1	0.08970369162905846	0.0594494933910718	0.0019479796044710174	('lSMA_to_lIFG_T1', -0.009946478932203122)	('lIFG_to_lPTL_T1', -0.006366954142060647)	('lDLPFC_to_lPTL_T1', -0.006063079271397338)	('rDLPFC_to_lIFG_T1', 0.00594783991169569)	('Age', -0.005168031147762779)	('L_DLPFC_T1', -0.004913793700129431)	('L_IFGorb', -0.004578047121556179)	('lSMA_to_lPTL_T1', -0.0035939731974132887)	('lDLPFC_to_lIFG_T1', -0.0029612572639975167)	('rIFG_to_lIFG_T1', 0.0028858924234949506)	('R_IFGorb_T1', -0.002005272408035567)	('L_SMA', -0.0018250479335406263)	('L_PTL_T1', -0.0016228787900803294)	('lPTL_to_lIFG_T1', -0.0015184038830056538)	('L_SMA_T1', 0.001251747018893739)	('R_DLPFC_T1', 0.001195046665956245)	('L_PTL', 0.0010532472033649926)	('L_IFGorb_T1', -0.0008945829967078424)	('L_DLPFC', 0.0008228512684314553)	('T1', -0.0003927960636358948)	('rDLPFC_to_lPTL_T1', -0.00019448433579482156)	
