predictors	pearson_correlation	mean_squared_error	r2	
rois + act_t1 + conn_t1 + age + T1	-0.04787374723592245	0.06487393153706271	-0.08911875860140706	('lSMA_to_lIFG_T1', -0.012719705298871665)	('R_IFGorb_T1', -0.012209529933552047)	('L_IFGorb', -0.010517869877483854)	('lSMA_to_lPTL_T1', -0.009665575052504745)	('L_SMA', -0.009650295430395523)	('rIFG_to_lIFG_T1', 0.009317497984696176)	('L_DLPFC_T1', -0.008386459353036816)	('L_IFGorb_T1', -0.008267258221250347)	('rDLPFC_to_lPTL_T1', 0.007691935204792168)	('Age', -0.0060463192341817865)	('L_DLPFC', -0.004271044203222081)	('lDLPFC_to_lPTL_T1', -0.003977926370789866)	('lPTL_to_lIFG_T1', -0.0039499797885909314)	('T1', 0.00390227536149931)	('L_PTL_T1', 0.003396281342361588)	('rDLPFC_to_lIFG_T1', 0.003095291954357423)	('L_SMA_T1', -0.002146428171089381)	('lIFG_to_lPTL_T1', -0.001221975850588971)	('lDLPFC_to_lIFG_T1', -0.0006366257283039717)	('L_PTL', -0.0005708933709447546)	('R_DLPFC_T1', 0.00023359565062739077)	
