predictors	pearson_correlation	mean_squared_error	r2	
rois + act_t1 + conn_t1 + age + T1	-0.018685826195092813	0.06390587485633367	-0.07286679628941028	('L_IFGorb_T1', 0.009088144783921667)	('rDLPFC_to_lIFG_T1', -0.009015938652235055)	('lPTL_to_lIFG_T1', -0.00881960716212776)	('L_IFGorb', -0.007741581918348706)	('R_DLPFC_T1', -0.007222938374747269)	('L_PTL_T1', 0.006090189529053089)	('R_IFGorb_T1', -0.0059094205703758736)	('lDLPFC_to_lIFG_T1', -0.005753377206085635)	('L_DLPFC', 0.005475075479226276)	('L_SMA', -0.005458065296667082)	('T1', 0.0049980813242657025)	('lSMA_to_lPTL_T1', 0.004875402222911819)	('L_DLPFC_T1', -0.004498407183340665)	('lIFG_to_lPTL_T1', 0.003054406190903966)	('lSMA_to_lIFG_T1', -0.0024229755384907498)	('Age', 0.0023007468472162735)	('L_PTL', 0.0008803346721823096)	('L_SMA_T1', -0.0008185205485852203)	('rIFG_to_lIFG_T1', -0.00081044009680081)	('lDLPFC_to_lPTL_T1', -0.0006940722107499482)	('rDLPFC_to_lPTL_T1', -0.000355492940239984)	
