predictors	pearson_correlation	mean_squared_error	r2	
rois + act_t1 + conn_t1 + age + T1	0.22047551070512672	0.05724293237604586	0.0389922427857512	('rDLPFC_to_lIFG_T1', -0.009870638854004516)	('L_DLPFC_T1', -0.0069745213735336615)	('lDLPFC_to_lPTL_T1', -0.006846874840931354)	('lDLPFC_to_lIFG_T1', -0.006122029049255807)	('Age', 0.005505091650236076)	('lPTL_to_lIFG_T1', -0.004688396401905254)	('lSMA_to_lIFG_T1', -0.0037665909027638647)	('L_SMA', 0.003543761449604361)	('L_DLPFC', 0.0033826569807538956)	('L_PTL_T1', 0.00333116568708133)	('L_IFGorb', -0.0031660949488524007)	('L_IFGorb_T1', 0.0028953199852310442)	('L_SMA_T1', -0.0017914434609947202)	('lIFG_to_lPTL_T1', -0.001653960196496358)	('rIFG_to_lIFG_T1', 0.0011998469293189329)	('R_DLPFC_T1', -0.0008024210205606531)	('T1', 0.0007357140917674544)	('lSMA_to_lPTL_T1', -0.0007271070487159836)	('L_PTL', 0.0004350978415292543)	('R_IFGorb_T1', 0.00018600576169175363)	('rDLPFC_to_lPTL_T1', 0.0001557392342774773)	
