predictors	pearson_correlation	mean_squared_error	r2	
rois + act_t1 + conn_t1 + age + T1	-0.020254595149089217	0.06171310097677688	-0.03605399476786064	('lIFG_to_lPTL_T1', 0.01898779216575735)	('R_DLPFC_T1', -0.012163854839082265)	('L_IFGorb_T1', -0.010563807001385074)	('lSMA_to_lIFG_T1', -0.009607916096267405)	('Age', -0.007914173264420054)	('rIFG_to_lIFG_T1', -0.006693474118507425)	('lSMA_to_lPTL_T1', 0.006534471989517985)	('lDLPFC_to_lIFG_T1', -0.005362452067978904)	('L_SMA', -0.004971210527249083)	('L_PTL_T1', -0.004794328450182088)	('R_IFGorb_T1', 0.004388640792045106)	('lPTL_to_lIFG_T1', 0.003762170936605942)	('L_SMA_T1', -0.003683080060867334)	('L_DLPFC_T1', -0.003656308180895611)	('lDLPFC_to_lPTL_T1', -0.0014795730816474565)	('rDLPFC_to_lPTL_T1', -0.0014097557222555166)	('T1', -0.0008460646401092156)	('L_IFGorb', -0.0007490086754122895)	('L_PTL', 0.00040799075534081887)	('L_DLPFC', 6.88193725460815e-05)	('rDLPFC_to_lIFG_T1', 2.586823858817939e-06)	
