predictors	pearson_correlation	mean_squared_error	r2	
rois + act_t1 + conn_t1 + age + T1	-0.04557365691189333	0.06227211868288832	-0.04543891496139718	('lSMA_to_lIFG_T1', -0.012430869068141445)	('lSMA_to_lPTL_T1', -0.010027873077386869)	('rDLPFC_to_lPTL_T1', 0.008987922792226407)	('L_DLPFC_T1', -0.007577635143798758)	('L_SMA_T1', -0.007548080388393548)	('lDLPFC_to_lIFG_T1', -0.007341782271805471)	('lIFG_to_lPTL_T1', 0.0068250301901751536)	('Age', -0.006154338382806852)	('R_IFGorb_T1', 0.004983152933478071)	('lPTL_to_lIFG_T1', -0.004709972634183572)	('L_DLPFC', -0.0046105089864362)	('rIFG_to_lIFG_T1', 0.004243062293745193)	('L_PTL', -0.0038648451716848894)	('T1', -0.0038380370425266084)	('L_IFGorb', -0.003748989726832612)	('L_SMA', -0.003638467330731972)	('R_DLPFC_T1', -0.003332323980867573)	('L_IFGorb_T1', 0.0014448576803663472)	('rDLPFC_to_lIFG_T1', 0.0010651665325313079)	('L_PTL_T1', -0.0006641942300010785)	('lDLPFC_to_lPTL_T1', -0.00024350485239987095)	
