predictors	pearson_correlation	mean_squared_error	r2	
rois + act_t1 + conn_t1 + age + T1	-0.20698355919143027	0.06421479508899611	-0.07805302151628646	('T1', -0.01676278119006608)	('L_IFGorb', -0.012882950384277805)	('Age', -0.012612467200826817)	('R_DLPFC_T1', 0.009678160521151063)	('L_SMA_T1', -0.008778393432750378)	('lDLPFC_to_lIFG_T1', -0.008760350213547168)	('rIFG_to_lIFG_T1', -0.008726625595375582)	('rDLPFC_to_lPTL_T1', -0.008486857071490737)	('L_DLPFC', -0.007814672410607132)	('L_PTL_T1', -0.007687011728097306)	('lIFG_to_lPTL_T1', 0.007627013891108886)	('lDLPFC_to_lPTL_T1', -0.006634480480145065)	('rDLPFC_to_lIFG_T1', -0.006202592018312771)	('R_IFGorb_T1', 0.005921649070609919)	('lSMA_to_lIFG_T1', -0.0029541327994610797)	('L_PTL', -0.0025785297519732493)	('L_IFGorb_T1', 0.001864615010375179)	('lSMA_to_lPTL_T1', 0.001065377227862666)	('L_DLPFC_T1', -0.0010360588935810428)	('lPTL_to_lIFG_T1', 0.0010343487814803963)	('L_SMA', 0.00025803363662665077)	
