predictors	pearson_correlation	mean_squared_error	r2	
rois + act_t1 + conn_t1 + age + T1	-0.19915813203958188	0.06632515962244671	-0.1134823156319833	('lDLPFC_to_lPTL_T1', -0.00919457392185627)	('T1', -0.00849165222458582)	('rIFG_to_lIFG_T1', -0.007064033591219804)	('Age', -0.006108192769296342)	('lSMA_to_lPTL_T1', -0.00458381295038526)	('lSMA_to_lIFG_T1', -0.004506875398156881)	('L_SMA_T1', -0.004490217303716971)	('R_IFGorb_T1', 0.004173374566069672)	('L_IFGorb', -0.004170704629378307)	('L_DLPFC_T1', 0.004054594778924721)	('R_DLPFC_T1', -0.0038232678506763024)	('L_PTL', 0.003514336536988299)	('rDLPFC_to_lIFG_T1', 0.002466714638653642)	('rDLPFC_to_lPTL_T1', -0.002344814336927129)	('L_IFGorb_T1', 0.0017454195567527917)	('L_PTL_T1', 0.001631694426075146)	('lIFG_to_lPTL_T1', 0.0010775393276943198)	('lDLPFC_to_lIFG_T1', -0.000958533393654718)	('lPTL_to_lIFG_T1', -0.0009016773333962018)	('L_DLPFC', 0.0005562227593547598)	('L_SMA', -0.00042413488436510974)	
