predictors	pearson_correlation	mean_squared_error	r2	
rois + act_t1 + conn_t1 + age + T1	-0.09350061050323555	0.06475045277586654	-0.08704576823499499	('T1', -0.014946966123215168)	('Age', -0.014422625872940695)	('rDLPFC_to_lIFG_T1', -0.013228457244240504)	('lDLPFC_to_lPTL_T1', 0.01103886395762891)	('L_IFGorb_T1', -0.010842657876894733)	('lSMA_to_lPTL_T1', 0.010319530032351617)	('L_PTL', 0.00975728066804348)	('L_DLPFC_T1', -0.007654798140795509)	('L_IFGorb', -0.007156961665334177)	('lIFG_to_lPTL_T1', -0.005487195496659543)	('lDLPFC_to_lIFG_T1', 0.005450166167980222)	('L_SMA', 0.0042559403313338125)	('lSMA_to_lIFG_T1', -0.0036279889037669714)	('L_DLPFC', -0.00291121052627122)	('L_PTL_T1', -0.00218446015131557)	('L_SMA_T1', -0.001205255035953846)	('rDLPFC_to_lPTL_T1', -0.0011749711563796047)	('lPTL_to_lIFG_T1', 0.0006172215806570736)	('rIFG_to_lIFG_T1', -0.0006150558205662943)	('R_DLPFC_T1', 0.0005387897625400341)	('R_IFGorb_T1', -0.00011382756153687183)	
