predictors	pearson_correlation	mean_squared_error	r2	
rois + act_t1 + conn_t1 + age + T1	0.02568190804407371	0.06096787511224055	-0.023542968393610808	('Age', -0.02645915498646068)	('L_DLPFC', -0.016310231118300697)	('L_IFGorb_T1', 0.014332458874933942)	('rDLPFC_to_lIFG_T1', 0.01430689370073318)	('rDLPFC_to_lPTL_T1', -0.013572113005015075)	('lPTL_to_lIFG_T1', 0.012139019992113136)	('L_IFGorb', -0.006114989019016515)	('L_SMA_T1', -0.0056833770568943415)	('R_IFGorb_T1', -0.005393316630983035)	('rIFG_to_lIFG_T1', 0.004715316507036764)	('L_SMA', -0.004587212420219987)	('lDLPFC_to_lPTL_T1', -0.004349846288161268)	('L_PTL_T1', -0.004048805610170834)	('lSMA_to_lPTL_T1', -0.0039365164103578945)	('lSMA_to_lIFG_T1', -0.003910530536762039)	('lIFG_to_lPTL_T1', 0.002570321838787287)	('L_DLPFC_T1', 0.0018890339595799398)	('T1', 0.0018197411466041164)	('lDLPFC_to_lIFG_T1', -0.0018074720260382268)	('L_PTL', 0.0010038423895821931)	('R_DLPFC_T1', 0.0009358173693367022)	
