predictors	pearson_correlation	mean_squared_error	r2	
rois + act_t1 + conn_t1 + age + T1	-0.001949830826423097	0.060522173598315174	-0.016060426977482	('L_SMA', -0.014254762520407407)	('lIFG_to_lPTL_T1', -0.011777757221552615)	('lDLPFC_to_lIFG_T1', -0.01006140997144752)	('rDLPFC_to_lPTL_T1', -0.008828715322186985)	('R_IFGorb_T1', -0.008699159611758411)	('lSMA_to_lIFG_T1', 0.007693370908567508)	('L_PTL_T1', 0.0049166667525580654)	('lSMA_to_lPTL_T1', 0.0041584641056605)	('T1', -0.0037412245371753945)	('L_SMA_T1', -0.003725331757303497)	('L_IFGorb_T1', -0.003008657371989142)	('L_DLPFC', 0.00277007305660023)	('R_DLPFC_T1', -0.0023753425768490927)	('rDLPFC_to_lIFG_T1', 0.00236078425542429)	('lPTL_to_lIFG_T1', -0.0021128452669656804)	('Age', -0.0017583867506876794)	('L_IFGorb', 0.0014040233608553305)	('L_DLPFC_T1', 0.0011003484815913806)	('L_PTL', -0.00031721944400316625)	('lDLPFC_to_lPTL_T1', -0.00020105755613975934)	('rIFG_to_lIFG_T1', -0.00012937136600305382)	
