predictors	pearson_correlation	mean_squared_error	r2	
rois + act_t1 + conn_t1 + age + T1	0.13740780905087635	0.059212393986684174	0.005928459943083553	('lSMA_to_lIFG_T1', -0.026708136586238416)	('rDLPFC_to_lIFG_T1', -0.018670328472495227)	('L_IFGorb', 0.016756433336374214)	('L_SMA', 0.013623950118059102)	('L_PTL_T1', -0.011837018716388774)	('lSMA_to_lPTL_T1', 0.010109930227200803)	('Age', -0.01002230024549126)	('L_SMA_T1', -0.009822936047079782)	('lIFG_to_lPTL_T1', -0.007867826964051059)	('rDLPFC_to_lPTL_T1', -0.0077822688969539245)	('rIFG_to_lIFG_T1', -0.007524527683361059)	('L_DLPFC_T1', -0.006580309794189108)	('lDLPFC_to_lIFG_T1', -0.005669635981537909)	('lDLPFC_to_lPTL_T1', 0.0056655266334707625)	('lPTL_to_lIFG_T1', -0.005638521603567382)	('R_IFGorb_T1', 0.004670902391898618)	('R_DLPFC_T1', -0.003148624965469109)	('T1', -0.002522700071854432)	('L_DLPFC', 0.0013641706827083296)	('L_IFGorb_T1', -0.0011069613811901004)	('L_PTL', -0.0004412400533292363)	
