predictors	pearson_correlation	mean_squared_error	r2	
rois + act_t1 + conn_t1 + age + T1	-0.07493563396082129	0.06302895833971296	-0.05814491640097774	('lSMA_to_lIFG_T1', -0.01576036726456748)	('rDLPFC_to_lPTL_T1', -0.009165859953339617)	('L_DLPFC_T1', 0.008932782010176079)	('T1', -0.0066561143568165315)	('lDLPFC_to_lIFG_T1', -0.00592371089631295)	('L_IFGorb_T1', 0.005914879378796415)	('lIFG_to_lPTL_T1', 0.005712346792905157)	('L_IFGorb', -0.005149501568937914)	('L_PTL_T1', -0.004848429928552323)	('L_DLPFC', -0.004254379289483996)	('Age', 0.0035759870398447326)	('R_DLPFC_T1', -0.0030752716266991722)	('R_IFGorb_T1', 0.00290713839602744)	('lDLPFC_to_lPTL_T1', -0.0020843000193671492)	('L_PTL', 0.001966056176929367)	('rDLPFC_to_lIFG_T1', -0.0017226562747294843)	('lPTL_to_lIFG_T1', 0.001631084709285822)	('L_SMA', -0.0007821091297597464)	('rIFG_to_lIFG_T1', -0.000742806778771125)	('L_SMA_T1', 0.00018876290637180704)	('lSMA_to_lPTL_T1', -5.6026630575254964e-05)	
