predictors	pearson_correlation	mean_squared_error	r2	
rois + act_t1 + conn_t1 + age + T1	-0.18468044956623278	0.0636729404535859	-0.06895623897393022	('L_SMA_T1', -0.00942044816690952)	('T1', -0.00940013402631051)	('lIFG_to_lPTL_T1', -0.007073589329834204)	('R_IFGorb_T1', 0.0064185577425716145)	('rIFG_to_lIFG_T1', -0.006125667357647732)	('L_DLPFC_T1', 0.003979732479419982)	('L_PTL', -0.0036392608543991435)	('L_DLPFC', -0.003404674004532079)	('L_SMA', 0.0032556680592175763)	('Age', 0.002969649574251543)	('rDLPFC_to_lPTL_T1', -0.00196232400484845)	('lSMA_to_lIFG_T1', -0.0018025638395311326)	('L_IFGorb', -0.001393615627991881)	('lPTL_to_lIFG_T1', 0.0012414345923866532)	('lSMA_to_lPTL_T1', -0.001014456317697517)	('L_PTL_T1', -0.0009502782020175094)	('rDLPFC_to_lIFG_T1', -0.0006491063825927088)	('lDLPFC_to_lIFG_T1', -0.0005857413069864435)	('L_IFGorb_T1', -0.0004970503857637281)	('R_DLPFC_T1', 0.00048703256374183813)	('lDLPFC_to_lPTL_T1', -0.0002911894850110995)	
