predictors	pearson_correlation	mean_squared_error	r2	
rois + act_t1 + conn_t1 + age + T1	-0.020196062692604978	0.0630371094325928	-0.05828175885754261	('lDLPFC_to_lPTL_T1', -0.01175374127651911)	('L_IFGorb', -0.0077677633719437904)	('L_IFGorb_T1', -0.006005461823194652)	('L_SMA', 0.005310485193363832)	('Age', 0.00492076491838399)	('rDLPFC_to_lIFG_T1', -0.004651049598661692)	('L_PTL_T1', -0.004340865784837193)	('L_DLPFC', 0.003690906701330189)	('L_PTL', -0.0033678588674555905)	('lIFG_to_lPTL_T1', -0.0031506211349990065)	('lDLPFC_to_lIFG_T1', -0.0030689565018835172)	('rDLPFC_to_lPTL_T1', 0.0029954707013287243)	('L_SMA_T1', -0.002519546011731645)	('lSMA_to_lIFG_T1', -0.002310180893497834)	('L_DLPFC_T1', 0.002221692735588147)	('lPTL_to_lIFG_T1', 0.0020670582234527174)	('rIFG_to_lIFG_T1', 0.0019965545811327064)	('R_DLPFC_T1', -0.0015472077113265863)	('lSMA_to_lPTL_T1', -0.0007940052323573747)	('R_IFGorb_T1', -0.0006227630252710879)	('T1', -0.000491019343005523)	
