predictors	pearson_correlation	mean_squared_error	r2	
rois + act_t1 + conn_t1 + age + T1	0.26146805057601613	0.05683561475281398	0.04583038645394166	('R_DLPFC_T1', 0.016671263363779817)	('lSMA_to_lPTL_T1', -0.010443198244771145)	('lDLPFC_to_lPTL_T1', -0.010318010956696159)	('L_IFGorb_T1', -0.009363562776422347)	('lDLPFC_to_lIFG_T1', -0.007820566987164311)	('R_IFGorb_T1', -0.007768532253505432)	('L_SMA_T1', 0.006779264478418782)	('L_DLPFC', -0.006211538579432171)	('lPTL_to_lIFG_T1', 0.005607274773964543)	('lSMA_to_lIFG_T1', -0.005517143670891154)	('rDLPFC_to_lPTL_T1', -0.005104837216765133)	('L_PTL', -0.0033338794601813636)	('rIFG_to_lIFG_T1', 0.002540738699036295)	('rDLPFC_to_lIFG_T1', -0.002290861548746151)	('L_IFGorb', 0.0011354401862869923)	('L_DLPFC_T1', 0.001118756438098786)	('L_SMA', -0.0009859076135026064)	('Age', 0.0009029814965355928)	('lIFG_to_lPTL_T1', -0.0004871834468614015)	('L_PTL_T1', -0.00044414327323296623)	('T1', 4.406069177498264e-05)	
