predictors	pearson_correlation	mean_squared_error	r2	
rois + act_t1 + conn_t1 + age + T1	-0.19097073461611971	0.06743781948009925	-0.13216190994976906	('lPTL_to_lIFG_T1', 0.02125647407583862)	('L_PTL', -0.01631592456085066)	('lIFG_to_lPTL_T1', -0.014863871630812313)	('L_DLPFC_T1', -0.014834423836486104)	('L_PTL_T1', -0.010559375550840045)	('lSMA_to_lPTL_T1', -0.009573588842199086)	('T1', -0.008707396200477668)	('L_DLPFC', 0.007610712495690936)	('L_IFGorb', 0.007418680604099733)	('rIFG_to_lIFG_T1', -0.006715083211399749)	('lDLPFC_to_lPTL_T1', -0.006672554459180227)	('R_DLPFC_T1', 0.006403653531716549)	('L_IFGorb_T1', 0.005564643565485192)	('rDLPFC_to_lIFG_T1', 0.0050395956952176985)	('rDLPFC_to_lPTL_T1', -0.004379552515196876)	('L_SMA', -0.0037036240318520652)	('lDLPFC_to_lIFG_T1', -0.003671636405782894)	('Age', -0.0032342307393746325)	('L_SMA_T1', 0.00323059236746257)	('R_IFGorb_T1', -0.0010798110412617882)	('lSMA_to_lIFG_T1', 0.0004230279852966782)	
