predictors	pearson_correlation	mean_squared_error	r2	
rois + act_t1 + conn_t1 + age + T1	0.14965013662383353	0.059616190252577264	-0.0008505663532665242	('R_DLPFC_T1', -0.02112467363004438)	('L_IFGorb', 0.014236290634758857)	('L_PTL_T1', -0.007436412220763498)	('L_PTL', 0.005792993214244848)	('lDLPFC_to_lPTL_T1', 0.005318588269975982)	('lSMA_to_lPTL_T1', 0.004716209679134599)	('L_IFGorb_T1', 0.004022166343904303)	('L_DLPFC', 0.0038455853083174518)	('rDLPFC_to_lPTL_T1', -0.003660350940826205)	('R_IFGorb_T1', -0.0036394683701927574)	('L_SMA', 0.0035976126937342164)	('L_DLPFC_T1', -0.0033191302091718513)	('rDLPFC_to_lIFG_T1', -0.0027265544346227336)	('lIFG_to_lPTL_T1', -0.002163437112228893)	('lDLPFC_to_lIFG_T1', -0.002051252897933789)	('lSMA_to_lIFG_T1', 0.0018408365466128873)	('lPTL_to_lIFG_T1', -0.001740728598362266)	('T1', 0.0017377812754680623)	('L_SMA_T1', -0.0012277350208598026)	('Age', -0.0011922845485256542)	('rIFG_to_lIFG_T1', -0.0008315881803315992)	
