predictors	pearson_correlation	mean_squared_error	r2	
rois + act_t1 + conn_t1 + age + T1	-0.1291660002234146	0.06487617115296046	-0.08915635779770215	('lSMA_to_lIFG_T1', 0.011661620621618915)	('L_IFGorb_T1', -0.011164922140981822)	('lSMA_to_lPTL_T1', 0.011155295851184636)	('L_SMA_T1', -0.009761871640381085)	('L_SMA', -0.009203875788720029)	('lPTL_to_lIFG_T1', -0.009036264585696225)	('lDLPFC_to_lIFG_T1', -0.008693560663762511)	('lIFG_to_lPTL_T1', -0.007486161034981118)	('L_PTL', -0.006054318226823164)	('R_DLPFC_T1', -0.0056086121027872655)	('L_DLPFC_T1', -0.005294779660137378)	('T1', -0.004264001941350313)	('Age', 0.0039796513008651105)	('L_DLPFC', 0.0037969408261581453)	('rDLPFC_to_lPTL_T1', 0.00249536309370145)	('lDLPFC_to_lPTL_T1', 0.0020249429748843565)	('rDLPFC_to_lIFG_T1', 0.0017976287439527923)	('R_IFGorb_T1', 0.0009398211782816329)	('L_IFGorb', -0.0005539344554224604)	('L_PTL_T1', -0.0003017939428275715)	('rIFG_to_lIFG_T1', -0.00011683701843706866)	
