predictors	pearson_correlation	mean_squared_error	r2	
rois + act_t1 + conn_t1 + age + T1	-0.023515763532065515	0.060690885330799804	-0.01889279906117758	('L_SMA_T1', -0.013832319452820587)	('lIFG_to_lPTL_T1', -0.011150242066482194)	('R_IFGorb_T1', -0.008904755220893588)	('Age', -0.0071433872977157906)	('lDLPFC_to_lPTL_T1', 0.006805231380977695)	('L_IFGorb_T1', -0.005179498332503992)	('L_DLPFC_T1', -0.0046650356831334245)	('rDLPFC_to_lIFG_T1', -0.004288313785456484)	('R_DLPFC_T1', 0.0030657555816592866)	('L_PTL', 0.0018700324459402212)	('L_PTL_T1', -0.0017448625196916626)	('lSMA_to_lPTL_T1', -0.0016119730028166233)	('L_DLPFC', 0.0014914700258215792)	('lPTL_to_lIFG_T1', 0.0010941952447448822)	('rDLPFC_to_lPTL_T1', 0.0009798526809652512)	('L_SMA', -0.0009181915237844276)	('lDLPFC_to_lIFG_T1', -0.0009032724504025794)	('rIFG_to_lIFG_T1', -0.0007980413425217198)	('L_IFGorb', 0.0006598867981225987)	('T1', 0.00041113913757805234)	('lSMA_to_lIFG_T1', -6.803726725623319e-05)	
