predictors	pearson_correlation	mean_squared_error	r2	
rois + act_t1 + conn_t1 + age + T1	-0.14179688084368447	0.06520013386278167	-0.09459511965464396	('lSMA_to_lPTL_T1', -0.014795037282741801)	('lPTL_to_lIFG_T1', -0.008960218379377712)	('rDLPFC_to_lIFG_T1', -0.008642096816374551)	('R_IFGorb_T1', 0.007171053098625687)	('lIFG_to_lPTL_T1', -0.0066281397026338)	('lDLPFC_to_lPTL_T1', -0.0061397916566768365)	('rDLPFC_to_lPTL_T1', -0.006063582977699555)	('L_IFGorb_T1', 0.005887352470779208)	('L_DLPFC_T1', 0.004592770061992945)	('L_PTL_T1', -0.004582376987515036)	('L_PTL', -0.004440694567287021)	('L_DLPFC', 0.0038474181049972765)	('L_SMA', -0.003844149725081293)	('R_DLPFC_T1', -0.0038276649558905565)	('lDLPFC_to_lIFG_T1', -0.0037921371062801666)	('L_IFGorb', 0.0024230629683622816)	('T1', 0.0018776583153763693)	('lSMA_to_lIFG_T1', 0.0015691302140744478)	('L_SMA_T1', 0.0009161174160443387)	('rIFG_to_lIFG_T1', 0.0005154184486061606)	('Age', -0.0002880490819598027)	
