predictors	pearson_correlation	mean_squared_error	r2	
rois + act_t1 + conn_t1 + age + T1	-0.08496616063272198	0.06420226027916665	-0.07784258419273749	('rDLPFC_to_lPTL_T1', -0.013146747186073438)	('lIFG_to_lPTL_T1', -0.009104491143726797)	('L_SMA', 0.006738629508920151)	('L_PTL_T1', -0.004755227235674514)	('L_IFGorb_T1', -0.0043754392645984274)	('rIFG_to_lIFG_T1', 0.004333987114850773)	('L_PTL', -0.003849936236883159)	('lDLPFC_to_lPTL_T1', 0.003718531285872936)	('L_DLPFC', -0.0036804801809059064)	('L_SMA_T1', 0.003499422173300714)	('R_IFGorb_T1', -0.0033511864435687095)	('rDLPFC_to_lIFG_T1', 0.0031115660931130096)	('lPTL_to_lIFG_T1', -0.0028684445413219703)	('lSMA_to_lPTL_T1', 0.0026117593300810454)	('L_IFGorb', 0.002602161376305643)	('R_DLPFC_T1', -0.002544006974814597)	('lSMA_to_lIFG_T1', 0.0023960942197698235)	('Age', -0.002312503994712461)	('T1', -0.001816790432199029)	('lDLPFC_to_lIFG_T1', -0.0011945011255388228)	('L_DLPFC_T1', 0.0009786849005698562)	
