predictors	pearson_correlation	mean_squared_error	r2	
rois + act_t1 + conn_t1 + age + T1	-0.11870981231448344	0.06323051174798518	-0.06152864223057253	('Age', -0.009554821055432839)	('rIFG_to_lIFG_T1', 0.006580597582401554)	('L_DLPFC_T1', -0.006199350917747646)	('lSMA_to_lPTL_T1', -0.004982394041342108)	('L_IFGorb', -0.004733137467535466)	('rDLPFC_to_lIFG_T1', -0.00447322760913222)	('T1', -0.004259122881518104)	('lDLPFC_to_lPTL_T1', -0.004238653079890984)	('L_PTL', -0.00382391739721094)	('L_SMA_T1', -0.0031865944542371735)	('lPTL_to_lIFG_T1', 0.002890346290552702)	('rDLPFC_to_lPTL_T1', -0.0023649653100432984)	('L_DLPFC', 0.0023580880571022356)	('L_IFGorb_T1', -0.0023346527317858377)	('lSMA_to_lIFG_T1', -0.002231064651976451)	('lIFG_to_lPTL_T1', 0.00220447393453754)	('R_IFGorb_T1', -0.001231776904134994)	('L_SMA', -0.0011699573615315305)	('lDLPFC_to_lIFG_T1', 0.0011601317439006121)	('R_DLPFC_T1', 0.0007641654353319963)	('L_PTL_T1', 0.00022801856275298134)	
