predictors	pearson_correlation	mean_squared_error	r2	
rois + act_t1 + conn_t1 + age + T1	-0.2151436757199224	0.06729571398868577	-0.12977620967337566	('L_IFGorb', 0.015084195042034298)	('lSMA_to_lPTL_T1', -0.011808216279942229)	('R_IFGorb_T1', -0.010745419395463376)	('L_DLPFC_T1', 0.008738399010719433)	('L_SMA_T1', -0.007727211696083889)	('lIFG_to_lPTL_T1', -0.006084669867430715)	('L_IFGorb_T1', 0.005167578071201232)	('T1', 0.004473066963240311)	('L_SMA', -0.004382605551978299)	('lDLPFC_to_lPTL_T1', -0.004316694619968461)	('rDLPFC_to_lPTL_T1', -0.004271596009580226)	('lDLPFC_to_lIFG_T1', 0.003941744226826603)	('rIFG_to_lIFG_T1', -0.00364588463223292)	('rDLPFC_to_lIFG_T1', -0.003429448143434962)	('lPTL_to_lIFG_T1', -0.0030767271806040105)	('L_DLPFC', -0.0025765452353817713)	('Age', 0.0022855374972874064)	('R_DLPFC_T1', -0.0009064112920215996)	('L_PTL_T1', -0.0007946987978795084)	('lSMA_to_lIFG_T1', -0.0005803171751579315)	('L_PTL', 0.0)	
