predictors	pearson_correlation	mean_squared_error	r2	
rois + act_t1 + conn_t1 + age + T1	-0.06148579741819051	0.06243082043567508	-0.04810323716120468	('L_IFGorb_T1', -0.015392473373264428)	('L_DLPFC_T1', 0.015009825962323258)	('Age', -0.011026546744567989)	('lSMA_to_lIFG_T1', -0.007934420706850237)	('L_SMA', -0.006557635732284013)	('R_DLPFC_T1', -0.005442125191207698)	('L_PTL', -0.004976217723829455)	('lDLPFC_to_lPTL_T1', -0.004843044874135648)	('L_PTL_T1', -0.004588610953458258)	('L_DLPFC', -0.004302804609659804)	('L_SMA_T1', -0.0031905498080946107)	('rIFG_to_lIFG_T1', -0.003025698224311615)	('lDLPFC_to_lIFG_T1', 0.002507397869929821)	('R_IFGorb_T1', 0.0019882463829352425)	('rDLPFC_to_lPTL_T1', -0.001956710569680691)	('L_IFGorb', -0.0011777596408635235)	('lSMA_to_lPTL_T1', -0.001111825846628511)	('rDLPFC_to_lIFG_T1', 0.0009435100523426062)	('T1', 0.0008613246618455922)	('lIFG_to_lPTL_T1', 0.0007931510048771658)	('lPTL_to_lIFG_T1', -0.0005181328587709302)	
