predictors	pearson_correlation	mean_squared_error	r2	
rois + act_t1 + conn_t1 + age + T1	0.013539406675134123	0.060163811621307274	-0.010044162165385506	('lSMA_to_lPTL_T1', -0.012393858118885909)	('L_SMA', -0.010325104106238036)	('lDLPFC_to_lIFG_T1', -0.009502422014360084)	('R_DLPFC_T1', -0.006280256402800183)	('rDLPFC_to_lPTL_T1', -0.005643537087959694)	('lPTL_to_lIFG_T1', -0.005633713979589614)	('rIFG_to_lIFG_T1', -0.004692383020317744)	('L_PTL', 0.004630791801252059)	('L_IFGorb', 0.004218855451393242)	('L_PTL_T1', 0.004074920084723469)	('L_SMA_T1', 0.0035283260076966485)	('L_IFGorb_T1', -0.0031823849803041854)	('Age', -0.002665193488623366)	('L_DLPFC', -0.002320325229374628)	('T1', 0.0021763776989076754)	('lSMA_to_lIFG_T1', 0.002123712229268273)	('lIFG_to_lPTL_T1', -0.0018872917349682804)	('rDLPFC_to_lIFG_T1', 0.0014956118021056388)	('lDLPFC_to_lPTL_T1', -0.001462814089992597)	('R_IFGorb_T1', 0.0012545336963825878)	('L_DLPFC_T1', -0.0005355867439172763)	
