predictors	pearson_correlation	mean_squared_error	r2	
rois + act_t1 + conn_t1 + age + T1	-0.008428421241591284	0.06207836765546507	-0.04218617732911123	('R_DLPFC_T1', -0.016737247098629348)	('L_IFGorb', -0.012806984895995781)	('rDLPFC_to_lIFG_T1', -0.012376693330488563)	('T1', 0.010581633910342059)	('lIFG_to_lPTL_T1', -0.007531731604698596)	('L_SMA', -0.006949204944116782)	('rDLPFC_to_lPTL_T1', -0.006899365027612736)	('L_DLPFC_T1', -0.0038975018536761283)	('lSMA_to_lPTL_T1', 0.003775625262963187)	('lDLPFC_to_lPTL_T1', 0.003432850227176727)	('L_DLPFC', 0.0032328118429130566)	('Age', -0.0032218921184521323)	('lPTL_to_lIFG_T1', -0.0030638134141493835)	('L_IFGorb_T1', -0.003014394165220764)	('R_IFGorb_T1', -0.0026888216684292777)	('L_PTL', -0.0020836014947958974)	('L_PTL_T1', -0.0015090398953154867)	('rIFG_to_lIFG_T1', -0.0012971656883270452)	('lSMA_to_lIFG_T1', 0.0010908108318437063)	('L_SMA_T1', -0.0007848505416856193)	('lDLPFC_to_lIFG_T1', -0.000280756768876589)	
