predictors	pearson_correlation	mean_squared_error	r2	
rois + act_t1 + conn_t1 + age + T1	0.03435158374756346	0.061646896595052555	-0.034942540099873076	('lPTL_to_lIFG_T1', -0.014993775048698157)	('lSMA_to_lIFG_T1', 0.01310784725279641)	('L_IFGorb_T1', 0.012187185248567723)	('L_DLPFC', -0.011260343309386807)	('L_SMA_T1', -0.010890474302181796)	('L_DLPFC_T1', 0.009505490098302056)	('Age', -0.00948371654224782)	('L_PTL_T1', -0.009359482330841117)	('lIFG_to_lPTL_T1', -0.00904270153831721)	('lDLPFC_to_lIFG_T1', -0.00880093162025403)	('R_IFGorb_T1', -0.008480444247739007)	('T1', -0.00778358942922702)	('rDLPFC_to_lIFG_T1', -0.006983650459580513)	('lSMA_to_lPTL_T1', -0.006254490259008133)	('lDLPFC_to_lPTL_T1', -0.006195153046102493)	('L_IFGorb', -0.0024536037289749836)	('R_DLPFC_T1', 0.0023838844530712578)	('L_PTL', 0.0018658542657943402)	('rIFG_to_lIFG_T1', -0.0016255361475636652)	('L_SMA', 0.0011651198940121784)	('rDLPFC_to_lPTL_T1', -0.0005628861889279733)	
