predictors	pearson_correlation	mean_squared_error	r2	
rois + act_t1 + conn_t1 + age + T1	-0.0451130447352289	0.060389411826811956	-0.013831591259598985	('rIFG_to_lIFG_T1', -0.014007059823458946)	('L_PTL', 0.01264217594569813)	('L_DLPFC_T1', -0.008396246157087159)	('rDLPFC_to_lPTL_T1', 0.00767189431217954)	('Age', -0.006506645708259132)	('rDLPFC_to_lIFG_T1', -0.005177631118782915)	('lDLPFC_to_lIFG_T1', -0.004785094632421419)	('L_IFGorb', 0.0042160184478369075)	('L_SMA', -0.0038101790721722104)	('R_DLPFC_T1', -0.0037682718789444386)	('L_PTL_T1', -0.0034809255326196807)	('lPTL_to_lIFG_T1', -0.0033805586428914246)	('lIFG_to_lPTL_T1', -0.002470953988045558)	('lDLPFC_to_lPTL_T1', 0.002415619929647355)	('R_IFGorb_T1', -0.001936011433244052)	('T1', 0.0018733518315649006)	('L_DLPFC', -0.0018298379199740199)	('lSMA_to_lPTL_T1', -0.0011539018668617932)	('L_SMA_T1', 0.00038213232338416437)	('lSMA_to_lIFG_T1', -0.00019086893704390825)	('L_IFGorb_T1', 4.072691354275302e-05)	
