predictors	pearson_correlation	mean_squared_error	r2	
rois + act_t1 + conn_t1 + age + T1	-0.006458216164983317	0.06259596155816911	-0.05087566500800467	('lSMA_to_lIFG_T1', -0.012720049322054656)	('L_SMA', 0.009542725595978529)	('R_DLPFC_T1', 0.008647077476639741)	('lDLPFC_to_lIFG_T1', -0.008334332677279985)	('lDLPFC_to_lPTL_T1', -0.007324460401114975)	('lSMA_to_lPTL_T1', 0.006557817551070042)	('L_DLPFC_T1', 0.005763041414441036)	('L_IFGorb', -0.004398656443563926)	('rIFG_to_lIFG_T1', -0.004130498278307093)	('Age', -0.0039355804846444836)	('L_SMA_T1', -0.003876448355529334)	('T1', 0.0021467664061367753)	('L_IFGorb_T1', -0.0021276834974148532)	('rDLPFC_to_lIFG_T1', -0.0018554572168420708)	('L_DLPFC', -0.0015076159478148918)	('lIFG_to_lPTL_T1', 0.0013347189954449864)	('lPTL_to_lIFG_T1', -0.0011655029049100003)	('R_IFGorb_T1', -0.0007359385819837481)	('rDLPFC_to_lPTL_T1', 0.0006148409240821639)	('L_PTL', -0.00027259546837836234)	('L_PTL_T1', -0.0002569254657026468)	
