predictors	pearson_correlation	mean_squared_error	r2	
rois + act_t1 + conn_t1 + age + T1	0.03524382589597249	0.06085623849113778	-0.021668786648968874	('lDLPFC_to_lPTL_T1', -0.011596305858453063)	('R_IFGorb_T1', 0.006533143262650295)	('lPTL_to_lIFG_T1', -0.00628539969735133)	('L_PTL', 0.006024950583776946)	('L_DLPFC_T1', -0.005702465544660266)	('L_IFGorb_T1', -0.00569851522338459)	('Age', -0.005497329674922996)	('rIFG_to_lIFG_T1', -0.005416733213880823)	('R_DLPFC_T1', 0.005348496161933534)	('L_SMA_T1', -0.0052343063900513066)	('lSMA_to_lPTL_T1', -0.004139951049745555)	('L_IFGorb', 0.004090692102460792)	('lSMA_to_lIFG_T1', 0.0033381806446383306)	('L_DLPFC', -0.0030084792919055463)	('lDLPFC_to_lIFG_T1', 0.0028108249217871518)	('lIFG_to_lPTL_T1', 0.0027847883153461813)	('L_SMA', -0.002760485858182981)	('rDLPFC_to_lIFG_T1', 0.0027227898359410926)	('rDLPFC_to_lPTL_T1', -0.0010868090392311491)	('L_PTL_T1', -0.0005840271719268004)	('T1', 0.00025252485421187274)	
