predictors	pearson_correlation	mean_squared_error	r2	
rois + act_t1 + conn_t1 + age + T1	0.14627308635706218	0.058372908631980615	0.020021936717440347	('R_IFGorb_T1', -0.008335733535376475)	('L_DLPFC_T1', -0.008110442795652921)	('L_SMA', -0.007005646243984029)	('L_DLPFC', -0.006454997917399436)	('lIFG_to_lPTL_T1', -0.0062418544531018735)	('rIFG_to_lIFG_T1', -0.006119715809860758)	('rDLPFC_to_lPTL_T1', 0.005960815483570684)	('lDLPFC_to_lIFG_T1', 0.005729017753878026)	('L_PTL_T1', -0.0055693008577799)	('rDLPFC_to_lIFG_T1', 0.004938111692558618)	('L_IFGorb', 0.004646537573958889)	('L_IFGorb_T1', -0.003525682577523751)	('L_PTL', 0.0030325820002747037)	('L_SMA_T1', -0.0026898689561556787)	('lPTL_to_lIFG_T1', -0.0023993884215043576)	('lSMA_to_lIFG_T1', -0.0021913642450250227)	('T1', -0.00211957721593342)	('Age', -0.0016301406148805985)	('lSMA_to_lPTL_T1', -0.0009649715325381403)	('R_DLPFC_T1', 0.000729387087323136)	('lDLPFC_to_lPTL_T1', -0.0002282131421102529)	
