predictors	pearson_correlation	mean_squared_error	r2	
rois + act_t1 + conn_t1 + age + T1	-0.041757157932793415	0.06507369066461424	-0.09247236162597372	('L_PTL_T1', -0.021869577282548507)	('L_IFGorb', -0.013505551276744616)	('lSMA_to_lPTL_T1', -0.012954454472810711)	('lDLPFC_to_lPTL_T1', -0.01194708644763757)	('L_DLPFC', -0.008501068121204413)	('lSMA_to_lIFG_T1', 0.006820308098128507)	('lPTL_to_lIFG_T1', 0.006446983186028323)	('lIFG_to_lPTL_T1', -0.0061192109156927715)	('L_SMA', -0.005324606646628452)	('lDLPFC_to_lIFG_T1', -0.005094926222309554)	('rDLPFC_to_lPTL_T1', 0.004439594205321147)	('rIFG_to_lIFG_T1', 0.00396434506660709)	('Age', -0.003865011958077516)	('R_DLPFC_T1', -0.003793637089939616)	('rDLPFC_to_lIFG_T1', -0.0037818581039382113)	('L_DLPFC_T1', -0.003180163126885834)	('L_IFGorb_T1', 0.002837713908579616)	('L_SMA_T1', 0.0026561463401283446)	('R_IFGorb_T1', -0.002555982890687966)	('T1', -0.0015653584879809013)	('L_PTL', 0.0009231185375502156)	
