predictors	pearson_correlation	mean_squared_error	r2	
rois + act_t1 + conn_t1 + age + T1	0.06590289401714704	0.0593663987403816	0.0033429920642049638	('R_IFGorb_T1', -0.01302895540599116)	('L_IFGorb', -0.01237793732319484)	('L_PTL_T1', 0.008041518572299908)	('rDLPFC_to_lIFG_T1', -0.005780222688881004)	('L_DLPFC_T1', -0.0038955596014686408)	('L_SMA', 0.0035572246511746883)	('R_DLPFC_T1', 0.00352528359332706)	('rDLPFC_to_lPTL_T1', -0.0026539272083772264)	('T1', -0.002496998662570142)	('lDLPFC_to_lIFG_T1', 0.002326589831396001)	('lIFG_to_lPTL_T1', 0.0016812482259764541)	('L_DLPFC', 0.001478530233537212)	('L_PTL', 0.0012331003035700077)	('rIFG_to_lIFG_T1', -0.0010671948885308704)	('L_IFGorb_T1', -0.0006843981812169429)	('lPTL_to_lIFG_T1', -0.0006634533393540423)	('lSMA_to_lPTL_T1', 0.0005932420655820743)	('L_SMA_T1', -0.0005396696714991791)	('Age', 0.0005146515704576504)	('lDLPFC_to_lPTL_T1', 0.0004459756669440574)	('lSMA_to_lIFG_T1', -0.00044556091383554024)	
