predictors	pearson_correlation	mean_squared_error	r2	
rois + act_t1 + conn_t1 + age + T1	0.06009928725404956	0.06364934609397753	-0.06856013133812278	('Age', -0.01263026103195775)	('L_DLPFC_T1', -0.009954570634875802)	('lSMA_to_lIFG_T1', 0.009395494575614637)	('rIFG_to_lIFG_T1', 0.008182163615797503)	('R_IFGorb_T1', -0.007032635320535677)	('lDLPFC_to_lIFG_T1', -0.006960995492873369)	('R_DLPFC_T1', 0.006787039069562404)	('L_PTL', -0.006619365625001917)	('L_SMA', -0.006183586828871654)	('L_DLPFC', 0.0061339187671386845)	('L_IFGorb_T1', -0.005937834908834092)	('lDLPFC_to_lPTL_T1', -0.004308355569108726)	('L_SMA_T1', 0.004146559678905981)	('rDLPFC_to_lIFG_T1', -0.0035880856162636312)	('lPTL_to_lIFG_T1', -0.0034728970105849136)	('lIFG_to_lPTL_T1', 0.0032729339852618365)	('L_PTL_T1', -0.0031562637440638655)	('rDLPFC_to_lPTL_T1', -0.002791134010135964)	('T1', 0.0019262389048857965)	('lSMA_to_lPTL_T1', -0.0003807384041199427)	('L_IFGorb', 0.0002839807272109873)	
