predictors	pearson_correlation	mean_squared_error	r2	
rois + act_t1 + conn_t1 + age + T1	0.07396891577621079	0.06336416968622012	-0.06377252300546443	('L_SMA', -0.011220649782447243)	('L_IFGorb_T1', -0.008485969868670892)	('lSMA_to_lPTL_T1', 0.00842927629870158)	('L_IFGorb', -0.007675806490139583)	('lDLPFC_to_lPTL_T1', 0.00648427048351507)	('rDLPFC_to_lPTL_T1', -0.0062897083274814835)	('rDLPFC_to_lIFG_T1', -0.0050901782443641885)	('rIFG_to_lIFG_T1', 0.004170995597737054)	('L_DLPFC', -0.0036246254614982452)	('L_SMA_T1', -0.0031661714568884305)	('lSMA_to_lIFG_T1', 0.0029750127875459277)	('lIFG_to_lPTL_T1', -0.0029241400237036965)	('lPTL_to_lIFG_T1', -0.0020635841451562592)	('T1', 0.0019108869542366056)	('L_PTL', -0.0018654522930820652)	('L_DLPFC_T1', -0.0015546388494383332)	('L_PTL_T1', -0.0013772843126049223)	('lDLPFC_to_lIFG_T1', 0.001033571481451591)	('Age', -0.0005123320539884694)	('R_IFGorb_T1', -0.0004917388089742951)	('R_DLPFC_T1', -0.0001635729186041193)	
