predictors	pearson_correlation	mean_squared_error	r2	
rois + act_t1 + conn_t1 + age + T1	0.009362888440486586	0.06685777739950816	-0.12242402763275484	('rIFG_to_lIFG_T1', -0.016416827639738268)	('L_DLPFC_T1', -0.014098642110777045)	('L_DLPFC', -0.010342008323235159)	('lSMA_to_lPTL_T1', -0.009676809588648489)	('T1', 0.00885769067075422)	('L_PTL_T1', -0.008436718140839827)	('rDLPFC_to_lIFG_T1', -0.008030214148025015)	('lPTL_to_lIFG_T1', 0.007639101266851715)	('lIFG_to_lPTL_T1', -0.006024664448220778)	('R_DLPFC_T1', 0.004239360909179618)	('Age', -0.0034951991345437126)	('lDLPFC_to_lIFG_T1', 0.0034112767887832466)	('lDLPFC_to_lPTL_T1', -0.003398318564991632)	('L_IFGorb_T1', 0.002223609361418209)	('L_SMA_T1', -0.001561545606129925)	('lSMA_to_lIFG_T1', -0.0013788562502288384)	('L_PTL', -0.0012542349406691824)	('L_SMA', 0.0009362480318011913)	('rDLPFC_to_lPTL_T1', 0.0005603928565382689)	('R_IFGorb_T1', 0.0005279946585899364)	('L_IFGorb', 0.0002493754309821495)	
