predictors	pearson_correlation	mean_squared_error	r2	
rois + act_t1 + conn_t1 + age + T1	0.02819940451231989	0.06272207376890197	-0.05299286634209355	('lIFG_to_lPTL_T1', -0.021648836312159962)	('L_IFGorb_T1', -0.01536363186942893)	('T1', -0.013879042409762938)	('L_PTL_T1', -0.013394450266763423)	('L_SMA_T1', 0.012212486292951788)	('L_IFGorb', -0.008899214652088238)	('R_DLPFC_T1', 0.008739339807867041)	('lSMA_to_lPTL_T1', -0.007860302753514632)	('lSMA_to_lIFG_T1', -0.005620439265940713)	('L_DLPFC', -0.005154276956564753)	('lPTL_to_lIFG_T1', 0.004735291554959128)	('L_DLPFC_T1', 0.003056358065267748)	('Age', 0.0030196387081162226)	('L_PTL', -0.0026650090667658913)	('lDLPFC_to_lIFG_T1', -0.002417537671418609)	('rDLPFC_to_lIFG_T1', -0.00197305798396696)	('R_IFGorb_T1', -0.001453577416270075)	('lDLPFC_to_lPTL_T1', 0.0006382614650962087)	('rIFG_to_lIFG_T1', -0.0006175743837586215)	('L_SMA', 0.0003865497168487987)	('rDLPFC_to_lPTL_T1', -0.0003676019710457233)	
