predictors	pearson_correlation	mean_squared_error	r2	
rois + act_t1 + conn_t1 + age + T1	-0.2220261799585469	0.06420378678703673	-0.07786821156442691	('lSMA_to_lPTL_T1', 0.012930653033501842)	('L_IFGorb_T1', -0.00935337310050035)	('rDLPFC_to_lIFG_T1', -0.0076389136780795576)	('Age', -0.006111806993479002)	('L_PTL_T1', -0.005909395591179324)	('L_SMA_T1', -0.005564260841758506)	('R_DLPFC_T1', -0.00555994966242477)	('lSMA_to_lIFG_T1', -0.005391791713835597)	('L_DLPFC', -0.005257797283465603)	('R_IFGorb_T1', 0.00516561670914095)	('L_IFGorb', -0.003512242658530393)	('lDLPFC_to_lPTL_T1', -0.0035015189487162834)	('T1', -0.0032772644650581498)	('lIFG_to_lPTL_T1', -0.002694831615028877)	('rDLPFC_to_lPTL_T1', 0.0022521701225786555)	('L_DLPFC_T1', 0.0020690781524201843)	('rIFG_to_lIFG_T1', 0.0020040610312936132)	('L_SMA', -0.0012019681577912491)	('lPTL_to_lIFG_T1', -0.0011745108266253026)	('L_PTL', -0.0009390882168814053)	('lDLPFC_to_lIFG_T1', -0.0001296670153789816)	
