predictors	pearson_correlation	mean_squared_error	r2	
rois + act_t1 + conn_t1 + age + T1	0.1331209898445288	0.05856019393716575	0.016877747144607214	('R_IFGorb_T1', 0.01144391661170808)	('L_IFGorb_T1', 0.00910385741632082)	('lSMA_to_lPTL_T1', -0.008332162631044613)	('lPTL_to_lIFG_T1', -0.007813947167929018)	('L_SMA', -0.007090962448555832)	('L_DLPFC', -0.006276940488903173)	('R_DLPFC_T1', -0.0047886892730676315)	('L_PTL', -0.00477295487410323)	('lDLPFC_to_lIFG_T1', 0.004631779357655746)	('rDLPFC_to_lPTL_T1', -0.004431353774814549)	('rDLPFC_to_lIFG_T1', -0.004147513143145212)	('rIFG_to_lIFG_T1', 0.004074125169070842)	('lSMA_to_lIFG_T1', -0.003957865471354736)	('T1', -0.003734639496528615)	('L_IFGorb', 0.0036672661139414723)	('Age', -0.002342109521123441)	('L_SMA_T1', -0.001986944670197556)	('L_PTL_T1', 0.0018257626504848009)	('L_DLPFC_T1', -0.0017608513952296436)	('lDLPFC_to_lPTL_T1', 0.0011709437545711482)	('lIFG_to_lPTL_T1', -0.0006738472836904408)	
