predictors	pearson_correlation	mean_squared_error	r2	
rois + act_t1 + conn_t1 + age + T1	-0.12510979450479037	0.06811770888179366	-0.14357605248152905	('L_SMA', -0.01589739648426639)	('L_PTL_T1', -0.011223104289770415)	('L_IFGorb', -0.009301668155583222)	('R_DLPFC_T1', -0.009096532776188588)	('rDLPFC_to_lPTL_T1', -0.008221027847243921)	('lPTL_to_lIFG_T1', -0.007880089708745248)	('rDLPFC_to_lIFG_T1', -0.007399608834002118)	('lIFG_to_lPTL_T1', -0.007109378185272974)	('lSMA_to_lIFG_T1', 0.006367620157047324)	('L_SMA_T1', 0.005485149817447789)	('rIFG_to_lIFG_T1', 0.00504150642274193)	('L_IFGorb_T1', 0.004874905152376527)	('lSMA_to_lPTL_T1', -0.0046609694206359905)	('T1', 0.004597549705136428)	('lDLPFC_to_lPTL_T1', -0.004081921230568036)	('L_PTL', 0.002541136498119164)	('R_IFGorb_T1', -0.0017080315949009768)	('lDLPFC_to_lIFG_T1', -0.0015982613682128115)	('L_DLPFC', -0.0006805391844916127)	('Age', -0.0006711181411078091)	('L_DLPFC_T1', -8.225926976423501e-05)	
