predictors	pearson_correlation	mean_squared_error	r2	
rois + act_t1 + conn_t1 + age + T1	0.22245399506022379	0.05669877842723883	0.048127626740000706	('lPTL_to_lIFG_T1', -0.012938912911261298)	('L_IFGorb_T1', -0.010500724957431274)	('L_SMA_T1', -0.009337770608737556)	('lSMA_to_lIFG_T1', -0.009188074171637976)	('L_SMA', -0.008167059873940305)	('lSMA_to_lPTL_T1', -0.006994360453354684)	('T1', 0.006478508337634256)	('L_IFGorb', -0.0058879667310049125)	('rIFG_to_lIFG_T1', -0.0049320563313026535)	('lDLPFC_to_lIFG_T1', -0.004927644029746383)	('Age', 0.004616365553889819)	('L_PTL', -0.004463858046218997)	('R_DLPFC_T1', -0.003289630314786529)	('R_IFGorb_T1', -0.003034215666839744)	('lDLPFC_to_lPTL_T1', 0.0021144563647500243)	('lIFG_to_lPTL_T1', 0.002055491985062886)	('L_DLPFC', -0.0017407060199609607)	('rDLPFC_to_lIFG_T1', -0.0017348687693121091)	('rDLPFC_to_lPTL_T1', -0.0014589838234909504)	('L_DLPFC_T1', -0.0006852070263062855)	('L_PTL_T1', 0.00047055910698712647)	
