predictors	pearson_correlation	mean_squared_error	r2	
rois + act_t1 + conn_t1 + age + T1	-0.22038380827801915	0.06629940187117982	-0.11304988847026354	('rDLPFC_to_lPTL_T1', -0.02228140006821649)	('rDLPFC_to_lIFG_T1', 0.014216669163988265)	('lSMA_to_lPTL_T1', -0.012319025443968963)	('L_DLPFC_T1', -0.012140047002428343)	('lDLPFC_to_lIFG_T1', -0.009710571016164604)	('lIFG_to_lPTL_T1', -0.008690473023407138)	('L_PTL_T1', 0.007703333069860811)	('L_DLPFC', 0.00717162750975326)	('lPTL_to_lIFG_T1', -0.005766138444421817)	('L_SMA', -0.005618328249772777)	('L_IFGorb', -0.00553686988512466)	('rIFG_to_lIFG_T1', 0.005218233171866006)	('T1', -0.005211543847494857)	('Age', 0.004195857258157901)	('R_DLPFC_T1', 0.004005401816469229)	('R_IFGorb_T1', 0.003920399109603994)	('L_PTL', -0.003566820225944211)	('L_SMA_T1', 0.0024202604672528155)	('L_IFGorb_T1', -0.0012731783074944646)	('lSMA_to_lIFG_T1', -0.0005985898395868202)	('lDLPFC_to_lPTL_T1', -0.0005826108906873646)	
