predictors	pearson_correlation	mean_squared_error	r2	
rois + act_t1 + conn_t1 + age + T1	-0.10182348743820159	0.06364331504821963	-0.06845888072923767	('L_SMA_T1', 0.012224178337283018)	('T1', 0.010855594980211434)	('L_PTL_T1', -0.010554496053507029)	('lSMA_to_lPTL_T1', 0.010295235077985576)	('R_DLPFC_T1', -0.0094252428688587)	('lPTL_to_lIFG_T1', -0.008996901629573003)	('L_IFGorb_T1', -0.008863268559012294)	('L_DLPFC', 0.00662734344481047)	('lSMA_to_lIFG_T1', -0.005979252463010506)	('Age', -0.005954015619913253)	('L_PTL', -0.005235126095627456)	('rDLPFC_to_lPTL_T1', -0.00506246543114469)	('rIFG_to_lIFG_T1', -0.0039368623752640015)	('R_IFGorb_T1', -0.003085861741188483)	('L_SMA', -0.0029317344572015198)	('rDLPFC_to_lIFG_T1', -0.002781626872931105)	('lDLPFC_to_lPTL_T1', 0.0021233416851997905)	('L_IFGorb', 0.0011537752690582677)	('lIFG_to_lPTL_T1', -0.0006891264804404954)	('L_DLPFC_T1', 0.0006038633155859962)	('lDLPFC_to_lIFG_T1', 0.00048304883694800095)	
