predictors	pearson_correlation	mean_squared_error	r2	
rois + act_t1 + conn_t1 + age + T1	-0.19244179012964518	0.06381828821702437	-0.07139637127254295	('lSMA_to_lIFG_T1', -0.011324595603968708)	('L_DLPFC_T1', -0.010961213942075575)	('R_DLPFC_T1', 0.009035742101511039)	('L_SMA_T1', 0.007922634022777167)	('L_PTL', -0.006890601547787114)	('R_IFGorb_T1', 0.0066152283243160635)	('T1', -0.006415375039751964)	('lSMA_to_lPTL_T1', -0.005547764533399914)	('lPTL_to_lIFG_T1', -0.004354828613949368)	('L_DLPFC', 0.0037411497443175248)	('rDLPFC_to_lIFG_T1', -0.0035684047032659995)	('lIFG_to_lPTL_T1', -0.0033048326898043275)	('Age', 0.003041695422311543)	('L_IFGorb', -0.002584815637623636)	('L_PTL_T1', -0.002171981469891737)	('rIFG_to_lIFG_T1', -0.0015308623242825175)	('lDLPFC_to_lIFG_T1', -0.0010956334875700687)	('L_SMA', -0.0006670768031533903)	('L_IFGorb_T1', 0.0006136670730104732)	('rDLPFC_to_lPTL_T1', -0.0003441597402820711)	('lDLPFC_to_lPTL_T1', -0.00027242657301805015)	
