predictors	pearson_correlation	mean_squared_error	r2	
rois + act_t1 + conn_t1 + age + T1	0.19407697718326572	0.05751687335382447	0.03439325748334443	('L_DLPFC_T1', -0.01445684229510128)	('rIFG_to_lIFG_T1', 0.012114927741055128)	('Age', 0.009315857617986568)	('R_DLPFC_T1', -0.008693963404245619)	('lSMA_to_lPTL_T1', 0.008197351207181597)	('L_PTL_T1', -0.00660441487490085)	('lDLPFC_to_lIFG_T1', -0.006022078412375751)	('L_DLPFC', -0.00600441307656848)	('lIFG_to_lPTL_T1', -0.004547246556814285)	('L_SMA_T1', -0.004505217600638166)	('L_PTL', 0.004226278347248348)	('L_IFGorb_T1', -0.004211899302605428)	('lDLPFC_to_lPTL_T1', -0.0032000994541095708)	('L_IFGorb', -0.003065859361258679)	('L_SMA', -0.002870947301322417)	('lSMA_to_lIFG_T1', -0.002107545306650405)	('rDLPFC_to_lIFG_T1', 0.001714819501665571)	('R_IFGorb_T1', -0.001346166561932684)	('lPTL_to_lIFG_T1', 0.0012089720758173977)	('rDLPFC_to_lPTL_T1', -0.0007764796457641242)	('T1', -0.00033362109416323535)	
