predictors	pearson_correlation	mean_squared_error	r2	
rois + act_t1 + conn_t1 + age + T1	-0.04875495676081044	0.06259053768153783	-0.05078460769663917	('rIFG_to_lIFG_T1', -0.018605096986752542)	('L_IFGorb', -0.014444784416407492)	('lSMA_to_lPTL_T1', -0.014178336049127419)	('R_IFGorb_T1', -0.010563037826107466)	('rDLPFC_to_lPTL_T1', -0.01039724457223335)	('R_DLPFC_T1', 0.00803449473116939)	('T1', 0.007650229819925313)	('L_SMA_T1', -0.006096757445998714)	('L_IFGorb_T1', -0.005505660126289265)	('L_DLPFC_T1', -0.005297435716145619)	('lDLPFC_to_lIFG_T1', -0.004995993822100255)	('L_PTL_T1', -0.003963886689557747)	('Age', -0.003539222439884397)	('lDLPFC_to_lPTL_T1', 0.0030848689126615997)	('lIFG_to_lPTL_T1', 0.0030560631977641878)	('lSMA_to_lIFG_T1', 0.001813247536698468)	('L_DLPFC', -0.0012428051254697995)	('L_SMA', 0.0011919162172738323)	('lPTL_to_lIFG_T1', 0.0007081930302083054)	('rDLPFC_to_lIFG_T1', -0.0005267531274314215)	('L_PTL', 6.285122033037618e-05)	
