predictors	pearson_correlation	mean_squared_error	r2	
rois + act_t1 + conn_t1 + age + T1	-0.23442020671295166	0.07616334042909714	-0.27864799949243824	('L_PTL', -0.01662362394802423)	('L_IFGorb', -0.015155142438554363)	('lDLPFC_to_lPTL_T1', -0.012851118453415675)	('lSMA_to_lIFG_T1', -0.012209190720955648)	('R_IFGorb_T1', -0.01166562070046621)	('lIFG_to_lPTL_T1', 0.010903418102656113)	('L_IFGorb_T1', -0.009293743989448775)	('L_SMA', -0.00885878474346295)	('lPTL_to_lIFG_T1', -0.007778633890258885)	('L_PTL_T1', -0.006962040400654699)	('Age', -0.006291997314525023)	('L_DLPFC', 0.006215457969998174)	('lDLPFC_to_lIFG_T1', 0.005909599471898966)	('R_DLPFC_T1', 0.005789580998108209)	('lSMA_to_lPTL_T1', 0.004512437479360607)	('L_SMA_T1', 0.004470743044608472)	('L_DLPFC_T1', -0.004154536408520828)	('T1', -0.0036887181313864253)	('rIFG_to_lIFG_T1', 0.003278047566763923)	('rDLPFC_to_lPTL_T1', -0.00297443676199445)	('rDLPFC_to_lIFG_T1', -0.0019410108384961152)	
