predictors	pearson_correlation	mean_squared_error	r2	
rois + act_t1 + conn_t1 + age + T1	0.14302317738056058	0.058441583798963394	0.018869001927781404	('L_DLPFC_T1', -0.013202994979679772)	('L_DLPFC', -0.009917635463915974)	('L_IFGorb', 0.009612707137069796)	('rDLPFC_to_lPTL_T1', 0.007250544883691836)	('lSMA_to_lPTL_T1', -0.006808927245814776)	('rIFG_to_lIFG_T1', -0.006771516347794831)	('Age', 0.005912859061295657)	('lIFG_to_lPTL_T1', 0.00476103043303012)	('R_IFGorb_T1', 0.003992005949113382)	('L_IFGorb_T1', -0.003942042405376844)	('lSMA_to_lIFG_T1', 0.003784526799328814)	('L_SMA_T1', 0.003354875203349539)	('R_DLPFC_T1', 0.0029333259052256094)	('L_PTL_T1', 0.002813364666346919)	('rDLPFC_to_lIFG_T1', -0.0025044481221416235)	('lDLPFC_to_lPTL_T1', 0.0022948679592739362)	('lDLPFC_to_lIFG_T1', 0.0018548508488981182)	('L_SMA', -0.001392997591178706)	('T1', -0.001270615538546035)	('lPTL_to_lIFG_T1', -0.0009571900906306768)	('L_PTL', 0.0008685097532070897)	
