predictors	pearson_correlation	mean_squared_error	r2	
rois + act_t1 + conn_t1 + age + T1	-0.07636742367275427	0.0632047221463587	-0.06109568035755575	('L_SMA_T1', 0.016448653438197132)	('rDLPFC_to_lPTL_T1', -0.01234585327611732)	('lDLPFC_to_lIFG_T1', -0.012123315287828004)	('lIFG_to_lPTL_T1', -0.011962032890512104)	('L_SMA', 0.011172644224865512)	('lPTL_to_lIFG_T1', -0.010734204176743919)	('lDLPFC_to_lPTL_T1', -0.010221901829683014)	('L_PTL', -0.008970859566410402)	('L_DLPFC', -0.008374922282420639)	('lSMA_to_lIFG_T1', -0.007524211173471147)	('rIFG_to_lIFG_T1', 0.004364910086464629)	('rDLPFC_to_lIFG_T1', -0.004124504267400987)	('R_DLPFC_T1', -0.0038856446478114843)	('T1', 0.003850258954217738)	('L_IFGorb_T1', -0.003835695182105435)	('lSMA_to_lPTL_T1', 0.0033746166987223707)	('L_PTL_T1', 0.002689947126297881)	('L_DLPFC_T1', 0.0017854972681166335)	('Age', -0.0017832341346350972)	('R_IFGorb_T1', 0.0008626183820436724)	('L_IFGorb', -0.00021579568187602685)	
