predictors	pearson_correlation	mean_squared_error	r2	
rois + act_t1 + conn_t1 + age + T1	0.0787092102867688	0.059584672612213646	-0.00032144082420471065	('Age', -0.010869211262812074)	('lIFG_to_lPTL_T1', -0.010612468938635928)	('L_SMA', -0.006492354074263695)	('rIFG_to_lIFG_T1', -0.005272009656926221)	('R_DLPFC_T1', 0.004411012221367163)	('lSMA_to_lPTL_T1', -0.003984456123737914)	('L_DLPFC', -0.0034853519041944886)	('lDLPFC_to_lIFG_T1', 0.0029478271626484395)	('L_PTL', 0.002943476207505806)	('T1', -0.0028051216956943518)	('L_IFGorb_T1', 0.002703050092059651)	('L_PTL_T1', -0.0026763364964149695)	('lSMA_to_lIFG_T1', 0.002188976966185626)	('R_IFGorb_T1', -0.0019370500644872988)	('lPTL_to_lIFG_T1', -0.0016356120849880269)	('rDLPFC_to_lIFG_T1', -0.0012458012152966234)	('L_DLPFC_T1', 0.0007671458848584036)	('L_IFGorb', -0.0007601785761564106)	('L_SMA_T1', -0.0007316963856568036)	('rDLPFC_to_lPTL_T1', -0.0005626907592699434)	('lDLPFC_to_lPTL_T1', 0.00048710613862979586)	
