predictors	pearson_correlation	mean_squared_error	r2	
rois + act_t1 + conn_t1 + age + T1	-0.15024883534987718	0.06468750667782751	-0.08598901439673079	('lSMA_to_lIFG_T1', -0.010196446904084286)	('lPTL_to_lIFG_T1', -0.009929606534040493)	('rDLPFC_to_lPTL_T1', -0.009563310658870491)	('L_PTL', 0.009529359043542731)	('L_PTL_T1', -0.007158007836716194)	('lIFG_to_lPTL_T1', 0.004553384964119788)	('lDLPFC_to_lIFG_T1', -0.004420831065075595)	('Age', -0.00398332681457546)	('R_IFGorb_T1', 0.003355386782614931)	('L_SMA_T1', -0.002964158523144924)	('L_DLPFC_T1', -0.0029564862440842124)	('L_IFGorb', -0.002733610360628822)	('L_DLPFC', -0.0026252415471086023)	('rDLPFC_to_lIFG_T1', -0.002166265192737472)	('R_DLPFC_T1', -0.002094892209334757)	('L_IFGorb_T1', 0.0018881833194419075)	('L_SMA', 0.001637099653900006)	('lSMA_to_lPTL_T1', 0.001345524111333577)	('lDLPFC_to_lPTL_T1', -0.0005916853244893928)	('rIFG_to_lIFG_T1', 0.000502507226354772)	('T1', 4.2542197713740115e-05)	
