predictors	pearson_correlation	mean_squared_error	r2	
rois + act_t1 + conn_t1 + age + T1	-0.2454683845436659	0.07077387918007459	-0.18816846162579282	('T1', -0.010467020391942842)	('rIFG_to_lIFG_T1', 0.008767773440698486)	('L_DLPFC', -0.007494991966310528)	('lSMA_to_lPTL_T1', -0.0073884660775774685)	('lPTL_to_lIFG_T1', -0.006316587167741515)	('rDLPFC_to_lPTL_T1', -0.00519700293539703)	('R_IFGorb_T1', -0.005145861929609957)	('L_IFGorb_T1', 0.004320681309712329)	('R_DLPFC_T1', -0.0037763914054092912)	('L_DLPFC_T1', 0.003503212964261484)	('lDLPFC_to_lPTL_T1', -0.002865147631608841)	('rDLPFC_to_lIFG_T1', -0.002809663318667548)	('L_PTL_T1', -0.0018488757267289305)	('L_SMA_T1', 0.001600872431827175)	('L_PTL', -0.0015756041176979525)	('L_SMA', -0.0013070880071136767)	('lSMA_to_lIFG_T1', 0.0012816499160028534)	('lDLPFC_to_lIFG_T1', -0.0010649943767749854)	('L_IFGorb', 0.0010358563558440816)	('Age', -0.0003530844021669538)	('lIFG_to_lPTL_T1', 9.108066276405329e-05)	
