predictors	pearson_correlation	mean_squared_error	r2	
rois + act_t1 + conn_t1 + age + T1	0.19756003055575563	0.057704399612380414	0.031245022728881744	('L_IFGorb_T1', -0.011363810553607452)	('rIFG_to_lIFG_T1', -0.008060254655085447)	('L_DLPFC_T1', 0.007490603150791169)	('T1', -0.007383867605005794)	('lDLPFC_to_lPTL_T1', -0.007074380942465961)	('L_SMA', -0.005494521087054571)	('L_PTL_T1', 0.005328739202000173)	('Age', -0.004991191736039177)	('L_SMA_T1', -0.00453351702113989)	('R_IFGorb_T1', -0.004109753615874222)	('lSMA_to_lPTL_T1', 0.004010234474090006)	('lDLPFC_to_lIFG_T1', -0.003858653039184581)	('L_PTL', 0.003018798796398567)	('L_DLPFC', -0.0029125240487848586)	('R_DLPFC_T1', -0.0023220634725143034)	('rDLPFC_to_lPTL_T1', 0.0022564229866192985)	('lPTL_to_lIFG_T1', -0.0021046510075566714)	('lSMA_to_lIFG_T1', 0.0018781604269875144)	('lIFG_to_lPTL_T1', 0.0018672810953177948)	('L_IFGorb', 0.0007013683075168229)	('rDLPFC_to_lIFG_T1', 0.00038106476556377147)	
