predictors	pearson_correlation	mean_squared_error	r2	
rois + act_t1 + conn_t1 + age + T1	-0.06460521055230707	0.06446646899147142	-0.08227818194270053	('L_DLPFC_T1', -0.011681923074242878)	('R_IFGorb_T1', 0.010283868745580266)	('L_IFGorb_T1', 0.009988100693496852)	('rIFG_to_lIFG_T1', -0.009652651260002924)	('L_SMA_T1', -0.008289241018040263)	('L_IFGorb', 0.007119655284554761)	('L_PTL_T1', -0.0067548131758657535)	('L_DLPFC', -0.006718954539654863)	('rDLPFC_to_lIFG_T1', -0.006353400929986678)	('L_PTL', -0.0058801350113927555)	('lSMA_to_lPTL_T1', 0.005116231439117622)	('Age', -0.0036453391572074103)	('lDLPFC_to_lIFG_T1', -0.002943840431591181)	('lIFG_to_lPTL_T1', -0.002778040323667167)	('lDLPFC_to_lPTL_T1', -0.002739065577921958)	('rDLPFC_to_lPTL_T1', -0.0018332429563568042)	('lSMA_to_lIFG_T1', -0.0015728230011459227)	('lPTL_to_lIFG_T1', -0.0008992496719831493)	('R_DLPFC_T1', -0.0007000403413416867)	('L_SMA', -0.00037039997621239807)	('T1', -0.0002759280289201631)	
