predictors	pearson_correlation	mean_squared_error	r2	
rois + act_t1 + conn_t1 + age + T1	-0.08791262536525787	0.061729345574579514	-0.03632671288087752	('rIFG_to_lIFG_T1', -0.012021181390382808)	('lDLPFC_to_lPTL_T1', -0.009750568767248537)	('R_DLPFC_T1', -0.008959482601988323)	('lDLPFC_to_lIFG_T1', 0.008208436084690168)	('lSMA_to_lIFG_T1', -0.007686019650395994)	('L_IFGorb', -0.007354688432240022)	('L_SMA_T1', 0.006570775509226224)	('rDLPFC_to_lIFG_T1', 0.005404249325749095)	('L_IFGorb_T1', 0.004855704523103276)	('lIFG_to_lPTL_T1', 0.004749462691320488)	('R_IFGorb_T1', -0.004210743184264269)	('L_DLPFC', -0.003432519274085142)	('lSMA_to_lPTL_T1', -0.0032406164082239082)	('lPTL_to_lIFG_T1', -0.0012623381866017237)	('L_PTL', 0.001153158478780829)	('Age', 0.001062223104492181)	('T1', 0.0009374523955090163)	('rDLPFC_to_lPTL_T1', 0.0007984341544113877)	('L_DLPFC_T1', -0.0006622071210925847)	('L_PTL_T1', 0.000502901175141044)	('L_SMA', -7.765212285454348e-05)	
