predictors	pearson_correlation	mean_squared_error	r2	
rois + act_t1 + conn_t1 + age + T1	0.16384078824147205	0.058359270602052114	0.020250895158428484	('L_IFGorb_T1', 0.020722955072918173)	('R_IFGorb_T1', 0.016913429512027244)	('Age', -0.016475013562860272)	('L_IFGorb', 0.014239331177194283)	('L_DLPFC', -0.013873499518441261)	('lDLPFC_to_lPTL_T1', -0.0132733510865828)	('rDLPFC_to_lPTL_T1', 0.01105902361985254)	('L_PTL_T1', -0.010399628128088643)	('L_DLPFC_T1', -0.009382136746286518)	('L_PTL', -0.00812822284009068)	('L_SMA_T1', -0.005928813579809654)	('T1', -0.005530640633570027)	('R_DLPFC_T1', 0.004224270965602121)	('rDLPFC_to_lIFG_T1', 0.004176149162688495)	('L_SMA', -0.003923774762882553)	('lSMA_to_lIFG_T1', 0.0036103933123870406)	('rIFG_to_lIFG_T1', -0.002671499944729137)	('lDLPFC_to_lIFG_T1', -0.002563049885409524)	('lIFG_to_lPTL_T1', 0.0025267060708358685)	('lPTL_to_lIFG_T1', 0.0006471818138688726)	('lSMA_to_lPTL_T1', 0.00011746090777994856)	
