predictors	pearson_correlation	mean_squared_error	r2	
rois + act_t1 + conn_t1 + age + T1	0.12939002126467805	0.05860914868563822	0.01605588336017605	('rDLPFC_to_lIFG_T1', 0.015318602139200714)	('R_IFGorb_T1', -0.014145211877558704)	('lDLPFC_to_lIFG_T1', -0.011294959867049608)	('lPTL_to_lIFG_T1', -0.008943991049667466)	('lSMA_to_lPTL_T1', -0.00838780507754527)	('L_PTL_T1', 0.008354314077882768)	('L_DLPFC', -0.00831312318021977)	('rIFG_to_lIFG_T1', 0.005683920956451039)	('T1', -0.005575739458665871)	('R_DLPFC_T1', -0.00544469849813673)	('L_SMA', -0.0044385022213444215)	('L_DLPFC_T1', -0.00427956744922456)	('Age', -0.00386329001912684)	('lSMA_to_lIFG_T1', -0.00358091970257656)	('rDLPFC_to_lPTL_T1', 0.0032901584340822793)	('L_IFGorb', -0.002992819822255407)	('lIFG_to_lPTL_T1', -0.0029150683335085166)	('L_SMA_T1', 0.0017949427875896397)	('L_IFGorb_T1', -0.0007485127386068318)	('lDLPFC_to_lPTL_T1', 0.000748038131076724)	('L_PTL', 0.00031388351804707533)	
