predictors	pearson_correlation	mean_squared_error	r2	
rois + act_t1 + conn_t1 + age + T1	0.08732022054448922	0.059251043903099695	0.00527959609301043	('lPTL_to_lIFG_T1', -0.015469837743750648)	('L_IFGorb_T1', -0.008484754982698487)	('L_SMA', -0.007968861582294864)	('T1', 0.0068635121327417226)	('lSMA_to_lIFG_T1', 0.005494200690965868)	('lIFG_to_lPTL_T1', -0.0047573266267173795)	('rDLPFC_to_lPTL_T1', 0.004018463366899459)	('lDLPFC_to_lPTL_T1', -0.003661473605090249)	('L_PTL_T1', -0.00356315931451175)	('rDLPFC_to_lIFG_T1', -0.0029258370161284264)	('L_DLPFC_T1', -0.0026828219269011784)	('Age', -0.0024127589219685797)	('R_DLPFC_T1', 0.0024020525213001406)	('lDLPFC_to_lIFG_T1', 0.0018911060717803426)	('lSMA_to_lPTL_T1', -0.0014558611665793312)	('L_DLPFC', 0.0013744034372801328)	('R_IFGorb_T1', -0.0012744807810915338)	('rIFG_to_lIFG_T1', 0.0012192929195929418)	('L_PTL', 0.000999910968356383)	('L_SMA_T1', 0.0002676008117208559)	('L_IFGorb', 0.0002592681876125292)	
