predictors	pearson_correlation	mean_squared_error	r2	
rois + act_t1 + conn_t1 + age + T1	-0.13298169814748498	0.06462694325330573	-0.08497226143958758	('lSMA_to_lIFG_T1', -0.010718863188397402)	('L_SMA', -0.009987744771613283)	('L_DLPFC', -0.008559878408103322)	('lDLPFC_to_lIFG_T1', 0.008348073576839421)	('L_PTL_T1', 0.008006776966519339)	('L_PTL', -0.007516965646748521)	('L_SMA_T1', -0.007374635802818513)	('T1', -0.0069239716558835455)	('lPTL_to_lIFG_T1', 0.006832481802139636)	('L_IFGorb', 0.006435555820177727)	('rDLPFC_to_lIFG_T1', -0.006204869076147955)	('lDLPFC_to_lPTL_T1', -0.006163157191619111)	('L_DLPFC_T1', -0.004811794087723674)	('lSMA_to_lPTL_T1', 0.004389839172012801)	('R_DLPFC_T1', -0.0027175991039555193)	('R_IFGorb_T1', 0.0021552076726744484)	('L_IFGorb_T1', 0.0019181446766139065)	('rIFG_to_lIFG_T1', -0.0019110301087718932)	('lIFG_to_lPTL_T1', 0.0017009078110511884)	('Age', -0.0010603108277587496)	('rDLPFC_to_lPTL_T1', -0.0007110330619084809)	
