predictors	pearson_correlation	mean_squared_error	r2	
rois + act_t1 + conn_t1 + age + T1	-0.07582632580712119	0.06208251150960584	-0.04225574532307541	('L_IFGorb_T1', -0.012178630537677194)	('L_PTL', -0.009978605353097017)	('rDLPFC_to_lPTL_T1', -0.00860811764019143)	('L_DLPFC', -0.00812665579541602)	('lIFG_to_lPTL_T1', -0.008103136960231322)	('L_DLPFC_T1', 0.007490516646554019)	('lDLPFC_to_lIFG_T1', -0.007215574102596057)	('rIFG_to_lIFG_T1', 0.005936211224646014)	('rDLPFC_to_lIFG_T1', -0.005678418733526466)	('lSMA_to_lIFG_T1', -0.004764505900057026)	('T1', -0.004619509033442371)	('lPTL_to_lIFG_T1', -0.0033987850870651013)	('R_DLPFC_T1', -0.0033406542704885367)	('lSMA_to_lPTL_T1', -0.003221242186215548)	('L_SMA_T1', -0.003074352858113369)	('lDLPFC_to_lPTL_T1', 0.002985909303196945)	('L_SMA', 0.0026478184948584152)	('L_PTL_T1', 0.0024532907724597853)	('L_IFGorb', -0.0012135733590628733)	('R_IFGorb_T1', 0.0007184479027523615)	('Age', 9.521125787816887e-05)	
