predictors	pearson_correlation	mean_squared_error	r2	
rois + act_t1 + conn_t1 + age + T1	-0.056082201336063515	0.06154674460301351	-0.03326116499809273	('lSMA_to_lPTL_T1', -0.012818198870122666)	('L_SMA_T1', -0.010058808912711865)	('lIFG_to_lPTL_T1', -0.009951681462551876)	('lPTL_to_lIFG_T1', -0.007685637676656431)	('lSMA_to_lIFG_T1', -0.007256119685793746)	('rDLPFC_to_lIFG_T1', -0.005903891743078594)	('R_DLPFC_T1', 0.0050768031218082965)	('L_IFGorb', 0.004296318978181694)	('rDLPFC_to_lPTL_T1', -0.0037981806627826113)	('R_IFGorb_T1', -0.003581205967401402)	('L_IFGorb_T1', -0.0034463412609702132)	('L_PTL', 0.003092761965201532)	('T1', -0.002612468226307898)	('Age', -0.00207200997876471)	('lDLPFC_to_lIFG_T1', 0.002034391122561424)	('rIFG_to_lIFG_T1', 0.001269786208267113)	('L_DLPFC_T1', 0.0008554781373550948)	('L_DLPFC', -0.0007808884322759582)	('lDLPFC_to_lPTL_T1', 0.0006798717674184052)	('L_PTL_T1', -0.000586944855484584)	('L_SMA', 0.00018135765200105532)	
