predictors	pearson_correlation	mean_squared_error	r2	
rois + act_t1 + conn_t1 + age + T1	0.28802144821914655	0.0557128909770941	0.06467893618559684	('rDLPFC_to_lPTL_T1', -0.023465986444011693)	('L_SMA', 0.017525683577324494)	('L_IFGorb_T1', -0.01563690055402716)	('L_DLPFC_T1', -0.014263720112562979)	('L_PTL_T1', -0.010850845972511871)	('Age', -0.010242196557557563)	('rDLPFC_to_lIFG_T1', -0.010051456214588278)	('lSMA_to_lPTL_T1', -0.007162536077765811)	('lPTL_to_lIFG_T1', 0.0053912511883939555)	('lDLPFC_to_lIFG_T1', -0.005347019416593116)	('L_PTL', -0.004806310808142473)	('T1', 0.004360140127587084)	('rIFG_to_lIFG_T1', -0.00336894579758445)	('lIFG_to_lPTL_T1', -0.0033405412116164455)	('lDLPFC_to_lPTL_T1', -0.0026645154232746346)	('L_IFGorb', 0.0023231354504684503)	('R_IFGorb_T1', -0.001811427777364785)	('R_DLPFC_T1', 0.001316738363588281)	('L_DLPFC', -0.0012000884505721406)	('L_SMA_T1', 0.0011521181190972515)	('lSMA_to_lIFG_T1', -0.0003995763954754233)	
