predictors	pearson_correlation	mean_squared_error	r2	
rois + act_t1 + conn_t1 + age + T1	0.2037365833490057	0.05711554083125222	0.04113092187972134	('L_DLPFC', -0.013464281353072958)	('L_DLPFC_T1', 0.013228307135627747)	('lDLPFC_to_lPTL_T1', -0.01051507510570198)	('L_IFGorb_T1', 0.008129602110484373)	('R_IFGorb_T1', -0.007490176409913579)	('Age', -0.007481434852940954)	('rIFG_to_lIFG_T1', 0.007123547473827829)	('rDLPFC_to_lPTL_T1', -0.006390638170989461)	('T1', -0.0063494842995863434)	('L_SMA', -0.0059442656810867345)	('lPTL_to_lIFG_T1', -0.005621585784639786)	('L_PTL_T1', 0.004615717297668225)	('L_IFGorb', -0.004114548166950509)	('rDLPFC_to_lIFG_T1', -0.003953469285491499)	('lSMA_to_lIFG_T1', -0.003489793070446016)	('R_DLPFC_T1', -0.0032171914826263906)	('lSMA_to_lPTL_T1', 0.003216023681985631)	('L_SMA_T1', -0.0025927473861300132)	('L_PTL', 0.002221789717804519)	('lIFG_to_lPTL_T1', -0.0006567849329284865)	('lDLPFC_to_lIFG_T1', -3.672506133243911e-05)	
