predictors	pearson_correlation	mean_squared_error	r2	
rois + act_t1 + conn_t1 + age + T1	0.1012678807593766	0.059320143077439096	0.004119542968529899	('R_IFGorb_T1', 0.020061181311609444)	('L_DLPFC_T1', 0.015285824864104748)	('rDLPFC_to_lIFG_T1', -0.013845915460847676)	('lSMA_to_lIFG_T1', -0.012054660215355267)	('rDLPFC_to_lPTL_T1', -0.011508519355145361)	('L_SMA_T1', -0.009806796584473214)	('R_DLPFC_T1', -0.009191716984101445)	('lIFG_to_lPTL_T1', -0.00878866933505341)	('L_SMA', 0.006853815772601205)	('lSMA_to_lPTL_T1', -0.004340826382616213)	('L_IFGorb', -0.003667068858847847)	('lDLPFC_to_lPTL_T1', -0.0031795188500753843)	('lPTL_to_lIFG_T1', -0.003168263974070772)	('L_DLPFC', 0.003016427058625753)	('L_PTL_T1', -0.0021278328840185056)	('Age', 0.0017011694611561321)	('L_IFGorb_T1', -0.0016038637503578387)	('T1', -0.0013388452784378706)	('lDLPFC_to_lIFG_T1', 0.0009380786163863147)	('L_PTL', -0.0008757299310351689)	('rIFG_to_lIFG_T1', 0.0007905344825984235)	
