predictors	pearson_correlation	mean_squared_error	r2	
rois + act_t1 + conn_t1 + age + T1	-0.01701357893598041	0.062027706887158036	-0.0413356724840821	('L_IFGorb_T1', -0.012750354108769289)	('lSMA_to_lIFG_T1', -0.01225316516909306)	('L_DLPFC_T1', -0.009402202652609576)	('L_DLPFC', -0.008315204537153953)	('L_SMA_T1', 0.005880298649581487)	('L_IFGorb', -0.005802694253028277)	('R_DLPFC_T1', -0.005188079879387612)	('Age', -0.00463048866576956)	('L_PTL_T1', -0.004488551319451239)	('rDLPFC_to_lIFG_T1', -0.004396591839826305)	('T1', 0.0035319236761954666)	('lIFG_to_lPTL_T1', -0.0033328954549322323)	('lPTL_to_lIFG_T1', -0.0033124203278725567)	('lDLPFC_to_lPTL_T1', 0.002385268830544753)	('lSMA_to_lPTL_T1', -0.0023845306514548004)	('R_IFGorb_T1', 0.0018964156199055403)	('lDLPFC_to_lIFG_T1', 0.001475494935707807)	('L_PTL', -0.0012232383570116108)	('rDLPFC_to_lPTL_T1', 0.0009766875798558725)	('rIFG_to_lIFG_T1', -0.0005542691638088121)	('L_SMA', 5.223399844187197e-05)	
