predictors	pearson_correlation	mean_squared_error	r2	
rois + act_t1 + conn_t1 + age + T1	0.009106336360234639	0.06155531021399352	-0.03340496648161895	('L_SMA', -0.00976349104619905)	('lIFG_to_lPTL_T1', 0.007773850956502244)	('rDLPFC_to_lPTL_T1', -0.007250363568373968)	('Age', -0.0072241569201024975)	('R_DLPFC_T1', 0.0067711686124976005)	('L_IFGorb', -0.006363039015155136)	('rIFG_to_lIFG_T1', 0.006248271540522232)	('lSMA_to_lIFG_T1', -0.005651583605400666)	('lDLPFC_to_lIFG_T1', 0.005569350528971681)	('L_SMA_T1', 0.004975551038552905)	('rDLPFC_to_lIFG_T1', -0.004025180087789494)	('L_DLPFC_T1', -0.002904807420976682)	('lDLPFC_to_lPTL_T1', -0.002851006788584307)	('L_PTL_T1', -0.0024025096521844676)	('T1', 0.001883967723024632)	('lPTL_to_lIFG_T1', -0.0013725367544189504)	('lSMA_to_lPTL_T1', 0.001366863247033451)	('L_DLPFC', 0.0013324464412453245)	('L_IFGorb_T1', 0.0013265309888088842)	('R_IFGorb_T1', 0.0011702157400559057)	('L_PTL', 0.0007112375496607343)	
