predictors	pearson_correlation	mean_squared_error	r2	
rois + act_t1 + conn_t1 + age + T1	-0.2153449748345118	0.07264421491718415	-0.21956809608458716	('R_DLPFC_T1', -0.01658696463877501)	('rDLPFC_to_lIFG_T1', -0.009980756961683733)	('R_IFGorb_T1', -0.009704187581125491)	('L_IFGorb_T1', 0.00838747319446944)	('lDLPFC_to_lPTL_T1', -0.007822877483728863)	('L_DLPFC', 0.0047636132367732485)	('Age', -0.00446857215281081)	('L_DLPFC_T1', 0.004043753656308618)	('L_PTL', 0.003558366143721976)	('L_SMA', -0.0035558814467119945)	('lSMA_to_lIFG_T1', -0.003435438276392941)	('rDLPFC_to_lPTL_T1', 0.0025985267144278)	('L_PTL_T1', -0.0025303255822848062)	('T1', 0.0011918262272425657)	('L_IFGorb', 0.0010177901880345126)	('lIFG_to_lPTL_T1', 0.0009299176242515302)	('L_SMA_T1', -0.0006155604571125684)	('lPTL_to_lIFG_T1', -0.0004270207135838206)	('rIFG_to_lIFG_T1', -0.00035665157757912405)	('lDLPFC_to_lIFG_T1', 0.00012383062802218125)	('lSMA_to_lPTL_T1', 0.00011552079936924101)	
