predictors	pearson_correlation	mean_squared_error	r2	
rois + act_t1 + conn_t1 + age + T1	0.3113709707069263	0.05538290035118095	0.07021889610985854	('L_SMA_T1', 0.012465771258925763)	('rIFG_to_lIFG_T1', 0.006615485203418587)	('L_IFGorb', -0.00598868001247111)	('L_IFGorb_T1', -0.005624767682686901)	('Age', -0.005592832133596114)	('L_PTL_T1', 0.00410957086373788)	('lIFG_to_lPTL_T1', -0.0036733002568683742)	('lSMA_to_lIFG_T1', -0.0034880780500579863)	('rDLPFC_to_lPTL_T1', -0.00278647352626573)	('T1', 0.0026980488957703713)	('lDLPFC_to_lIFG_T1', 0.002525499245918861)	('lDLPFC_to_lPTL_T1', 0.0024698309266075152)	('L_SMA', -0.0023362169603627415)	('L_PTL', 0.0021304003090101852)	('lSMA_to_lPTL_T1', -0.002014928605417118)	('rDLPFC_to_lIFG_T1', -0.0014576058206540881)	('R_IFGorb_T1', -0.0010333585799915735)	('R_DLPFC_T1', -0.0009638703728195136)	('lPTL_to_lIFG_T1', -0.0009576326365555277)	('L_DLPFC_T1', -0.0008957531359263825)	('L_DLPFC', -0.0007344662303218856)	
