predictors	pearson_correlation	mean_squared_error	r2	
rois + act_t1 + conn_t1 + age + T1	0.17328560720551842	0.05777799343770104	0.030009512350909096	('Age', -0.011173571815839006)	('lSMA_to_lPTL_T1', 0.007990992723390374)	('L_IFGorb_T1', -0.007718492100432276)	('L_PTL', -0.007357679288406903)	('L_DLPFC', -0.006347439801799442)	('rIFG_to_lIFG_T1', 0.006160444765055648)	('lDLPFC_to_lPTL_T1', 0.00585955405849783)	('lDLPFC_to_lIFG_T1', -0.0057863500844487475)	('L_SMA_T1', -0.005636034935038389)	('T1', 0.005114780116376424)	('lPTL_to_lIFG_T1', 0.003985302528422807)	('L_DLPFC_T1', 0.0033412416276337935)	('L_SMA', -0.0033198648015923646)	('lSMA_to_lIFG_T1', -0.0029259712496549927)	('L_IFGorb', 0.002706457124056729)	('rDLPFC_to_lIFG_T1', 0.002437387010198191)	('R_DLPFC_T1', 0.0023383529064379986)	('rDLPFC_to_lPTL_T1', -0.002285596485047635)	('R_IFGorb_T1', -0.0017368936230938595)	('L_PTL_T1', 0.001684398738107356)	('lIFG_to_lPTL_T1', -0.00035384248177784715)	
