predictors	pearson_correlation	mean_squared_error	r2	
rois + act_t1 + conn_t1 + age + T1	0.08064756758818784	0.06007835903521851	-0.008609564133861936	('lSMA_to_lPTL_T1', -0.01225471076645681)	('rDLPFC_to_lPTL_T1', -0.01097921694674713)	('lDLPFC_to_lPTL_T1', -0.010261407872661495)	('T1', -0.01023645869368009)	('rDLPFC_to_lIFG_T1', 0.007382320197474348)	('lIFG_to_lPTL_T1', 0.005746714600063508)	('L_SMA_T1', 0.00504657319746909)	('L_IFGorb_T1', 0.004940555424593273)	('lDLPFC_to_lIFG_T1', -0.004742001908742267)	('lSMA_to_lIFG_T1', -0.004448803904378109)	('L_PTL', -0.004333446528907745)	('L_SMA', 0.0027526719637192636)	('L_DLPFC_T1', 0.002721826010618368)	('L_IFGorb', 0.0026113194176599825)	('L_DLPFC', -0.002217979910162419)	('R_DLPFC_T1', 0.0020432016551679448)	('R_IFGorb_T1', -0.002018297268837183)	('Age', -0.001593919527570177)	('L_PTL_T1', 0.0008844138458451134)	('lPTL_to_lIFG_T1', 5.569877868844607e-05)	('rIFG_to_lIFG_T1', -5.03974157634817e-05)	
