predictors	pearson_correlation	mean_squared_error	r2	
rois + act_t1 + conn_t1 + age + T1	0.0076793804176378605	0.06100218073343596	-0.024118899197928645	('rDLPFC_to_lPTL_T1', -0.022177628498352173)	('L_SMA_T1', -0.01107517704100028)	('L_IFGorb_T1', -0.010821226848564694)	('L_DLPFC_T1', -0.010235889950371795)	('T1', -0.010234780464067639)	('lDLPFC_to_lIFG_T1', 0.009825723973472058)	('rIFG_to_lIFG_T1', 0.007138197171093928)	('L_IFGorb', 0.004599656823090174)	('L_SMA', 0.004459437971538004)	('L_PTL_T1', -0.004199739835292816)	('L_DLPFC', 0.00417352372038094)	('Age', 0.0032916346752701223)	('lSMA_to_lIFG_T1', -0.0031020104444892766)	('lIFG_to_lPTL_T1', -0.00259378099942872)	('lSMA_to_lPTL_T1', 0.0024069377254689783)	('L_PTL', -0.0023566445632088847)	('lPTL_to_lIFG_T1', 0.001997135730834414)	('R_DLPFC_T1', -0.0012834127883664575)	('R_IFGorb_T1', 0.0010847948883532664)	('lDLPFC_to_lPTL_T1', -0.0009279194376855084)	('rDLPFC_to_lIFG_T1', -8.458672228187707e-05)	
