predictors	pearson_correlation	mean_squared_error	r2	
rois + act_t1 + conn_t1 + age + T1	-0.10165144468534267	0.06296993290432845	-0.057153983565727096	('lDLPFC_to_lIFG_T1', 0.015153023138546606)	('rDLPFC_to_lPTL_T1', -0.012395257377635052)	('L_IFGorb_T1', -0.009307572205404577)	('rDLPFC_to_lIFG_T1', -0.006866048146055575)	('T1', -0.006325285961300703)	('lPTL_to_lIFG_T1', -0.005596750451954444)	('L_SMA', -0.004901648511974715)	('L_DLPFC', 0.004239240759947174)	('R_DLPFC_T1', 0.0041328094050428745)	('lDLPFC_to_lPTL_T1', 0.002844472296401992)	('L_PTL', -0.0028367395360607865)	('L_PTL_T1', 0.0026663936501269887)	('L_IFGorb', 0.002235187068951005)	('R_IFGorb_T1', 0.002212812913716173)	('lSMA_to_lIFG_T1', -0.0019633585038696115)	('lIFG_to_lPTL_T1', -0.001949119127888466)	('L_DLPFC_T1', -0.0018364473375085653)	('rIFG_to_lIFG_T1', -0.0015357435486793754)	('Age', -0.0014146727729748053)	('L_SMA_T1', 0.0010127738740861138)	('lSMA_to_lPTL_T1', -0.000521850209598704)	
