predictors	pearson_correlation	mean_squared_error	r2	
rois + act_t1 + conn_t1 + age + T1	0.17740088715151292	0.0577808151565496	0.029962140673924886	('L_SMA_T1', -0.015592916669716511)	('rDLPFC_to_lIFG_T1', -0.01313623490002232)	('lDLPFC_to_lIFG_T1', -0.009583322494954654)	('L_DLPFC', -0.00807567189710337)	('L_IFGorb', -0.006734935029363584)	('lDLPFC_to_lPTL_T1', -0.004654187573841783)	('T1', -0.004570274439001896)	('lSMA_to_lPTL_T1', -0.00427812762923213)	('lIFG_to_lPTL_T1', -0.0037003646793932377)	('Age', 0.0035140695060480284)	('L_SMA', 0.0027554316080087055)	('L_IFGorb_T1', -0.002697801008072048)	('R_IFGorb_T1', 0.002490100764156077)	('L_DLPFC_T1', -0.002189548673621958)	('rIFG_to_lIFG_T1', 0.0016478498288200769)	('lPTL_to_lIFG_T1', 0.0013113679686643383)	('rDLPFC_to_lPTL_T1', -0.0008771875137518437)	('R_DLPFC_T1', -0.0008566450614296507)	('lSMA_to_lIFG_T1', 0.0007214137565870046)	('L_PTL_T1', 0.000683884317990155)	('L_PTL', 0.00030988469187068245)	
