predictors	pearson_correlation	mean_squared_error	r2	
rois + act_t1 + conn_t1 + age + T1	0.16992903245293778	0.05903849370363939	0.008847938628940177	('lIFG_to_lPTL_T1', -0.01265748992869979)	('lDLPFC_to_lPTL_T1', 0.011137268427111519)	('rIFG_to_lIFG_T1', -0.010337931050133607)	('Age', -0.01031498428097992)	('R_DLPFC_T1', 0.00974343631476591)	('L_PTL', -0.0077770126484085576)	('rDLPFC_to_lIFG_T1', 0.007670716527896517)	('L_DLPFC_T1', 0.007385147854716728)	('T1', 0.00683902084990345)	('lSMA_to_lIFG_T1', -0.00674090850117988)	('lSMA_to_lPTL_T1', -0.0051349355009393345)	('L_SMA_T1', -0.005039264675828469)	('L_PTL_T1', 0.004996753627015)	('L_DLPFC', -0.004758084475254369)	('L_SMA', 0.004547368125265102)	('lDLPFC_to_lIFG_T1', 0.00424290935605711)	('lPTL_to_lIFG_T1', -0.004182211579280935)	('L_IFGorb_T1', 0.004085306673895446)	('R_IFGorb_T1', -0.0038694590730381684)	('rDLPFC_to_lPTL_T1', 0.0037691548161300297)	('L_IFGorb', -0.001652391406552693)	
