predictors	pearson_correlation	mean_squared_error	r2	
rois + act_t1 + conn_t1 + age + T1	0.2194134105665563	0.0584729324330562	0.018342713715581715	('L_IFGorb', -0.01620955564958263)	('L_SMA_T1', -0.011341708805650646)	('L_DLPFC', -0.010245221549128512)	('rDLPFC_to_lPTL_T1', -0.00843769649812455)	('rIFG_to_lIFG_T1', -0.008420611595358828)	('lDLPFC_to_lPTL_T1', -0.0073333451897382865)	('L_DLPFC_T1', 0.0069682257781206085)	('lSMA_to_lIFG_T1', -0.006959965150125932)	('rDLPFC_to_lIFG_T1', -0.005631861980619813)	('T1', 0.005478794516679656)	('L_IFGorb_T1', 0.005188072412612668)	('L_SMA', -0.005169030657648179)	('lDLPFC_to_lIFG_T1', -0.004984829169257216)	('lPTL_to_lIFG_T1', -0.00496853999325181)	('lIFG_to_lPTL_T1', 0.004355533298714836)	('Age', -0.00417510129236022)	('L_PTL_T1', -0.0040570978837451595)	('L_PTL', -0.0021835026844058184)	('R_IFGorb_T1', -0.0020800356223067847)	('R_DLPFC_T1', 0.0019497730826314595)	('lSMA_to_lPTL_T1', -1.9963463740600627e-05)	
