predictors	pearson_correlation	mean_squared_error	r2	
rois + act_t1 + conn_t1 + age + T1	-0.018263401664266522	0.060466247413415775	-0.015121525085338483	('lIFG_to_lPTL_T1', -0.008880853915776029)	('lSMA_to_lIFG_T1', 0.0069463821630827115)	('L_DLPFC', -0.005592212060390002)	('L_IFGorb_T1', 0.005509074698202044)	('R_IFGorb_T1', -0.0047751510107325755)	('L_PTL', -0.004211234694468893)	('L_PTL_T1', 0.004201814809442513)	('rIFG_to_lIFG_T1', 0.0025339196655340254)	('lDLPFC_to_lPTL_T1', -0.002213368381873905)	('rDLPFC_to_lIFG_T1', -0.0020764402834797624)	('L_IFGorb', 0.0020153815472353904)	('lDLPFC_to_lIFG_T1', 0.0017500187757444974)	('rDLPFC_to_lPTL_T1', -0.0013130784074179684)	('T1', -0.0012538234916871667)	('L_SMA_T1', 0.001010215765995427)	('lPTL_to_lIFG_T1', -0.0009188972809217114)	('lSMA_to_lPTL_T1', 0.0008714719285030563)	('L_DLPFC_T1', 0.000749890188009487)	('R_DLPFC_T1', 0.00047286597250066723)	('L_SMA', -0.00040372665855422453)	('Age', -0.00010394988070320839)	
