predictors	pearson_correlation	mean_squared_error	r2	
rois + act_t1 + conn_t1 + age + T1	0.07822904574806647	0.05963967901917668	-0.0012449012689055294	('rDLPFC_to_lPTL_T1', -0.012006758302273223)	('R_DLPFC_T1', -0.011136857488675237)	('L_IFGorb', -0.005901039512928383)	('lSMA_to_lPTL_T1', 0.004287144259032826)	('L_PTL', 0.004271011604529332)	('lSMA_to_lIFG_T1', -0.003933520993132043)	('lDLPFC_to_lIFG_T1', -0.0034278587778553576)	('rIFG_to_lIFG_T1', 0.002504829296101763)	('L_DLPFC_T1', -0.002427398606881043)	('L_PTL_T1', -0.0022259828589298184)	('L_IFGorb_T1', 0.0019691744298164604)	('Age', -0.0016988545904395153)	('L_SMA', 0.0015575333792747486)	('T1', -0.0014291194689349841)	('R_IFGorb_T1', -0.0012616622934517542)	('L_DLPFC', 0.0012070260064884096)	('lDLPFC_to_lPTL_T1', -0.0011396979413582406)	('lIFG_to_lPTL_T1', -0.0008872555749462423)	('rDLPFC_to_lIFG_T1', -0.0006255584302462617)	('lPTL_to_lIFG_T1', -0.00024756260340757266)	('L_SMA_T1', 6.118253163536768e-05)	
