predictors	pearson_correlation	mean_squared_error	r2	
rois + act_t1 + conn_t1 + age + T1	0.4330398811625027	0.051799734622479644	0.1372278815959891	('L_IFGorb', -0.014997421490846482)	('lSMA_to_lPTL_T1', 0.014644602906744002)	('rDLPFC_to_lIFG_T1', 0.01209769155658606)	('L_IFGorb_T1', 0.011403121698840292)	('R_IFGorb_T1', -0.00902612163695173)	('R_DLPFC_T1', 0.00856350006679744)	('lSMA_to_lIFG_T1', 0.007845183813171444)	('lDLPFC_to_lIFG_T1', 0.006916274576683453)	('lPTL_to_lIFG_T1', 0.00511226932359722)	('lDLPFC_to_lPTL_T1', -0.005033196675125629)	('rIFG_to_lIFG_T1', 0.004480582341000618)	('L_SMA_T1', 0.0037634404736939554)	('L_PTL', 0.003059926999094632)	('lIFG_to_lPTL_T1', 0.0029756845345128517)	('Age', 0.0027694049919282605)	('L_SMA', 0.0023351973960393548)	('L_DLPFC_T1', -0.0013160049916527555)	('rDLPFC_to_lPTL_T1', 0.001193714986749308)	('L_PTL_T1', -0.0009508812922903405)	('L_DLPFC', 0.00043202620300704207)	('T1', 0.00016299186556574522)	
