predictors	pearson_correlation	mean_squared_error	r2	
rois + act_t1 + conn_t1 + age + T1	-0.050248244602073416	0.062404382641144666	-0.03940226337818875	('R_DLPFC_T1', 0.012407125759300244)	('rDLPFC_to_lIFG_T1', 0.008657657709705674)	('L_DLPFC', 0.0085310442604433)	('lDLPFC_to_lPTL_T1', 0.00832201337178717)	('lSMA_to_lIFG_T1', 0.008296199023447016)	('lSMA_to_lPTL_T1', 0.007649566788856953)	('L_PTL', 0.006652835799891418)	('lPTL_to_lIFG_T1', 0.006648942099549365)	('L_SMA', -0.006201980842671063)	('T1', 0.004578805857508596)	('L_DLPFC_T1', -0.004127336067464281)	('L_IFGorb_T1', 0.0038861690043944254)	('L_IFGorb', 0.0038259576678147675)	('Age', 0.003545205969932286)	('lDLPFC_to_lIFG_T1', -0.0032666392332243417)	('L_SMA_T1', 0.001824276396146809)	('lIFG_to_lPTL_T1', -0.0015831100981161207)	('rIFG_to_lIFG_T1', -0.0006866977035446849)	('R_IFGorb_T1', 0.0006066940949125561)	('L_PTL_T1', -0.0005318053096349589)	('rDLPFC_to_lPTL_T1', 0.00035072746585106454)	
