predictors	pearson_correlation	mean_squared_error	r2	
rois + act_t1 + conn_t1 + age + T1	0.13593486103258154	0.059091321530384704	0.015779809923241794	('lIFG_to_lPTL_T1', 0.018544771557249293)	('R_DLPFC_T1', 0.014489180506005228)	('rIFG_to_lIFG_T1', 0.01285388563385371)	('lSMA_to_lPTL_T1', 0.010677438884563325)	('L_PTL', 0.01014945382648629)	('R_IFGorb_T1', 0.008647748539914641)	('L_SMA_T1', 0.008444976188921288)	('lSMA_to_lIFG_T1', -0.007500159058869517)	('T1', -0.005421634664362526)	('L_DLPFC', -0.005077443027672019)	('L_PTL_T1', 0.004815549201575254)	('L_DLPFC_T1', -0.004741822760840172)	('Age', 0.004680823502746185)	('lDLPFC_to_lPTL_T1', 0.003992479926734905)	('L_IFGorb', 0.0034294250854729276)	('L_IFGorb_T1', 0.0026812548140790838)	('lDLPFC_to_lIFG_T1', 0.0022881993685671493)	('L_SMA', 0.0006637390519429667)	('rDLPFC_to_lIFG_T1', -0.0003978549950693186)	('lPTL_to_lIFG_T1', 0.00028929313041444653)	('rDLPFC_to_lPTL_T1', -0.00020640580939108088)	
