predictors	pearson_correlation	mean_squared_error	r2	
rois + act_t1 + conn_t1 + age + T1	-0.11558461449266232	0.06392166216978071	-0.06467394638338031	('L_DLPFC', 0.010388699653696038)	('lIFG_to_lPTL_T1', -0.0082629467868549)	('L_PTL_T1', -0.00799824447803309)	('lSMA_to_lPTL_T1', -0.00590301427021594)	('Age', 0.004806572322064025)	('R_IFGorb_T1', 0.004461037831513512)	('lSMA_to_lIFG_T1', 0.0039484948433643275)	('rIFG_to_lIFG_T1', 0.003905923439095237)	('L_SMA_T1', 0.0037040092869826454)	('L_DLPFC_T1', -0.0031912403924076378)	('L_IFGorb', 0.0027968049760563225)	('R_DLPFC_T1', 0.0026825473067833994)	('rDLPFC_to_lIFG_T1', 0.0026691963209245994)	('rDLPFC_to_lPTL_T1', 0.0026459018187684935)	('lDLPFC_to_lPTL_T1', 0.002141652076535385)	('L_SMA', 0.001357762927824856)	('lPTL_to_lIFG_T1', 0.0013163483667320553)	('L_IFGorb_T1', -0.001153079488682035)	('T1', -0.0011360643311259697)	('L_PTL', -0.000637611745861184)	('lDLPFC_to_lIFG_T1', -7.461244957159047e-05)	
