predictors	pearson_correlation	mean_squared_error	r2	
rois + act_t1 + conn_t1 + age + T1	0.03775598525106342	0.0607167711480734	-0.011293545186258358	('rDLPFC_to_lPTL_T1', 0.015375053918297597)	('lDLPFC_to_lPTL_T1', 0.010933774893814323)	('R_DLPFC_T1', 0.009620203880657293)	('lDLPFC_to_lIFG_T1', 0.0071099779372744195)	('L_PTL', -0.00584747305258824)	('L_DLPFC', -0.004505493065154808)	('T1', 0.004116229365804558)	('L_DLPFC_T1', 0.003951993022578739)	('Age', 0.0025721340504854025)	('rDLPFC_to_lIFG_T1', 0.0022019699775447377)	('R_IFGorb_T1', -0.0018944729724716)	('L_PTL_T1', -0.001864306446397882)	('lSMA_to_lPTL_T1', 0.0016804957981888379)	('L_SMA_T1', 0.0016175249049139246)	('rIFG_to_lIFG_T1', 0.0015612621339040514)	('lIFG_to_lPTL_T1', 0.0012722360755916444)	('L_SMA', 0.0011866707277139086)	('lPTL_to_lIFG_T1', 0.0008445619341299413)	('L_IFGorb', 0.0004855448028525761)	('L_IFGorb_T1', -0.0001106384532152177)	('lSMA_to_lIFG_T1', 4.1559927815030215e-05)	
