predictors	pearson_correlation	mean_squared_error	r2	
rois + act_t1 + conn_t1 + age + T1	-0.044329359630083026	0.0640734570738286	-0.06720222981731716	('L_SMA_T1', 0.016735586180871984)	('lPTL_to_lIFG_T1', 0.014659476060021213)	('rDLPFC_to_lPTL_T1', 0.013860405587590932)	('lSMA_to_lPTL_T1', 0.01318995609998181)	('L_IFGorb', 0.011777071229330244)	('L_IFGorb_T1', -0.010724848628271505)	('R_IFGorb_T1', 0.007144889700549)	('L_SMA', -0.006709659300037268)	('L_PTL_T1', -0.006529193837276986)	('rIFG_to_lIFG_T1', 0.005198459795620052)	('T1', -0.004205222027173576)	('lSMA_to_lIFG_T1', 0.004149581281122242)	('L_DLPFC_T1', -0.004104171495649815)	('lIFG_to_lPTL_T1', -0.0033831867568444828)	('L_PTL', 0.0032028118283615316)	('L_DLPFC', 0.0028434397604128053)	('R_DLPFC_T1', -0.0022695670935256687)	('Age', -0.002108388332944771)	('lDLPFC_to_lPTL_T1', 0.0016353155169962737)	('rDLPFC_to_lIFG_T1', -0.0008948914557923692)	('lDLPFC_to_lIFG_T1', -0.0007689259450453309)	
