predictors	pearson_correlation	mean_squared_error	r2	
rois + act_t1 + conn_t1 + age + T1	-0.036133238621168524	0.06346870854269182	-0.05712958803424195	('lDLPFC_to_lPTL_T1', 0.01843387836812436)	('T1', 0.01765804087303298)	('L_PTL', 0.013518567242416533)	('lDLPFC_to_lIFG_T1', -0.01066698967879634)	('rDLPFC_to_lIFG_T1', 0.010035076191348143)	('Age', 0.009782711634128118)	('rIFG_to_lIFG_T1', 0.009174243304763317)	('L_DLPFC_T1', 0.008961578166031433)	('lPTL_to_lIFG_T1', 0.007703217711827009)	('L_SMA_T1', 0.0071153808244758115)	('L_IFGorb_T1', 0.005735127308873608)	('R_DLPFC_T1', -0.004787311766806241)	('L_SMA', 0.004694146087790173)	('lSMA_to_lPTL_T1', -0.003505706870322617)	('L_PTL_T1', 0.0030413382271222643)	('L_DLPFC', 0.0019800442201785523)	('lIFG_to_lPTL_T1', 0.0017997010521144578)	('L_IFGorb', -0.0015258474041213146)	('rDLPFC_to_lPTL_T1', 0.0008898632334189355)	('R_IFGorb_T1', -0.00027793409841708766)	('lSMA_to_lIFG_T1', 6.064683418640507e-05)	
