predictors	pearson_correlation	mean_squared_error	r2	
rois + act_t1 + conn_t1 + age + T1	0.0835568789982481	0.06019799813666435	-0.0026529045867218493	('L_PTL', 0.015410654820352207)	('lDLPFC_to_lPTL_T1', 0.012274797519528527)	('L_PTL_T1', 0.010128294366609645)	('L_SMA', 0.00985041598425837)	('lSMA_to_lIFG_T1', 0.007241578647482281)	('Age', 0.0059287554052610695)	('T1', -0.005830642308256681)	('L_DLPFC', -0.004751768861298573)	('L_IFGorb_T1', 0.004517756266177945)	('rIFG_to_lIFG_T1', 0.00422784463526307)	('lIFG_to_lPTL_T1', 0.0041023666155622605)	('R_IFGorb_T1', -0.0037072085341829106)	('lDLPFC_to_lIFG_T1', -0.003326980524682267)	('lPTL_to_lIFG_T1', 0.0027879482547450898)	('rDLPFC_to_lPTL_T1', 0.00262917025299838)	('L_IFGorb', -0.002082967165905107)	('L_DLPFC_T1', -0.0012258141668833465)	('R_DLPFC_T1', -0.0011167877692456456)	('lSMA_to_lPTL_T1', 0.0008033749649135927)	('rDLPFC_to_lIFG_T1', -0.0005278444259406694)	('L_SMA_T1', 2.820862116150444e-05)	
