predictors	pearson_correlation	mean_squared_error	r2	
rois + act_t1 + conn_t1 + age + T1	0.04719689944527452	0.060677963637707714	-0.01064717048622943	('L_SMA', 0.008434322832000202)	('Age', 0.007070075815632264)	('R_DLPFC_T1', 0.006775795097036685)	('L_DLPFC_T1', 0.006290598750600795)	('L_PTL_T1', 0.005753622592162591)	('lPTL_to_lIFG_T1', 0.005347349934860081)	('lSMA_to_lIFG_T1', 0.005294714159908922)	('L_SMA_T1', -0.0037454003920755646)	('T1', 0.0036808575533956627)	('rIFG_to_lIFG_T1', 0.003431105142700077)	('L_PTL', -0.0033903189856792754)	('L_IFGorb', 0.0028124197503374844)	('R_IFGorb_T1', 0.002647050669821822)	('rDLPFC_to_lIFG_T1', -0.0016773757164982252)	('lIFG_to_lPTL_T1', 0.0014451885481950157)	('L_DLPFC', -0.0012340875333279214)	('lDLPFC_to_lIFG_T1', -0.0011033217507945082)	('lSMA_to_lPTL_T1', -0.000384739718733257)	('lDLPFC_to_lPTL_T1', 0.00022015673872655364)	('L_IFGorb_T1', -0.0001775799611062595)	('rDLPFC_to_lPTL_T1', -0.00014564366221332594)	
