predictors	pearson_correlation	mean_squared_error	r2	
rois + act_t1 + conn_t1 + age + T1	0.07204561148009532	0.05983037922782881	0.0034701257155176357	('R_IFGorb_T1', 0.01949957369625142)	('L_PTL', 0.016899272824823265)	('R_DLPFC_T1', 0.010205661103679134)	('rIFG_to_lIFG_T1', 0.009397430426694728)	('lDLPFC_to_lIFG_T1', 0.008597402348620685)	('lSMA_to_lIFG_T1', 0.008586470343064138)	('lDLPFC_to_lPTL_T1', 0.006654168378345226)	('lPTL_to_lIFG_T1', 0.006616791963738827)	('L_IFGorb_T1', -0.006203689053028787)	('Age', -0.005623381380784564)	('rDLPFC_to_lIFG_T1', -0.005217517440348148)	('L_DLPFC_T1', 0.004688185641257132)	('L_SMA_T1', -0.003937660461371955)	('lSMA_to_lPTL_T1', 0.003223973649834535)	('L_DLPFC', -0.0023773373879578375)	('L_IFGorb', 0.002190984927698378)	('T1', -0.001749318367435884)	('L_SMA', 0.00111161528800323)	('rDLPFC_to_lPTL_T1', 0.0008429342566438073)	('lIFG_to_lPTL_T1', -0.0005584231065337096)	('L_PTL_T1', 0.0003919544214134447)	
