predictors	pearson_correlation	mean_squared_error	r2	
rois + act_t1 + conn_t1 + age + T1	0.2513546567993284	0.05638307094447559	0.06088820887939572	('lDLPFC_to_lIFG_T1', 0.014337649737108474)	('L_DLPFC', 0.013921964338315967)	('rIFG_to_lIFG_T1', 0.007033699015080931)	('lIFG_to_lPTL_T1', 0.006855097849088392)	('lSMA_to_lIFG_T1', 0.0062117859104794445)	('L_SMA_T1', 0.00561082087699819)	('L_DLPFC_T1', 0.005604777076361865)	('R_DLPFC_T1', -0.005236324761461296)	('T1', 0.005141092127319641)	('rDLPFC_to_lIFG_T1', 0.005079328512433592)	('lPTL_to_lIFG_T1', -0.0035181464453323966)	('R_IFGorb_T1', 0.0023365420951489873)	('L_PTL', -0.0021960366191543517)	('lSMA_to_lPTL_T1', 0.0018581029044367572)	('L_IFGorb_T1', 0.001167347998816421)	('L_SMA', 0.0011145476834487729)	('L_PTL_T1', 0.0006786160548327946)	('lDLPFC_to_lPTL_T1', 0.0005232464743451596)	('rDLPFC_to_lPTL_T1', -0.00039472103970298374)	('L_IFGorb', -0.0003466973034580488)	('Age', 8.363664444470982e-05)	
