predictors	pearson_correlation	mean_squared_error	r2	
rois + act_t1 + conn_t1 + age + T1	-0.04807711786234988	0.061560512447940106	-0.025346830863807845	('T1', 0.009648889771454106)	('L_SMA_T1', 0.006686259001226754)	('rDLPFC_to_lIFG_T1', -0.006266301950615784)	('L_SMA', 0.0056422714509952)	('lIFG_to_lPTL_T1', -0.004151218000938899)	('R_IFGorb_T1', -0.003541901895763855)	('R_DLPFC_T1', 0.0032766896932545355)	('rDLPFC_to_lPTL_T1', 0.003157161214904326)	('lPTL_to_lIFG_T1', -0.002879510212141592)	('L_PTL', 0.0027275990095079884)	('Age', 0.002627270895856667)	('L_DLPFC', -0.002418350500298257)	('rIFG_to_lIFG_T1', 0.0018800173642299475)	('lDLPFC_to_lPTL_T1', 0.001793510968966984)	('lSMA_to_lPTL_T1', 0.0017145593084365361)	('lSMA_to_lIFG_T1', -0.0011546943378238494)	('L_DLPFC_T1', 0.000757384282137589)	('L_PTL_T1', -0.000399584318853012)	('L_IFGorb', -0.0003325578361507737)	('L_IFGorb_T1', -0.00021437212599938362)	('lDLPFC_to_lIFG_T1', -5.2000485539220155e-05)	
