predictors	pearson_correlation	mean_squared_error	r2	
rois + act_t1 + conn_t1 + age + T1	-0.22532067749833634	0.06695316931059521	-0.11516647992432172	('lSMA_to_lIFG_T1', 0.01148768469211921)	('rDLPFC_to_lIFG_T1', 0.011213622519920124)	('rIFG_to_lIFG_T1', 0.010728972823394745)	('R_DLPFC_T1', 0.009901863741404534)	('L_SMA_T1', -0.009526315484435628)	('lDLPFC_to_lIFG_T1', 0.007052014308142652)	('L_IFGorb', 0.0050913493750037635)	('L_DLPFC', 0.004929441701834315)	('L_SMA', 0.0045097698259636936)	('T1', 0.004480595358859278)	('lIFG_to_lPTL_T1', -0.003495487098943893)	('L_IFGorb_T1', 0.003478987493561034)	('R_IFGorb_T1', 0.0027455367715071366)	('lPTL_to_lIFG_T1', -0.00255839366039591)	('L_PTL', 0.0022893131134803326)	('L_PTL_T1', 0.0017882263896887942)	('L_DLPFC_T1', -0.0009120526576327081)	('lSMA_to_lPTL_T1', -0.0009025159681380258)	('lDLPFC_to_lPTL_T1', 0.00040793769669683047)	('rDLPFC_to_lPTL_T1', -0.00027121312727217096)	('Age', 6.693828666034599e-05)	
