predictors	pearson_correlation	mean_squared_error	r2	
rois + act_t1 + conn_t1 + age + T1	-0.022224655121237637	0.0616857271583063	-0.027432396778485302	('L_DLPFC_T1', 0.011535010064581016)	('rDLPFC_to_lPTL_T1', 0.008223513084656707)	('rDLPFC_to_lIFG_T1', 0.004654016675010606)	('L_SMA', -0.003567275994315928)	('L_IFGorb_T1', 0.0034149840418373307)	('L_SMA_T1', 0.0028653381278629037)	('L_PTL_T1', -0.002477576745983673)	('L_DLPFC', 0.00242630835526967)	('L_IFGorb', -0.002410838785942983)	('lDLPFC_to_lIFG_T1', -0.002025541977474784)	('L_PTL', -0.0017653518967686319)	('lSMA_to_lIFG_T1', -0.0016630891502097248)	('R_DLPFC_T1', -0.0013780021107761187)	('T1', 0.001345217656963626)	('R_IFGorb_T1', 0.0012732262289190238)	('Age', 0.0012154044159125336)	('lPTL_to_lIFG_T1', 0.0011421262895530456)	('lSMA_to_lPTL_T1', 0.0007031446221624989)	('lDLPFC_to_lPTL_T1', 0.0003499450604917351)	('rIFG_to_lIFG_T1', -0.00027074039759207596)	('lIFG_to_lPTL_T1', 0.00022395294677352847)	
