predictors	pearson_correlation	mean_squared_error	r2	
rois + act_t1 + conn_t1 + age + T1	0.11023722723923243	0.06119137741429048	-0.019198548111393654	('lSMA_to_lIFG_T1', 0.019264278528317032)	('rDLPFC_to_lIFG_T1', 0.010554072063720705)	('R_IFGorb_T1', 0.01018651958737713)	('lIFG_to_lPTL_T1', 0.009498637936389828)	('L_PTL_T1', 0.006837730964117291)	('R_DLPFC_T1', 0.0050051196368156815)	('rIFG_to_lIFG_T1', 0.00447369777117838)	('L_SMA_T1', -0.0041103354166670495)	('lDLPFC_to_lPTL_T1', 0.0040840345696946155)	('lPTL_to_lIFG_T1', 0.003473416831095464)	('lDLPFC_to_lIFG_T1', -0.0034016846699269055)	('T1', 0.0021358878211360775)	('L_IFGorb_T1', 0.0019895351421125576)	('L_PTL', -0.001922655096220441)	('lSMA_to_lPTL_T1', -0.0019159702478275145)	('L_DLPFC', 0.0017469617826457616)	('L_SMA', 0.0015185080121614385)	('rDLPFC_to_lPTL_T1', 0.001164257277239867)	('L_IFGorb', 0.0011408701367346939)	('L_DLPFC_T1', 0.0010169251139262791)	('Age', -0.00018091502403885337)	
