predictors	pearson_correlation	mean_squared_error	r2	
rois + act_t1 + conn_t1 + age + T1	-0.17239404763048144	0.06284173290856376	-0.046686733452326434	('L_PTL', 0.009674037048329755)	('lDLPFC_to_lIFG_T1', 0.008369973308751106)	('R_DLPFC_T1', 0.007137535100693825)	('lDLPFC_to_lPTL_T1', -0.006310035559738032)	('lSMA_to_lIFG_T1', 0.005456116277727112)	('Age', 0.0049917298503800375)	('T1', 0.004988351622611641)	('rIFG_to_lIFG_T1', 0.0042435348845734)	('rDLPFC_to_lIFG_T1', 0.003403248587109897)	('L_IFGorb', 0.00208536772046756)	('L_IFGorb_T1', 0.002014179666023465)	('L_DLPFC', -0.0019757958109125366)	('lPTL_to_lIFG_T1', 0.0019019197155655952)	('R_IFGorb_T1', -0.001263673752433679)	('lSMA_to_lPTL_T1', 0.0007935824229035629)	('L_SMA_T1', 0.0007906192118033846)	('rDLPFC_to_lPTL_T1', -0.0005882610481371639)	('L_DLPFC_T1', 0.00046912665090486044)	('L_PTL_T1', -0.00024731190935724554)	('L_SMA', -0.00011628482114931854)	('lIFG_to_lPTL_T1', -3.198585305298119e-05)	
