predictors	pearson_correlation	mean_squared_error	r2	
rois + act_t1 + conn_t1 + age + T1	0.19086229439474267	0.061255369424143766	-0.02026439376300626	('rIFG_to_lIFG_T1', 0.018875127132143496)	('R_DLPFC_T1', 0.013742424829593343)	('L_IFGorb', 0.01269668504236053)	('L_SMA', 0.011630421787372745)	('rDLPFC_to_lPTL_T1', 0.011622315077131302)	('lDLPFC_to_lPTL_T1', 0.009274672996260197)	('lSMA_to_lPTL_T1', 0.008495780902935277)	('L_SMA_T1', 0.00822223147975787)	('R_IFGorb_T1', 0.007656147897596198)	('L_DLPFC', 0.007135920559029147)	('lSMA_to_lIFG_T1', -0.006813458235495847)	('lPTL_to_lIFG_T1', 0.006396555651031911)	('L_DLPFC_T1', -0.005955262257910753)	('L_PTL_T1', -0.004712064580473173)	('L_IFGorb_T1', 0.004335495740285851)	('L_PTL', 0.0040708665404569615)	('lIFG_to_lPTL_T1', 0.003721704203242811)	('T1', -0.0023644622156962594)	('lDLPFC_to_lIFG_T1', -0.0021890376347928047)	('Age', 0.0014872012943449762)	('rDLPFC_to_lIFG_T1', -0.00053418030954278)	
