predictors	pearson_correlation	mean_squared_error	r2	
rois + act_t1 + conn_t1 + age + T1	-0.10731413998041937	0.06361118168349135	-0.05950260894639814	('R_DLPFC_T1', 0.011862688204085871)	('rDLPFC_to_lIFG_T1', 0.008873543811784436)	('lSMA_to_lIFG_T1', 0.00848560709157691)	('L_IFGorb', -0.00831265749292123)	('L_DLPFC', 0.007217189028630476)	('lIFG_to_lPTL_T1', 0.0070003573239834005)	('L_SMA_T1', -0.005076100958205009)	('L_SMA', 0.004811741201526179)	('lDLPFC_to_lPTL_T1', -0.003288433992308041)	('R_IFGorb_T1', -0.0028647900219357972)	('T1', 0.0023780960888911897)	('L_IFGorb_T1', 0.002085611553391673)	('lSMA_to_lPTL_T1', -0.0019869941843242843)	('Age', 0.001653476610500088)	('L_DLPFC_T1', -0.0015209133330084485)	('lDLPFC_to_lIFG_T1', -0.0012550452286994604)	('L_PTL_T1', 0.0010176931240664798)	('L_PTL', 0.0010048842040689399)	('lPTL_to_lIFG_T1', 0.00048815579470808384)	('rIFG_to_lIFG_T1', 0.00021974422077045174)	('rDLPFC_to_lPTL_T1', -9.416055940726778e-05)	
