predictors	pearson_correlation	mean_squared_error	r2	
rois + act_t1 + conn_t1 + age + T1	0.388028895057326	0.05115565340621013	0.14795564534680805	('L_IFGorb', 0.022848466050008103)	('L_PTL', 0.021668958073231003)	('lDLPFC_to_lPTL_T1', 0.02040471790786398)	('rDLPFC_to_lIFG_T1', 0.014936731751411712)	('R_IFGorb_T1', 0.014336944276251963)	('Age', 0.011116438315195482)	('L_IFGorb_T1', -0.010220908277145401)	('L_PTL_T1', -0.00786902592012275)	('R_DLPFC_T1', 0.007412753576952878)	('lSMA_to_lIFG_T1', -0.005951901643975669)	('L_SMA', 0.005895680194977664)	('rDLPFC_to_lPTL_T1', 0.005451569254647865)	('lDLPFC_to_lIFG_T1', 0.005105552686562545)	('L_DLPFC_T1', -0.004350641363854727)	('L_DLPFC', 0.004227336050711927)	('lPTL_to_lIFG_T1', 0.0037868278230443943)	('rIFG_to_lIFG_T1', -0.002979275908151183)	('lIFG_to_lPTL_T1', 0.002760708562999312)	('L_SMA_T1', 0.0024049124654943743)	('T1', -0.0021680677425819747)	('lSMA_to_lPTL_T1', -0.0004693103387806)	
