predictors	pearson_correlation	mean_squared_error	r2	
rois + act_t1 + conn_t1 + age + T1	-0.048012554481830706	0.0627360438236316	-0.04492638474854127	('L_SMA_T1', 0.010924825633476416)	('R_DLPFC_T1', 0.008582786474247194)	('T1', 0.006448483041234721)	('rDLPFC_to_lIFG_T1', -0.005771449192954357)	('lDLPFC_to_lIFG_T1', 0.005718503250821207)	('rIFG_to_lIFG_T1', 0.00529270683326559)	('L_IFGorb', 0.004667451853365519)	('rDLPFC_to_lPTL_T1', 0.004570970507131319)	('L_PTL', -0.004343225350348381)	('Age', -0.003973356195623129)	('lPTL_to_lIFG_T1', -0.0037132115444093437)	('L_IFGorb_T1', 0.003299841518662573)	('R_IFGorb_T1', 0.003029036697087141)	('L_DLPFC', 0.0012111307046334065)	('L_SMA', -0.0011892522556549946)	('lSMA_to_lPTL_T1', -0.0011242538009116944)	('lSMA_to_lIFG_T1', -0.0011020162597009551)	('lIFG_to_lPTL_T1', 0.0010725292660393013)	('lDLPFC_to_lPTL_T1', 0.00045392628271833367)	('L_DLPFC_T1', 0.0003867730199341253)	('L_PTL_T1', 0.00021464507249860276)	
