predictors	pearson_correlation	mean_squared_error	r2	
rois + act_t1 + conn_t1 + age + T1	-0.038847149156866316	0.06158964264174753	-0.02583202097537729	('rIFG_to_lIFG_T1', 0.019282538870425102)	('lDLPFC_to_lIFG_T1', 0.01376984607529533)	('L_PTL', -0.009422585215097918)	('L_SMA', 0.00829886986786715)	('L_IFGorb_T1', -0.006809195536236176)	('L_SMA_T1', 0.006123696706744283)	('lIFG_to_lPTL_T1', -0.005666151659958316)	('R_DLPFC_T1', 0.005111365617758244)	('rDLPFC_to_lIFG_T1', 0.004349401359815065)	('L_IFGorb', 0.004014035413217701)	('L_DLPFC', -0.0038965463772628775)	('L_PTL_T1', 0.0038427057058629892)	('R_IFGorb_T1', 0.003427180380760729)	('Age', 0.0031604998370687886)	('L_DLPFC_T1', -0.003066245525028049)	('rDLPFC_to_lPTL_T1', 0.002338263259006456)	('lSMA_to_lPTL_T1', 0.002331786553583097)	('lPTL_to_lIFG_T1', 0.0013778598450958069)	('T1', 0.001238127181485849)	('lDLPFC_to_lPTL_T1', -0.000796090108513482)	('lSMA_to_lIFG_T1', 0.00019554545303377452)	
