predictors	pearson_correlation	mean_squared_error	r2	
rois + act_t1 + conn_t1 + age + T1	0.026470960659415045	0.06016085736783036	-0.00203429099652519	('rDLPFC_to_lPTL_T1', 0.012377653313127828)	('L_PTL', 0.011033893362310889)	('lIFG_to_lPTL_T1', 0.007192347465819333)	('R_DLPFC_T1', 0.006483163316728013)	('lPTL_to_lIFG_T1', 0.006412678353312211)	('lDLPFC_to_lIFG_T1', 0.0058178461619506645)	('L_SMA_T1', 0.005542521600597864)	('L_IFGorb', 0.004922584437253177)	('lDLPFC_to_lPTL_T1', 0.004774458988144489)	('lSMA_to_lIFG_T1', 0.004742030331676954)	('L_SMA', 0.003957137969360437)	('L_IFGorb_T1', -0.002770468172093627)	('lSMA_to_lPTL_T1', -0.002769819623408616)	('L_PTL_T1', 0.0026953720782680783)	('L_DLPFC_T1', 0.0016038848285818068)	('T1', 0.001384086490655538)	('Age', -0.0004585530462758799)	('rDLPFC_to_lIFG_T1', -0.0004464991236478304)	('R_IFGorb_T1', 0.00039874362268341244)	('rIFG_to_lIFG_T1', -0.0002883538815134517)	('L_DLPFC', 0.00023726550977006312)	
