predictors	pearson_correlation	mean_squared_error	r2	
rois + act_t1 + conn_t1 + age + T1	0.18733469788539317	0.05868424886337221	0.022559978775889222	('lIFG_to_lPTL_T1', -0.013783840208663075)	('lSMA_to_lPTL_T1', 0.012972568401039563)	('Age', 0.012522377434151855)	('L_DLPFC_T1', 0.010602928561330369)	('lPTL_to_lIFG_T1', 0.010280558111462538)	('rDLPFC_to_lPTL_T1', 0.01011375213647869)	('L_IFGorb', 0.010108759803583485)	('R_IFGorb_T1', -0.008503561139015873)	('rIFG_to_lIFG_T1', 0.006910028659574588)	('lDLPFC_to_lIFG_T1', 0.006787031038791806)	('L_IFGorb_T1', 0.005026403662040905)	('L_SMA_T1', 0.004852818506427478)	('R_DLPFC_T1', 0.0038952738293363165)	('L_DLPFC', -0.003454500220920785)	('L_SMA', 0.0032631062742550752)	('L_PTL', 0.003085904713016301)	('T1', -0.0029329752049069083)	('L_PTL_T1', -0.00278231833161851)	('rDLPFC_to_lIFG_T1', -0.001811456988266934)	('lDLPFC_to_lPTL_T1', 0.001012698211310339)	('lSMA_to_lIFG_T1', -0.0005869432206302942)	
