predictors	pearson_correlation	mean_squared_error	r2	
rois + act_t1 + conn_t1 + age + T1	0.13944605928797943	0.05933582931175014	0.011707308432020391	('lSMA_to_lIFG_T1', 0.020503780956453943)	('L_PTL_T1', 0.01769630008519854)	('R_DLPFC_T1', -0.01719443580243777)	('L_PTL', 0.013552781718506617)	('rDLPFC_to_lIFG_T1', 0.011015242343045926)	('Age', 0.01100063879783186)	('L_IFGorb_T1', 0.009237632442580539)	('rDLPFC_to_lPTL_T1', 0.007965311990345982)	('L_DLPFC', 0.00786788024315779)	('lSMA_to_lPTL_T1', -0.00530941671168606)	('lDLPFC_to_lPTL_T1', -0.00510596252685845)	('lDLPFC_to_lIFG_T1', 0.004826130658759122)	('L_SMA_T1', 0.003984550883274459)	('L_SMA', -0.003518441721445423)	('R_IFGorb_T1', 0.003343935313494213)	('lIFG_to_lPTL_T1', 0.0012651336270662235)	('lPTL_to_lIFG_T1', -0.0007949108782813708)	('L_IFGorb', 0.0006930070224330717)	('L_DLPFC_T1', 0.0004802505214037894)	('T1', -0.00011116446924381672)	('rIFG_to_lIFG_T1', -5.2037415868092875e-05)	
