predictors	pearson_correlation	mean_squared_error	r2	
rois + act_t1 + conn_t1 + age + T1	0.1317832952637042	0.059093056689611005	0.015750909253916867	('L_DLPFC_T1', 0.017574477588822062)	('rDLPFC_to_lPTL_T1', 0.012464291278432545)	('L_SMA_T1', -0.009418849885577394)	('Age', 0.007556526805275098)	('R_DLPFC_T1', 0.006304710768221147)	('lDLPFC_to_lIFG_T1', 0.006107749914894706)	('rDLPFC_to_lIFG_T1', 0.005896110562805271)	('L_IFGorb_T1', 0.005188616698716361)	('rIFG_to_lIFG_T1', 0.005030178681328929)	('L_SMA', -0.004115902980681866)	('T1', 0.003967552722254021)	('L_PTL', 0.003497613727879891)	('lSMA_to_lIFG_T1', 0.0024652706173546976)	('lSMA_to_lPTL_T1', 0.0021583926867236427)	('L_IFGorb', 0.001792354543213085)	('lIFG_to_lPTL_T1', 0.0015916403426646211)	('L_PTL_T1', 0.0015307889894793255)	('lPTL_to_lIFG_T1', -0.0008030487452253814)	('R_IFGorb_T1', 0.00033322501084917435)	('L_DLPFC', -0.0001964389890340909)	('lDLPFC_to_lPTL_T1', 0.0001554516024467712)	
