predictors	pearson_correlation	mean_squared_error	r2	
rois + act_t1 + conn_t1 + age + T1	0.08143838957218216	0.06011486728554883	-0.001268283969562578	('L_PTL', 0.013484305789268817)	('lDLPFC_to_lIFG_T1', 0.010595667015967885)	('R_DLPFC_T1', 0.010512897946001527)	('L_SMA_T1', -0.009688330324225145)	('L_SMA', 0.00817909899498113)	('L_IFGorb_T1', 0.004435129048746667)	('L_PTL_T1', 0.004183916567481967)	('R_IFGorb_T1', 0.00396817257712168)	('L_DLPFC', 0.0030131368090349515)	('T1', 0.002876928012019517)	('L_IFGorb', 0.0023301959184479763)	('Age', 0.002251917858168977)	('lSMA_to_lPTL_T1', -0.002004198414630266)	('lIFG_to_lPTL_T1', -0.001945642542441597)	('rDLPFC_to_lPTL_T1', 0.0015574033927329995)	('lPTL_to_lIFG_T1', 0.0015529262416512767)	('rIFG_to_lIFG_T1', -0.0010762394665070993)	('rDLPFC_to_lIFG_T1', -0.0004884935142628181)	('lSMA_to_lIFG_T1', -0.00032631351295000696)	('L_DLPFC_T1', 0.0001486177696968387)	('lDLPFC_to_lPTL_T1', 4.522013278273564e-05)	
