predictors	pearson_correlation	mean_squared_error	r2	
rois + act_t1 + conn_t1 + age + T1	0.08309167395516907	0.06139111253701624	-0.02252531988367612	('R_IFGorb_T1', 0.02056443361949023)	('L_SMA_T1', 0.01938623965590229)	('lIFG_to_lPTL_T1', 0.014136132183107018)	('L_DLPFC_T1', -0.013911354231045968)	('L_SMA', 0.012348398534026462)	('L_IFGorb', 0.012128164999951677)	('rIFG_to_lIFG_T1', 0.011004860333432382)	('R_DLPFC_T1', -0.010915402062561341)	('lSMA_to_lPTL_T1', -0.010804612740351613)	('rDLPFC_to_lPTL_T1', -0.010401854905670485)	('rDLPFC_to_lIFG_T1', 0.010198144445269177)	('lSMA_to_lIFG_T1', -0.009443449621666869)	('lPTL_to_lIFG_T1', 0.009433547653461636)	('L_DLPFC', 0.008731359709540112)	('lDLPFC_to_lIFG_T1', 0.008141472137751009)	('T1', 0.007547968814356349)	('Age', 0.006792960668234292)	('L_PTL_T1', 0.006215726680502106)	('L_IFGorb_T1', 0.005980279942826441)	('L_PTL', -0.0025835884423179955)	('lDLPFC_to_lPTL_T1', -0.001046124197354503)	
