predictors	pearson_correlation	mean_squared_error	r2	
rois + act_t1 + conn_t1 + age + T1	0.21060720713597256	0.05763695210339919	0.04000366745083961	('R_DLPFC_T1', 0.014634405399681777)	('R_IFGorb_T1', 0.012355957583322644)	('rIFG_to_lIFG_T1', 0.011504470456771302)	('lIFG_to_lPTL_T1', 0.010977148923117578)	('T1', -0.009037450490858514)	('lDLPFC_to_lPTL_T1', 0.008683779563129886)	('Age', 0.008117655060930245)	('lDLPFC_to_lIFG_T1', 0.006946430604064796)	('L_PTL', 0.006714933414164081)	('rDLPFC_to_lPTL_T1', 0.006040830065728337)	('L_SMA', -0.005887948452395189)	('L_DLPFC_T1', 0.005264052354244858)	('L_IFGorb_T1', 0.004287817079299601)	('rDLPFC_to_lIFG_T1', 0.003072130753322712)	('L_PTL_T1', -0.0029566295539700258)	('L_IFGorb', 0.0027186586296905173)	('lPTL_to_lIFG_T1', -0.0023410106062911927)	('L_DLPFC', -0.0021869734840991393)	('lSMA_to_lIFG_T1', 0.00166473896275089)	('L_SMA_T1', -0.0005927330676740761)	('lSMA_to_lPTL_T1', -0.0005804529544015318)	
