predictors	pearson_correlation	mean_squared_error	r2	
rois + act_t1 + conn_t1 + age + T1	0.10840551543327744	0.060115144098028934	-0.0012728945354585353	('lIFG_to_lPTL_T1', -0.012968307686332383)	('R_DLPFC_T1', 0.01240095821510496)	('L_SMA_T1', 0.008713805644899038)	('lPTL_to_lIFG_T1', 0.008709296193572708)	('L_SMA', 0.008037559555837457)	('Age', -0.007884507202718901)	('lSMA_to_lPTL_T1', -0.0069526480408547316)	('L_PTL_T1', -0.005609042580413185)	('R_IFGorb_T1', 0.005567730040288184)	('L_PTL', 0.0055023279557120846)	('lSMA_to_lIFG_T1', 0.00505549341172067)	('lDLPFC_to_lIFG_T1', -0.004842744262755431)	('rDLPFC_to_lIFG_T1', 0.0047161355577507984)	('rDLPFC_to_lPTL_T1', 0.004658379183548346)	('rIFG_to_lIFG_T1', -0.0028562645651883977)	('L_IFGorb_T1', -0.0028506629398744963)	('L_DLPFC_T1', 0.0026603307797987766)	('L_IFGorb', 0.002486466313698909)	('T1', 0.0023716675824567253)	('lDLPFC_to_lPTL_T1', -0.0008640952507875919)	('L_DLPFC', 0.00027532555080807974)	
