predictors	pearson_correlation	mean_squared_error	r2	
rois + act_t1 + conn_t1 + age + T1	0.35914362038542774	0.05375245317340813	0.1047035620582546	('rDLPFC_to_lPTL_T1', 0.014138349796981114)	('L_DLPFC_T1', 0.011674333813394592)	('L_SMA', 0.010451347672273082)	('R_DLPFC_T1', 0.00922428523282468)	('L_DLPFC', 0.008085149364152607)	('R_IFGorb_T1', 0.007886166616302212)	('L_SMA_T1', 0.007209228363728559)	('L_IFGorb_T1', 0.0060436403034112495)	('L_PTL_T1', -0.005344645023943919)	('L_PTL', 0.005308285493556501)	('rDLPFC_to_lIFG_T1', 0.003935228144187427)	('lIFG_to_lPTL_T1', 0.0036229530500079855)	('Age', -0.0035692558081698795)	('lPTL_to_lIFG_T1', 0.003480396311850782)	('rIFG_to_lIFG_T1', 0.003033763252985787)	('lDLPFC_to_lPTL_T1', -0.0028810553027557076)	('lSMA_to_lIFG_T1', -0.0026955819830205108)	('lDLPFC_to_lIFG_T1', 0.0023859116850695494)	('T1', -0.0023582766262946527)	('L_IFGorb', -0.001070614214718806)	('lSMA_to_lPTL_T1', 0.0002715819439015972)	
