predictors	pearson_correlation	mean_squared_error	r2	
rois + act_t1 + conn_t1 + age + T1	-0.11730321377157772	0.06683248433924803	-0.11315636097009163	('lSMA_to_lPTL_T1', 0.01495036580724912)	('R_DLPFC_T1', -0.012846294879687893)	('rIFG_to_lIFG_T1', 0.012490670462106878)	('L_IFGorb_T1', 0.01103707796502396)	('L_DLPFC_T1', 0.008422217519490505)	('Age', 0.008386221763077666)	('L_PTL_T1', 0.008378348257118586)	('rDLPFC_to_lPTL_T1', -0.007711363823315606)	('lPTL_to_lIFG_T1', 0.005254435486342991)	('R_IFGorb_T1', -0.004752305968148415)	('lSMA_to_lIFG_T1', 0.003104764139433815)	('lDLPFC_to_lPTL_T1', -0.0029712745655784225)	('T1', 0.0029227576639799286)	('rDLPFC_to_lIFG_T1', -0.0024749729679425813)	('L_SMA', -0.002421831712120662)	('L_IFGorb', -0.0021953067652377323)	('lDLPFC_to_lIFG_T1', 0.0018036291182450192)	('L_SMA_T1', 0.0016367703390863459)	('lIFG_to_lPTL_T1', 0.0008641744476190239)	('L_DLPFC', 0.0007859654324788572)	('L_PTL', 0.0004464891199675309)	
