predictors	pearson_correlation	mean_squared_error	r2	
rois + act_t1 + conn_t1 + age + T1	0.005856255020658835	0.061467938654781167	-0.023804929380826678	('rDLPFC_to_lIFG_T1', 0.010066544963486546)	('L_SMA_T1', -0.009741605386834721)	('lPTL_to_lIFG_T1', 0.007772780226851124)	('lIFG_to_lPTL_T1', 0.006576928614833424)	('lDLPFC_to_lPTL_T1', 0.004318800289043615)	('L_IFGorb', -0.004009379445213313)	('L_DLPFC', 0.003898170187300831)	('rDLPFC_to_lPTL_T1', -0.0031165948411454253)	('lDLPFC_to_lIFG_T1', 0.002589383254907789)	('lSMA_to_lIFG_T1', 0.0025663783649838654)	('Age', 0.0019095960293101938)	('R_DLPFC_T1', -0.0018643368174732686)	('L_PTL', 0.00169722575321087)	('R_IFGorb_T1', 0.0014084442816411189)	('L_PTL_T1', -0.0013702536397452783)	('L_SMA', 0.0013651781188214408)	('L_IFGorb_T1', -0.0010265755857059343)	('L_DLPFC_T1', 0.000559501096557798)	('rIFG_to_lIFG_T1', 0.000346120429610219)	('T1', -0.0003029264485072247)	('lSMA_to_lPTL_T1', 1.5901770212823474e-05)	
