predictors	pearson_correlation	mean_squared_error	r2	
rois + act_t1 + conn_t1 + age + T1	-0.3112778421763373	0.06752780210423814	-0.12473751646126519	('L_PTL_T1', -0.00994563717152045)	('L_SMA_T1', 0.009110189533595776)	('T1', 0.00775929750511789)	('Age', 0.006656235273164975)	('L_PTL', 0.005721707821288781)	('rDLPFC_to_lIFG_T1', 0.005014226041133714)	('R_DLPFC_T1', -0.00497820331761026)	('lDLPFC_to_lPTL_T1', 0.004468300916337673)	('L_DLPFC', 0.004211187065731148)	('lSMA_to_lPTL_T1', -0.004072113338155622)	('L_DLPFC_T1', -0.0032120135311420267)	('rDLPFC_to_lPTL_T1', 0.0029382087771158195)	('rIFG_to_lIFG_T1', -0.0029306888845447047)	('lPTL_to_lIFG_T1', 0.0028645764014619147)	('lSMA_to_lIFG_T1', 0.0025686282097259713)	('R_IFGorb_T1', 0.001617103888648734)	('L_IFGorb_T1', 0.0015865886279151954)	('L_SMA', -0.0002746641369053593)	('lDLPFC_to_lIFG_T1', -0.0001861925141669487)	('L_IFGorb', 6.750935349602613e-05)	('lIFG_to_lPTL_T1', -3.918884193732267e-05)	
