predictors	pearson_correlation	mean_squared_error	r2	
rois + act_t1 + conn_t1 + age + T1	0.027797089858142957	0.0603791118552896	-0.005669519784254673	('lSMA_to_lIFG_T1', 0.009919609566758341)	('lDLPFC_to_lIFG_T1', 0.007286770999904561)	('R_DLPFC_T1', 0.006778028784816688)	('lPTL_to_lIFG_T1', -0.006440155476794868)	('rIFG_to_lIFG_T1', 0.006197711746228473)	('L_DLPFC', -0.005407224505399356)	('L_PTL', 0.004470493621174957)	('L_SMA_T1', 0.0043661559635359845)	('lIFG_to_lPTL_T1', 0.002605050401262107)	('Age', 0.002511858700833777)	('rDLPFC_to_lPTL_T1', -0.002507204453089637)	('L_DLPFC_T1', -0.0024178226552824048)	('L_PTL_T1', 0.0022464730755520686)	('T1', -0.0019050118930423918)	('rDLPFC_to_lIFG_T1', 0.0017827741459773264)	('R_IFGorb_T1', 0.001653063582931951)	('L_SMA', -0.0014207024874814782)	('lSMA_to_lPTL_T1', -0.0013962309245845958)	('L_IFGorb_T1', 0.001373720798618934)	('L_IFGorb', -0.0007780304393233714)	('lDLPFC_to_lPTL_T1', -0.0007381142634909502)	
