predictors	pearson_correlation	mean_squared_error	r2	
rois + act_t1 + conn_t1 + age + T1	-0.007349109694832759	0.061324290428514894	-0.021412336341808613	('lDLPFC_to_lPTL_T1', -0.012100422926754157)	('rDLPFC_to_lPTL_T1', 0.010795551698111281)	('lSMA_to_lPTL_T1', 0.010409851395285788)	('R_DLPFC_T1', 0.009848100129659237)	('R_IFGorb_T1', 0.009642013462679979)	('L_IFGorb', 0.006850898597320837)	('lIFG_to_lPTL_T1', 0.005366257585003167)	('L_PTL', 0.0053365869334760395)	('rDLPFC_to_lIFG_T1', 0.004907259529240119)	('lSMA_to_lIFG_T1', -0.004436574614025565)	('L_DLPFC_T1', 0.003826322098429324)	('L_DLPFC', 0.0036713402240185393)	('lDLPFC_to_lIFG_T1', -0.003478306625196541)	('L_SMA_T1', 0.0034132056042526357)	('Age', 0.0030441855079998206)	('lPTL_to_lIFG_T1', -0.0030113731954433147)	('T1', -0.002748486306437699)	('L_IFGorb_T1', 0.0026175688914116145)	('L_PTL_T1', 0.002291001527971714)	('L_SMA', 0.0005855026001283915)	('rIFG_to_lIFG_T1', 0.00018456141216806432)	
