predictors	pearson_correlation	mean_squared_error	r2	
rois + act_t1 + conn_t1 + age + T1	-0.10600988536069796	0.06564762767574658	-0.09342148585876964	('L_DLPFC', 0.020477253542527676)	('L_SMA', -0.011353601157096415)	('lSMA_to_lPTL_T1', 0.009253652007900511)	('L_IFGorb_T1', 0.007737133160566918)	('lIFG_to_lPTL_T1', 0.007409511554776101)	('lPTL_to_lIFG_T1', -0.0070553312553133)	('lSMA_to_lIFG_T1', 0.006938034758498029)	('L_IFGorb', -0.006463552278883441)	('L_PTL_T1', 0.006277301534600883)	('Age', 0.005711394337384979)	('T1', 0.005316591913776007)	('L_SMA_T1', -0.004718397507870995)	('rDLPFC_to_lPTL_T1', 0.004140352833623056)	('L_PTL', -0.003934206704195584)	('rIFG_to_lIFG_T1', -0.003819981348187234)	('lDLPFC_to_lIFG_T1', -0.00345109022887629)	('R_IFGorb_T1', 0.0020511177139230278)	('R_DLPFC_T1', 0.0017928429326802143)	('lDLPFC_to_lPTL_T1', 0.0009834445168835802)	('L_DLPFC_T1', -0.0009725736721156263)	('rDLPFC_to_lIFG_T1', -0.0006473487358848777)	
