predictors	pearson_correlation	mean_squared_error	r2	
rois + act_t1 + conn_t1 + age + T1	0.2870702592277045	0.05750344539939815	0.042227344129332156	('lSMA_to_lPTL_T1', 0.00855508424107307)	('T1', -0.00802413268090042)	('rDLPFC_to_lPTL_T1', 0.007567050009967967)	('lDLPFC_to_lPTL_T1', 0.0069348411541265125)	('L_SMA', 0.006468538911668714)	('L_SMA_T1', 0.005859841826431885)	('L_DLPFC', -0.005526221849813065)	('L_PTL', 0.005285421731883098)	('L_IFGorb_T1', -0.004422857903435882)	('lIFG_to_lPTL_T1', -0.004286728592613668)	('lPTL_to_lIFG_T1', -0.004205184702639804)	('L_DLPFC_T1', 0.00416119080068561)	('rIFG_to_lIFG_T1', 0.00307400905474146)	('lSMA_to_lIFG_T1', 0.0022050770880935656)	('rDLPFC_to_lIFG_T1', 0.0016510293129694414)	('L_PTL_T1', 0.0013903965534227015)	('R_DLPFC_T1', -0.0013449516557434197)	('lDLPFC_to_lIFG_T1', -0.0012541313577973346)	('L_IFGorb', 0.0009471436470207646)	('R_IFGorb_T1', 0.00037561724947993044)	('Age', -7.416358313968853e-05)	
