predictors	pearson_correlation	mean_squared_error	r2	
rois + act_t1 + conn_t1 + age + T1	0.4459673261506782	0.05230457195861072	0.12881935245742038	('rDLPFC_to_lPTL_T1', 0.01722219337915927)	('rIFG_to_lIFG_T1', 0.012881880464660959)	('L_DLPFC', 0.01028077493249929)	('R_DLPFC_T1', -0.009348930008750249)	('R_IFGorb_T1', 0.009002626544182888)	('L_PTL', -0.008792159253075216)	('lPTL_to_lIFG_T1', -0.0083783006847298)	('L_SMA', -0.007039499575204715)	('lDLPFC_to_lIFG_T1', 0.006582269996976072)	('T1', -0.00647317587642592)	('Age', 0.0063445893939016625)	('L_SMA_T1', -0.006258183288812452)	('lSMA_to_lPTL_T1', -0.005829638320042361)	('lDLPFC_to_lPTL_T1', 0.005531209877239618)	('L_DLPFC_T1', 0.005524692189978043)	('rDLPFC_to_lIFG_T1', 0.0043643659908696435)	('lIFG_to_lPTL_T1', 0.004272517624320992)	('L_IFGorb_T1', -0.003732727437963449)	('lSMA_to_lIFG_T1', 0.0029291720891874875)	('L_PTL_T1', 0.00286489466181219)	('L_IFGorb', -0.0020052849936033675)	
