predictors	pearson_correlation	mean_squared_error	r2	
rois + act_t1 + conn_t1 + age + T1	-0.035040983282128624	0.06287709365707496	-0.0472756991704657	('Age', 0.016349652629745432)	('L_SMA_T1', 0.016025146851598598)	('L_SMA', -0.010342545518395157)	('R_DLPFC_T1', 0.008542685625854883)	('rDLPFC_to_lPTL_T1', 0.0063515774865764785)	('lSMA_to_lIFG_T1', 0.0059830004497755)	('L_DLPFC', -0.005486455924779218)	('lDLPFC_to_lIFG_T1', 0.004394504352863769)	('L_DLPFC_T1', 0.004341426443961702)	('L_PTL_T1', 0.0031665244503635333)	('lDLPFC_to_lPTL_T1', 0.003064298675002903)	('T1', 0.0029066695913336333)	('L_IFGorb_T1', -0.002426532873035551)	('L_PTL', 0.0019108877096156197)	('rDLPFC_to_lIFG_T1', -0.0014569503235211635)	('rIFG_to_lIFG_T1', 0.001078729083834607)	('lIFG_to_lPTL_T1', 0.0008255312110939278)	('R_IFGorb_T1', 0.0008033536702619565)	('lPTL_to_lIFG_T1', -0.00048531886501749285)	('lSMA_to_lPTL_T1', -0.0004782176041887249)	('L_IFGorb', -0.0001594323156006161)	
