predictors	pearson_correlation	mean_squared_error	r2	
rois + act_t1 + conn_t1 + age + T1	0.16385888704642512	0.05847745053526871	0.026004394715866574	('lIFG_to_lPTL_T1', 0.011189309080851619)	('R_DLPFC_T1', 0.01114727741014059)	('L_IFGorb', 0.01068029740916474)	('T1', 0.009818265981242144)	('L_IFGorb_T1', 0.008345866927570354)	('lSMA_to_lPTL_T1', -0.006686813161469254)	('lDLPFC_to_lPTL_T1', 0.005921882172731748)	('rDLPFC_to_lIFG_T1', 0.004986753412262708)	('L_PTL_T1', 0.0043021398613813855)	('lDLPFC_to_lIFG_T1', 0.004020525364904194)	('L_DLPFC', 0.0032126400482900565)	('lPTL_to_lIFG_T1', 0.0030986095679393184)	('lSMA_to_lIFG_T1', -0.0025678848520227448)	('R_IFGorb_T1', -0.002080412102318622)	('L_DLPFC_T1', -0.0016261970466785694)	('Age', -0.0010953300970319556)	('rDLPFC_to_lPTL_T1', 0.0007820030252202333)	('L_SMA_T1', -0.0006034440346538456)	('L_PTL', -0.0005890308027509512)	('L_SMA', -0.00010846177328197969)	('rIFG_to_lIFG_T1', 4.822767924060514e-05)	
