predictors	pearson_correlation	mean_squared_error	r2	
rois + act_t1 + conn_t1 + age + T1	0.18778202797635885	0.057983635123080544	0.03422934359599539	('lPTL_to_lIFG_T1', 0.01297651014253631)	('lSMA_to_lIFG_T1', 0.012967992545555343)	('rDLPFC_to_lPTL_T1', 0.012623073542350009)	('lDLPFC_to_lIFG_T1', 0.012490754675353877)	('Age', 0.012143795951418589)	('rDLPFC_to_lIFG_T1', 0.01104108054852242)	('L_PTL', 0.005726493385741412)	('L_IFGorb', 0.005326448957777075)	('L_IFGorb_T1', 0.005080589861982912)	('lDLPFC_to_lPTL_T1', 0.004119096822556605)	('L_DLPFC', 0.003946873872736017)	('lIFG_to_lPTL_T1', 0.003403315304205628)	('L_PTL_T1', 0.0026382290609730775)	('L_SMA', -0.0024117033322209793)	('R_IFGorb_T1', -0.002406616292094855)	('T1', 0.0022566917578962474)	('lSMA_to_lPTL_T1', -0.002019553026256957)	('rIFG_to_lIFG_T1', -0.0018796676238960806)	('L_DLPFC_T1', -0.0010282063871084998)	('R_DLPFC_T1', 0.0007998003950886858)	('L_SMA_T1', -3.729102633524439e-05)	
