predictors	pearson_correlation	mean_squared_error	r2	
rois + act_t1 + conn_t1 + age + T1	-0.04832376615496789	0.06199676025923341	-0.032612938519411605	('rDLPFC_to_lIFG_T1', 0.0186432592744223)	('lSMA_to_lIFG_T1', 0.013370721048180049)	('L_DLPFC_T1', 0.011897472624549326)	('L_PTL_T1', 0.011793987362380905)	('R_IFGorb_T1', 0.010734380041451191)	('T1', -0.008680799598181521)	('rDLPFC_to_lPTL_T1', 0.007999889072200625)	('lDLPFC_to_lIFG_T1', -0.006818755389748066)	('L_PTL', 0.0063990046685530495)	('L_IFGorb', 0.004944209627445308)	('L_IFGorb_T1', 0.00485376887307583)	('Age', 0.004034875142934004)	('lDLPFC_to_lPTL_T1', 0.003863975019142199)	('lSMA_to_lPTL_T1', -0.0035595803646739704)	('R_DLPFC_T1', -0.0033346112665520325)	('rIFG_to_lIFG_T1', 0.0031924330061142534)	('L_DLPFC', -0.0025854525252476616)	('L_SMA', -0.001174462869316561)	('L_SMA_T1', 0.0006685367216161609)	('lPTL_to_lIFG_T1', -0.0005854388036817296)	('lIFG_to_lPTL_T1', 2.7509201601018232e-05)	
