predictors	pearson_correlation	mean_squared_error	r2	
rois + act_t1 + conn_t1 + age + T1	0.26299204860632514	0.056671518351620445	0.056083852596023775	('T1', 0.010739785358544985)	('lSMA_to_lPTL_T1', 0.008449677811926062)	('L_SMA', 0.007465622745283011)	('L_PTL', 0.007057162939185349)	('lDLPFC_to_lIFG_T1', 0.005417151891963785)	('rIFG_to_lIFG_T1', 0.005314697059922893)	('L_PTL_T1', -0.004409098446748298)	('L_IFGorb_T1', -0.00411742226965688)	('rDLPFC_to_lIFG_T1', 0.004036753987846311)	('L_SMA_T1', 0.0027271509577490257)	('Age', 0.002278997049866789)	('rDLPFC_to_lPTL_T1', 0.0019727573586838074)	('L_DLPFC_T1', -0.0013921985698968173)	('lDLPFC_to_lPTL_T1', 0.0012826686437725117)	('lIFG_to_lPTL_T1', 0.0009183830221339944)	('L_IFGorb', -0.0007108611732157498)	('lSMA_to_lIFG_T1', 0.00051193294368973)	('R_DLPFC_T1', 0.0003719897944855822)	('R_IFGorb_T1', 0.00027384946592574715)	('L_DLPFC', 0.00023512842095002866)	('lPTL_to_lIFG_T1', 0.00017646007064502884)	
