predictors	pearson_correlation	mean_squared_error	r2	
rois + act_t1 + conn_t1 + age + T1	0.036018458236605246	0.06076635559970408	-0.012119419733398251	('lDLPFC_to_lPTL_T1', 0.012199179795256733)	('Age', 0.009369714888817157)	('R_DLPFC_T1', 0.009067373565137798)	('L_DLPFC_T1', -0.0077506742300196465)	('lPTL_to_lIFG_T1', 0.007301318268301865)	('L_PTL', 0.006616247524030118)	('lSMA_to_lIFG_T1', 0.006120255946990838)	('lIFG_to_lPTL_T1', -0.005962161608014641)	('T1', -0.0051928894186262856)	('R_IFGorb_T1', -0.004813661687534996)	('L_SMA', 0.004391226867154294)	('rDLPFC_to_lIFG_T1', 0.004000464059322278)	('rIFG_to_lIFG_T1', -0.00311793138919808)	('L_PTL_T1', -0.0030923370257595795)	('L_SMA_T1', 0.0030143475485815635)	('L_DLPFC', -0.002870067131578011)	('L_IFGorb_T1', 0.0025295177360260047)	('lSMA_to_lPTL_T1', 0.0013747269351104341)	('lDLPFC_to_lIFG_T1', 0.0012935857308937076)	('rDLPFC_to_lPTL_T1', 0.0008764101765518093)	('L_IFGorb', -0.0007386747592484312)	
