predictors	pearson_correlation	mean_squared_error	r2	
rois + act_t1 + conn_t1 + age + T1	0.20539859206547595	0.057634848842522075	0.04003869919097747	('rDLPFC_to_lPTL_T1', 0.01113208014186933)	('L_IFGorb', 0.008369195832730818)	('lDLPFC_to_lPTL_T1', 0.0076896691845109045)	('lSMA_to_lPTL_T1', 0.007406889273003082)	('rDLPFC_to_lIFG_T1', 0.005945480255971178)	('Age', 0.005124315823756443)	('L_DLPFC_T1', 0.004928811845489148)	('R_DLPFC_T1', 0.00451117765328431)	('L_IFGorb_T1', -0.0033027514486363885)	('lDLPFC_to_lIFG_T1', 0.0031019410645209715)	('L_PTL_T1', 0.002980519627673284)	('lSMA_to_lIFG_T1', -0.0026491192966349897)	('lPTL_to_lIFG_T1', -0.0020298278233934815)	('lIFG_to_lPTL_T1', 0.0015919742859941976)	('rIFG_to_lIFG_T1', -0.0015323936015512274)	('L_SMA_T1', 0.001517443263280384)	('L_PTL', 0.0011483725184678168)	('L_SMA', 0.0009461120035141608)	('R_IFGorb_T1', -0.0007556165830367865)	('L_DLPFC', -0.0005273808836920576)	('T1', -7.179255681449324e-05)	
