predictors	pearson_correlation	mean_squared_error	r2	
rois + act_t1 + conn_t1 + age + T1	0.09852696558358644	0.060106260134522485	-0.0011249239701622837	('lPTL_to_lIFG_T1', 0.01282887343217766)	('L_IFGorb_T1', 0.010620205649791357)	('R_IFGorb_T1', 0.010594139934971606)	('lDLPFC_to_lIFG_T1', 0.010216632901202755)	('L_DLPFC_T1', 0.00950840939884449)	('lSMA_to_lPTL_T1', 0.008022065716871255)	('L_PTL', -0.006382331733802248)	('L_SMA_T1', 0.0063357501817920565)	('rDLPFC_to_lPTL_T1', 0.004935749087253602)	('L_PTL_T1', 0.004570299823223368)	('lSMA_to_lIFG_T1', -0.004386857550896315)	('T1', 0.003939273049039532)	('lIFG_to_lPTL_T1', 0.003170256653153479)	('L_SMA', -0.003114548417131866)	('rDLPFC_to_lIFG_T1', -0.001823186575794498)	('lDLPFC_to_lPTL_T1', 0.001815926993931476)	('rIFG_to_lIFG_T1', 0.0013669808015746418)	('R_DLPFC_T1', -0.0007850673585041556)	('Age', -0.0003829935407698564)	('L_DLPFC', -0.00020015668439806066)	('L_IFGorb', 1.7162794834470703e-06)	
