predictors	pearson_correlation	mean_squared_error	r2	
rois + act_t1 + conn_t1 + age + T1	-0.028881945561697177	0.06189226775672413	-0.030872519994021186	('rDLPFC_to_lIFG_T1', 0.009625266397956895)	('L_SMA_T1', -0.007332936687422865)	('rDLPFC_to_lPTL_T1', 0.006832853061062687)	('lIFG_to_lPTL_T1', 0.006155620215298202)	('L_IFGorb_T1', -0.006144235990507589)	('lSMA_to_lIFG_T1', 0.006103784749198968)	('L_PTL', 0.005832565025400437)	('lPTL_to_lIFG_T1', 0.004745674348146661)	('lDLPFC_to_lIFG_T1', 0.004198907966936734)	('Age', 0.003875491992043452)	('L_PTL_T1', 0.003040075814083997)	('R_IFGorb_T1', 0.002576971625066338)	('L_DLPFC', 0.0025638901618144755)	('T1', 0.0023927656031658188)	('rIFG_to_lIFG_T1', -0.002372450393303843)	('lSMA_to_lPTL_T1', 0.0021802597311193265)	('L_DLPFC_T1', 0.002063719935650318)	('lDLPFC_to_lPTL_T1', -0.0011183454802221415)	('R_DLPFC_T1', 0.0006226017193309605)	('L_IFGorb', 0.0005354415400832713)	('L_SMA', 0.0005052990495639931)	
