predictors	pearson_correlation	mean_squared_error	r2	
rois + act_t1 + conn_t1 + age + T1	0.1488958288822664	0.05960753871527694	0.007181738959906148	('L_SMA_T1', 0.014452272433673327)	('lPTL_to_lIFG_T1', 0.013953117223104954)	('L_PTL_T1', 0.013890185451660247)	('R_IFGorb_T1', 0.013147942285297398)	('Age', -0.010262214815644767)	('L_DLPFC_T1', 0.009142861691481829)	('L_IFGorb_T1', -0.008845356672221388)	('R_DLPFC_T1', 0.008689020874752791)	('L_IFGorb', 0.008128692859257079)	('T1', 0.004730502505289129)	('lSMA_to_lPTL_T1', 0.004548731763666307)	('L_SMA', 0.004121426080750083)	('lIFG_to_lPTL_T1', -0.003921619038941084)	('rIFG_to_lIFG_T1', 0.003290467769117287)	('lSMA_to_lIFG_T1', -0.002693996292082944)	('L_DLPFC', 0.0026904884516385573)	('rDLPFC_to_lIFG_T1', -0.0016611544000150191)	('lDLPFC_to_lIFG_T1', -0.000631095123619566)	('lDLPFC_to_lPTL_T1', -0.0005339482351875588)	('rDLPFC_to_lPTL_T1', -0.0004036385426868787)	('L_PTL', -0.0001653914523592353)	
