predictors	pearson_correlation	mean_squared_error	r2	
rois + act_t1 + conn_t1 + age + T1	0.02549977768520098	0.062299462822618064	-0.0376547275123682	('L_SMA_T1', 0.013207886900673678)	('lSMA_to_lIFG_T1', 0.012931174490525372)	('lSMA_to_lPTL_T1', 0.010556400478442184)	('L_DLPFC', 0.008887149465306169)	('R_IFGorb_T1', 0.007523082303605265)	('rDLPFC_to_lIFG_T1', 0.0074782241868173996)	('L_SMA', -0.006464201102568446)	('lPTL_to_lIFG_T1', 0.006066488291195512)	('L_IFGorb', 0.0057743643681826586)	('L_DLPFC_T1', 0.004786156463669398)	('L_PTL', -0.004506604980601038)	('lIFG_to_lPTL_T1', 0.004297092795646725)	('rDLPFC_to_lPTL_T1', 0.0037954867760997524)	('Age', 0.0035919520144784244)	('lDLPFC_to_lPTL_T1', 0.0032338049452165824)	('T1', -0.0020871787804165732)	('R_DLPFC_T1', 0.001351974098627231)	('L_IFGorb_T1', -0.0004990629920264682)	('lDLPFC_to_lIFG_T1', 0.0002987662900168003)	('L_PTL_T1', -0.00027325496189298585)	('rIFG_to_lIFG_T1', -2.7329264927016694e-05)	
