predictors	pearson_correlation	mean_squared_error	r2	
rois + act_t1 + conn_t1 + age + T1	0.11772201539547235	0.05961896710105936	0.006991388706506396	('L_DLPFC_T1', 0.015590817346091341)	('lSMA_to_lIFG_T1', 0.009729463801762966)	('lIFG_to_lPTL_T1', 0.008955434581135275)	('rDLPFC_to_lPTL_T1', 0.00694020912939569)	('R_IFGorb_T1', 0.006526906474119453)	('L_PTL_T1', 0.006202434920585171)	('Age', -0.005480380599932431)	('rDLPFC_to_lIFG_T1', 0.004566465947296502)	('L_IFGorb_T1', 0.003952132474745348)	('R_DLPFC_T1', 0.0034940986173137146)	('lSMA_to_lPTL_T1', 0.0033752932705380994)	('lDLPFC_to_lIFG_T1', 0.0021641322327039868)	('L_SMA', 0.0019019656781991154)	('lPTL_to_lIFG_T1', -0.0015628078238021244)	('L_IFGorb', -0.0014135787783860587)	('L_SMA_T1', -0.0013275569657458797)	('T1', 0.0012077894422847508)	('lDLPFC_to_lPTL_T1', -0.0010164660466999566)	('L_DLPFC', -0.0003559220713751328)	('L_PTL', -0.00035289676226111193)	('rIFG_to_lIFG_T1', -0.00013680056104188498)	
