predictors	pearson_correlation	mean_squared_error	r2	
rois + act_t1 + conn_t1 + age + T1	0.07943123449960682	0.06413541926495468	-0.06823426697519874	('L_PTL_T1', 0.024939196214260283)	('L_DLPFC_T1', 0.019257193543703144)	('L_IFGorb', 0.019142760404394863)	('lSMA_to_lIFG_T1', 0.01883824055718269)	('L_PTL', 0.016909511664425537)	('L_SMA', 0.008311077000424912)	('R_DLPFC_T1', -0.007900008770346334)	('lIFG_to_lPTL_T1', 0.007808511196689919)	('rDLPFC_to_lIFG_T1', -0.006984612781362252)	('rDLPFC_to_lPTL_T1', 0.006643927290811987)	('lDLPFC_to_lIFG_T1', 0.005657268171377259)	('lPTL_to_lIFG_T1', -0.005368658013431447)	('L_IFGorb_T1', 0.004025436559417076)	('rIFG_to_lIFG_T1', -0.0031761486307519187)	('L_SMA_T1', 0.002973655953377844)	('Age', 0.001995208103492207)	('T1', 0.0019358170694133677)	('R_IFGorb_T1', 0.0017966060450790712)	('lDLPFC_to_lPTL_T1', 0.0017757125758290264)	('L_DLPFC', -0.0006415159188262458)	('lSMA_to_lPTL_T1', -9.594808212415589e-05)	
