predictors	pearson_correlation	mean_squared_error	r2	
rois + act_t1 + conn_t1 + age + T1	0.10863749729102955	0.05953650238671916	0.008364914204337714	('lSMA_to_lIFG_T1', -0.009796243666425786)	('L_DLPFC_T1', 0.008203410470229858)	('L_PTL_T1', -0.007833187809354877)	('rDLPFC_to_lPTL_T1', 0.006624852200557611)	('Age', 0.0061174263765611)	('lDLPFC_to_lIFG_T1', 0.0054365889635677655)	('L_IFGorb', 0.004780486509597044)	('L_DLPFC', 0.004537472674542833)	('lSMA_to_lPTL_T1', 0.004204398695141455)	('rIFG_to_lIFG_T1', -0.003819194814038615)	('rDLPFC_to_lIFG_T1', 0.003669294792238934)	('L_SMA', -0.0033309577489317585)	('lDLPFC_to_lPTL_T1', 0.0031439940022223592)	('lIFG_to_lPTL_T1', 0.002846942848945298)	('L_SMA_T1', 0.0027075565631155575)	('lPTL_to_lIFG_T1', 0.0025692068900107358)	('T1', 0.0021245478946504822)	('L_IFGorb_T1', 0.0021180021293762813)	('L_PTL', -0.0019207507081706718)	('R_DLPFC_T1', 0.0018583900576976031)	('R_IFGorb_T1', 0.0004787387861237705)	
