predictors	pearson_correlation	mean_squared_error	r2	
rois + act_t1 + conn_t1 + age + T1	0.04178840066122377	0.06181304434892298	-0.02955298143124785	('Age', 0.011625092519063305)	('lDLPFC_to_lIFG_T1', 0.011583161024095425)	('L_IFGorb', -0.010146151481397227)	('L_SMA_T1', 0.00947315608511698)	('L_SMA', 0.009265603811645592)	('L_DLPFC', 0.0072581756615991274)	('R_DLPFC_T1', 0.007208427943809864)	('rDLPFC_to_lPTL_T1', 0.005943062660213121)	('rIFG_to_lIFG_T1', -0.0054324291107850035)	('lDLPFC_to_lPTL_T1', -0.005264191394630166)	('L_DLPFC_T1', -0.00437275167836017)	('lPTL_to_lIFG_T1', -0.003887591916581168)	('lIFG_to_lPTL_T1', 0.0036246139928540707)	('L_PTL_T1', 0.0028593503897758935)	('lSMA_to_lPTL_T1', -0.002290858327378601)	('L_PTL', -0.001542097606145614)	('T1', -0.001361270851734907)	('L_IFGorb_T1', 0.0010548761261923762)	('lSMA_to_lIFG_T1', -0.0005660136795979017)	('R_IFGorb_T1', -0.00042274930577699675)	('rDLPFC_to_lIFG_T1', 0.0001463748732481661)	
