predictors	pearson_correlation	mean_squared_error	r2	
rois + act_t1 + conn_t1 + age + T1	-0.02494351489175234	0.0638465461058196	-0.06342281940170325	('lDLPFC_to_lIFG_T1', 0.014012346319429145)	('R_IFGorb_T1', 0.012811838892917374)	('L_DLPFC', 0.011101322304494161)	('lPTL_to_lIFG_T1', -0.0073675664474216794)	('L_IFGorb_T1', 0.006059916376596321)	('lSMA_to_lPTL_T1', 0.005362392446033424)	('L_DLPFC_T1', 0.004970678739710828)	('L_SMA', 0.004810527757540557)	('L_PTL', 0.004392786377669021)	('rDLPFC_to_lIFG_T1', 0.004060094080237496)	('L_PTL_T1', 0.004023980156001748)	('R_DLPFC_T1', 0.003745769537208125)	('L_SMA_T1', 0.0035420737300484316)	('lIFG_to_lPTL_T1', -0.0033678453411793417)	('Age', -0.0029751939351694)	('L_IFGorb', -0.0028436482440361557)	('T1', -0.0023488248377555154)	('rIFG_to_lIFG_T1', 0.0017744410441068136)	('rDLPFC_to_lPTL_T1', 0.001597920184023958)	('lDLPFC_to_lPTL_T1', 0.00030512587990694836)	('lSMA_to_lIFG_T1', 6.908857367799794e-05)	
