predictors	pearson_correlation	mean_squared_error	r2	
rois + act_t1 + conn_t1 + age + T1	-0.18814399364095197	0.06438854026318007	-0.07245022949784619	('lIFG_to_lPTL_T1', 0.012508289414753663)	('lSMA_to_lPTL_T1', -0.007856082205900184)	('T1', 0.006859541315159047)	('rDLPFC_to_lIFG_T1', 0.0063443244074717214)	('L_PTL_T1', 0.0061694460614228055)	('L_SMA', 0.004484649087963247)	('L_PTL', -0.0043802588175933296)	('L_DLPFC_T1', 0.004219900724371681)	('R_DLPFC_T1', -0.0024641550384769655)	('lDLPFC_to_lPTL_T1', 0.0024061754061567167)	('L_IFGorb_T1', 0.0021783875333818885)	('L_SMA_T1', -0.0019263505350783504)	('R_IFGorb_T1', -0.0018040618277551644)	('lDLPFC_to_lIFG_T1', 0.0017750050631675127)	('rIFG_to_lIFG_T1', 0.0012760284058359794)	('Age', 0.0012249037369831)	('lSMA_to_lIFG_T1', -0.0010249466319266968)	('L_DLPFC', 0.0006684577399469654)	('rDLPFC_to_lPTL_T1', -0.0006487146284282452)	('L_IFGorb', -0.0004337843466325734)	('lPTL_to_lIFG_T1', -0.0002467024882721784)	
