predictors	pearson_correlation	mean_squared_error	r2	
rois + act_t1 + conn_t1 + age + T1	-0.20938288144493436	0.06867731671210901	-0.14388373720152958	('rIFG_to_lIFG_T1', 0.014203221589427873)	('R_IFGorb_T1', 0.012582388188574036)	('Age', 0.011849324024536237)	('lIFG_to_lPTL_T1', 0.01040303231893542)	('lDLPFC_to_lPTL_T1', 0.010251499449929027)	('rDLPFC_to_lIFG_T1', 0.009416790305335742)	('R_DLPFC_T1', 0.008462424203411164)	('lPTL_to_lIFG_T1', 0.007015235056005969)	('lDLPFC_to_lIFG_T1', 0.006158628861835745)	('L_IFGorb', 0.0060422151807484345)	('L_PTL', 0.004206528934312033)	('L_SMA', -0.003200363823799883)	('L_PTL_T1', 0.002906018763608222)	('rDLPFC_to_lPTL_T1', -0.0028125936782452204)	('L_DLPFC', 0.002635513832868706)	('L_IFGorb_T1', -0.0025708734000797905)	('L_SMA_T1', -0.0021679357477682472)	('T1', -0.0016498879145270895)	('L_DLPFC_T1', 0.0008936918207487198)	('lSMA_to_lPTL_T1', -0.0008775118254564402)	('lSMA_to_lIFG_T1', -0.0008189698763251805)	
