predictors	pearson_correlation	mean_squared_error	r2	
rois + act_t1 + conn_t1 + age + T1	0.1922024332161777	0.06285674481914237	-0.04693677059992196	('rDLPFC_to_lPTL_T1', 0.033983666615483146)	('lDLPFC_to_lPTL_T1', 0.024353626921212648)	('R_DLPFC_T1', 0.02121450366995627)	('L_SMA', 0.020062423646265492)	('Age', 0.018540584733227592)	('L_IFGorb', -0.017505584592679917)	('rIFG_to_lIFG_T1', -0.017252374536592067)	('L_PTL_T1', 0.0156108747081017)	('L_DLPFC_T1', 0.012592125001210057)	('L_SMA_T1', 0.010299249423672184)	('R_IFGorb_T1', 0.010179997219479046)	('L_IFGorb_T1', 0.009646110857629155)	('L_PTL', 0.009252281365672322)	('T1', -0.006739946390473346)	('lSMA_to_lIFG_T1', 0.006365374610803131)	('lPTL_to_lIFG_T1', 0.003647295867127897)	('L_DLPFC', 0.003609240043007603)	('lDLPFC_to_lIFG_T1', -0.0016521222558777957)	('lIFG_to_lPTL_T1', 0.0011960114719212053)	('rDLPFC_to_lIFG_T1', 0.0010018449548793147)	('lSMA_to_lPTL_T1', 0.00015971760644660162)	
