predictors	pearson_correlation	mean_squared_error	r2	
rois + act_t1 + conn_t1 + age + T1	-0.13728940524522443	0.06470891494655145	-0.07778636386744942	('rIFG_to_lIFG_T1', 0.013273613840341739)	('rDLPFC_to_lIFG_T1', 0.011985110920636198)	('L_DLPFC_T1', 0.011182671081597725)	('lDLPFC_to_lIFG_T1', -0.009831616049407136)	('rDLPFC_to_lPTL_T1', 0.008502365915907069)	('R_DLPFC_T1', -0.007883465672224955)	('lPTL_to_lIFG_T1', -0.007110299478496292)	('R_IFGorb_T1', 0.006629333148568231)	('lSMA_to_lIFG_T1', -0.006158596812990751)	('L_PTL', 0.005124974172487159)	('L_SMA', 0.003939787125031468)	('lIFG_to_lPTL_T1', 0.0038677575162992923)	('L_DLPFC', 0.003800606415228844)	('T1', 0.0030643430508032637)	('lDLPFC_to_lPTL_T1', 0.0022744748987837695)	('L_IFGorb_T1', 0.0014342898025625143)	('L_PTL_T1', -0.0013881417640900704)	('Age', 0.0007382080309787663)	('L_SMA_T1', 0.0006462949610691291)	('L_IFGorb', 0.0005276356785293691)	('lSMA_to_lPTL_T1', 0.0005139435815276147)	
