predictors	pearson_correlation	mean_squared_error	r2	
rois + act_t1 + conn_t1 + age + T1	-0.14563939495071918	0.0640260140304337	-0.06641202238958277	('L_PTL', 0.017136362102948503)	('lSMA_to_lPTL_T1', 0.010129443731923208)	('L_DLPFC_T1', 0.009584449928395803)	('R_DLPFC_T1', 0.009106786649506237)	('L_PTL_T1', 0.007285268537975128)	('L_SMA_T1', -0.0063816962777473035)	('L_DLPFC', -0.006112266287412224)	('L_IFGorb', 0.005903913065319392)	('lSMA_to_lIFG_T1', -0.005780768372346674)	('rDLPFC_to_lPTL_T1', 0.0057289592515526325)	('lIFG_to_lPTL_T1', 0.005127743638888496)	('L_SMA', 0.004432809833083339)	('lDLPFC_to_lPTL_T1', 0.004249143935937312)	('L_IFGorb_T1', 0.0031423088362945075)	('R_IFGorb_T1', -0.002415068602296824)	('lDLPFC_to_lIFG_T1', 0.002024156004017428)	('rIFG_to_lIFG_T1', 0.001573934299064909)	('lPTL_to_lIFG_T1', -0.00039658766344641033)	('T1', -0.00025577672558919955)	('rDLPFC_to_lIFG_T1', 0.00022917276849417062)	('Age', -0.00018191396874281718)	
