predictors	pearson_correlation	mean_squared_error	r2	
rois + act_t1 + conn_t1 + age + T1	-0.2915725782267803	0.06336610610012762	-0.05542065019180509	('L_DLPFC_T1', 0.010875103463905703)	('rDLPFC_to_lIFG_T1', 0.00733280633011932)	('R_IFGorb_T1', 0.007086485284786533)	('lDLPFC_to_lPTL_T1', 0.004330936888234047)	('L_PTL_T1', -0.003529780536302142)	('L_IFGorb_T1', -0.0031838708944789)	('lPTL_to_lIFG_T1', 0.0023415053323085594)	('L_PTL', -0.0020856690472205574)	('rIFG_to_lIFG_T1', -0.0019525453716944378)	('L_DLPFC', -0.0018331223456493405)	('L_IFGorb', -0.001536550931708546)	('L_SMA_T1', 0.0010790872461648884)	('lSMA_to_lPTL_T1', 0.0010315192276551886)	('R_DLPFC_T1', 0.0009483794156040263)	('rDLPFC_to_lPTL_T1', 0.0008974344092482736)	('lIFG_to_lPTL_T1', 0.0007519023549717697)	('T1', 0.0007130789272562296)	('L_SMA', 0.0006918080658333998)	('Age', -0.00020013210641964263)	('lDLPFC_to_lIFG_T1', 0.00012102206563988506)	('lSMA_to_lIFG_T1', -5.875135552913849e-05)	
