predictors	pearson_correlation	mean_squared_error	r2	
rois + act_t1 + conn_t1 + age + T1	-0.24186546868730563	0.06651694859712776	-0.107900823607876	('T1', 0.01397846630666581)	('rDLPFC_to_lIFG_T1', 0.008262827612357892)	('L_DLPFC', 0.0068749196293489846)	('L_IFGorb', 0.006350194628449481)	('rIFG_to_lIFG_T1', 0.005814622577121555)	('L_DLPFC_T1', 0.005791993096213086)	('rDLPFC_to_lPTL_T1', -0.003706561820818507)	('R_IFGorb_T1', 0.0037012771167755005)	('lDLPFC_to_lPTL_T1', 0.0029849260911637815)	('L_PTL', -0.0027602484854718804)	('lIFG_to_lPTL_T1', -0.0024558391390130663)	('Age', 0.0017441436948770774)	('lDLPFC_to_lIFG_T1', -0.0016801293552064294)	('L_SMA', 0.0016733305575765507)	('R_DLPFC_T1', 0.00147650159314233)	('lSMA_to_lPTL_T1', -0.001095235046296638)	('lPTL_to_lIFG_T1', -0.0010136347808383805)	('L_PTL_T1', 0.0007803986842448466)	('lSMA_to_lIFG_T1', 0.0003615177825718253)	('L_SMA_T1', 0.0003444857497680125)	('L_IFGorb_T1', -9.805232412593703e-05)	
