predictors	pearson_correlation	mean_squared_error	r2	
rois + act_t1 + conn_t1 + age + T1	-0.018092501442970144	0.061232642900638616	-0.01988586265717318	('R_IFGorb_T1', 0.00848806191389091)	('L_PTL_T1', 0.007681444714382863)	('lSMA_to_lPTL_T1', 0.006630984972906081)	('L_IFGorb_T1', -0.005944246295209965)	('L_SMA_T1', 0.004796904021429924)	('lDLPFC_to_lPTL_T1', 0.004365008667212327)	('L_DLPFC', -0.0035950896461740688)	('rDLPFC_to_lPTL_T1', 0.0033812941844742796)	('T1', 0.0031721322690652512)	('rDLPFC_to_lIFG_T1', 0.002570671895417364)	('lDLPFC_to_lIFG_T1', -0.002459607757153275)	('R_DLPFC_T1', 0.0014784471017435523)	('L_IFGorb', -0.0011876593981037754)	('L_DLPFC_T1', 0.0011200942794074098)	('lPTL_to_lIFG_T1', 0.0006448902892852254)	('rIFG_to_lIFG_T1', -0.0005472456081673929)	('lSMA_to_lIFG_T1', -0.00041142395061562865)	('Age', -0.0003067506574600254)	('lIFG_to_lPTL_T1', -0.00019980669137259648)	('L_SMA', 0.0001085415654128073)	('L_PTL', -3.3850227527204295e-05)	
