predictors	pearson_correlation	mean_squared_error	r2	
rois + act_t1 + conn_t1 + age + T1	0.034464292587145604	0.06082247608575486	-0.013054157932131938	('lSMA_to_lPTL_T1', 0.01700859221848733)	('Age', -0.015757532601894785)	('T1', 0.01463064417564303)	('lDLPFC_to_lIFG_T1', 0.01363532321384573)	('lPTL_to_lIFG_T1', 0.01327678794340972)	('L_DLPFC_T1', 0.010638250701624023)	('L_IFGorb', 0.009114044920642404)	('rDLPFC_to_lPTL_T1', 0.00869927341304561)	('L_DLPFC', -0.00797727549972251)	('lDLPFC_to_lPTL_T1', 0.005572575922143953)	('lIFG_to_lPTL_T1', 0.005464040347052072)	('R_IFGorb_T1', 0.0034019888383738893)	('R_DLPFC_T1', 0.0029006789084228507)	('L_IFGorb_T1', -0.002820145884957101)	('L_PTL', 0.0026554515213389595)	('lSMA_to_lIFG_T1', 0.0026550638712808296)	('rIFG_to_lIFG_T1', 0.0025878564924594035)	('L_SMA', 0.001999476327024554)	('L_PTL_T1', 0.001617942342009205)	('L_SMA_T1', -0.0011842732513133378)	('rDLPFC_to_lIFG_T1', -0.00042556760513791305)	
