predictors	pearson_correlation	mean_squared_error	r2	
rois + act_t1 + conn_t1 + age + T1	0.10823650083568777	0.060711326368485315	-0.011202857385371301	('rIFG_to_lIFG_T1', 0.021861382737786296)	('lDLPFC_to_lPTL_T1', 0.0174989695154482)	('lDLPFC_to_lIFG_T1', 0.01678932612276214)	('Age', 0.0117525696247862)	('lPTL_to_lIFG_T1', 0.011347491460387214)	('R_DLPFC_T1', 0.006443710387569664)	('L_SMA_T1', -0.006067027142002994)	('rDLPFC_to_lIFG_T1', 0.006044943856697755)	('R_IFGorb_T1', -0.006037271917293614)	('lSMA_to_lPTL_T1', -0.005916440293456738)	('L_PTL', -0.005135182935965352)	('lSMA_to_lIFG_T1', 0.004377096426048578)	('T1', 0.0036603389889087773)	('L_DLPFC', -0.0033460716052435037)	('L_DLPFC_T1', 0.0012515173257831346)	('L_PTL_T1', 0.001106233623402027)	('rDLPFC_to_lPTL_T1', -0.0006238257254902275)	('lIFG_to_lPTL_T1', -0.0005958460098631269)	('L_IFGorb_T1', -0.00034389877286610557)	('L_IFGorb', 0.00010703111560192284)	('L_SMA', -5.099838675024761e-05)	
