predictors	pearson_correlation	mean_squared_error	r2	
rois + act_t1 + conn_t1 + age + T1	-0.10972762011028145	0.06432078078178513	-0.0713216331501787	('rIFG_to_lIFG_T1', 0.011247708122018252)	('L_PTL_T1', 0.010960610122787394)	('R_IFGorb_T1', 0.009803367858755333)	('lSMA_to_lIFG_T1', 0.008216616693790929)	('lIFG_to_lPTL_T1', -0.00710731241244715)	('rDLPFC_to_lIFG_T1', -0.006643701834217658)	('lDLPFC_to_lPTL_T1', 0.006288209939213019)	('T1', 0.005983186521797487)	('lSMA_to_lPTL_T1', -0.004321107873299769)	('rDLPFC_to_lPTL_T1', 0.0037801726594999144)	('L_SMA_T1', -0.0035724771246021672)	('L_DLPFC', 0.003321095615093705)	('L_DLPFC_T1', -0.0030839106321298424)	('lPTL_to_lIFG_T1', -0.0024598856483541496)	('L_PTL', 0.0023114862406482545)	('L_SMA', 0.0016616376542400897)	('Age', 0.0013060374654745566)	('L_IFGorb', 0.0012638641550189523)	('lDLPFC_to_lIFG_T1', 0.0003775215272874906)	('R_DLPFC_T1', 0.0003596317695801107)	('L_IFGorb_T1', 0.0)	
