predictors	pearson_correlation	mean_squared_error	r2	
rois + act_t1 + conn_t1 + age + T1	-0.04876941097207504	0.06327196392892856	-0.05385262593321505	('L_IFGorb', 0.014572688284568534)	('rDLPFC_to_lIFG_T1', 0.012844805538323088)	('L_PTL', 0.01202583818732688)	('rDLPFC_to_lPTL_T1', 0.009972065648972338)	('L_SMA', 0.009591852116851889)	('L_PTL_T1', 0.007181843347486481)	('lDLPFC_to_lIFG_T1', -0.007058380693023864)	('lIFG_to_lPTL_T1', 0.006925026392259733)	('rIFG_to_lIFG_T1', 0.0064953217050398105)	('L_IFGorb_T1', 0.005734850101684585)	('lSMA_to_lPTL_T1', 0.0049215530990531775)	('Age', 0.004549009012225742)	('L_SMA_T1', -0.0034569319643151086)	('R_DLPFC_T1', 0.002201154850190968)	('L_DLPFC', -0.0017354150191204304)	('lDLPFC_to_lPTL_T1', -0.0013612826431810426)	('T1', -0.001067888668777199)	('lPTL_to_lIFG_T1', 0.0010093620827691077)	('R_IFGorb_T1', 0.0009834066443967146)	('L_DLPFC_T1', 0.0004250698863940288)	('lSMA_to_lIFG_T1', 0.000338654724225661)	
