predictors	pearson_correlation	mean_squared_error	r2	
rois + act_t1 + conn_t1 + age + T1	0.12797600557828065	0.0596951382850204	0.005722687732913179	('Age', 0.013597989009830357)	('L_DLPFC_T1', 0.008831835977961508)	('L_SMA', 0.007311642631592984)	('lIFG_to_lPTL_T1', -0.007042979529113837)	('T1', -0.006780855349097236)	('lSMA_to_lIFG_T1', 0.006187752817340176)	('lDLPFC_to_lPTL_T1', 0.005917186738242296)	('L_SMA_T1', 0.005762610730752816)	('L_DLPFC', 0.005632186309331148)	('rDLPFC_to_lIFG_T1', 0.005583502799722403)	('L_IFGorb', -0.00550849607462655)	('rDLPFC_to_lPTL_T1', 0.005200275616364432)	('lDLPFC_to_lIFG_T1', 0.004183866139890032)	('L_PTL_T1', 0.0032417632341236557)	('L_IFGorb_T1', 0.002740619574598939)	('R_IFGorb_T1', -0.0027044514551925977)	('lPTL_to_lIFG_T1', -0.0020581541108256225)	('lSMA_to_lPTL_T1', -0.0014992651500270989)	('R_DLPFC_T1', 0.0014477449766195356)	('rIFG_to_lIFG_T1', -0.0008832718556076963)	('L_PTL', -0.0006535774361239967)	
