predictors	pearson_correlation	mean_squared_error	r2	
rois + act_t1 + conn_t1 + age + T1	-0.07952840834828806	0.061850116416286745	-0.030170450735408583	('lSMA_to_lIFG_T1', 0.005863123865086567)	('lIFG_to_lPTL_T1', 0.005421133577836037)	('lDLPFC_to_lIFG_T1', 0.004726259705274783)	('L_IFGorb_T1', 0.004288256045243689)	('L_PTL', 0.003526999701066413)	('rIFG_to_lIFG_T1', 0.0032926810491434905)	('rDLPFC_to_lIFG_T1', 0.002815307721878227)	('lSMA_to_lPTL_T1', 0.0025945557900572008)	('rDLPFC_to_lPTL_T1', 0.002557278610529155)	('L_SMA', 0.002485074588668996)	('lDLPFC_to_lPTL_T1', -0.0016501478865584664)	('Age', 0.0015191904966181172)	('L_PTL_T1', 0.0014780723208540163)	('R_DLPFC_T1', 0.0013432349545569244)	('L_DLPFC_T1', -0.0012490185837477654)	('R_IFGorb_T1', 0.0012469555327901405)	('T1', -0.0010770348783104553)	('L_SMA_T1', -0.0008418966659922124)	('L_IFGorb', -0.0005447390091599044)	('lPTL_to_lIFG_T1', 1.2766598560805017e-05)	('L_DLPFC', 0.0)	
