predictors	pearson_correlation	mean_squared_error	r2	
rois + act_t1 + conn_t1 + age + T1	0.16636130754613157	0.05874805148467243	0.02149728756443603	('lDLPFC_to_lPTL_T1', 0.014945573460736921)	('lDLPFC_to_lIFG_T1', 0.014509210878257513)	('lIFG_to_lPTL_T1', 0.010458020451448011)	('L_PTL_T1', 0.008106206497420616)	('rIFG_to_lIFG_T1', -0.007663938542126851)	('L_SMA_T1', -0.007620680811237966)	('rDLPFC_to_lPTL_T1', 0.005397207256444833)	('L_PTL', 0.004493461396082195)	('rDLPFC_to_lIFG_T1', -0.0040299567454640025)	('R_IFGorb_T1', 0.003756854090082595)	('L_IFGorb_T1', 0.0037358203481606)	('L_DLPFC', -0.0030291442078949635)	('R_DLPFC_T1', -0.003024153945617889)	('lSMA_to_lIFG_T1', 0.0027250605172752)	('L_DLPFC_T1', 0.002192417720414603)	('L_IFGorb', 0.001767544066410624)	('T1', 0.0017625883697522941)	('Age', -0.001620927160377173)	('L_SMA', -0.0013533157303839945)	('lSMA_to_lPTL_T1', 0.0006615395019109032)	('lPTL_to_lIFG_T1', -0.0001943425462866897)	
