predictors	pearson_correlation	mean_squared_error	r2	
rois + act_t1 + conn_t1 + age + T1	0.14880030821492887	0.058975504813592025	0.017708843630114268	('lDLPFC_to_lPTL_T1', 0.01387791006616689)	('L_PTL', 0.012722941999020363)	('R_DLPFC_T1', 0.00795448406465692)	('rIFG_to_lIFG_T1', 0.00662161649037956)	('Age', 0.006594915562223134)	('L_PTL_T1', 0.006004833753132934)	('L_DLPFC', -0.005719519382925769)	('lDLPFC_to_lIFG_T1', 0.005627246825138483)	('rDLPFC_to_lPTL_T1', 0.00519544587889512)	('lSMA_to_lIFG_T1', 0.0045824491153725385)	('rDLPFC_to_lIFG_T1', 0.004169471688530112)	('lPTL_to_lIFG_T1', -0.0035731929782155873)	('T1', 0.0035386138818936136)	('lIFG_to_lPTL_T1', -0.0032725546530885472)	('L_DLPFC_T1', 0.002132091213549717)	('L_IFGorb', -0.0015602560220392787)	('L_SMA_T1', -0.0011741415983190448)	('lSMA_to_lPTL_T1', 0.000846968129906642)	('L_IFGorb_T1', -0.0005380930325974115)	('R_IFGorb_T1', 0.00045443770691931435)	('L_SMA', 0.00022544293847783889)	
