predictors	pearson_correlation	mean_squared_error	r2	
rois + act_t1 + conn_t1 + age + T1	0.0471914826599628	0.05998624177126385	0.00087409201458577	('rIFG_to_lIFG_T1', 0.012995747161089281)	('lIFG_to_lPTL_T1', 0.009239304209276262)	('rDLPFC_to_lIFG_T1', 0.008591246421824163)	('L_SMA_T1', 0.006073545271658149)	('L_DLPFC_T1', 0.005714234977763547)	('R_DLPFC_T1', -0.005067729739884777)	('rDLPFC_to_lPTL_T1', 0.004842232794475994)	('lSMA_to_lIFG_T1', 0.004711927749062343)	('L_PTL_T1', 0.0034698234686461288)	('L_IFGorb_T1', 0.003424168324876536)	('L_PTL', 0.003245519269952628)	('lPTL_to_lIFG_T1', 0.0029205874228278896)	('lDLPFC_to_lIFG_T1', 0.0029130567022841634)	('L_SMA', -0.002790972821653358)	('T1', 0.0024202819608498028)	('L_IFGorb', -0.0021003735358524787)	('lSMA_to_lPTL_T1', -0.0018392611211171745)	('R_IFGorb_T1', -0.0017801935669216637)	('Age', -0.0017535476261603088)	('lDLPFC_to_lPTL_T1', -0.0006316218451909171)	('L_DLPFC', -0.00019971748526189875)	
