predictors	pearson_correlation	mean_squared_error	r2	
rois + act_t1 + conn_t1 + age + T1	-0.11864651458449144	0.06262579387734186	-0.043090070713197814	('rDLPFC_to_lPTL_T1', 0.01891927797536667)	('lIFG_to_lPTL_T1', -0.010099847583791371)	('Age', 0.009789089810571968)	('rIFG_to_lIFG_T1', 0.009222358245650977)	('L_DLPFC_T1', 0.00921048339226733)	('T1', -0.009194199366599952)	('L_SMA', 0.008500510562562544)	('L_PTL', -0.00816423899942715)	('lPTL_to_lIFG_T1', 0.007294305925089982)	('L_DLPFC', 0.007030993032065137)	('rDLPFC_to_lIFG_T1', 0.00592802313583621)	('L_IFGorb', -0.005512241674080859)	('R_IFGorb_T1', 0.005499535488309349)	('lDLPFC_to_lIFG_T1', 0.004903841718350477)	('L_SMA_T1', 0.0045372899802171174)	('lDLPFC_to_lPTL_T1', 0.003970947568735446)	('lSMA_to_lPTL_T1', -0.0035242940915681076)	('lSMA_to_lIFG_T1', -0.0031337096349213283)	('L_PTL_T1', 0.002512142167713458)	('R_DLPFC_T1', 0.0005821921920235339)	('L_IFGorb_T1', -0.0003715076295651687)	
