predictors	pearson_correlation	mean_squared_error	r2	
rois + act_t1 + conn_t1 + age + T1	0.1839293481692551	0.05859413661693697	0.024060880939147378	('T1', -0.009303306030720092)	('L_SMA_T1', 0.008562945968103993)	('rDLPFC_to_lIFG_T1', 0.008222691732529082)	('L_DLPFC_T1', -0.007971826200906976)	('rIFG_to_lIFG_T1', 0.007896857249557476)	('L_PTL', 0.0067350958784074145)	('lSMA_to_lIFG_T1', 0.006263746949674621)	('L_DLPFC', 0.006151898901699038)	('R_IFGorb_T1', 0.005103829129609306)	('lIFG_to_lPTL_T1', -0.0043115090114017405)	('lPTL_to_lIFG_T1', 0.0036037603811727337)	('lDLPFC_to_lPTL_T1', 0.0034954031781902215)	('lSMA_to_lPTL_T1', 0.0030768852036899435)	('rDLPFC_to_lPTL_T1', -0.00260366216284442)	('L_SMA', 0.0022806319023960563)	('R_DLPFC_T1', 0.00202788081706061)	('L_IFGorb', 0.0019407330056071313)	('L_PTL_T1', 0.0017275074409528269)	('Age', 0.0013336325766001012)	('lDLPFC_to_lIFG_T1', -0.0002632142867467565)	('L_IFGorb_T1', 0.00022152619219247298)	
