predictors	pearson_correlation	mean_squared_error	r2	
rois + act_t1 + conn_t1 + age + T1	0.12053342919329459	0.06046718450519363	-0.007136450595482957	('T1', 0.017321243669771592)	('lPTL_to_lIFG_T1', 0.01223923102718449)	('L_DLPFC', 0.011964875858925573)	('rDLPFC_to_lPTL_T1', 0.01041174151954065)	('L_SMA', 0.010364828457583866)	('L_SMA_T1', 0.008147538389845443)	('L_PTL_T1', 0.005926761056924974)	('L_IFGorb', 0.005305245329213981)	('lIFG_to_lPTL_T1', -0.004837199471876742)	('lDLPFC_to_lPTL_T1', -0.004414534762167945)	('lSMA_to_lPTL_T1', 0.004282017476394951)	('rDLPFC_to_lIFG_T1', -0.0033197861418072564)	('R_DLPFC_T1', 0.0029720736651140463)	('L_DLPFC_T1', 0.0023590603205890896)	('R_IFGorb_T1', 0.002313131668759517)	('lDLPFC_to_lIFG_T1', 0.001947273593428528)	('L_PTL', 0.0019166586597127552)	('Age', -0.0015586987552312142)	('rIFG_to_lIFG_T1', -0.0012409354887002462)	('lSMA_to_lIFG_T1', 0.000468122358695917)	('L_IFGorb_T1', 0.00014709775840166363)	
