predictors	pearson_correlation	mean_squared_error	r2	
rois + act_t1 + conn_t1 + age + T1	-0.045330321288025874	0.07810569380204961	-0.3009220103564991	('L_SMA', 0.02138145334541364)	('R_IFGorb_T1', 0.01758293724839641)	('rDLPFC_to_lPTL_T1', 0.01724949527021321)	('lDLPFC_to_lIFG_T1', -0.014863892615922228)	('Age', -0.011087173295500543)	('lDLPFC_to_lPTL_T1', -0.008557110080440541)	('rDLPFC_to_lIFG_T1', 0.007948725254348513)	('L_IFGorb', 0.00622611170183256)	('lPTL_to_lIFG_T1', 0.005982827432478151)	('T1', -0.005590002011857991)	('L_PTL_T1', -0.0053768202652720075)	('L_DLPFC', 0.0051064099799378974)	('R_DLPFC_T1', 0.004419032827239482)	('lSMA_to_lIFG_T1', 0.0035606205407093345)	('L_DLPFC_T1', 0.0034914393547086)	('L_SMA_T1', -0.00294420593549956)	('lIFG_to_lPTL_T1', -0.002410956704495718)	('L_PTL', 0.0016893345114025835)	('lSMA_to_lPTL_T1', 0.0014406648921217622)	('L_IFGorb_T1', 0.0006526579795624586)	('rIFG_to_lIFG_T1', 6.728991857061306e-05)	
