predictors	pearson_correlation	mean_squared_error	r2	
rois + act_t1 + conn_t1 + age + T1	-0.02218186913990366	0.06038885384657715	-0.00583178158968467	('rDLPFC_to_lIFG_T1', 0.01240380080180339)	('L_IFGorb_T1', 0.00865159755043887)	('rDLPFC_to_lPTL_T1', 0.007724709470064535)	('lDLPFC_to_lIFG_T1', 0.006895507860474968)	('L_IFGorb', 0.005589211479363583)	('L_DLPFC_T1', 0.005566583377878149)	('L_PTL', 0.005327023230501313)	('lSMA_to_lPTL_T1', 0.004160633059105271)	('lSMA_to_lIFG_T1', -0.003953706120333764)	('Age', 0.0037396507766850936)	('lDLPFC_to_lPTL_T1', -0.00340516140471053)	('L_SMA', 0.0027734062382239683)	('L_DLPFC', -0.0024539311931443025)	('R_DLPFC_T1', 0.0023724382244819813)	('rIFG_to_lIFG_T1', 0.00216939778897595)	('lIFG_to_lPTL_T1', 0.0021063231671883485)	('L_SMA_T1', -0.0018889636357768665)	('T1', -0.0005874907709477774)	('R_IFGorb_T1', 0.0003917633240363323)	('L_PTL_T1', -0.0003849989263514334)	('lPTL_to_lIFG_T1', -1.9609975561232825e-05)	
