predictors	pearson_correlation	mean_squared_error	r2	
rois + act_t1 + conn_t1 + age + T1	0.3474999246336336	0.054993333856287616	0.08403555548916408	('L_PTL_T1', 0.015775621554008207)	('R_IFGorb_T1', 0.015548572902387198)	('rDLPFC_to_lIFG_T1', 0.01108642196853726)	('L_PTL', 0.007236034058735971)	('L_DLPFC_T1', 0.006171614511767232)	('T1', -0.005782843580497041)	('Age', 0.0055552936278856465)	('lSMA_to_lPTL_T1', 0.004667932342802258)	('lPTL_to_lIFG_T1', 0.004606453336424601)	('rDLPFC_to_lPTL_T1', 0.004334956099529523)	('lSMA_to_lIFG_T1', 0.003918388087998047)	('lDLPFC_to_lIFG_T1', 0.0037150123183306133)	('L_IFGorb_T1', 0.0033509257443975677)	('L_IFGorb', -0.0031969704766787272)	('L_DLPFC', 0.0030998848377340638)	('lIFG_to_lPTL_T1', 0.0021656909011946853)	('rIFG_to_lIFG_T1', -0.0015383994242640635)	('L_SMA', -0.0008841569146285043)	('lDLPFC_to_lPTL_T1', 0.0004971417254203228)	('R_DLPFC_T1', -0.00027433393708882123)	('L_SMA_T1', 3.1800723893347555e-05)	
