predictors	pearson_correlation	mean_squared_error	r2	
rois + act_t1 + act_t2 + conn_t1 + conn_t2 + age + T1 + T2	-0.0975407678058119	0.0736652729918177	-0.04100929594196856	('L_PTL_T1', -0.012501022896869142)	('T1', -0.008451195208634542)	('R_IFGorb_T1', -0.007422332281001388)	('lSMA_to_lPTL_T2', 0.007397047891003452)	('lDLPFC_to_lIFG_T2', 0.006522726648751628)	('rIFG_to_lIFG_T2', -0.006327827112389553)	('lDLPFC_to_lPTL_T1', 0.006042004363341021)	('T2', 0.005648225946067169)	('rDLPFC_to_lIFG_T2', -0.005641548373259937)	('L_IFGorb_T1', -0.00552680726531857)	('lIFG_to_lPTL_T2', -0.005314096844289667)	('lPTL_to_lIFG_T1', 0.0042013178936206015)	('L_IFGorb_T2', 0.003977891305500005)	('lPTL_to_lIFG_T2', -0.0036543368571291825)	('L_DLPFC_T1', -0.0033657674513636773)	('L_DLPFC', 0.003206378724421128)	('R_DLPFC_T1', 0.0030292960962123097)	('L_SMA', 0.0027014359698490503)	('L_SMA_T2', 0.0026952928748751144)	('lIFG_to_lPTL_T1', 0.002689004517832446)	('L_DLPFC_T2', 0.0022149504100634483)	('lSMA_to_lIFG_T2', 0.0021579006659547357)	('L_PTL_T2', -0.0018837214657401989)	('lSMA_to_lPTL_T1', -0.0018151313091709141)	('L_SMA_T1', 0.001772032973972002)	('Age', 0.0015565272730560856)	('R_IFGorb_T2', 0.0014616727423789476)	('rDLPFC_to_lPTL_T2', 0.0013317602238742037)	('rIFG_to_lIFG_T1', -0.0013171047899300512)	('L_IFGorb', 0.0008525129610061934)	('R_DLPFC_T2', 0.0006220585780337393)	('rDLPFC_to_lIFG_T1', -0.0006029389325531444)	('lDLPFC_to_lPTL_T2', -0.00033455342165789655)	('rDLPFC_to_lPTL_T1', 0.0003062697079717374)	('lDLPFC_to_lIFG_T1', -0.00025788404083419296)	('lSMA_to_lIFG_T1', 7.579599266117189e-05)	('L_PTL', -7.162399288207475e-05)	
