predictors	pearson_correlation	mean_squared_error	r2	
rois + act_t1 + act_t2 + conn_t1 + conn_t2 + age + T1 + T2	-0.1315687660563443	0.08267353122243522	-0.1683105354196286	('lSMA_to_lPTL_T2', 0.015383816073528818)	('rDLPFC_to_lIFG_T1', 0.009590194441998238)	('L_DLPFC', 0.00785234958237593)	('L_PTL_T2', -0.007671488469119885)	('R_DLPFC_T2', 0.006748653408013305)	('lDLPFC_to_lPTL_T1', 0.006615278328430472)	('rIFG_to_lIFG_T2', 0.006365389701502828)	('L_SMA_T2', 0.006051630347533187)	('lSMA_to_lPTL_T1', 0.005635128254801401)	('L_IFGorb', 0.004569959490728274)	('L_SMA', -0.004419543439983988)	('rDLPFC_to_lIFG_T2', 0.004381198174064618)	('L_PTL_T1', 0.004325575264875368)	('T2', -0.004324492661583077)	('lPTL_to_lIFG_T2', 0.004155698558782771)	('lIFG_to_lPTL_T1', -0.0041257849929135304)	('L_PTL', 0.004030817840297102)	('rDLPFC_to_lPTL_T1', 0.003645610939473558)	('R_IFGorb_T1', -0.0035405824392030624)	('R_DLPFC_T1', 0.0029655114474837424)	('Age', -0.0026229819920434386)	('lDLPFC_to_lIFG_T1', 0.0024650702219126803)	('L_IFGorb_T1', -0.0022558250205323375)	('L_SMA_T1', -0.0022392624962300233)	('L_DLPFC_T1', 0.00195550765164316)	('T1', 0.0016262792489356033)	('L_DLPFC_T2', -0.001147548460392483)	('lSMA_to_lIFG_T2', -0.0011010506579373278)	('lDLPFC_to_lPTL_T2', 0.0010054532255372515)	('lSMA_to_lIFG_T1', -0.0008755448179302443)	('rIFG_to_lIFG_T1', -0.0008112088344918614)	('lDLPFC_to_lIFG_T2', 0.0006888012958651335)	('rDLPFC_to_lPTL_T2', -0.0006691437132754417)	('lIFG_to_lPTL_T2', -0.0004276190891001217)	('lPTL_to_lIFG_T1', 0.00014676124377209227)	('R_IFGorb_T2', 0.0001187276028544742)	('L_IFGorb_T2', -3.9557466635858874e-05)	
