predictors	pearson_correlation	mean_squared_error	r2	
rois + act_t1 + act_t2 + conn_t1 + conn_t2 + age + T1 + T2	-0.09176599858740855	0.07508378440823031	-0.061055153520604755	('lPTL_to_lIFG_T2', 0.01199344417472713)	('L_PTL_T1', -0.011650792926345329)	('rDLPFC_to_lPTL_T1', 0.01062003471653359)	('L_IFGorb_T2', 0.01021192606952877)	('L_PTL_T2', 0.008343146367585453)	('lDLPFC_to_lPTL_T1', 0.005973675425859736)	('L_SMA', 0.005971594122020083)	('T1', 0.005506794819129092)	('rDLPFC_to_lIFG_T2', 0.005106614372483118)	('L_SMA_T2', 0.00507726168150571)	('R_IFGorb_T2', 0.00478632530964366)	('lDLPFC_to_lPTL_T2', 0.0047785220970794585)	('L_DLPFC', -0.0046870190220294735)	('lDLPFC_to_lIFG_T2', -0.004535815918764204)	('lSMA_to_lIFG_T2', -0.004222400111358096)	('L_IFGorb', 0.003892314972163776)	('rIFG_to_lIFG_T2', -0.003675346968110181)	('lSMA_to_lIFG_T1', 0.0036567729092723414)	('L_DLPFC_T2', -0.0033362236805262527)	('lSMA_to_lPTL_T1', -0.0031262516829396003)	('R_DLPFC_T2', -0.002703642411166632)	('lSMA_to_lPTL_T2', -0.0026504166913679864)	('L_DLPFC_T1', 0.0021770980701817026)	('lIFG_to_lPTL_T2', -0.0021511098725154627)	('rDLPFC_to_lIFG_T1', 0.002023729285386701)	('L_PTL', 0.0018752056003742195)	('lDLPFC_to_lIFG_T1', -0.0015581175104684704)	('rIFG_to_lIFG_T1', 0.0008847270170112073)	('lPTL_to_lIFG_T1', 0.0008761807715601436)	('Age', 0.000817096590790396)	('L_SMA_T1', -0.0007759925689172127)	('R_IFGorb_T1', -0.0007698596075553978)	('lIFG_to_lPTL_T1', 0.0007386709359115866)	('R_DLPFC_T1', 0.0006040392825460224)	('T2', -0.0003789017950082864)	('rDLPFC_to_lPTL_T2', 0.00020686149799206924)	('L_IFGorb_T1', 0.00012674669281082437)	
