predictors	pearson_correlation	mean_squared_error	r2	
rois + act_t1 + act_t2 + conn_t1 + conn_t2 + age + T1 + T2	-0.049451847013541494	0.07528481137986615	-0.06389598934064211	('L_IFGorb_T2', 0.012031387556801717)	('rDLPFC_to_lIFG_T1', 0.010183767914905602)	('L_SMA', 0.008618885552941009)	('lSMA_to_lPTL_T1', 0.008383034470017463)	('lDLPFC_to_lIFG_T1', -0.006558456743049648)	('lIFG_to_lPTL_T2', 0.005929803034639476)	('L_PTL_T2', -0.005848343291499665)	('lSMA_to_lIFG_T1', 0.004888070794038439)	('rDLPFC_to_lIFG_T2', 0.004826286191694481)	('rIFG_to_lIFG_T2', -0.004718722604772956)	('T2', -0.004281900810333986)	('rDLPFC_to_lPTL_T1', -0.003918704238240899)	('L_SMA_T2', 0.0030316919087115942)	('lPTL_to_lIFG_T1', 0.0030003583950938173)	('lSMA_to_lPTL_T2', -0.002983402475243083)	('L_PTL', -0.0029293750880227793)	('lDLPFC_to_lPTL_T1', 0.0021991633873401258)	('R_IFGorb_T2', 0.0021658818234460363)	('R_IFGorb_T1', 0.0017790766772211308)	('L_PTL_T1', -0.001768845546628383)	('lIFG_to_lPTL_T1', 0.001754099741336619)	('L_IFGorb_T1', -0.0016633680615225452)	('R_DLPFC_T2', 0.0015410756417105988)	('rDLPFC_to_lPTL_T2', 0.0014708209166956199)	('lDLPFC_to_lIFG_T2', 0.0013980206682652249)	('lPTL_to_lIFG_T2', 0.0013622658165650078)	('L_DLPFC_T1', 0.0013489105238254796)	('lSMA_to_lIFG_T2', -0.0012599975332670732)	('T1', 0.001226225314609765)	('L_DLPFC_T2', 0.0011018294724364748)	('L_DLPFC', 0.0010968264572597999)	('L_SMA_T1', 0.0010568011817583434)	('Age', -0.0009325042526919634)	('lDLPFC_to_lPTL_T2', -0.0004892896068556891)	('R_DLPFC_T1', -0.0003211973360827856)	('L_IFGorb', 0.0002553303229092733)	('rIFG_to_lIFG_T1', 0.0)	
