predictors	pearson_correlation	mean_squared_error	r2	
rois + act_t1 + act_t2 + conn_t1 + conn_t2 + age + T1 + T2	-0.10077665387378638	0.07757628987448643	-0.09627828180314046	('L_SMA_T2', -0.02120956364348504)	('lSMA_to_lIFG_T1', 0.015519429111600877)	('L_DLPFC_T1', 0.013625992611475318)	('L_DLPFC', 0.0120305319483309)	('T1', 0.011540233725537212)	('L_PTL_T1', -0.01090196376517702)	('L_IFGorb_T2', -0.010840628565353925)	('lDLPFC_to_lIFG_T1', -0.009346226490194093)	('rIFG_to_lIFG_T2', 0.008756526161082877)	('lIFG_to_lPTL_T2', 0.008219822096580679)	('R_IFGorb_T2', 0.008094547514874392)	('L_DLPFC_T2', 0.008000821098790975)	('Age', 0.0077839371290828845)	('L_IFGorb_T1', 0.0076274696405742685)	('lPTL_to_lIFG_T1', 0.007362296146582854)	('lPTL_to_lIFG_T2', 0.007181070437128036)	('rDLPFC_to_lPTL_T1', 0.007136763730907426)	('lSMA_to_lIFG_T2', 0.007070461986121121)	('R_DLPFC_T2', 0.0067484164060602056)	('rDLPFC_to_lIFG_T1', 0.00599671776467713)	('rDLPFC_to_lIFG_T2', 0.005638857709812298)	('lSMA_to_lPTL_T2', 0.005517789233979061)	('L_PTL', 0.004945465172138081)	('lIFG_to_lPTL_T1', 0.004796839990973298)	('L_IFGorb', 0.004538623363170151)	('L_SMA_T1', -0.004347918869335568)	('L_PTL_T2', -0.004033062416255429)	('T2', 0.0025350896092720316)	('rIFG_to_lIFG_T1', -0.002428281928641026)	('lSMA_to_lPTL_T1', 0.002033012557550075)	('R_DLPFC_T1', 0.0013940514044177932)	('rDLPFC_to_lPTL_T2', 0.0012071217038523588)	('L_SMA', -0.0009348277137907237)	('lDLPFC_to_lPTL_T2', 0.0009070512027020654)	('lDLPFC_to_lIFG_T2', -0.0008677866146524233)	('lDLPFC_to_lPTL_T1', -0.00027410542226084827)	('R_IFGorb_T1', -6.161924008756793e-05)	
