predictors	pearson_correlation	mean_squared_error	r2	
rois + act_t1 + act_t2 + conn_t1 + conn_t2 + age + T1 + T2	0.16680462502340282	0.07036663244664285	0.005605823123422282	('R_IFGorb_T1', 0.015064428270665328)	('L_SMA', -0.01062802660566034)	('lSMA_to_lIFG_T2', 0.009157807377840872)	('rIFG_to_lIFG_T2', 0.0082073989757033)	('rDLPFC_to_lPTL_T1', -0.006844442272432124)	('R_DLPFC_T2', 0.006759701679988379)	('lDLPFC_to_lPTL_T1', 0.0065498761199130895)	('R_IFGorb_T2', 0.005713879130336502)	('L_PTL_T2', 0.005666539913248216)	('rIFG_to_lIFG_T1', 0.0052493975711524025)	('T2', 0.0052352931665102164)	('lIFG_to_lPTL_T2', 0.004662071995274676)	('L_DLPFC_T2', -0.004495654920858773)	('L_PTL_T1', -0.004295032987216789)	('L_IFGorb_T1', 0.004190243490358962)	('T1', -0.004180084192705723)	('L_SMA_T2', -0.003987598424516905)	('R_DLPFC_T1', -0.0038757323200825744)	('rDLPFC_to_lPTL_T2', 0.0035712753275876316)	('L_SMA_T1', 0.0035193108365885414)	('L_DLPFC_T1', 0.002794660025386186)	('L_IFGorb_T2', 0.0027707255136550342)	('lDLPFC_to_lPTL_T2', 0.0027433206179701027)	('lDLPFC_to_lIFG_T1', -0.0026342451974991953)	('lSMA_to_lIFG_T1', 0.002511526013791989)	('Age', -0.0024970555631290007)	('rDLPFC_to_lIFG_T1', -0.0021233675826370117)	('lIFG_to_lPTL_T1', -0.0020451392682165758)	('L_PTL', 0.001980100243789203)	('lDLPFC_to_lIFG_T2', -0.0019469829384169484)	('lSMA_to_lPTL_T1', -0.0018533921808275024)	('lSMA_to_lPTL_T2', 0.001638452699320142)	('rDLPFC_to_lIFG_T2', 0.0012547022050227283)	('L_IFGorb', 0.0011370394292444209)	('lPTL_to_lIFG_T2', 0.0007919016284885867)	('lPTL_to_lIFG_T1', 0.0006180255417497992)	('L_DLPFC', 0.00019226074983346133)	
