predictors	pearson_correlation	mean_squared_error	r2	
rois + act_t1 + act_t2 + conn_t1 + conn_t2 + age + T1 + T2	-0.031768244114962	0.08026714277066087	-0.13430437965308784	('L_PTL_T1', 0.0197090771491447)	('rIFG_to_lIFG_T2', 0.014268818440797628)	('lDLPFC_to_lIFG_T1', 0.012092761944772802)	('R_IFGorb_T2', -0.011737356685466835)	('lSMA_to_lIFG_T2', 0.011560700581818024)	('lDLPFC_to_lPTL_T2', -0.009042504453122248)	('Age', -0.008066712908461792)	('rIFG_to_lIFG_T1', 0.00795653284598493)	('L_IFGorb_T1', 0.007696025649441978)	('L_PTL', 0.007197141666915321)	('rDLPFC_to_lPTL_T2', -0.00589181982014381)	('lIFG_to_lPTL_T1', 0.005826881228921642)	('lPTL_to_lIFG_T2', 0.005094130754307543)	('R_DLPFC_T2', 0.004959526485635692)	('rDLPFC_to_lPTL_T1', -0.004818756313694294)	('lPTL_to_lIFG_T1', 0.004394878680278385)	('L_DLPFC_T1', 0.003642188531542939)	('lDLPFC_to_lPTL_T1', 0.003385469788742816)	('L_SMA', -0.0030117141552359734)	('rDLPFC_to_lIFG_T1', 0.0029820593938697446)	('L_DLPFC_T2', -0.0028655897368955545)	('L_IFGorb_T2', 0.0028374211918092457)	('T2', 0.002612030301497896)	('R_IFGorb_T1', 0.002457855971899104)	('L_PTL_T2', -0.002232347074702641)	('L_DLPFC', -0.0021692244425959135)	('rDLPFC_to_lIFG_T2', -0.002058840636586059)	('lSMA_to_lIFG_T1', 0.0018228910018434786)	('L_SMA_T1', -0.001813545752738684)	('L_SMA_T2', 0.0012347076291761864)	('lIFG_to_lPTL_T2', -0.0010168789936959325)	('R_DLPFC_T1', 0.000945863869503799)	('lSMA_to_lPTL_T1', -0.0009331470931174198)	('T1', 0.0006019458551004062)	('lDLPFC_to_lIFG_T2', -0.0002929638592347564)	('L_IFGorb', -5.127485763243927e-05)	('lSMA_to_lPTL_T2', -1.024730870580125e-05)	
