predictors	pearson_correlation	mean_squared_error	r2	
rois + act_t1 + act_t2 + conn_t1 + conn_t2 + age + T1 + T2	-0.24111212314051442	0.08674556372500915	-0.22585493207214835	('L_DLPFC_T1', 0.02162834703238566)	('lSMA_to_lPTL_T2', 0.016580235579324712)	('lIFG_to_lPTL_T1', 0.013765225231359078)	('L_SMA_T2', 0.012736825452077216)	('L_IFGorb_T1', 0.01260035565987855)	('L_DLPFC_T2', 0.011158559125405431)	('R_IFGorb_T2', -0.010410558478066809)	('rIFG_to_lIFG_T2', 0.009703558735716867)	('lDLPFC_to_lIFG_T2', 0.009076229997837356)	('lIFG_to_lPTL_T2', -0.009072006974499886)	('lDLPFC_to_lPTL_T2', 0.009008346627033204)	('rDLPFC_to_lPTL_T1', 0.008964394889281578)	('lDLPFC_to_lPTL_T1', 0.00874166750872859)	('R_DLPFC_T1', 0.008428719849738349)	('rDLPFC_to_lIFG_T1', -0.0078078024005863115)	('rIFG_to_lIFG_T1', -0.007739747866325622)	('lPTL_to_lIFG_T1', 0.00711575230488251)	('rDLPFC_to_lIFG_T2', 0.0066915307887132885)	('lSMA_to_lIFG_T2', 0.006164714433374383)	('L_SMA_T1', -0.0058994872106814065)	('L_PTL_T1', 0.004767170606209138)	('L_PTL', -0.004670748752658282)	('L_SMA', 0.004552703602113827)	('L_PTL_T2', -0.004251559348327415)	('lPTL_to_lIFG_T2', 0.004198060582668317)	('R_DLPFC_T2', -0.004158325917696344)	('lDLPFC_to_lIFG_T1', 0.0036628614906995117)	('T2', -0.003152881298646896)	('L_IFGorb_T2', 0.002321950813055933)	('rDLPFC_to_lPTL_T2', -0.002009987814504985)	('lSMA_to_lIFG_T1', -0.0017961003752345285)	('Age', 0.0013752959247434699)	('L_DLPFC', 0.0011349018067243464)	('R_IFGorb_T1', 0.0009594450497329513)	('lSMA_to_lPTL_T1', -0.0001544243811585423)	('L_IFGorb', -0.0001223957910667105)	('T1', -8.50440758263292e-05)	
