predictors	pearson_correlation	mean_squared_error	r2	
rois + act_t1 + act_t2 + conn_t1 + conn_t2 + age + T1 + T2	0.030529020239714287	0.07527115366042095	-0.06370298370411365	('T1', 0.01660453211139276)	('Age', 0.011727478270554379)	('T2', -0.010852481137556673)	('L_SMA', 0.008957456037823448)	('lIFG_to_lPTL_T2', 0.008013911886173388)	('lDLPFC_to_lPTL_T1', -0.007905989530417198)	('L_PTL_T1', 0.007394762567104013)	('R_DLPFC_T2', -0.006165374355315442)	('lDLPFC_to_lIFG_T2', -0.006129978862793052)	('lDLPFC_to_lIFG_T1', 0.006028011694612866)	('lDLPFC_to_lPTL_T2', 0.005672479481677707)	('L_DLPFC', 0.004793456222303352)	('rIFG_to_lIFG_T2', -0.004731675712339195)	('R_DLPFC_T1', 0.0038844966760542884)	('L_DLPFC_T1', 0.0037249475528923904)	('L_IFGorb', -0.0035699843801203467)	('lPTL_to_lIFG_T2', -0.0035531788771454927)	('L_IFGorb_T1', 0.003046160998167938)	('rDLPFC_to_lIFG_T1', 0.0030133982392850974)	('rDLPFC_to_lIFG_T2', 0.0028499966370694827)	('L_SMA_T1', 0.002777445374715952)	('R_IFGorb_T1', 0.0027237561814470244)	('lIFG_to_lPTL_T1', -0.002672810530131478)	('lSMA_to_lIFG_T1', -0.002641294296660555)	('lSMA_to_lIFG_T2', 0.0025094571104282365)	('L_PTL_T2', -0.0019116639244968487)	('R_IFGorb_T2', -0.0016575504253360017)	('L_PTL', 0.0016421584203600776)	('L_IFGorb_T2', -0.001566129385383401)	('rDLPFC_to_lPTL_T1', 0.001538736409378559)	('rIFG_to_lIFG_T1', -0.0013380272502556932)	('lSMA_to_lPTL_T1', 0.0013357702056591297)	('lSMA_to_lPTL_T2', -0.0011287338896358876)	('rDLPFC_to_lPTL_T2', 0.0009034212441499192)	('lPTL_to_lIFG_T1', 0.0004897558652202788)	('L_DLPFC_T2', -0.00024042332385060922)	('L_SMA_T2', 6.240826863962299e-08)	
