predictors	pearson_correlation	mean_squared_error	r2	
rois + act_t1 + act_t2 + conn_t1 + conn_t2 + age + T1 + T2	0.07903975187526376	0.07069770940875857	0.0009271708733590289	('L_PTL_T1', 0.015875528670701734)	('lDLPFC_to_lPTL_T2', 0.01219924422559868)	('rDLPFC_to_lIFG_T1', 0.012096441352793965)	('rIFG_to_lIFG_T1', 0.01191620439227054)	('lSMA_to_lIFG_T1', 0.009744520126172678)	('rIFG_to_lIFG_T2', -0.006973689515219826)	('L_IFGorb_T2', -0.006973319816266839)	('lIFG_to_lPTL_T2', 0.006581807560045485)	('lDLPFC_to_lIFG_T1', -0.006328485882688907)	('R_DLPFC_T1', -0.00603652213779022)	('L_IFGorb', 0.00575470062354194)	('rDLPFC_to_lPTL_T2', -0.00569382165198389)	('R_DLPFC_T2', -0.005262986866897745)	('rDLPFC_to_lPTL_T1', 0.005151725782745841)	('lSMA_to_lPTL_T1', 0.005079484221892853)	('L_DLPFC', -0.004880890663280044)	('L_PTL', -0.0038574731272210446)	('lDLPFC_to_lIFG_T2', -0.003763442015479113)	('R_IFGorb_T1', -0.00323179365454486)	('T1', 0.003207448938209497)	('L_SMA_T1', 0.003203096058339381)	('L_SMA', 0.003051812969077994)	('L_DLPFC_T1', 0.0023637510901588416)	('lDLPFC_to_lPTL_T1', -0.0023135603937085173)	('lPTL_to_lIFG_T1', 0.002217365660193497)	('Age', -0.001957897988166426)	('R_IFGorb_T2', -0.0019298052486487406)	('L_SMA_T2', -0.0017652589158289973)	('lSMA_to_lIFG_T2', -0.0017634065584017972)	('T2', 0.0016014199661029556)	('L_PTL_T2', 0.0015671395375670303)	('lPTL_to_lIFG_T2', -0.000910073111073746)	('lSMA_to_lPTL_T2', -0.0005261237402862939)	('L_DLPFC_T2', -0.0004079370733992963)	('lIFG_to_lPTL_T1', -0.00036997483451868356)	('rDLPFC_to_lIFG_T2', -0.00029767840516521085)	('L_IFGorb_T1', 9.706994824619271e-05)	
