predictors	pearson_correlation	mean_squared_error	r2	
rois + act_t1 + act_t2 + conn_t1 + conn_t2 + age + T1 + T2	0.08542739251076659	0.07640050772828794	-0.0796625808835063	('T2', 0.017297090041046584)	('rDLPFC_to_lPTL_T1', 0.015309687246915447)	('L_IFGorb_T2', 0.014298835763641873)	('L_IFGorb_T1', 0.013993138616655429)	('L_DLPFC_T2', 0.0108624750077276)	('R_IFGorb_T2', -0.01032976938349257)	('rDLPFC_to_lPTL_T2', -0.009875189246497664)	('Age', 0.009048124209905847)	('lSMA_to_lPTL_T1', 0.008228000019520766)	('lIFG_to_lPTL_T1', 0.007676713505753414)	('rDLPFC_to_lIFG_T2', -0.007366167765438969)	('lDLPFC_to_lIFG_T1', 0.007026457900920474)	('lPTL_to_lIFG_T1', -0.0069628393076659086)	('L_DLPFC', -0.006918552091024355)	('lDLPFC_to_lPTL_T1', 0.0068488974191533965)	('L_PTL_T2', -0.006307859474673499)	('lSMA_to_lPTL_T2', 0.005249517366874812)	('L_PTL_T1', -0.005067054264781866)	('T1', 0.004947308447921276)	('L_SMA', -0.004529069176023685)	('L_PTL', -0.003501607893829774)	('lDLPFC_to_lIFG_T2', 0.002799289834884102)	('lSMA_to_lIFG_T2', -0.002510437204377643)	('rIFG_to_lIFG_T2', -0.0024485872040053303)	('lDLPFC_to_lPTL_T2', 0.0023942453062332334)	('L_IFGorb', 0.0018718956564203572)	('R_DLPFC_T1', -0.001465382168440881)	('lIFG_to_lPTL_T2', 0.0014438944824344989)	('L_SMA_T1', 0.0014043579507297054)	('R_DLPFC_T2', -0.0012532608822620158)	('lPTL_to_lIFG_T2', 0.0011987605262159494)	('L_SMA_T2', 0.0009008074693142813)	('R_IFGorb_T1', 0.0005930084222408908)	('L_DLPFC_T1', -0.00036708066731874257)	('rIFG_to_lIFG_T1', -0.000254239305388425)	('rDLPFC_to_lIFG_T1', -0.0001598821030259361)	('lSMA_to_lIFG_T1', -1.74065060676801e-05)	
