predictors	pearson_correlation	mean_squared_error	r2	
rois + act_t1 + act_t2 + conn_t1 + conn_t2 + age + T1 + T2	-0.03513072161739979	0.07904722235862728	-0.11706493374242966	('lIFG_to_lPTL_T2', 0.0203036362939976)	('lSMA_to_lPTL_T1', 0.01650063067468925)	('lPTL_to_lIFG_T2', 0.015901876295469533)	('rDLPFC_to_lPTL_T2', 0.01589277427296935)	('T2', -0.012015122349663485)	('rDLPFC_to_lIFG_T1', 0.011008129662850539)	('L_SMA_T1', 0.010505308688906631)	('lSMA_to_lIFG_T1', -0.009132155896359167)	('Age', -0.008891944321275479)	('L_IFGorb_T1', 0.008231431785706187)	('L_SMA_T2', 0.007930753456904307)	('rDLPFC_to_lIFG_T2', -0.007883612004451234)	('T1', -0.007127895744446842)	('lIFG_to_lPTL_T1', -0.006685007070709437)	('L_DLPFC', 0.0064534454435561245)	('R_DLPFC_T2', 0.006339912248814182)	('L_IFGorb_T2', 0.006303252565814076)	('lSMA_to_lIFG_T2', 0.005943094412122813)	('R_DLPFC_T1', 0.003827119546621788)	('L_SMA', 0.003725027467048475)	('L_IFGorb', -0.0036655774358807782)	('lDLPFC_to_lPTL_T1', 0.003656188836393776)	('L_PTL_T2', -0.003207342601941228)	('lSMA_to_lPTL_T2', -0.0031991768786699716)	('rDLPFC_to_lPTL_T1', 0.002331699669352401)	('lDLPFC_to_lIFG_T1', 0.002085269787092976)	('rIFG_to_lIFG_T2', 0.0020018950605740185)	('L_PTL_T1', -0.001791494988753472)	('lPTL_to_lIFG_T1', -0.0015524527936131999)	('L_DLPFC_T1', 0.0012133776927014004)	('lDLPFC_to_lPTL_T2', 0.0011407585636518875)	('rIFG_to_lIFG_T1', -0.001060343612826128)	('lDLPFC_to_lIFG_T2', -0.0008622532270839138)	('L_PTL', -0.0007713653375059823)	('R_IFGorb_T1', -0.0006618843043934917)	('R_IFGorb_T2', -0.0005982663601235701)	('L_DLPFC_T2', 9.84319427435275e-05)	
