predictors	pearson_correlation	mean_squared_error	r2	
rois + act_t1 + act_t2 + conn_t1 + conn_t2 + age + T1 + T2	0.000620984949474483	0.07379372117985798	-0.04282447631619579	('L_DLPFC', 0.017403273199942528)	('rIFG_to_lIFG_T1', -0.014640174411067103)	('T1', 0.014007450802893943)	('lIFG_to_lPTL_T2', 0.011871025779630824)	('L_IFGorb', 0.01114319627769652)	('rIFG_to_lIFG_T2', 0.010693271452029411)	('lDLPFC_to_lIFG_T1', 0.007702016820157751)	('lDLPFC_to_lPTL_T2', -0.00670043454969455)	('rDLPFC_to_lPTL_T1', 0.006303104283073395)	('Age', 0.0061114089012080635)	('L_SMA_T1', 0.005973125883597643)	('lPTL_to_lIFG_T1', 0.005917528416487594)	('L_PTL', 0.005899167656001645)	('R_IFGorb_T2', -0.005581173233171485)	('R_IFGorb_T1', 0.00483396126296782)	('lPTL_to_lIFG_T2', -0.004605593976844502)	('L_DLPFC_T2', 0.004464902873556805)	('lIFG_to_lPTL_T1', 0.003952723341408438)	('lSMA_to_lIFG_T2', 0.0038263147895103954)	('lSMA_to_lPTL_T1', 0.003664548656537283)	('L_IFGorb_T1', -0.0033826356169336094)	('lDLPFC_to_lIFG_T2', 0.003303587794611816)	('L_SMA_T2', 0.002987643756925914)	('L_SMA', -0.0026135858163759554)	('L_DLPFC_T1', 0.0022099669131715404)	('lSMA_to_lPTL_T2', -0.00201691211731409)	('rDLPFC_to_lIFG_T2', -0.0019745267036495296)	('lSMA_to_lIFG_T1', 0.0019340963969222491)	('lDLPFC_to_lPTL_T1', 0.0015655707672631485)	('R_DLPFC_T2', -0.0015533190362106842)	('L_PTL_T1', -0.0012810809427251282)	('T2', 0.0011388191698003783)	('rDLPFC_to_lIFG_T1', -0.001046422765774508)	('L_PTL_T2', -0.0006631771663599807)	('R_DLPFC_T1', -0.0006130516575500859)	('L_IFGorb_T2', 0.0001881225889367482)	('rDLPFC_to_lPTL_T2', -0.0001409008217156097)	
