predictors	pearson_correlation	mean_squared_error	r2	
rois + act_t1 + act_t2 + conn_t1 + conn_t2 + age + T1 + T2	-0.17473986567636685	0.07867536108536045	-0.11180993329853539	('lSMA_to_lIFG_T1', 0.012350058230660127)	('L_IFGorb', 0.011510129216740692)	('L_DLPFC', 0.01018923604151447)	('Age', 0.009591963265146398)	('R_DLPFC_T2', 0.009482288080642533)	('L_PTL_T1', -0.007837641651766541)	('L_IFGorb_T1', 0.007263778748724211)	('L_SMA', 0.006695276104148799)	('L_DLPFC_T2', 0.006612934300234909)	('lDLPFC_to_lIFG_T1', 0.00645592696010726)	('rDLPFC_to_lPTL_T1', -0.005710180338917768)	('R_IFGorb_T1', 0.005368900628664575)	('L_PTL', 0.005154165892553119)	('T1', -0.0050191100052452)	('R_IFGorb_T2', 0.0046533384836296415)	('R_DLPFC_T1', -0.004459694984866833)	('L_IFGorb_T2', 0.0040424773510119505)	('lDLPFC_to_lIFG_T2', -0.003996488429782432)	('L_SMA_T1', 0.0036908428242613295)	('lPTL_to_lIFG_T1', 0.0034843072364360416)	('lDLPFC_to_lPTL_T2', -0.003462601117130036)	('rDLPFC_to_lIFG_T2', -0.0028445688814076452)	('lIFG_to_lPTL_T2', -0.002829204145773424)	('rDLPFC_to_lPTL_T2', -0.0027780442760862007)	('lSMA_to_lPTL_T2', 0.0026755354988569546)	('rIFG_to_lIFG_T1', -0.0025015329846247705)	('rDLPFC_to_lIFG_T1', 0.0021740681502664602)	('lSMA_to_lPTL_T1', 0.001884927756652087)	('lDLPFC_to_lPTL_T1', -0.0014687954602000378)	('L_SMA_T2', 0.0011067172670809705)	('lPTL_to_lIFG_T2', 0.001025206396660026)	('rIFG_to_lIFG_T2', 0.000822452564301671)	('T2', 0.0007841860983294497)	('lIFG_to_lPTL_T1', -0.0007382133068810123)	('L_PTL_T2', 0.0005271931584324399)	('lSMA_to_lIFG_T2', -0.0003127798956569275)	('L_DLPFC_T1', 9.227687943613905e-05)	
