predictors	pearson_correlation	mean_squared_error	r2	
rois + act_t1 + act_t2 + conn_t1 + conn_t2 + age + T1 + T2	0.03127370337395772	0.07298553084978941	-0.03140344151482832	('rIFG_to_lIFG_T2', 0.017257278600074547)	('rIFG_to_lIFG_T1', 0.010531799713234698)	('lDLPFC_to_lIFG_T2', 0.00965078557697348)	('L_SMA_T2', 0.009033551717884182)	('rDLPFC_to_lIFG_T1', 0.008962999289108906)	('lSMA_to_lPTL_T1', 0.008839410528860907)	('L_IFGorb_T2', -0.008630416219257519)	('lDLPFC_to_lPTL_T2', -0.007574158265223698)	('R_IFGorb_T2', 0.00671033068678807)	('lSMA_to_lPTL_T2', 0.006637487681880214)	('R_IFGorb_T1', -0.00613365026492903)	('lDLPFC_to_lIFG_T1', 0.005983757742856389)	('rDLPFC_to_lPTL_T2', -0.00594932200902032)	('L_IFGorb', 0.005648300882875033)	('lSMA_to_lIFG_T2', -0.005648149451258495)	('lSMA_to_lIFG_T1', 0.005340204338330844)	('lPTL_to_lIFG_T1', 0.004969085900221064)	('L_DLPFC_T1', 0.004021682158460251)	('L_SMA_T1', 0.0038186874520513706)	('L_DLPFC_T2', -0.003791507984401864)	('R_DLPFC_T2', -0.003673355430692945)	('R_DLPFC_T1', -0.0034588122246298723)	('T2', 0.003431422016786518)	('Age', -0.003024028254417153)	('T1', -0.0024834843284656442)	('rDLPFC_to_lPTL_T1', -0.0022525644010108867)	('L_PTL_T2', -0.0021806635138635934)	('lDLPFC_to_lPTL_T1', 0.00200912040359408)	('lIFG_to_lPTL_T1', 0.001923119592655669)	('lPTL_to_lIFG_T2', -0.0017630699730820396)	('L_PTL', -0.001589529521970233)	('lIFG_to_lPTL_T2', 0.0014161407663445006)	('rDLPFC_to_lIFG_T2', -0.0008446763798799081)	('L_PTL_T1', 0.0006654879074781328)	('L_SMA', -0.000458219491910522)	('L_IFGorb_T1', -0.0003849057203526614)	('L_DLPFC', -0.00014230170710957465)	
