predictors	pearson_correlation	mean_squared_error	r2	
rois + act_t1 + act_t2 + conn_t1 + conn_t2 + age + T1 + T2	0.13524433735652105	0.07582585781038367	-0.07154184933450258	('R_DLPFC_T2', -0.02924042813357723)	('lPTL_to_lIFG_T1', 0.028549969403436872)	('L_PTL_T2', 0.025373614271873107)	('T2', 0.023408549429811614)	('lSMA_to_lIFG_T2', 0.023299274649499886)	('lDLPFC_to_lIFG_T2', 0.02152744724800702)	('L_SMA_T1', 0.017188664555469725)	('rDLPFC_to_lIFG_T2', 0.016298436941372386)	('rDLPFC_to_lPTL_T1', 0.015021190245250872)	('L_DLPFC_T1', -0.014648968635696013)	('R_DLPFC_T1', -0.013631814766431914)	('rDLPFC_to_lPTL_T2', -0.012810884936590676)	('lSMA_to_lIFG_T1', -0.012585005675724794)	('R_IFGorb_T2', 0.012340670614855177)	('L_PTL_T1', -0.01109096049800978)	('lSMA_to_lPTL_T2', 0.010513320083424406)	('R_IFGorb_T1', -0.010120312054599082)	('L_SMA', 0.009357920339168808)	('lDLPFC_to_lPTL_T1', 0.008968890251757967)	('L_IFGorb', 0.008154338081598862)	('L_SMA_T2', 0.007418312062663273)	('L_DLPFC_T2', 0.007349480791874022)	('L_PTL', -0.0071868896573795095)	('L_IFGorb_T1', 0.007025488471565082)	('lDLPFC_to_lPTL_T2', 0.006659524475346597)	('L_DLPFC', 0.005939979063010777)	('lPTL_to_lIFG_T2', 0.005279340049105447)	('rIFG_to_lIFG_T1', -0.00459072924354488)	('rIFG_to_lIFG_T2', -0.004194610116752552)	('lSMA_to_lPTL_T1', 0.0040336314524598215)	('T1', 0.0031013088279641917)	('lIFG_to_lPTL_T2', 0.002530449687813149)	('lIFG_to_lPTL_T1', 0.002365153887613159)	('L_IFGorb_T2', -0.0015519712180593155)	('lDLPFC_to_lIFG_T1', -0.0007082511239408388)	('Age', 0.0006336326839238933)	('rDLPFC_to_lIFG_T1', 0.000590942135035975)	
