predictors	pearson_correlation	mean_squared_error	r2	
rois + act_t1 + act_t2 + conn_t1 + conn_t2 + age + T1 + T2	0.22086896897259042	0.06742205532323732	0.0472174541347361	('lPTL_to_lIFG_T2', -0.016141211714792325)	('rDLPFC_to_lPTL_T2', 0.013714436355731136)	('L_SMA_T2', 0.011372635032569748)	('L_DLPFC_T1', -0.009765256107063105)	('lDLPFC_to_lIFG_T1', 0.008731728882724676)	('lSMA_to_lIFG_T1', 0.008683817550420232)	('L_PTL_T1', 0.008637179964313811)	('lIFG_to_lPTL_T2', 0.008356370643330278)	('lSMA_to_lPTL_T2', 0.008149212035597729)	('lIFG_to_lPTL_T1', 0.007926734458777089)	('lDLPFC_to_lIFG_T2', 0.005998785766036122)	('rDLPFC_to_lIFG_T1', -0.005997739911031156)	('L_SMA_T1', -0.005593573287050921)	('L_PTL', 0.0055359811621846005)	('Age', 0.004977282949243416)	('L_PTL_T2', -0.004817340492676145)	('rDLPFC_to_lPTL_T1', 0.004779912131128548)	('lPTL_to_lIFG_T1', 0.004615748119555731)	('rIFG_to_lIFG_T2', 0.0036287482280656564)	('lDLPFC_to_lPTL_T2', 0.0035486195692809286)	('rDLPFC_to_lIFG_T2', 0.003228350642820633)	('R_IFGorb_T1', 0.0031843986289525577)	('lSMA_to_lPTL_T1', -0.0031319493230314442)	('L_IFGorb', 0.0030029232920996685)	('L_IFGorb_T1', -0.002844937907994285)	('T1', 0.0024964754061681475)	('L_DLPFC', -0.002304080348842135)	('R_DLPFC_T2', -0.0022833780864228285)	('L_IFGorb_T2', -0.002244353556218147)	('lSMA_to_lIFG_T2', -0.0021766294816183604)	('L_DLPFC_T2', 0.0018642097146403416)	('lDLPFC_to_lPTL_T1', -0.0015050946183080868)	('rIFG_to_lIFG_T1', -0.001417203369849448)	('R_IFGorb_T2', -0.0012737394605205664)	('L_SMA', -0.0010633194499065943)	('R_DLPFC_T1', -0.0007146973159473751)	('T2', 0.0004187262693556132)	
