predictors	pearson_correlation	mean_squared_error	r2	
rois + act_t1 + act_t2 + conn_t1 + conn_t2 + age + T1 + T2	0.1687540964271717	0.06965274639439409	0.015694186153269674	('lDLPFC_to_lIFG_T2', 0.018377977097266053)	('lSMA_to_lIFG_T2', 0.016916713433768826)	('rIFG_to_lIFG_T2', 0.010737289496859443)	('T1', 0.009595279104767616)	('L_PTL_T1', -0.00890218909432486)	('lPTL_to_lIFG_T2', 0.008629038234424681)	('L_SMA', 0.008394556111098116)	('L_IFGorb_T1', 0.007774508277347272)	('rDLPFC_to_lPTL_T1', 0.007571974549749122)	('R_DLPFC_T1', 0.007545972199259563)	('lDLPFC_to_lPTL_T1', 0.006253822107370133)	('L_DLPFC', 0.006083847000417316)	('lSMA_to_lPTL_T1', 0.004859644936183795)	('lDLPFC_to_lPTL_T2', 0.004244914452464018)	('rDLPFC_to_lIFG_T1', 0.004029580436018064)	('L_IFGorb_T2', -0.0030873344556420395)	('Age', -0.002923402408603239)	('rDLPFC_to_lIFG_T2', 0.0024317218479621653)	('R_IFGorb_T2', -0.0024023460858042)	('lIFG_to_lPTL_T2', -0.0023989464186369453)	('lPTL_to_lIFG_T1', -0.002223314293636618)	('lSMA_to_lIFG_T1', 0.0020774736518136194)	('T2', 0.0018981112812690938)	('L_IFGorb', 0.0018886512112136)	('lSMA_to_lPTL_T2', 0.001762641372775505)	('lDLPFC_to_lIFG_T1', 0.0014297934285805848)	('rIFG_to_lIFG_T1', -0.0012925329793899258)	('L_PTL_T2', -0.0011589118974163763)	('lIFG_to_lPTL_T1', -0.0011171440722566714)	('L_SMA_T1', -0.0009017415315565771)	('rDLPFC_to_lPTL_T2', -0.0007501579551329614)	('L_SMA_T2', 0.0005054883116411036)	('R_DLPFC_T2', -0.0003892662877253678)	('R_IFGorb_T1', 0.00036281088514107093)	('L_PTL', -0.000318807110716771)	('L_DLPFC_T2', 0.00019527954681138727)	('L_DLPFC_T1', -5.470275012049144e-05)	
