predictors	pearson_correlation	mean_squared_error	r2	
rois + act_t1 + act_t2 + conn_t1 + conn_t2 + age + T1 + T2	0.2187474723495299	0.06770395282557194	0.04323378708899306	('R_IFGorb_T1', 0.0262133951381043)	('rDLPFC_to_lPTL_T2', 0.01890703523413052)	('lIFG_to_lPTL_T1', 0.017651706450427348)	('L_SMA_T1', 0.014017100616150975)	('L_DLPFC', 0.013312544073521202)	('L_IFGorb_T1', 0.012550334667467486)	('lSMA_to_lIFG_T2', 0.011346602089167747)	('L_SMA_T2', -0.010502669715995783)	('rIFG_to_lIFG_T2', -0.010344406215085908)	('lDLPFC_to_lIFG_T1', -0.009298892123036695)	('lPTL_to_lIFG_T2', 0.008138700820384735)	('lDLPFC_to_lPTL_T1', -0.008127236595131553)	('lDLPFC_to_lPTL_T2', 0.007079193053774536)	('L_DLPFC_T2', -0.006894496976867665)	('L_IFGorb_T2', 0.006275506558825817)	('rDLPFC_to_lIFG_T2', 0.005951904847775974)	('rDLPFC_to_lIFG_T1', -0.005133450266422031)	('L_DLPFC_T1', 0.00436030314009445)	('rDLPFC_to_lPTL_T1', 0.004132847908944466)	('lDLPFC_to_lIFG_T2', -0.003909492213592947)	('R_DLPFC_T2', -0.003722927991407263)	('lSMA_to_lPTL_T1', 0.003629390272282146)	('L_PTL', -0.0035620021731252133)	('rIFG_to_lIFG_T1', 0.003556036435959746)	('L_PTL_T1', -0.003420922401896368)	('L_IFGorb', 0.003341901680283386)	('lPTL_to_lIFG_T1', 0.0028516695899364754)	('L_PTL_T2', -0.0024911539471673314)	('R_IFGorb_T2', -0.002195605876537558)	('R_DLPFC_T1', -0.0017981233051104749)	('lSMA_to_lPTL_T2', -0.0017754493463748118)	('L_SMA', -0.0016699959702619494)	('T1', 0.00161814672749554)	('Age', -0.0012207682353404022)	('lSMA_to_lIFG_T1', 0.0007598982940897816)	('lIFG_to_lPTL_T2', 0.00037301052005596087)	('T2', -0.0003590342991688925)	
