predictors	pearson_correlation	mean_squared_error	r2	
rois + act_t1 + act_t2 + conn_t1 + conn_t2 + age + T1 + T2	0.12416135326692414	0.07043848802930065	0.004590387675020291	('T1', 0.013477307130918841)	('lPTL_to_lIFG_T1', 0.012358451543989256)	('rDLPFC_to_lIFG_T2', 0.011120940545522387)	('lIFG_to_lPTL_T2', 0.009015808669266922)	('rDLPFC_to_lPTL_T2', 0.008493291729140918)	('rIFG_to_lIFG_T1', -0.00828531908733292)	('L_PTL_T2', 0.007800973797420426)	('rDLPFC_to_lIFG_T1', 0.007553665316935089)	('R_DLPFC_T1', -0.007325118986694673)	('lDLPFC_to_lIFG_T1', 0.007000293467710684)	('lDLPFC_to_lPTL_T1', -0.006905514883942518)	('R_IFGorb_T1', 0.006665272742368348)	('lDLPFC_to_lPTL_T2', 0.006421428165024499)	('L_DLPFC', -0.0063420089801903045)	('lSMA_to_lIFG_T2', 0.006287350972133466)	('L_SMA_T2', 0.005248345992618879)	('L_SMA_T1', 0.0042546750838454135)	('L_IFGorb_T2', 0.003854014772967888)	('lSMA_to_lPTL_T1', 0.003678316271409574)	('L_DLPFC_T1', 0.0035724526404700657)	('L_DLPFC_T2', 0.00349824519718783)	('L_SMA', -0.003378302401714924)	('R_DLPFC_T2', 0.00331819175712953)	('lDLPFC_to_lIFG_T2', 0.0030496273000989076)	('lSMA_to_lPTL_T2', 0.0030289244380687385)	('R_IFGorb_T2', -0.0025105514267203615)	('L_IFGorb_T1', 0.002446337752386537)	('lIFG_to_lPTL_T1', 0.00231059067263756)	('Age', -0.002110631186561582)	('L_IFGorb', 0.0017388309033048125)	('L_PTL', -0.0013837955761457999)	('L_PTL_T1', -0.001168736464280157)	('lSMA_to_lIFG_T1', 0.0008344972559778484)	('T2', 0.0008286247366407791)	('rDLPFC_to_lPTL_T1', -0.0008097339907128964)	('rIFG_to_lIFG_T2', 0.0004730196830636456)	('lPTL_to_lIFG_T2', 0.0001054054834877235)	
