predictors	pearson_correlation	mean_squared_error	r2	
rois + act_t1 + act_t2 + conn_t1 + conn_t2 + age + T1 + T2	0.10417818484531445	0.07005569695301377	0.009999843890061366	('lIFG_to_lPTL_T2', 0.008311440705502628)	('rDLPFC_to_lIFG_T1', 0.00680512093613266)	('T2', 0.006412501044980537)	('lDLPFC_to_lPTL_T1', 0.004855523824109155)	('L_DLPFC_T2', 0.0048208077808448236)	('L_IFGorb', 0.004689943080941076)	('lPTL_to_lIFG_T2', -0.00443380673659686)	('R_DLPFC_T2', 0.004028478746896622)	('lSMA_to_lIFG_T2', -0.0036764155175779776)	('L_SMA_T1', 0.0035185833791304593)	('L_IFGorb_T1', 0.0031906187448636717)	('T1', 0.003173279121388355)	('R_IFGorb_T1', -0.003070068968609518)	('R_IFGorb_T2', 0.0029308881148015424)	('lDLPFC_to_lIFG_T1', 0.002592051137617014)	('rDLPFC_to_lIFG_T2', -0.002326969438603247)	('Age', -0.002318134735667867)	('lSMA_to_lPTL_T2', 0.0019395701473277687)	('rDLPFC_to_lPTL_T1', 0.001644350054111374)	('R_DLPFC_T1', 0.001604939281265323)	('L_PTL_T2', 0.001460400233813497)	('lSMA_to_lPTL_T1', 0.0013771727239212045)	('rIFG_to_lIFG_T1', 0.0013587858351817377)	('lDLPFC_to_lIFG_T2', -0.000947057879884298)	('L_SMA', 0.0008924452062155409)	('L_PTL_T1', -0.0008332487681003468)	('rDLPFC_to_lPTL_T2', 0.000749893190270766)	('L_SMA_T2', 0.0007480191799468365)	('lPTL_to_lIFG_T1', 0.0007407393278966996)	('L_DLPFC_T1', -0.00059618298378404)	('L_DLPFC', -0.0005499438156305558)	('L_PTL', -0.0004409775210048845)	('lSMA_to_lIFG_T1', 0.000163402459654174)	('L_IFGorb_T2', -0.0001589069737129404)	('rIFG_to_lIFG_T2', -2.973857282777229e-05)	('lIFG_to_lPTL_T1', 2.2989758302984515e-05)	('lDLPFC_to_lPTL_T2', 0.0)	
