predictors	pearson_correlation	mean_squared_error	r2	
rois + act_t1 + act_t2 + conn_t1 + conn_t2 + age + T1 + T2	0.0877971059659918	0.07146331511840835	-0.009892074456257838	('lDLPFC_to_lPTL_T1', 0.015400193211978207)	('rIFG_to_lIFG_T1', 0.014746768118896284)	('lDLPFC_to_lIFG_T1', 0.014583571981489591)	('L_IFGorb', 0.013492246457400828)	('R_DLPFC_T2', -0.010791250217377996)	('lDLPFC_to_lPTL_T2', 0.009519504630057194)	('lIFG_to_lPTL_T1', 0.00838615549989355)	('L_DLPFC_T2', 0.008140206137053749)	('R_DLPFC_T1', 0.007336555547526935)	('L_IFGorb_T1', -0.007226356026153726)	('lSMA_to_lIFG_T1', 0.0068561108511608175)	('rDLPFC_to_lPTL_T2', -0.006794745409185311)	('lSMA_to_lPTL_T1', 0.006731886755533125)	('L_SMA_T1', 0.0066629142719980715)	('rDLPFC_to_lIFG_T1', 0.005659531228885425)	('Age', -0.005486539101937488)	('R_IFGorb_T1', -0.0054328598064787275)	('T1', 0.00516892702484264)	('L_SMA_T2', 0.005039925346994894)	('rDLPFC_to_lPTL_T1', -0.004966902185938902)	('lPTL_to_lIFG_T2', -0.004960002863036048)	('L_PTL', 0.004662426085827492)	('L_PTL_T1', -0.004467790758382293)	('L_SMA', -0.0038291094411196285)	('rIFG_to_lIFG_T2', -0.0030224072945585394)	('L_IFGorb_T2', 0.0028199162340077997)	('lIFG_to_lPTL_T2', 0.0023805681538064862)	('rDLPFC_to_lIFG_T2', -0.0021553062557979467)	('L_DLPFC', -0.0020734961697357543)	('T2', 0.0017862934438605212)	('R_IFGorb_T2', 0.0017426129777891423)	('lSMA_to_lIFG_T2', -0.001438805693724786)	('L_DLPFC_T1', 0.0011710456700929036)	('L_PTL_T2', 0.0009746195133894474)	('lPTL_to_lIFG_T1', -0.0008454718620010012)	('lSMA_to_lPTL_T2', 0.0003101775049082413)	('lDLPFC_to_lIFG_T2', 4.301270137992988e-05)	
