predictors	pearson_correlation	mean_squared_error	r2	
rois + act_t1 + act_t2 + conn_t1 + conn_t2 + age + T1 + T2	0.1122861962865237	0.06997837603510099	0.011092513353553435	('Age', 0.024659369837836422)	('lSMA_to_lIFG_T2', 0.017760902709410522)	('L_DLPFC', 0.01454948328319414)	('rIFG_to_lIFG_T2', 0.012458784619301336)	('lDLPFC_to_lPTL_T1', 0.008124231134119923)	('R_IFGorb_T1', -0.00798250346314905)	('lDLPFC_to_lIFG_T2', 0.007712741683599137)	('rDLPFC_to_lPTL_T2', 0.007437355164302572)	('lPTL_to_lIFG_T1', -0.006743638348180643)	('L_SMA_T1', 0.0061589941362329885)	('L_SMA_T2', 0.006053091166178928)	('T1', 0.0060021891680322416)	('rDLPFC_to_lIFG_T2', 0.005462704162001723)	('rDLPFC_to_lIFG_T1', 0.005195534819661232)	('L_IFGorb', 0.00497251348582761)	('L_PTL', -0.004887576558150943)	('R_DLPFC_T1', -0.004821108582301674)	('lIFG_to_lPTL_T2', 0.0046174335581815225)	('L_PTL_T2', -0.0037036206232147796)	('lDLPFC_to_lIFG_T1', -0.0033721743293046373)	('L_IFGorb_T1', 0.0031210089982415317)	('lDLPFC_to_lPTL_T2', -0.0027564486739640954)	('R_DLPFC_T2', -0.0027462331195250056)	('L_SMA', -0.0027049399259922494)	('L_IFGorb_T2', -0.0020795723274610978)	('lSMA_to_lIFG_T1', 0.0017210321892121591)	('rIFG_to_lIFG_T1', -0.0012261121993948723)	('L_PTL_T1', 0.0011750348407729677)	('L_DLPFC_T2', -0.0008825183100562806)	('lSMA_to_lPTL_T2', 0.000744453782865664)	('R_IFGorb_T2', -0.0005366616965770199)	('lSMA_to_lPTL_T1', 0.000494195859672031)	('L_DLPFC_T1', -0.00035447490121655003)	('rDLPFC_to_lPTL_T1', -0.00032268273039599534)	('lPTL_to_lIFG_T2', -0.0002726416899471683)	('lIFG_to_lPTL_T1', 9.366627504472789e-05)	('T2', 1.9043771958781458e-05)	
