predictors	pearson_correlation	mean_squared_error	r2	
rois + act_t1 + act_t2 + conn_t1 + conn_t2 + age + T1 + T2	-0.007807121208324188	0.073020872572769	-0.03190287714660056	('R_IFGorb_T1', 0.023068003752868733)	('L_DLPFC_T2', 0.02266596581260959)	('lSMA_to_lIFG_T2', 0.014115678004579236)	('R_DLPFC_T1', 0.013179296797210367)	('lSMA_to_lIFG_T1', 0.013053144653977522)	('lSMA_to_lPTL_T1', 0.012654822407393287)	('lPTL_to_lIFG_T2', -0.012538177893195118)	('L_IFGorb_T2', 0.011406728637838263)	('lIFG_to_lPTL_T2', 0.011327439356755124)	('rDLPFC_to_lIFG_T1', -0.011158509882549116)	('L_DLPFC_T1', -0.01100065588076898)	('R_DLPFC_T2', -0.007505029431496267)	('lDLPFC_to_lPTL_T2', -0.007343450965626743)	('lSMA_to_lPTL_T2', -0.006303292694382859)	('lIFG_to_lPTL_T1', 0.006188997403709289)	('L_PTL_T2', -0.006074672783666954)	('L_PTL', 0.00562471968323262)	('lDLPFC_to_lIFG_T1', -0.005122147167837958)	('lDLPFC_to_lPTL_T1', -0.004803899858564521)	('L_IFGorb', 0.004252313529148384)	('L_IFGorb_T1', -0.004133370200999972)	('L_DLPFC', -0.004017441911681675)	('lDLPFC_to_lIFG_T2', 0.0035972819635140697)	('rDLPFC_to_lPTL_T2', -0.0035450882409184484)	('Age', -0.003082098092981593)	('T1', 0.0026164663073275215)	('L_PTL_T1', 0.0023301878563396594)	('R_IFGorb_T2', -0.0022806046175392457)	('lPTL_to_lIFG_T1', 0.0020504273810820046)	('rDLPFC_to_lIFG_T2', 0.001787165740718023)	('rDLPFC_to_lPTL_T1', -0.0014919002734864466)	('L_SMA', -0.0012419803364749579)	('L_SMA_T1', 0.0011438450815372408)	('rIFG_to_lIFG_T1', -0.0010760173496139457)	('L_SMA_T2', 0.0008528100320577422)	('T2', 0.0007028636039537455)	('rIFG_to_lIFG_T2', 2.66130827695316e-05)	
