predictors	pearson_correlation	mean_squared_error	r2	
rois + act_t1 + act_t2 + conn_t1 + conn_t2 + age + T1 + T2	0.025665657244695918	0.07148756469362312	-0.010234760123410958	('lPTL_to_lIFG_T2', 0.025149273549040136)	('lSMA_to_lPTL_T2', 0.013351325224180003)	('lDLPFC_to_lPTL_T2', 0.01325505313778972)	('L_PTL_T1', 0.012640671114681075)	('lDLPFC_to_lIFG_T2', -0.011409942365610768)	('L_DLPFC_T2', 0.011060833899218093)	('R_IFGorb_T2', -0.010951449714768597)	('L_SMA', 0.010041581405927548)	('L_IFGorb_T1', 0.009503780026429716)	('lSMA_to_lIFG_T1', 0.008939873478303741)	('lSMA_to_lIFG_T2', -0.008900044694742704)	('rDLPFC_to_lPTL_T2', -0.0077331200814921746)	('L_DLPFC_T1', 0.007303867871512756)	('L_SMA_T2', 0.006017782523256116)	('T1', -0.005497637027811646)	('lDLPFC_to_lPTL_T1', 0.004836066856362203)	('lSMA_to_lPTL_T1', -0.004643623480259102)	('L_PTL_T2', 0.004587794747071601)	('rDLPFC_to_lIFG_T1', -0.004403506187578111)	('lIFG_to_lPTL_T1', 0.00437209463485123)	('rDLPFC_to_lPTL_T1', 0.004240807160104215)	('L_IFGorb_T2', -0.0036971293967290163)	('L_IFGorb', 0.0035241041253699173)	('R_DLPFC_T1', 0.003456361413942835)	('rIFG_to_lIFG_T1', 0.0033283704575498047)	('rIFG_to_lIFG_T2', -0.003322357584666905)	('L_PTL', -0.0029357161344940874)	('R_IFGorb_T1', -0.002805474735377203)	('L_DLPFC', 0.0027656446472464646)	('lPTL_to_lIFG_T1', 0.0025350674731331392)	('lDLPFC_to_lIFG_T1', 0.0024496042738257682)	('Age', -0.0019558183603673716)	('R_DLPFC_T2', 0.0011457334575056828)	('lIFG_to_lPTL_T2', -0.0010655588154480724)	('L_SMA_T1', 0.0009454843459968967)	('rDLPFC_to_lIFG_T2', 0.00013383514248331647)	('T2', -0.00010782898262604272)	
