predictors	pearson_correlation	mean_squared_error	r2	
rois + act_t1 + act_t2 + conn_t1 + conn_t2 + age + T1 + T2	0.09239046416413099	0.07025177404690647	0.007228957837874139	('rDLPFC_to_lIFG_T2', 0.010110150090261045)	('L_PTL_T1', 0.008286055301766532)	('L_SMA', -0.007722692535181838)	('lIFG_to_lPTL_T1', 0.007208868165543242)	('L_SMA_T2', -0.007179043134036473)	('lDLPFC_to_lIFG_T2', 0.007022491225364491)	('L_PTL', 0.006733418404819137)	('rDLPFC_to_lPTL_T2', -0.005620867835882866)	('lSMA_to_lIFG_T2', 0.005486025593000328)	('L_IFGorb', 0.005212488648273971)	('lSMA_to_lIFG_T1', -0.00506489764185673)	('lDLPFC_to_lPTL_T2', 0.0037592791310960415)	('L_IFGorb_T2', 0.0034627961694444175)	('L_DLPFC_T2', 0.003326534417683887)	('T2', 0.0032014116967754884)	('R_DLPFC_T1', -0.0031300930922505154)	('rIFG_to_lIFG_T2', -0.003043769890582568)	('lDLPFC_to_lIFG_T1', 0.0027954341794197467)	('lPTL_to_lIFG_T2', 0.0024855216018535137)	('rIFG_to_lIFG_T1', -0.0022709810686029506)	('R_IFGorb_T2', 0.0022291875635565223)	('rDLPFC_to_lPTL_T1', 0.0018460200791601338)	('R_DLPFC_T2', -0.0018008115671805495)	('lPTL_to_lIFG_T1', 0.0014229120789651282)	('L_DLPFC', -0.001186490698342682)	('rDLPFC_to_lIFG_T1', 0.0011349924221287972)	('lDLPFC_to_lPTL_T1', 0.0011333122930656883)	('L_DLPFC_T1', 0.0008060748102932684)	('lSMA_to_lPTL_T2', 0.000760612022462237)	('L_SMA_T1', 0.0006778502126552322)	('Age', -0.0006665763507854982)	('lSMA_to_lPTL_T1', 0.0006315296852869029)	('R_IFGorb_T1', 0.0005576356908386473)	('L_IFGorb_T1', -0.0004610884387732957)	('T1', 0.00041370318099004963)	('lIFG_to_lPTL_T2', 0.00014769397552759017)	('L_PTL_T2', -0.00011862006211382908)	
