predictors	pearson_correlation	mean_squared_error	r2	
rois + act_t1 + act_t2 + conn_t1 + conn_t2 + age + T1 + T2	0.04360060076861991	0.0711715362061936	-0.005768767127862784	('lSMA_to_lPTL_T1', 0.009576968976898094)	('rDLPFC_to_lPTL_T1', 0.009229964489096583)	('R_DLPFC_T2', 0.004609188351705675)	('lPTL_to_lIFG_T2', -0.00431099268067489)	('lDLPFC_to_lPTL_T1', 0.003676845369335328)	('L_DLPFC', 0.003622129190576347)	('T1', 0.003494375365648742)	('lSMA_to_lIFG_T1', -0.003179206720547213)	('rIFG_to_lIFG_T2', -0.003110636829555488)	('lSMA_to_lPTL_T2', -0.003059398356757968)	('L_PTL_T2', 0.003035587660684085)	('L_IFGorb_T2', -0.0029656360435171367)	('rIFG_to_lIFG_T1', 0.002946706509899682)	('R_IFGorb_T1', 0.0026311897885971)	('L_SMA_T1', -0.0025957874398945587)	('rDLPFC_to_lIFG_T1', 0.0025901642885414575)	('lIFG_to_lPTL_T1', -0.0024314754825926067)	('rDLPFC_to_lIFG_T2', 0.0022252627993450823)	('L_PTL', 0.0022182585680429593)	('lDLPFC_to_lIFG_T2', 0.0021745341900810955)	('L_SMA_T2', -0.00212811346393025)	('lPTL_to_lIFG_T1', 0.0017912717967383772)	('L_IFGorb', -0.0017881890953052597)	('Age', -0.0012280226676929717)	('L_SMA', 0.0012197514003315514)	('lDLPFC_to_lIFG_T1', -0.0010807178515062194)	('L_PTL_T1', 0.001054638731073471)	('L_DLPFC_T1', -0.0010539648187036853)	('T2', 0.0010030361657002672)	('rDLPFC_to_lPTL_T2', -0.0009466718928272325)	('lIFG_to_lPTL_T2', -0.0008096476816911883)	('lSMA_to_lIFG_T2', 0.0007966663227301171)	('lDLPFC_to_lPTL_T2', -0.0007819993552740918)	('L_DLPFC_T2', 0.0007413635018704838)	('R_IFGorb_T2', -0.000443578433135257)	('L_IFGorb_T1', -6.439446460999484e-05)	('R_DLPFC_T1', 6.232720973743124e-05)	
