predictors	pearson_correlation	mean_squared_error	r2	
rois + act_t1 + act_t2 + conn_t1 + conn_t2 + age + T1 + T2	0.26537050384676303	0.06651430374255901	0.06004545022452301	('L_DLPFC', 0.01504446379627424)	('rDLPFC_to_lIFG_T2', 0.014818059220068012)	('L_SMA', 0.014665239254721872)	('lDLPFC_to_lIFG_T2', 0.01250598352320276)	('T2', 0.011510495441494299)	('L_DLPFC_T2', -0.010002758006280567)	('rDLPFC_to_lIFG_T1', -0.009358870028729533)	('lDLPFC_to_lPTL_T2', 0.008761253143929247)	('L_PTL_T1', 0.00873925896621432)	('lIFG_to_lPTL_T1', 0.0061009650474518696)	('L_IFGorb', -0.0060130170596175685)	('rDLPFC_to_lPTL_T1', 0.005975682565483992)	('L_PTL_T2', -0.00581627001782033)	('L_IFGorb_T1', 0.004661494875417649)	('rIFG_to_lIFG_T1', 0.004171173098963217)	('R_DLPFC_T1', 0.0039909721036670955)	('R_DLPFC_T2', 0.003965833405854691)	('R_IFGorb_T2', 0.003948447985763503)	('Age', -0.0037700837754037655)	('rIFG_to_lIFG_T2', -0.0036825201068738495)	('L_SMA_T2', 0.0036257673099144017)	('lDLPFC_to_lIFG_T1', 0.0034462883509821275)	('lIFG_to_lPTL_T2', -0.003064045629328075)	('L_PTL', 0.0023322632200386663)	('rDLPFC_to_lPTL_T2', -0.002235771097193355)	('R_IFGorb_T1', 0.0017416895978867356)	('L_DLPFC_T1', 0.0016972341253604728)	('lPTL_to_lIFG_T1', 0.0013635644806579447)	('T1', 0.0009561602963668937)	('lDLPFC_to_lPTL_T1', 0.0006067802664538832)	('lSMA_to_lIFG_T1', 0.0006026101175848922)	('L_IFGorb_T2', -0.0005461579951034988)	('lSMA_to_lPTL_T2', 0.00038816970789809686)	('lPTL_to_lIFG_T2', -0.00036685378858617167)	('L_SMA_T1', 0.00036669549927775504)	('lSMA_to_lPTL_T1', 0.0002724731617987754)	('lSMA_to_lIFG_T2', 0.0002381949624364882)	
