predictors	pearson_correlation	mean_squared_error	r2	
rois + act_t1 + act_t2 + conn_t1 + conn_t2 + age + T1 + T2	-0.41177193814199453	0.08274383401517309	-0.16930402743830264	('lDLPFC_to_lIFG_T1', 0.013205933918698703)	('rDLPFC_to_lPTL_T1', 0.007821868435840719)	('rDLPFC_to_lIFG_T2', -0.007291249552365305)	('lSMA_to_lPTL_T2', 0.007252974302812475)	('lSMA_to_lIFG_T2', 0.006462236045781046)	('L_IFGorb', 0.006118721365131578)	('lIFG_to_lPTL_T2', -0.003849493255503374)	('lPTL_to_lIFG_T2', 0.0035845181290122216)	('R_DLPFC_T1', -0.003092258490825132)	('T1', 0.0030154803231376014)	('Age', 0.002976178516765128)	('L_DLPFC_T2', -0.0029533410361087674)	('R_DLPFC_T2', 0.0028907657938069334)	('L_PTL', -0.0027107234112717193)	('L_PTL_T1', -0.0026138067891762246)	('R_IFGorb_T2', 0.0023142592628450256)	('rIFG_to_lIFG_T2', 0.0020456945292310373)	('rDLPFC_to_lPTL_T2', -0.001953340147718157)	('lSMA_to_lPTL_T1', 0.0017000130598384562)	('L_IFGorb_T2', 0.0016918981003238207)	('lDLPFC_to_lPTL_T1', 0.001581913428707996)	('L_SMA_T1', 0.0015623511569625593)	('L_PTL_T2', 0.0014980468884915146)	('L_IFGorb_T1', -0.0014109146241491944)	('lDLPFC_to_lPTL_T2', -0.001385560576028538)	('lIFG_to_lPTL_T1', -0.001277037425247075)	('lPTL_to_lIFG_T1', -0.001096032703786773)	('L_SMA', -0.0009912921814526736)	('rIFG_to_lIFG_T1', -0.0008059874236715134)	('rDLPFC_to_lIFG_T1', -0.0006843646735528619)	('L_SMA_T2', -0.0006237155648547773)	('L_DLPFC_T1', -0.0005843183930886728)	('T2', -0.0005329096911899512)	('lSMA_to_lIFG_T1', 0.0004076886421347621)	('R_IFGorb_T1', 0.0001905838596228866)	('L_DLPFC', 0.0)	('lDLPFC_to_lIFG_T2', 0.0)	
