predictors	pearson_correlation	mean_squared_error	r2	
rois + act_t1 + act_t2 + conn_t1 + conn_t2 + age + T1 + T2	-0.24492794049196173	0.08268650131452292	-0.1684938237708986	('R_DLPFC_T1', 0.02976366513038097)	('lIFG_to_lPTL_T2', 0.018492532520099088)	('rDLPFC_to_lPTL_T1', -0.017655249566943292)	('lIFG_to_lPTL_T1', 0.01654313091773835)	('L_DLPFC', -0.012488888330393723)	('rDLPFC_to_lIFG_T1', 0.012474294476067845)	('R_IFGorb_T1', -0.011605047877129323)	('L_PTL', 0.010894973766375016)	('L_IFGorb_T2', -0.010594089550510985)	('L_SMA_T2', -0.00944988133231802)	('R_DLPFC_T2', 0.008814895839273846)	('R_IFGorb_T2', 0.008788274941824872)	('T1', 0.00871558625993959)	('L_DLPFC_T2', -0.007848618304064511)	('L_SMA', 0.006724194591788992)	('lPTL_to_lIFG_T1', 0.006441239697168193)	('lDLPFC_to_lPTL_T2', -0.0059546827461477506)	('lSMA_to_lIFG_T1', 0.0052902501622465355)	('lSMA_to_lIFG_T2', 0.005188474033521359)	('L_PTL_T1', -0.004734711951283812)	('rDLPFC_to_lIFG_T2', -0.003760150602795755)	('L_PTL_T2', -0.0037118838208516237)	('L_SMA_T1', -0.003045416808946864)	('lSMA_to_lPTL_T2', -0.0028133365903008985)	('L_DLPFC_T1', 0.0022845688626722547)	('rDLPFC_to_lPTL_T2', 0.001848981544617499)	('lDLPFC_to_lIFG_T2', 0.0017532691876607142)	('L_IFGorb', -0.00160497703242256)	('lPTL_to_lIFG_T2', 0.0014759342731392668)	('T2', 0.0013155929692171518)	('L_IFGorb_T1', 0.0012732480176909356)	('Age', -0.0011624465301320274)	('lDLPFC_to_lIFG_T1', 0.00113546051433727)	('lSMA_to_lPTL_T1', 0.0007193383179697467)	('lDLPFC_to_lPTL_T1', 0.00041748240313327296)	('rIFG_to_lIFG_T1', 0.00029195275820616446)	('rIFG_to_lIFG_T2', 0.00014548884500185358)	
