predictors	pearson_correlation	mean_squared_error	r2	
rois + act_t1 + act_t2 + conn_t1 + conn_t2 + age + T1 + T2	0.21956851445758102	0.06780826468744751	0.04175969198991514	('rDLPFC_to_lPTL_T2', 0.015062076483592788)	('lDLPFC_to_lIFG_T1', 0.008872127933234199)	('rIFG_to_lIFG_T1', 0.007744723734961405)	('L_SMA_T2', 0.007200815222417548)	('L_IFGorb_T1', 0.006346058820488202)	('lPTL_to_lIFG_T2', -0.005733832162685438)	('L_SMA', -0.005700990558325337)	('lPTL_to_lIFG_T1', -0.004555296148270822)	('lDLPFC_to_lPTL_T2', 0.0044965777500722654)	('rDLPFC_to_lPTL_T1', -0.004196924065058358)	('L_PTL_T2', -0.00418234620528712)	('rIFG_to_lIFG_T2', 0.00411286654256878)	('rDLPFC_to_lIFG_T1', 0.0035392598262893584)	('lDLPFC_to_lPTL_T1', 0.0034361879900969444)	('L_PTL_T1', -0.0033402657449006366)	('R_DLPFC_T1', 0.003314113242554683)	('R_IFGorb_T1', 0.0031108875750676846)	('T2', -0.002989878083538027)	('rDLPFC_to_lIFG_T2', 0.0029863501026928807)	('L_IFGorb_T2', 0.0029572334545805226)	('L_DLPFC_T2', 0.002703648942795033)	('lIFG_to_lPTL_T2', 0.002637497632407071)	('lSMA_to_lPTL_T2', 0.0025682710579916865)	('T1', -0.0018279987723012893)	('L_SMA_T1', 0.0015965413995294587)	('lDLPFC_to_lIFG_T2', 0.0012362995885567341)	('L_IFGorb', -0.0012152971968402092)	('lSMA_to_lIFG_T2', 0.0011715744060857203)	('R_DLPFC_T2', -0.0010438551014693798)	('L_DLPFC_T1', 0.000664421898317177)	('lSMA_to_lPTL_T1', -0.0005633322365773388)	('lSMA_to_lIFG_T1', 0.0004263881989912494)	('lIFG_to_lPTL_T1', 0.00036759057575899283)	('R_IFGorb_T2', -0.00027480585012304)	('L_DLPFC', -0.00023679470265702796)	('Age', -0.00017227313828935395)	('L_PTL', 8.547147869218234e-06)	
