predictors	pearson_correlation	mean_squared_error	r2	
rois + act_t1 + act_t2 + conn_t1 + conn_t2 + age + T1 + T2	0.2711440626025299	0.06707508813522225	0.052120660943603125	('L_IFGorb_T2', -0.012859190114366184)	('L_PTL_T1', 0.012220567997381481)	('lDLPFC_to_lIFG_T1', -0.012163807307496857)	('lIFG_to_lPTL_T1', -0.009273539790179672)	('lPTL_to_lIFG_T2', 0.009128196225382738)	('L_IFGorb_T1', 0.008747382847285079)	('rDLPFC_to_lPTL_T1', -0.008380979628108434)	('L_IFGorb', 0.00826611118287094)	('lPTL_to_lIFG_T1', 0.008230827932358863)	('L_PTL_T2', 0.007933513306107065)	('L_SMA', -0.007504273815274041)	('rIFG_to_lIFG_T1', 0.007400750394738021)	('L_SMA_T2', 0.007305828019611061)	('lSMA_to_lIFG_T1', -0.006574681856923206)	('L_DLPFC', -0.006054333748527752)	('lDLPFC_to_lPTL_T1', 0.005228231810366685)	('L_SMA_T1', 0.004875109790714645)	('R_IFGorb_T1', -0.0047909072490891266)	('rIFG_to_lIFG_T2', 0.00456496134974426)	('lSMA_to_lPTL_T2', -0.0044535845097439415)	('lSMA_to_lPTL_T1', 0.004353288433196663)	('Age', 0.0036086429049142195)	('R_DLPFC_T2', 0.0035220888799156937)	('R_IFGorb_T2', 0.0033389495352272817)	('R_DLPFC_T1', -0.003335958321413918)	('L_DLPFC_T1', 0.003091667831344531)	('lSMA_to_lIFG_T2', -0.002664792866385206)	('rDLPFC_to_lPTL_T2', 0.002470422248697781)	('L_DLPFC_T2', 0.002021657857609644)	('lDLPFC_to_lIFG_T2', -0.0015434201896945806)	('rDLPFC_to_lIFG_T1', -0.0014749778598412654)	('lIFG_to_lPTL_T2', -0.0013902705114129381)	('L_PTL', -0.0012487506689210495)	('T2', 0.0010158429450440286)	('lDLPFC_to_lPTL_T2', -0.0008605879833548404)	('T1', 0.0002668936405490378)	('rDLPFC_to_lIFG_T2', 0.00025941159641323675)	
