predictors	pearson_correlation	mean_squared_error	r2	
rois + act_t1 + act_t2 + conn_t1 + conn_t2 + age + T1 + T2	0.09118545698994769	0.07096358114810238	-0.0028300262555500666	('L_DLPFC_T1', 0.013236494910734193)	('L_PTL_T1', 0.010299295979403553)	('lPTL_to_lIFG_T1', 0.010004402005671435)	('lSMA_to_lPTL_T2', 0.009168227588644313)	('lSMA_to_lIFG_T1', -0.007906242772101032)	('L_DLPFC', -0.007881220320230694)	('L_SMA', 0.007667576738268269)	('lDLPFC_to_lIFG_T1', 0.007523644621194768)	('lSMA_to_lIFG_T2', 0.006090627075959968)	('R_IFGorb_T2', 0.005991609571151809)	('rDLPFC_to_lPTL_T1', 0.005332206834475592)	('rDLPFC_to_lPTL_T2', 0.00505163213111484)	('L_IFGorb_T1', 0.004996702625099486)	('L_SMA_T2', 0.0048116686123254844)	('lIFG_to_lPTL_T2', 0.004562390244330043)	('rDLPFC_to_lIFG_T1', -0.004391752685875452)	('L_PTL_T2', -0.004151401933596529)	('lDLPFC_to_lIFG_T2', -0.00403914150618077)	('R_IFGorb_T1', -0.003925745082470609)	('lIFG_to_lPTL_T1', 0.0038475474545981844)	('rDLPFC_to_lIFG_T2', -0.0032344926698703105)	('Age', -0.0032279524456558855)	('lDLPFC_to_lPTL_T2', 0.002761089553828105)	('rIFG_to_lIFG_T1', 0.0025124840565650297)	('lSMA_to_lPTL_T1', -0.0020717912571647985)	('lPTL_to_lIFG_T2', -0.0017379546394393243)	('L_IFGorb_T2', 0.0015280119165599275)	('L_IFGorb', -0.0014676069713642518)	('R_DLPFC_T2', -0.0013657923317871852)	('T1', 0.0009200302923669837)	('L_SMA_T1', 0.0005883069962299172)	('rIFG_to_lIFG_T2', 0.0005231755924644615)	('lDLPFC_to_lPTL_T1', 0.0004687594653655312)	('T2', -0.0002588354386303532)	('R_DLPFC_T1', -0.00023541284975536327)	('L_DLPFC_T2', -0.0001652627794451196)	('L_PTL', -0.00013142180757280559)	
