predictors	pearson_correlation	mean_squared_error	r2	
rois + act_t1 + act_t2 + conn_t1 + conn_t2 + age + T1 + T2	-0.20158536684880926	0.0746010712682773	-0.0542336371458505	('L_IFGorb_T2', -0.00934761331879601)	('lSMA_to_lIFG_T2', 0.006970849506566481)	('L_IFGorb', 0.005693104116703581)	('lDLPFC_to_lIFG_T2', 0.005150768167491146)	('lDLPFC_to_lPTL_T1', 0.005123635044781863)	('rIFG_to_lIFG_T1', -0.004784054696457619)	('L_PTL_T1', -0.0037704918829290345)	('rDLPFC_to_lPTL_T1', 0.0033299382929921893)	('T2', 0.002836263371896528)	('L_SMA_T2', 0.0026038620070042793)	('L_DLPFC', 0.002506850534653961)	('lSMA_to_lPTL_T1', 0.0024708499242630452)	('L_SMA_T1', 0.002279744218443209)	('lSMA_to_lIFG_T1', 0.0019335130095757703)	('lDLPFC_to_lIFG_T1', 0.0018641896916116783)	('lIFG_to_lPTL_T1', 0.0018460286955176413)	('rDLPFC_to_lPTL_T2', 0.0018024370437208146)	('L_PTL_T2', 0.0016654032324200103)	('R_DLPFC_T2', -0.0016079945174862324)	('lSMA_to_lPTL_T2', 0.001483450454972889)	('R_IFGorb_T2', -0.0013880838090388626)	('rDLPFC_to_lIFG_T2', -0.0010535861129252447)	('rDLPFC_to_lIFG_T1', -0.0009782318126155983)	('Age', -0.000913992798393084)	('L_DLPFC_T2', 0.0007624960244076886)	('lPTL_to_lIFG_T2', -0.0007491802773333424)	('T1', 0.000720671514438979)	('R_IFGorb_T1', 0.0007200254295034733)	('lIFG_to_lPTL_T2', 0.0007140538808625762)	('L_PTL', -0.0006479830826533654)	('lDLPFC_to_lPTL_T2', 0.0006399555241223327)	('L_DLPFC_T1', 0.00047248928526046557)	('L_SMA', 0.0004395232564051555)	('lPTL_to_lIFG_T1', 0.0002097307790925296)	('R_DLPFC_T1', -0.00018118495162631383)	('L_IFGorb_T1', -0.00016130832770326595)	('rIFG_to_lIFG_T2', 6.441176901251085e-05)	
