predictors	pearson_correlation	mean_squared_error	r2	
rois + act_t1 + act_t2 + conn_t1 + conn_t2 + age + T1 + T2	-0.09283135001496527	0.0760125390234091	-0.07417995641324482	('lDLPFC_to_lIFG_T1', 0.015131126375895048)	('rDLPFC_to_lIFG_T2', 0.015065498383190282)	('L_DLPFC_T1', 0.013358767278690665)	('L_PTL_T1', 0.013016944037094046)	('L_SMA_T1', 0.012932283017942286)	('L_DLPFC_T2', 0.011877157836950845)	('R_DLPFC_T1', -0.009961082056452337)	('L_PTL_T2', 0.006852609998589805)	('R_IFGorb_T1', -0.006450562891991215)	('rDLPFC_to_lPTL_T1', -0.006124021102984007)	('lSMA_to_lPTL_T1', 0.005748765913622946)	('L_DLPFC', -0.005508176016270224)	('L_SMA_T2', 0.005347087736610626)	('L_SMA', -0.005044163591652704)	('rDLPFC_to_lPTL_T2', 0.004830347318700485)	('T2', 0.004437205534485355)	('lDLPFC_to_lIFG_T2', -0.004290642097699304)	('lSMA_to_lIFG_T1', -0.004241219879046436)	('lSMA_to_lPTL_T2', 0.004036356528829561)	('T1', 0.003716385812287506)	('L_IFGorb_T2', -0.003707299103988251)	('R_IFGorb_T2', 0.002503697500957445)	('Age', -0.0021370438206444876)	('L_PTL', 0.0020771563081398254)	('lDLPFC_to_lPTL_T2', 0.002021427175503101)	('rIFG_to_lIFG_T1', 0.0018146129134696577)	('lDLPFC_to_lPTL_T1', 0.0015297679941616029)	('rIFG_to_lIFG_T2', -0.001304982381560525)	('L_IFGorb_T1', -0.0012008733978673975)	('L_IFGorb', -0.001119175429658758)	('lPTL_to_lIFG_T1', 0.000977121152838637)	('lPTL_to_lIFG_T2', -0.0007688786196786188)	('R_DLPFC_T2', -0.0007278879034238795)	('lIFG_to_lPTL_T2', 0.0006884932388517365)	('rDLPFC_to_lIFG_T1', 0.0003385797211609972)	('lSMA_to_lIFG_T2', -8.033292646302837e-05)	('lIFG_to_lPTL_T1', -3.09273627510446e-05)	
