predictors	pearson_correlation	mean_squared_error	r2	
rois + act_t1 + act_t2 + conn_t1 + conn_t2 + age + T1 + T2	-0.09957449543851983	0.08171515392259551	-0.15476711614439287	('R_DLPFC_T1', 0.035620586255672215)	('lPTL_to_lIFG_T2', 0.026192835313224045)	('lDLPFC_to_lIFG_T2', 0.02550986886804232)	('L_IFGorb', 0.019767936972976064)	('rDLPFC_to_lPTL_T1', 0.01960094428505588)	('L_DLPFC_T1', 0.019003219271517362)	('lPTL_to_lIFG_T1', 0.018764944401310296)	('lDLPFC_to_lPTL_T2', 0.016442034899261306)	('lSMA_to_lPTL_T2', -0.016260708249027103)	('lSMA_to_lPTL_T1', -0.015388144857028116)	('L_DLPFC', 0.015151777609095396)	('L_PTL_T1', -0.014183463637469631)	('lSMA_to_lIFG_T1', 0.014051969715814905)	('lIFG_to_lPTL_T2', -0.013657030131388213)	('L_IFGorb_T2', -0.013444745562730029)	('rDLPFC_to_lIFG_T2', 0.012654569464191258)	('lSMA_to_lIFG_T2', 0.012356166732760486)	('L_PTL', -0.011851724474929376)	('rIFG_to_lIFG_T2', 0.009550018404436346)	('lIFG_to_lPTL_T1', 0.008779924406999892)	('T1', 0.007995638942793567)	('L_DLPFC_T2', -0.007965214095482932)	('L_IFGorb_T1', -0.007649721116842604)	('L_SMA', -0.0074477261355439936)	('Age', 0.006715757313671659)	('lDLPFC_to_lPTL_T1', -0.005973727681082286)	('rDLPFC_to_lIFG_T1', 0.004919115087651189)	('rIFG_to_lIFG_T1', 0.00438700695520937)	('T2', -0.004119839327424501)	('L_SMA_T1', -0.004068524909028188)	('R_DLPFC_T2', -0.0031209510793634146)	('L_SMA_T2', 0.0029487539678637407)	('L_PTL_T2', 0.0025361576494325536)	('R_IFGorb_T1', 0.0022208371607124683)	('R_IFGorb_T2', 0.0009037722941688703)	('rDLPFC_to_lPTL_T2', -0.0008592926828778608)	('lDLPFC_to_lIFG_T1', -0.0004331244729363966)	
