predictors	pearson_correlation	mean_squared_error	r2	
rois + act_t1 + act_t2 + conn_t1 + conn_t2 + age + T1 + T2	0.12857847990304994	0.069831702953269	0.013165240914999043	('L_DLPFC', -0.012058443966291148)	('lIFG_to_lPTL_T1', 0.011350259540387138)	('L_SMA_T2', 0.008948442840464746)	('lSMA_to_lPTL_T2', 0.005869768680926255)	('rDLPFC_to_lPTL_T1', 0.005672433830083781)	('T1', 0.005023855372436805)	('lDLPFC_to_lPTL_T2', 0.004942920915932028)	('L_DLPFC_T2', 0.004365734982017217)	('L_PTL', 0.004322867959527711)	('lPTL_to_lIFG_T1', 0.00429013514020853)	('Age', 0.004180190046787685)	('lSMA_to_lPTL_T1', 0.003793261719389224)	('L_SMA', -0.003766709204228708)	('lDLPFC_to_lIFG_T1', 0.003607260637340848)	('rIFG_to_lIFG_T1', -0.003539409417565439)	('L_IFGorb', -0.003399591368663617)	('R_IFGorb_T1', 0.0031211185877345602)	('lDLPFC_to_lIFG_T2', -0.003012307982350234)	('L_IFGorb_T1', 0.002832699561781233)	('L_DLPFC_T1', 0.002117030262501325)	('R_IFGorb_T2', -0.0020602170569701383)	('lSMA_to_lIFG_T2', 0.0019521679726461404)	('R_DLPFC_T2', 0.001828479005618096)	('R_DLPFC_T1', -0.0018046890417583714)	('T2', -0.0016862817148350006)	('rDLPFC_to_lPTL_T2', -0.0015582054918660386)	('rDLPFC_to_lIFG_T1', 0.001457079785805217)	('L_PTL_T2', 0.001137351817614292)	('L_PTL_T1', -0.0009897019966975988)	('lPTL_to_lIFG_T2', -0.0006140180063096241)	('rDLPFC_to_lIFG_T2', 0.0005173308183732822)	('rIFG_to_lIFG_T2', 0.0005006906672719617)	('lDLPFC_to_lPTL_T1', 0.000471334576877755)	('lSMA_to_lIFG_T1', -0.0004402081432948507)	('lIFG_to_lPTL_T2', 0.000280424977447845)	('L_IFGorb_T2', 0.0001818906481298809)	('L_SMA_T1', 0.00016909791098062587)	
