predictors	pearson_correlation	mean_squared_error	r2	
rois + act_t1 + act_t2 + conn_t1 + conn_t2 + age + T1 + T2	-0.04933323557135792	0.07691229855890631	-0.0868950119953924	('L_IFGorb_T1', 0.022908707983051182)	('L_DLPFC_T2', 0.009592208489016771)	('R_DLPFC_T1', 0.007834738831088081)	('lSMA_to_lPTL_T1', 0.007753431599596419)	('lSMA_to_lIFG_T2', -0.007082814425313938)	('rDLPFC_to_lIFG_T1', 0.00688844739077264)	('lIFG_to_lPTL_T1', 0.006800581049444189)	('L_PTL_T2', 0.006572956430547505)	('lDLPFC_to_lIFG_T2', -0.005917213426938419)	('L_DLPFC_T1', 0.005536872579401157)	('L_PTL', 0.005530038855514409)	('L_SMA', -0.005323295094126017)	('L_IFGorb', 0.004887153377854159)	('R_DLPFC_T2', 0.004758597515662308)	('L_SMA_T1', 0.00421378952323863)	('L_PTL_T1', -0.004065081029021578)	('rIFG_to_lIFG_T2', -0.0037410313320242325)	('rDLPFC_to_lPTL_T2', 0.003285368369563346)	('R_IFGorb_T1', -0.0030561964136553094)	('lSMA_to_lPTL_T2', -0.0030260863064367977)	('lSMA_to_lIFG_T1', 0.0029939857271078867)	('lPTL_to_lIFG_T1', -0.002742517281990325)	('L_SMA_T2', 0.002382594359728315)	('lDLPFC_to_lPTL_T2', -0.002221851222655494)	('rDLPFC_to_lPTL_T1', 0.0021126014802379848)	('lPTL_to_lIFG_T2', -0.0018478511875234381)	('rIFG_to_lIFG_T1', -0.001657116637651314)	('L_IFGorb_T2', -0.0013883940704533864)	('lDLPFC_to_lIFG_T1', 0.0013611799669452575)	('R_IFGorb_T2', 0.0011727566513625859)	('L_DLPFC', -0.0008999018177616522)	('rDLPFC_to_lIFG_T2', -0.0007081445260339447)	('lDLPFC_to_lPTL_T1', 0.0005129220408656486)	('T2', 0.00026929212830062476)	('lIFG_to_lPTL_T2', -0.00021570779706799758)	('Age', -0.00017506722477449632)	('T1', 6.395677610933382e-05)	
