predictors	pearson_correlation	mean_squared_error	r2	
rois + act_t1 + act_t2 + conn_t1 + conn_t2 + age + T1 + T2	-0.10602656695286618	0.07464445310556761	-0.05484669257970842	('lDLPFC_to_lIFG_T1', 0.017740129049292248)	('rIFG_to_lIFG_T1', 0.011035077152121956)	('lPTL_to_lIFG_T2', -0.009346442758747943)	('L_DLPFC_T1', 0.009126201896471788)	('L_IFGorb_T2', 0.007007934236524616)	('lSMA_to_lPTL_T1', -0.006387804921890424)	('Age', 0.005719905272064922)	('L_PTL_T2', 0.00565362933199356)	('rDLPFC_to_lPTL_T1', 0.005234617197574801)	('L_SMA_T1', -0.0051447368835281886)	('L_SMA_T2', 0.004568641564388839)	('R_DLPFC_T2', -0.004312372388543631)	('lPTL_to_lIFG_T1', -0.004285587682793577)	('L_IFGorb_T1', 0.0037770213250408646)	('L_IFGorb', -0.0034623558447069943)	('R_DLPFC_T1', 0.003452003268776284)	('L_PTL_T1', 0.0033202776705387434)	('lDLPFC_to_lIFG_T2', -0.0029018693074387416)	('L_SMA', 0.002831087598688541)	('R_IFGorb_T2', 0.0027715622077678927)	('lDLPFC_to_lPTL_T1', -0.002641051024029839)	('T1', 0.002522002218127582)	('lSMA_to_lIFG_T2', -0.002381994005430905)	('L_DLPFC', -0.001966466117137262)	('lIFG_to_lPTL_T1', -0.001736413420664593)	('L_DLPFC_T2', -0.0013895000812126448)	('rDLPFC_to_lIFG_T2', 0.0013093623394405999)	('lIFG_to_lPTL_T2', 0.0012833980008223017)	('L_PTL', 0.0011392543269716352)	('T2', -0.0010284341163431527)	('rIFG_to_lIFG_T2', 0.0008004271777019266)	('R_IFGorb_T1', -0.0007443533758311434)	('lDLPFC_to_lPTL_T2', -0.0006609298718166766)	('rDLPFC_to_lPTL_T2', -0.0006271947675766027)	('lSMA_to_lPTL_T2', 0.0004479328697068683)	('rDLPFC_to_lIFG_T1', -0.00021880742041413835)	('lSMA_to_lIFG_T1', -0.000142230222227523)	
