predictors	pearson_correlation	mean_squared_error	r2	
rois + act_t1 + act_t2 + conn_t1 + conn_t2 + age + T1 + T2	-0.060063640671190334	0.07342199569242028	-0.037571394745396614	('lDLPFC_to_lPTL_T1', 0.007110278715438261)	('lDLPFC_to_lIFG_T1', 0.005755376704344996)	('L_SMA_T2', 0.005374828904469094)	('L_IFGorb', 0.0052851897082565)	('lIFG_to_lPTL_T1', -0.005082935647272831)	('rDLPFC_to_lIFG_T1', 0.00425064847862244)	('R_IFGorb_T2', -0.003737929501464895)	('L_PTL_T2', 0.003564801625543866)	('T1', 0.003539693133009984)	('L_DLPFC_T1', -0.003416288991051404)	('lDLPFC_to_lIFG_T2', 0.0032825025537514757)	('R_DLPFC_T2', 0.0032168873041629716)	('L_SMA', 0.003156834438043699)	('rDLPFC_to_lPTL_T2', 0.0029256918914763673)	('L_IFGorb_T1', 0.002846913022716346)	('L_IFGorb_T2', -0.00280021110667576)	('lIFG_to_lPTL_T2', 0.0027442458762191838)	('lSMA_to_lPTL_T2', 0.0026594804247581007)	('L_DLPFC_T2', 0.002603794374600738)	('lSMA_to_lIFG_T2', 0.002247153113854379)	('T2', -0.00220289696110301)	('L_SMA_T1', -0.0017685331582621873)	('Age', 0.0016110083533182908)	('lSMA_to_lIFG_T1', -0.001394462771874459)	('lPTL_to_lIFG_T2', -0.001295575987068787)	('lPTL_to_lIFG_T1', -0.001226270584589757)	('L_PTL', 0.0011942165591275066)	('lSMA_to_lPTL_T1', -0.0008692129560278785)	('L_PTL_T1', -0.0008524390475410777)	('rDLPFC_to_lPTL_T1', -0.0008165275276245846)	('R_DLPFC_T1', -0.0008017379207402004)	('rIFG_to_lIFG_T1', 0.0007670988097284032)	('lDLPFC_to_lPTL_T2', -0.0007651956069252892)	('rIFG_to_lIFG_T2', 0.000748809710803053)	('rDLPFC_to_lIFG_T2', 0.00017351772275577636)	('L_DLPFC', 9.021609410053653e-05)	('R_IFGorb_T1', 2.4803416830241126e-05)	
