predictors	pearson_correlation	mean_squared_error	r2	
rois + act_t1 + act_t2 + conn_t1 + conn_t2 + age + T1 + T2	0.07257339758461614	0.07264507878262162	-0.026592303887147395	('L_IFGorb_T1', 0.010533524348540544)	('lSMA_to_lIFG_T2', 0.010062600346430814)	('rDLPFC_to_lPTL_T1', 0.008471131617367378)	('lIFG_to_lPTL_T1', 0.008288824585993643)	('lPTL_to_lIFG_T2', -0.006665883799735232)	('T2', 0.006472863185459836)	('rIFG_to_lIFG_T1', -0.006369117645951811)	('Age', 0.005053537601024796)	('lIFG_to_lPTL_T2', 0.004999711597165099)	('R_IFGorb_T2', -0.004927151043181545)	('rDLPFC_to_lIFG_T1', 0.004718584438395427)	('lDLPFC_to_lIFG_T2', -0.004701491686491669)	('T1', 0.0043299148233975696)	('lDLPFC_to_lPTL_T1', 0.004215721728995796)	('rDLPFC_to_lPTL_T2', -0.003972756931956795)	('L_SMA_T2', -0.003628890203695642)	('L_SMA', -0.0032726138646384448)	('lPTL_to_lIFG_T1', -0.0028670880716734543)	('rDLPFC_to_lIFG_T2', -0.0026603628612082765)	('R_DLPFC_T2', -0.0020739968957189884)	('lSMA_to_lIFG_T1', 0.0019539659061894223)	('L_DLPFC_T1', -0.0019188550343590893)	('R_IFGorb_T1', -0.0016440576900012306)	('rIFG_to_lIFG_T2', 0.0016383170404337365)	('L_PTL', 0.00157985672292642)	('L_DLPFC_T2', -0.001488194836897634)	('L_PTL_T2', 0.0012947504737096628)	('L_SMA_T1', -0.0011570120845381092)	('lSMA_to_lPTL_T2', -0.0010197634334127605)	('L_IFGorb_T2', 0.0009211539981056625)	('L_IFGorb', -0.0008749194688869289)	('lDLPFC_to_lPTL_T2', 0.0006974561503062662)	('L_PTL_T1', 0.0006295357644342127)	('L_DLPFC', 0.0005760270848286439)	('lSMA_to_lPTL_T1', -0.0005522661316322432)	('lDLPFC_to_lIFG_T1', 0.00046621906490004994)	('R_DLPFC_T1', 0.00016952685317258895)	
