predictors	pearson_correlation	mean_squared_error	r2	
rois + act_t1 + act_t2 + conn_t1 + conn_t2 + age + T1 + T2	0.19213277415628222	0.08288794358520453	-0.17134052843726844	('R_DLPFC_T2', 0.018354000268782592)	('lIFG_to_lPTL_T1', -0.016766525744750974)	('lDLPFC_to_lIFG_T1', 0.015350012351578917)	('L_IFGorb', 0.015129170706453917)	('L_PTL_T1', 0.011646399772102514)	('L_IFGorb_T1', 0.011114591248574862)	('rIFG_to_lIFG_T1', -0.01100781928596661)	('T2', 0.010948341417234655)	('lIFG_to_lPTL_T2', 0.01063124036233891)	('L_DLPFC_T1', 0.009420313377503856)	('L_SMA_T2', -0.009237606473892055)	('lSMA_to_lIFG_T1', 0.008909776688759618)	('lPTL_to_lIFG_T2', 0.008547424805853647)	('L_DLPFC_T2', -0.008235187127527731)	('L_PTL_T2', -0.0080626284791408)	('lDLPFC_to_lPTL_T2', 0.007895287165056511)	('lPTL_to_lIFG_T1', 0.00764196125661861)	('L_PTL', -0.0070973810351409455)	('lSMA_to_lIFG_T2', -0.007006361769155113)	('L_DLPFC', -0.00675414284121509)	('rDLPFC_to_lPTL_T2', -0.00661419048503947)	('rDLPFC_to_lIFG_T2', 0.006535603736594445)	('L_SMA_T1', 0.005763250456262031)	('R_IFGorb_T1', 0.005746186354935454)	('R_DLPFC_T1', 0.0052340878935404865)	('lSMA_to_lPTL_T2', 0.003728930364171322)	('rDLPFC_to_lIFG_T1', 0.003615445821136047)	('rIFG_to_lIFG_T2', -0.0030384893595861427)	('lDLPFC_to_lPTL_T1', -0.002887150497587284)	('lDLPFC_to_lIFG_T2', -0.0024332456868862394)	('L_SMA', 0.002061477611065249)	('rDLPFC_to_lPTL_T1', 0.0019125966854716995)	('lSMA_to_lPTL_T1', -0.001778700237385038)	('Age', -0.0007424035896914215)	('T1', 0.0007146909648577674)	('R_IFGorb_T2', -0.0005871231219990353)	('L_IFGorb_T2', 0.00032135228293942586)	
