predictors	pearson_correlation	mean_squared_error	r2	
rois + act_t1 + act_t2 + conn_t1 + conn_t2 + age + T1 + T2	0.084430336376376	0.07096002525095065	-0.002779775685097796	('lDLPFC_to_lIFG_T1', 0.018976656549843728)	('R_IFGorb_T1', 0.015818192936308983)	('L_SMA_T1', 0.014867785361177431)	('R_DLPFC_T2', -0.014278219803722883)	('L_DLPFC_T1', 0.013157162195492867)	('T1', -0.011446770352050968)	('lDLPFC_to_lPTL_T1', 0.0104351066063744)	('lSMA_to_lPTL_T2', 0.010170283636932913)	('rDLPFC_to_lPTL_T2', -0.010163456859778144)	('L_IFGorb_T2', 0.006981927298746153)	('T2', 0.006473490785186845)	('lSMA_to_lPTL_T1', 0.006275984866260218)	('rIFG_to_lIFG_T1', -0.006191983579133683)	('L_PTL_T2', -0.006172191399820612)	('Age', -0.006128399525940279)	('lPTL_to_lIFG_T1', 0.00529419509138433)	('lDLPFC_to_lIFG_T2', 0.004928260317112976)	('lDLPFC_to_lPTL_T2', -0.0045358702574414544)	('lSMA_to_lIFG_T2', -0.004120729418702917)	('lIFG_to_lPTL_T2', 0.0037646056171369725)	('rIFG_to_lIFG_T2', -0.002933219429883076)	('R_DLPFC_T1', -0.0028803235033896066)	('L_SMA_T2', -0.0026318573844936644)	('L_IFGorb_T1', 0.0025035695604820924)	('lIFG_to_lPTL_T1', -0.0024398162803476444)	('L_DLPFC_T2', 0.0022553415548805006)	('L_DLPFC', -0.0016748943037477545)	('L_IFGorb', -0.001591881356917987)	('rDLPFC_to_lPTL_T1', -0.0012005207327387478)	('L_PTL', 0.0011743254182211757)	('rDLPFC_to_lIFG_T1', 0.0011228944398527397)	('L_SMA', 0.001090579840729227)	('L_PTL_T1', -0.0010847304893429049)	('rDLPFC_to_lIFG_T2', 0.0010629968716285155)	('lSMA_to_lIFG_T1', 0.0009339499181108725)	('R_IFGorb_T2', 0.0007217285228219503)	('lPTL_to_lIFG_T2', -1.4564127631518267e-05)	
