predictors	pearson_correlation	mean_squared_error	r2	
rois + act_t1 + act_t2 + conn_t1 + conn_t2 + age + T1 + T2	0.0035722344362495405	0.0809082881874925	-0.14336480000945384	('rIFG_to_lIFG_T2', 0.023236964859297746)	('lPTL_to_lIFG_T2', 0.018349098915202183)	('rDLPFC_to_lIFG_T2', -0.017117758331414965)	('lDLPFC_to_lIFG_T2', -0.016055054740422927)	('rDLPFC_to_lPTL_T2', 0.016032423318558767)	('rDLPFC_to_lIFG_T1', 0.01592798672570054)	('lPTL_to_lIFG_T1', 0.013783458346885677)	('L_PTL', 0.01217465210967518)	('L_IFGorb_T2', -0.011375811485431653)	('lDLPFC_to_lIFG_T1', 0.010951584355520735)	('lSMA_to_lPTL_T2', 0.010871482320966047)	('L_PTL_T2', 0.01050641376648237)	('R_DLPFC_T1', -0.010244055405562173)	('T2', -0.008158936308857593)	('L_DLPFC_T2', 0.008117501733803741)	('L_IFGorb_T1', 0.006049697972107987)	('T1', 0.005785320035575654)	('R_IFGorb_T1', -0.005599353091775646)	('lSMA_to_lIFG_T1', 0.005119739622867175)	('L_DLPFC_T1', 0.004817890021268172)	('lIFG_to_lPTL_T1', -0.004780438927900139)	('L_SMA_T1', 0.004532787330251202)	('lIFG_to_lPTL_T2', -0.004460789830323312)	('Age', 0.00416982923797602)	('L_PTL_T1', 0.004066182525321875)	('lDLPFC_to_lPTL_T2', -0.002993340325657436)	('R_DLPFC_T2', -0.00274221940131439)	('lSMA_to_lPTL_T1', -0.0024654184798066398)	('rIFG_to_lIFG_T1', -0.0024518976582772784)	('L_SMA', -0.002027980312177965)	('rDLPFC_to_lPTL_T1', -0.0013362551358121952)	('lDLPFC_to_lPTL_T1', 0.0008527864489038721)	('R_IFGorb_T2', 0.0006051236304269411)	('lSMA_to_lIFG_T2', -0.0005456490547586705)	('L_DLPFC', 0.0004786810235816574)	('L_IFGorb', 0.0004052867845858305)	('L_SMA_T2', 0.00030868100827041755)	
