predictors	pearson_correlation	mean_squared_error	r2	
rois + act_t1 + act_t2 + conn_t1 + conn_t2 + age + T1 + T2	-0.1908372413484552	0.07558228316823411	-0.06809974620455694	('lDLPFC_to_lPTL_T1', 0.021165369116366236)	('lPTL_to_lIFG_T1', 0.018701953594165866)	('L_IFGorb_T1', -0.015507068053572682)	('R_DLPFC_T2', 0.013309892348845479)	('lIFG_to_lPTL_T1', -0.010896152661546378)	('rIFG_to_lIFG_T1', 0.008990550294974102)	('lDLPFC_to_lPTL_T2', -0.008815109546180519)	('L_DLPFC_T1', 0.008706625066183561)	('L_PTL', -0.008220672091504825)	('lDLPFC_to_lIFG_T2', -0.007586204482269733)	('R_IFGorb_T2', 0.007524843781144802)	('rDLPFC_to_lPTL_T2', -0.0072622575090955255)	('rDLPFC_to_lIFG_T1', -0.007199203270414031)	('lSMA_to_lIFG_T2', -0.0070945384970883445)	('L_PTL_T2', 0.006599850303899769)	('L_DLPFC', 0.0058992938132063095)	('lDLPFC_to_lIFG_T1', 0.005404090396180255)	('T1', -0.004944978895967185)	('lIFG_to_lPTL_T2', 0.004360745852134694)	('rIFG_to_lIFG_T2', 0.004211452204437532)	('rDLPFC_to_lIFG_T2', 0.004053827240611835)	('lSMA_to_lIFG_T1', -0.0038044756847493313)	('lSMA_to_lPTL_T2', -0.0036259134792614237)	('lPTL_to_lIFG_T2', -0.003069340133856665)	('L_IFGorb', -0.002955093344211204)	('R_IFGorb_T1', 0.002695966717909593)	('Age', 0.0026810409311312654)	('L_DLPFC_T2', 0.002455647113738196)	('L_SMA_T2', 0.0020520069302047274)	('T2', -0.0019744418388463643)	('L_PTL_T1', 0.0019343109053745929)	('L_SMA', 0.0016860798575743742)	('R_DLPFC_T1', 0.0015559279720850385)	('L_SMA_T1', 0.0014871571031550375)	('lSMA_to_lPTL_T1', -0.0010846776705106208)	('L_IFGorb_T2', 0.000325232960738154)	('rDLPFC_to_lPTL_T1', 5.058559296514177e-05)	
