predictors	pearson_correlation	mean_squared_error	r2	
rois + act_t1 + act_t2 + conn_t1 + conn_t2 + age + T1 + T2	0.1030428481216371	0.07156615233287152	-0.011345330405459597	('L_IFGorb', -0.013549064444022915)	('lDLPFC_to_lIFG_T2', 0.011513106233213652)	('lSMA_to_lIFG_T2', 0.007464058937704916)	('lPTL_to_lIFG_T2', -0.006826461272925169)	('L_IFGorb_T2', 0.006532196523955598)	('lPTL_to_lIFG_T1', 0.00632423913666171)	('R_IFGorb_T1', 0.006092919132142817)	('L_DLPFC', 0.0055814618165779895)	('lDLPFC_to_lIFG_T1', 0.005523432230211426)	('L_SMA_T1', 0.005400832015040212)	('lDLPFC_to_lPTL_T1', -0.005347886283745777)	('lIFG_to_lPTL_T2', 0.005333252327735761)	('rDLPFC_to_lIFG_T2', -0.0052405192486143165)	('L_SMA', 0.004401366782851127)	('rDLPFC_to_lPTL_T1', -0.004191643499157169)	('lSMA_to_lPTL_T2', 0.003980939846153785)	('T1', 0.003915830922816006)	('L_IFGorb_T1', -0.002930707369913933)	('L_PTL_T2', 0.0023676163903402526)	('L_PTL_T1', 0.002360898694981031)	('L_PTL', 0.002346388056785634)	('rIFG_to_lIFG_T2', 0.0023049860363628057)	('lDLPFC_to_lPTL_T2', 0.0020012498825859194)	('Age', -0.00189469292829381)	('lSMA_to_lIFG_T1', -0.0017218687299574119)	('rIFG_to_lIFG_T1', -0.0014196220858227213)	('L_DLPFC_T2', 0.0013349210379485087)	('R_DLPFC_T2', -0.0010024155310033563)	('rDLPFC_to_lIFG_T1', -0.000991329914264116)	('rDLPFC_to_lPTL_T2', 0.000947479171873597)	('R_DLPFC_T1', 0.0008700060544145222)	('lSMA_to_lPTL_T1', 0.0006671721453427355)	('R_IFGorb_T2', 0.0005687224094318342)	('L_SMA_T2', 0.00029010631242168877)	('T2', 0.0002556144802620892)	('L_DLPFC_T1', -8.546728232055208e-05)	('lIFG_to_lPTL_T1', -3.733274498077041e-05)	
