predictors	pearson_correlation	mean_squared_error	r2	
rois + act_t1 + act_t2 + conn_t1 + conn_t2 + age + T1 + T2	0.11050782310031472	0.07101939609240769	-0.0036187815742301233	('L_IFGorb_T2', 0.018256495297515874)	('L_PTL_T1', 0.011266372178723281)	('L_PTL_T2', -0.009724913514936432)	('R_IFGorb_T1', -0.00846914647136999)	('rDLPFC_to_lIFG_T2', -0.008048514149593494)	('rIFG_to_lIFG_T1', 0.00699073616333799)	('lSMA_to_lIFG_T1', 0.006940971614021284)	('T2', -0.0065790063298634465)	('L_SMA_T1', 0.005820276691456003)	('lSMA_to_lPTL_T1', -0.005459385070017086)	('rDLPFC_to_lPTL_T2', 0.005386109391149126)	('lSMA_to_lPTL_T2', -0.004851303999060106)	('rIFG_to_lIFG_T2', -0.004592143646966592)	('L_SMA', -0.004576710591907186)	('L_IFGorb', -0.00457635087665377)	('lPTL_to_lIFG_T2', -0.004390032920990526)	('lDLPFC_to_lIFG_T2', 0.004305653085580729)	('lSMA_to_lIFG_T2', 0.0037378395594979213)	('lIFG_to_lPTL_T1', -0.0033845337662882333)	('R_IFGorb_T2', 0.0032348428119002917)	('lDLPFC_to_lPTL_T2', 0.0029443810267199637)	('Age', 0.002895655452969396)	('L_SMA_T2', 0.002852203156392779)	('lDLPFC_to_lIFG_T1', -0.0021502617910543692)	('T1', -0.0015484706599549311)	('L_DLPFC_T1', -0.0015057210764213766)	('R_DLPFC_T2', -0.001350221904893887)	('R_DLPFC_T1', -0.0012201805839478293)	('lIFG_to_lPTL_T2', 0.0011891986969581963)	('L_DLPFC_T2', -0.0010390097738355898)	('L_PTL', -0.0006569845064984313)	('rDLPFC_to_lIFG_T1', -0.0005631864597406833)	('rDLPFC_to_lPTL_T1', -0.0005593532896635789)	('L_IFGorb_T1', -0.0005130780631686)	('lPTL_to_lIFG_T1', -0.00037017764130524384)	('lDLPFC_to_lPTL_T1', 0.00012160162170080091)	('L_DLPFC', 4.743560721215265e-05)	
