predictors	pearson_correlation	mean_squared_error	r2	
rois + act_t1 + act_t2 + conn_t1 + conn_t2 + age + T1 + T2	0.3050505439312004	0.06504151752464833	0.08085829841624204	('lIFG_to_lPTL_T2', 0.01932226979847025)	('L_PTL', 0.012477788050610278)	('R_IFGorb_T2', 0.012047784561365519)	('L_PTL_T2', 0.011465085431623629)	('rDLPFC_to_lIFG_T2', 0.01055850375977995)	('T2', 0.01019727813570016)	('T1', 0.009779827236370577)	('R_IFGorb_T1', 0.007504409569996274)	('lPTL_to_lIFG_T1', 0.006494645849923336)	('rIFG_to_lIFG_T1', 0.005572930476687815)	('rDLPFC_to_lPTL_T2', -0.004899878678287522)	('rIFG_to_lIFG_T2', 0.004661024979431913)	('L_SMA', -0.003733755320015247)	('L_DLPFC', 0.0036830367476201)	('lSMA_to_lIFG_T1', -0.0033716129636965023)	('lSMA_to_lPTL_T2', -0.0032443726424742935)	('lPTL_to_lIFG_T2', -0.0029802976964219768)	('lSMA_to_lPTL_T1', 0.0027950998863386246)	('lSMA_to_lIFG_T2', -0.0027469993195193515)	('L_IFGorb_T2', 0.0027150151786127794)	('rDLPFC_to_lIFG_T1', 0.0025230003749874643)	('L_DLPFC_T2', 0.002365174944224275)	('rDLPFC_to_lPTL_T1', -0.0021441970099372095)	('L_PTL_T1', 0.0020977012047503733)	('lIFG_to_lPTL_T1', 0.0019486014039356069)	('Age', -0.0019452096123580484)	('L_IFGorb', -0.0018694344819647334)	('R_DLPFC_T1', 0.0016641553613080903)	('L_IFGorb_T1', 0.00159885415374121)	('lDLPFC_to_lIFG_T1', 0.0014404885260289747)	('lDLPFC_to_lIFG_T2', 0.0012649340346897989)	('L_SMA_T2', 0.0010341971080979314)	('L_SMA_T1', -0.0007353182008241093)	('lDLPFC_to_lPTL_T1', 0.00024112435182565642)	('R_DLPFC_T2', 7.218924549351985e-05)	('lDLPFC_to_lPTL_T2', 2.2352446179207952e-05)	('L_DLPFC_T1', 0.0)	
