predictors	pearson_correlation	mean_squared_error	r2	
rois + act_t1 + act_t2 + conn_t1 + conn_t2 + age + T1 + T2	0.01490719590439812	0.07709254383051788	-0.08944216882623812	('L_IFGorb_T1', -0.013754597473162466)	('lPTL_to_lIFG_T1', 0.01312958990324475)	('lDLPFC_to_lIFG_T2', 0.011933816823586428)	('L_IFGorb_T2', -0.01143722296601575)	('lDLPFC_to_lPTL_T1', -0.011170860202364158)	('L_SMA_T2', 0.010948545326681075)	('lSMA_to_lPTL_T2', 0.008209239509140027)	('rDLPFC_to_lPTL_T2', -0.008129978701074667)	('T1', 0.008115456876441916)	('L_SMA', 0.00798540643224868)	('lIFG_to_lPTL_T2', 0.007756625397068832)	('lPTL_to_lIFG_T2', 0.006356232565337043)	('lSMA_to_lPTL_T1', 0.006259206340287277)	('rIFG_to_lIFG_T2', 0.005979229793130136)	('L_PTL', -0.005072570545940567)	('lIFG_to_lPTL_T1', -0.004276122870447447)	('L_DLPFC', 0.004259792167243238)	('L_PTL_T2', -0.004251017165728691)	('rDLPFC_to_lPTL_T1', 0.004161186757974948)	('lDLPFC_to_lPTL_T2', 0.0037929354844792283)	('lSMA_to_lIFG_T2', 0.003559592196375341)	('L_DLPFC_T2', 0.0023899449690426284)	('T2', -0.0022375862139711288)	('R_DLPFC_T1', -0.0020023790949175646)	('rDLPFC_to_lIFG_T1', 0.0019482414574149565)	('L_SMA_T1', 0.0017661795326667819)	('R_IFGorb_T1', -0.001155979951056215)	('Age', -0.0011149226158431197)	('R_DLPFC_T2', -0.0009937543715853507)	('rDLPFC_to_lIFG_T2', -0.000870042045035132)	('R_IFGorb_T2', 0.0007188236327103455)	('lDLPFC_to_lIFG_T1', -0.0006808738657660031)	('L_DLPFC_T1', -0.0006167595184540859)	('L_PTL_T1', 0.0002975446579340694)	('L_IFGorb', -0.00015327143575727262)	('rIFG_to_lIFG_T1', -0.00011225190521389603)	('lSMA_to_lIFG_T1', 8.67495484165523e-05)	
