predictors	pearson_correlation	mean_squared_error	r2	
rois + act_t1 + act_t2 + conn_t1 + conn_t2 + age + T1 + T2	0.11896224534798523	0.07233280855848394	-0.02217942122248484	('R_DLPFC_T1', 0.019493214680394957)	('lDLPFC_to_lPTL_T2', 0.01723200710547566)	('lIFG_to_lPTL_T1', 0.014733499592567022)	('L_DLPFC_T1', 0.014184145696779112)	('lDLPFC_to_lPTL_T1', -0.008623740995837197)	('lSMA_to_lIFG_T1', -0.008600442039155564)	('lPTL_to_lIFG_T2', 0.007685974186661049)	('R_DLPFC_T2', 0.007671654434883742)	('T1', -0.007243923244344694)	('L_PTL_T2', 0.007094011609660014)	('lSMA_to_lIFG_T2', 0.00689938409875256)	('rDLPFC_to_lIFG_T2', 0.005908017781667801)	('lIFG_to_lPTL_T2', -0.00525812787366343)	('rIFG_to_lIFG_T1', -0.00497652437473634)	('L_DLPFC', 0.004461606990811694)	('L_PTL', -0.004313976994817977)	('lSMA_to_lPTL_T2', 0.004149156140302988)	('L_IFGorb', -0.004116820291029846)	('L_SMA', 0.0033426196271797632)	('L_IFGorb_T2', 0.0032704170268877666)	('L_SMA_T2', -0.0032485768894426714)	('rDLPFC_to_lPTL_T1', -0.0031852866079080857)	('L_IFGorb_T1', -0.0031641158307060932)	('L_PTL_T1', 0.002987313234391061)	('rIFG_to_lIFG_T2', -0.0028396987266119758)	('Age', -0.0026558999411660225)	('rDLPFC_to_lPTL_T2', -0.0022930890765043713)	('lDLPFC_to_lIFG_T1', 0.0019679927653801364)	('R_IFGorb_T2', -0.0019451765332142343)	('R_IFGorb_T1', -0.001317413366333458)	('L_SMA_T1', -0.0010677901709339368)	('T2', -0.0006899649780328901)	('lPTL_to_lIFG_T1', -0.0005366171017661108)	('lSMA_to_lPTL_T1', -0.00026038114830024845)	('rDLPFC_to_lIFG_T1', -0.00017002098099442938)	('L_DLPFC_T2', 5.4857294137631894e-05)	('lDLPFC_to_lIFG_T2', 3.7395852905820186e-05)	
