predictors	pearson_correlation	mean_squared_error	r2	
rois + act_t1 + act_t2 + conn_t1 + conn_t2 + age + T1 + T2	-0.3940032497008103	0.09701898607034576	-0.3710349840597551	('lSMA_to_lPTL_T1', 0.020764102218326128)	('L_IFGorb_T1', 0.01617944227566999)	('L_DLPFC_T1', -0.014742569094658228)	('T2', -0.014522647237772026)	('lSMA_to_lIFG_T2', 0.01299078899481957)	('lPTL_to_lIFG_T1', 0.012904230220074515)	('L_PTL_T1', 0.011973295719440894)	('rDLPFC_to_lPTL_T2', 0.011196253852716179)	('L_IFGorb', -0.011027141847929724)	('lIFG_to_lPTL_T2', -0.010092090344358613)	('lIFG_to_lPTL_T1', 0.009007617311061915)	('T1', 0.008758466855879849)	('L_SMA_T2', -0.00847931475706755)	('R_DLPFC_T2', 0.007751583310168991)	('L_IFGorb_T2', 0.007235014710054912)	('lDLPFC_to_lPTL_T1', 0.006504411621312947)	('lSMA_to_lIFG_T1', -0.005719769269643147)	('L_PTL_T2', -0.0055146554182197395)	('L_SMA', -0.005101952449713229)	('R_IFGorb_T2', 0.004851102054064094)	('rIFG_to_lIFG_T2', 0.0048146241541694125)	('R_IFGorb_T1', 0.004764604719989797)	('L_SMA_T1', -0.0047069377020639725)	('rIFG_to_lIFG_T1', 0.004692904546370581)	('rDLPFC_to_lPTL_T1', -0.0046123567340598266)	('rDLPFC_to_lIFG_T1', 0.004493554941281451)	('R_DLPFC_T1', -0.004473243717290544)	('Age', 0.002842944527735553)	('rDLPFC_to_lIFG_T2', 0.002658857776138015)	('L_DLPFC', 0.002173459520440137)	('lDLPFC_to_lPTL_T2', -0.0018826551249045836)	('lDLPFC_to_lIFG_T2', 0.0016384901089237195)	('lDLPFC_to_lIFG_T1', -0.000918561740597982)	('lSMA_to_lPTL_T2', -0.000758775559837404)	('lPTL_to_lIFG_T2', 0.0006134727939879136)	('L_PTL', 0.0005828846350821818)	('L_DLPFC_T2', 2.2214697792551247e-05)	
