predictors	pearson_correlation	mean_squared_error	r2	
rois + act_t1 + act_t2 + conn_t1 + conn_t2 + age + T1 + T2	0.2053498349085381	0.06797627546341041	0.039385428344476114	('L_PTL_T1', 0.012338250053775814)	('lDLPFC_to_lPTL_T2', 0.011638297041663947)	('lDLPFC_to_lPTL_T1', 0.010170601440813989)	('T1', -0.009219145573504567)	('lSMA_to_lIFG_T1', 0.009007652998661428)	('R_DLPFC_T1', -0.008481875539988528)	('rDLPFC_to_lPTL_T2', 0.008291832987944196)	('lSMA_to_lPTL_T1', 0.007370158860293951)	('rDLPFC_to_lPTL_T1', -0.006990919233333216)	('lDLPFC_to_lIFG_T1', 0.006988936584841522)	('R_IFGorb_T1', 0.006565689546722732)	('L_SMA_T2', 0.005491409532200211)	('L_DLPFC_T2', 0.005275985312267536)	('L_SMA_T1', 0.004207139002660801)	('lIFG_to_lPTL_T2', 0.004175374172892824)	('lPTL_to_lIFG_T1', 0.00412937966835365)	('L_IFGorb_T2', 0.0039180208008036685)	('L_DLPFC', -0.00328860267169834)	('rDLPFC_to_lIFG_T1', 0.0031369633988986506)	('lSMA_to_lPTL_T2', -0.0030720943146535467)	('L_PTL_T2', 0.0030594963343669518)	('rDLPFC_to_lIFG_T2', -0.002764425298624405)	('R_DLPFC_T2', 0.0025901363535657334)	('L_IFGorb_T1', 0.0024751361082017164)	('L_DLPFC_T1', 0.002390119923364312)	('T2', 0.0022336588214224534)	('lIFG_to_lPTL_T1', 0.0016510998519194873)	('Age', 0.001591181361385403)	('rIFG_to_lIFG_T2', 0.001588831406028919)	('L_SMA', -0.0009729705408327504)	('L_IFGorb', -0.0008886761027887013)	('lSMA_to_lIFG_T2', 0.0008813923242049765)	('L_PTL', -0.000633006618824983)	('R_IFGorb_T2', 0.0006192325395706784)	('lPTL_to_lIFG_T2', -0.0006043817046564367)	('rIFG_to_lIFG_T1', 0.0004093380215737647)	('lDLPFC_to_lIFG_T2', 0.00036425475425345255)	
