predictors	pearson_correlation	mean_squared_error	r2	
rois + act_t1 + act_t2 + conn_t1 + conn_t2 + age + T1 + T2	-0.04185852151147539	0.07345161242418805	-0.037989927003996726	('lDLPFC_to_lPTL_T2', 0.01218234159851736)	('L_SMA_T1', 0.011763079331417308)	('L_PTL_T2', 0.011082833945550881)	('R_IFGorb_T2', 0.007690951797861307)	('lPTL_to_lIFG_T1', 0.006872167082001871)	('L_PTL', 0.006552406509795709)	('L_DLPFC', 0.006213866945325692)	('rDLPFC_to_lIFG_T2', 0.006148887055541353)	('Age', 0.005994768177763736)	('lSMA_to_lPTL_T2', 0.005878430038140443)	('L_IFGorb_T1', -0.005850170393598165)	('R_DLPFC_T2', -0.005744809235978157)	('lIFG_to_lPTL_T1', -0.00563151228245919)	('lSMA_to_lIFG_T1', 0.00557497214230739)	('L_DLPFC_T2', -0.005002847410053855)	('T1', -0.004808638250170326)	('rDLPFC_to_lPTL_T1', 0.004722189998540047)	('R_IFGorb_T1', 0.004597391886420345)	('L_IFGorb', -0.004256256220422934)	('L_SMA', -0.003734687386476506)	('R_DLPFC_T1', -0.0036494217837587254)	('lIFG_to_lPTL_T2', -0.0034352064219290595)	('lDLPFC_to_lIFG_T2', 0.003430170033324933)	('lSMA_to_lPTL_T1', -0.003291748188932136)	('lDLPFC_to_lPTL_T1', 0.0031682782946341552)	('T2', 0.003019237242188874)	('L_DLPFC_T1', -0.002872171067012623)	('lSMA_to_lIFG_T2', -0.0026494534368474744)	('L_PTL_T1', -0.0010747119839635598)	('L_IFGorb_T2', 0.0010615487190607775)	('rDLPFC_to_lPTL_T2', 0.0008770334316724601)	('rIFG_to_lIFG_T1', 0.0006015292868675519)	('rDLPFC_to_lIFG_T1', 0.0005073323811228484)	('L_SMA_T2', -0.0003877295062832341)	('rIFG_to_lIFG_T2', -0.00036985833302526934)	('lDLPFC_to_lIFG_T1', 0.0002663945167359204)	('lPTL_to_lIFG_T2', -0.00020495864791708415)	
