predictors	pearson_correlation	mean_squared_error	r2	
rois + act_t1 + act_t2 + conn_t1 + conn_t2 + age + T1 + T2	0.043186841829484485	0.07111442461682098	-0.004961688119962782	('lSMA_to_lPTL_T1', 0.01824527366195668)	('lDLPFC_to_lIFG_T2', 0.011460334066860776)	('L_IFGorb_T2', -0.008956760683674929)	('L_PTL_T2', 0.00887681847687955)	('L_DLPFC_T1', -0.008834633073277493)	('L_IFGorb_T1', 0.008303260765158077)	('R_IFGorb_T2', -0.006542240094759573)	('R_IFGorb_T1', 0.006148829262752234)	('L_IFGorb', -0.005826845481827631)	('lIFG_to_lPTL_T1', 0.005620453663592921)	('lDLPFC_to_lPTL_T2', 0.00527983422739148)	('L_PTL', -0.004959563377349752)	('rIFG_to_lIFG_T2', -0.004837668055306584)	('L_SMA_T1', -0.004816637356214876)	('rDLPFC_to_lPTL_T2', -0.00462335620133806)	('lDLPFC_to_lPTL_T1', 0.0040497892586484835)	('rDLPFC_to_lIFG_T2', 0.0038599111241151827)	('T2', 0.0037812183033458136)	('L_SMA', 0.0037107754086251753)	('R_DLPFC_T1', -0.0036163180136881135)	('Age', 0.003268180534173899)	('L_DLPFC_T2', -0.0030257839557457852)	('L_SMA_T2', 0.002619166417774517)	('L_PTL_T1', -0.0024527851761041576)	('rDLPFC_to_lIFG_T1', 0.002409793914492054)	('L_DLPFC', 0.002215469381687987)	('lSMA_to_lIFG_T2', -0.0021222326601295365)	('T1', -0.0019590871959604644)	('lPTL_to_lIFG_T2', -0.0017843766828053937)	('R_DLPFC_T2', 0.001518291916499706)	('rDLPFC_to_lPTL_T1', -0.001274253963254332)	('lIFG_to_lPTL_T2', -0.0010998985526250913)	('lPTL_to_lIFG_T1', -0.0006013784670736778)	('lDLPFC_to_lIFG_T1', -0.0005829177341246624)	('lSMA_to_lIFG_T1', 0.0005034296311245375)	('lSMA_to_lPTL_T2', -0.00046729472339155487)	('rIFG_to_lIFG_T1', 2.5081041229810523e-05)	
