predictors	pearson_correlation	mean_squared_error	r2	
rois + act_t1 + act_t2 + conn_t1 + conn_t2 + age + T1 + T2	0.24479240512670497	0.0674104864094589	0.047380941573228474	('lPTL_to_lIFG_T1', -0.009300891208289667)	('lDLPFC_to_lPTL_T2', 0.008696695375361666)	('L_SMA_T1', 0.007911734918959615)	('L_PTL', 0.007158540424406329)	('lDLPFC_to_lIFG_T2', 0.0069226244066828545)	('lSMA_to_lPTL_T1', -0.006864750438370392)	('rDLPFC_to_lIFG_T2', 0.0057422146990739435)	('lPTL_to_lIFG_T2', 0.005594423335702109)	('lIFG_to_lPTL_T1', 0.005220477671250075)	('L_SMA', 0.004479427056278486)	('R_IFGorb_T1', -0.0043598317755342494)	('lSMA_to_lPTL_T2', 0.004191368420839682)	('R_IFGorb_T2', 0.004005271141596666)	('L_DLPFC_T1', 0.0038549855211967793)	('rDLPFC_to_lIFG_T1', 0.0035408257076694955)	('rIFG_to_lIFG_T1', -0.003456457101599007)	('L_SMA_T2', 0.003432095574984323)	('lSMA_to_lIFG_T2', 0.0034005802333342285)	('rDLPFC_to_lPTL_T1', -0.003186799380418812)	('L_DLPFC', -0.0030627643006970327)	('rIFG_to_lIFG_T2', 0.003021686528970529)	('T2', 0.0028952296635779817)	('L_PTL_T1', 0.002634861523938872)	('L_PTL_T2', -0.002529535435147508)	('L_IFGorb', -0.0024360334619006473)	('L_IFGorb_T2', -0.0023654789324510025)	('L_DLPFC_T2', 0.0023435588394412074)	('lDLPFC_to_lPTL_T1', 0.0019167902348999493)	('T1', -0.001729341998645382)	('lDLPFC_to_lIFG_T1', 0.0014943217297262862)	('lIFG_to_lPTL_T2', 0.0013962455937065708)	('lSMA_to_lIFG_T1', 0.0007082987747130239)	('Age', 0.0004988997499567376)	('R_DLPFC_T2', 0.00037257624449536683)	('L_IFGorb_T1', -0.00033079042417657415)	('R_DLPFC_T1', 0.00011603137601967323)	('rDLPFC_to_lPTL_T2', 0.00011205402359512588)	
