predictors	pearson_correlation	mean_squared_error	r2	
rois + act_t1 + act_t2 + conn_t1 + conn_t2 + age + T1 + T2	0.19156979219770987	0.06828981721011887	0.03495457701204918	('rDLPFC_to_lPTL_T1', 0.014451575341649434)	('lPTL_to_lIFG_T1', 0.013599173974622847)	('lSMA_to_lPTL_T2', 0.007887550227881436)	('T1', 0.007510027362779192)	('rDLPFC_to_lIFG_T1', -0.007360875950011877)	('L_SMA_T1', 0.006611367454675537)	('L_IFGorb_T2', 0.005045020551665616)	('lSMA_to_lIFG_T1', -0.005037483874865454)	('rDLPFC_to_lIFG_T2', 0.0050181536258363385)	('L_PTL_T1', 0.0047100159672482985)	('L_DLPFC_T2', 0.004679354890234995)	('L_SMA_T2', -0.0037785801490765685)	('rDLPFC_to_lPTL_T2', 0.0037535525168314733)	('L_DLPFC_T1', 0.003400919045205742)	('R_DLPFC_T2', 0.0032789437712320907)	('lIFG_to_lPTL_T2', 0.003190385712900067)	('lDLPFC_to_lPTL_T1', 0.0030897712947426477)	('rIFG_to_lIFG_T1', -0.0029423909104918464)	('Age', -0.002862716259686635)	('lDLPFC_to_lIFG_T2', 0.002584734125370402)	('R_IFGorb_T2', -0.0022037226741227576)	('L_IFGorb_T1', -0.0018283620062372818)	('L_PTL', -0.001695143598011465)	('lIFG_to_lPTL_T1', 0.0015236389641030178)	('lPTL_to_lIFG_T2', 0.0014141357366487832)	('T2', 0.0012839691952108508)	('L_PTL_T2', -0.0012650489816892335)	('lSMA_to_lIFG_T2', 0.0011261670111032086)	('lDLPFC_to_lIFG_T1', 0.0010787233206356692)	('R_DLPFC_T1', 0.0010249981562323988)	('lDLPFC_to_lPTL_T2', 0.0009383452205058908)	('R_IFGorb_T1', 0.0008852177065760522)	('L_IFGorb', -0.0008730315486496728)	('L_DLPFC', -0.0006785114179532684)	('rIFG_to_lIFG_T2', 0.0005808465776166917)	('lSMA_to_lPTL_T1', 0.0004736856188844714)	('L_SMA', 0.0)	
