predictors	pearson_correlation	mean_squared_error	r2	
rois + act_t1 + act_t2 + conn_t1 + conn_t2 + age + T1 + T2	-0.30284332538392666	0.08202560199152584	-0.1591542488127209	('lDLPFC_to_lIFG_T1', 0.025535463968526417)	('L_PTL', -0.013944963372113548)	('R_DLPFC_T2', 0.013886643821313004)	('lIFG_to_lPTL_T2', -0.009431800095435042)	('lSMA_to_lPTL_T2', 0.009375859375791227)	('lSMA_to_lPTL_T1', -0.008855942708382)	('lSMA_to_lIFG_T2', -0.008579469969993292)	('rDLPFC_to_lPTL_T2', 0.00820420841967181)	('lPTL_to_lIFG_T2', 0.00797640732536823)	('L_DLPFC_T1', 0.00702857987296651)	('rIFG_to_lIFG_T1', 0.005892715783446824)	('lIFG_to_lPTL_T1', -0.005694882150021099)	('T2', 0.0053264759096947915)	('lDLPFC_to_lIFG_T2', -0.005234392208934252)	('lPTL_to_lIFG_T1', 0.005128330063222866)	('L_IFGorb_T1', 0.004651174638819819)	('R_IFGorb_T2', -0.004617878104586936)	('lDLPFC_to_lPTL_T2', -0.0046025642261146955)	('lDLPFC_to_lPTL_T1', 0.004377926776657824)	('Age', 0.0041101555461902336)	('L_SMA_T2', 0.0036966622168917887)	('R_IFGorb_T1', 0.0033631655672542787)	('L_IFGorb_T2', 0.003258674540793169)	('rDLPFC_to_lPTL_T1', -0.002862989219511885)	('R_DLPFC_T1', -0.0028501961021171886)	('L_DLPFC', 0.0026724863894737215)	('L_PTL_T1', -0.0016088881459690113)	('rDLPFC_to_lIFG_T1', 0.0015822020686188931)	('rIFG_to_lIFG_T2', 0.00125043571788699)	('rDLPFC_to_lIFG_T2', 0.0011922336164176034)	('L_PTL_T2', -0.0007472852359011585)	('L_SMA', 0.0006862719335085866)	('L_DLPFC_T2', 0.0004447631751293849)	('T1', -0.00041362329723628046)	('L_SMA_T1', 0.0002385707582725201)	('L_IFGorb', -0.00022639287396013263)	('lSMA_to_lIFG_T1', -0.00019546858471183734)	
