predictors	pearson_correlation	mean_squared_error	r2	
rois + act_t1 + act_t2 + conn_t1 + conn_t2 + age + T1 + T2	0.3683334510768924	0.06380701166241895	0.09830386029746097	('R_DLPFC_T1', 0.014041310456838266)	('Age', 0.010973076683361999)	('L_IFGorb_T1', 0.009242649554395096)	('rIFG_to_lIFG_T1', 0.008278162484888591)	('L_IFGorb', -0.007804193287976858)	('L_SMA_T1', -0.007462442290202815)	('L_PTL', -0.007054011959643042)	('lIFG_to_lPTL_T2', 0.006608157583317991)	('lDLPFC_to_lPTL_T2', 0.006356587047933552)	('lSMA_to_lPTL_T2', 0.006351502224482542)	('L_DLPFC_T2', -0.006261204522707154)	('R_IFGorb_T2', -0.004931108731283103)	('rIFG_to_lIFG_T2', 0.004439014336613579)	('lSMA_to_lIFG_T2', 0.004403505794266944)	('lSMA_to_lIFG_T1', 0.004276132287978603)	('lDLPFC_to_lIFG_T2', -0.0041732876704727384)	('T1', -0.003543722641012847)	('L_IFGorb_T2', -0.003449387012427356)	('rDLPFC_to_lPTL_T2', 0.0032059740926251436)	('L_PTL_T2', -0.002841496079025413)	('lIFG_to_lPTL_T1', 0.002400497602802341)	('L_PTL_T1', 0.0020201382964449913)	('L_SMA', -0.0019977169325419318)	('lSMA_to_lPTL_T1', -0.0019059293869926911)	('lDLPFC_to_lPTL_T1', 0.001823246871975615)	('lDLPFC_to_lIFG_T1', 0.0015757660441787773)	('L_DLPFC_T1', 0.0015568180884202498)	('T2', 0.0015471480814727343)	('R_DLPFC_T2', -0.0014625560624728369)	('rDLPFC_to_lPTL_T1', -0.001423648516445289)	('L_SMA_T2', -0.0013807118014373821)	('L_DLPFC', 0.001193327440275349)	('lPTL_to_lIFG_T2', 0.0004916877617324326)	('rDLPFC_to_lIFG_T1', 0.00046474721138355557)	('rDLPFC_to_lIFG_T2', -0.00044574814036290683)	('R_IFGorb_T1', 0.00028103822503813207)	('lPTL_to_lIFG_T1', 6.572201488016842e-05)	
