predictors	pearson_correlation	mean_squared_error	r2	
rois + act_t1 + act_t2 + conn_t1 + conn_t2 + age + T1 + T2	0.0913749462837285	0.0706687567309577	0.0013363189767870987	('lDLPFC_to_lPTL_T2', 0.012201779120498435)	('rDLPFC_to_lIFG_T1', 0.009030433616190048)	('L_PTL_T1', -0.008804677407195947)	('lSMA_to_lIFG_T1', 0.008432466023223053)	('rIFG_to_lIFG_T2', 0.007951337198945724)	('lIFG_to_lPTL_T2', 0.007366366776906023)	('lDLPFC_to_lPTL_T1', -0.006685454948367153)	('L_IFGorb_T2', 0.006628516569177417)	('rDLPFC_to_lIFG_T2', 0.005267328745450429)	('lIFG_to_lPTL_T1', 0.005252893579725118)	('rDLPFC_to_lPTL_T2', 0.005172092331098945)	('R_DLPFC_T2', 0.0051672447553144235)	('lDLPFC_to_lIFG_T2', -0.005163626623845737)	('L_PTL_T2', -0.0049642893457715375)	('lDLPFC_to_lIFG_T1', -0.004406578592552222)	('L_PTL', 0.00399851213268975)	('T1', -0.003889000658855692)	('lPTL_to_lIFG_T2', 0.003749364178531296)	('L_IFGorb_T1', 0.003721419336527443)	('rIFG_to_lIFG_T1', 0.0033567901777678873)	('R_IFGorb_T1', 0.0027355623636529836)	('lPTL_to_lIFG_T1', -0.002350261659176168)	('lSMA_to_lPTL_T2', -0.0022817122737164366)	('R_IFGorb_T2', 0.00220052622780069)	('L_SMA_T2', 0.0021170573744983944)	('Age', 0.002017549811074321)	('L_SMA_T1', 0.0017262644716379148)	('L_DLPFC', -0.001534015823346673)	('L_DLPFC_T1', -0.0013427153517542637)	('L_SMA', -0.0013016103512513144)	('R_DLPFC_T1', -0.0010389790947214032)	('lSMA_to_lPTL_T1', 0.0009492027228579469)	('rDLPFC_to_lPTL_T1', 0.0008768707342763558)	('T2', 0.0007372935045742568)	('L_DLPFC_T2', -0.0007348083464281518)	('L_IFGorb', 0.00024154158358701705)	('lSMA_to_lIFG_T2', -0.00017078729867262338)	
