predictors	pearson_correlation	mean_squared_error	r2	
rois + act_t1 + act_t2 + conn_t1 + conn_t2 + age + T1 + T2	0.29004518026652626	0.06603592958478018	0.06680564977257197	('L_PTL', -0.016503905002639638)	('lPTL_to_lIFG_T1', 0.014934708825730553)	('L_PTL_T1', 0.011847208471494562)	('L_SMA_T2', 0.01110539572949995)	('lDLPFC_to_lPTL_T2', 0.008816686702491285)	('lDLPFC_to_lIFG_T1', 0.00840745469238237)	('lPTL_to_lIFG_T2', 0.008239080319087481)	('rIFG_to_lIFG_T1', 0.007929840984841178)	('T2', 0.0076704926722063966)	('L_IFGorb_T2', 0.0072351901478030795)	('lIFG_to_lPTL_T1', 0.006702715219243357)	('L_SMA_T1', 0.0061553563592196625)	('lSMA_to_lPTL_T2', 0.006027528485865212)	('rDLPFC_to_lPTL_T2', 0.005994557184230407)	('L_DLPFC_T2', 0.005790200190205198)	('lDLPFC_to_lIFG_T2', -0.005680894203287818)	('L_DLPFC', 0.005480592625203331)	('R_IFGorb_T2', 0.005442083269024151)	('rDLPFC_to_lIFG_T1', 0.005333719542719406)	('L_IFGorb_T1', -0.005217588094840546)	('rDLPFC_to_lPTL_T1', -0.004851733315199581)	('lSMA_to_lIFG_T1', -0.0045044163759154765)	('L_DLPFC_T1', -0.0043362108385740245)	('R_DLPFC_T1', 0.0032444953654156596)	('lSMA_to_lIFG_T2', 0.0029263667867424348)	('R_IFGorb_T1', 0.002603261018564548)	('L_IFGorb', 0.002249913023193923)	('lIFG_to_lPTL_T2', -0.0021609216508915404)	('rIFG_to_lIFG_T2', -0.0019302775242097906)	('T1', -0.0017042950030031147)	('L_SMA', 0.0014683427131820291)	('L_PTL_T2', 0.001459925050190499)	('rDLPFC_to_lIFG_T2', 0.0006618348571712446)	('lDLPFC_to_lPTL_T1', 0.0006483071045095962)	('lSMA_to_lPTL_T1', 0.0004867997571021291)	('R_DLPFC_T2', -0.00040310149647546057)	('Age', 0.00013710407374412288)	
