predictors	pearson_correlation	mean_squared_error	r2	
rois + act_t1 + act_t2 + conn_t1 + conn_t2 + age + T1 + T2	-0.012886590362177642	0.07852257604422816	-0.10965083387977326	('L_SMA_T2', 0.016914404206441157)	('T2', -0.01658322133926114)	('T1', 0.014281261685503217)	('rIFG_to_lIFG_T1', 0.01123292629959523)	('L_PTL', 0.010033616963728542)	('Age', 0.009596381967938102)	('R_DLPFC_T1', 0.00883084102792593)	('rIFG_to_lIFG_T2', -0.008671515016064814)	('lDLPFC_to_lPTL_T1', 0.008640595781025289)	('L_IFGorb_T2', -0.00804314579061984)	('lDLPFC_to_lPTL_T2', 0.007948081590446259)	('L_IFGorb_T1', 0.007923679809339087)	('L_SMA', 0.007687066339104337)	('lIFG_to_lPTL_T1', -0.007418216238566116)	('lPTL_to_lIFG_T1', 0.007200621530941895)	('rDLPFC_to_lIFG_T2', -0.005029733986621172)	('lDLPFC_to_lIFG_T2', -0.005026509466523783)	('L_DLPFC_T1', -0.004739477516578005)	('rDLPFC_to_lPTL_T1', 0.0035964086868361103)	('lDLPFC_to_lIFG_T1', -0.003389499704373143)	('lSMA_to_lIFG_T1', 0.0033775287449225094)	('lSMA_to_lPTL_T1', 0.0033389756281986516)	('lSMA_to_lPTL_T2', 0.003122033291125393)	('rDLPFC_to_lIFG_T1', 0.002728519994664739)	('L_PTL_T2', -0.0023956151751072527)	('lIFG_to_lPTL_T2', 0.0019395465710682835)	('L_DLPFC_T2', -0.0018610470935778005)	('R_DLPFC_T2', 0.0016135270749434113)	('L_SMA_T1', 0.0015490265653005809)	('L_PTL_T1', 0.0014860725126092233)	('L_DLPFC', 0.0014556717912512988)	('rDLPFC_to_lPTL_T2', -0.0013803181639391467)	('lSMA_to_lIFG_T2', 0.0013763863244309863)	('lPTL_to_lIFG_T2', -0.001243173779059264)	('R_IFGorb_T1', -0.0010345434808784863)	('R_IFGorb_T2', 0.0006772629729869408)	('L_IFGorb', 0.00011165767150330361)	
