predictors	pearson_correlation	mean_squared_error	r2	
rois + act_t1 + act_t2 + conn_t1 + conn_t2 + age + T1 + T2	-0.030321451099046666	0.07630899894307737	-0.07836941393800223	('R_IFGorb_T2', 0.010562899900013292)	('L_IFGorb_T2', 0.009987474230806427)	('lPTL_to_lIFG_T1', 0.008971370995765471)	('lSMA_to_lPTL_T2', -0.008771763705077476)	('lDLPFC_to_lIFG_T1', 0.007566618434478288)	('L_DLPFC_T1', -0.0070729502184828695)	('lPTL_to_lIFG_T2', 0.006946452246330345)	('L_DLPFC_T2', 0.006783376241338924)	('L_PTL', -0.006342747956745945)	('T2', 0.005966065598019258)	('L_PTL_T2', -0.005290973530381096)	('R_DLPFC_T1', -0.005128645232500354)	('lSMA_to_lIFG_T1', 0.004533740982264384)	('T1', 0.004505357896457697)	('L_IFGorb', 0.004157722901541867)	('rIFG_to_lIFG_T2', 0.004148798544666033)	('lDLPFC_to_lPTL_T2', 0.004064835956558629)	('L_PTL_T1', -0.0037823594908957003)	('R_IFGorb_T1', 0.003530918935563781)	('lSMA_to_lPTL_T1', 0.003455307900193862)	('lDLPFC_to_lPTL_T1', 0.003111706107850769)	('L_IFGorb_T1', -0.0025004019918006847)	('L_SMA', 0.0021925204906980767)	('L_SMA_T2', -0.002035091684117678)	('lIFG_to_lPTL_T2', -0.0019165697312888061)	('L_SMA_T1', -0.0018433134472417448)	('lIFG_to_lPTL_T1', -0.0017892611759042993)	('rDLPFC_to_lIFG_T2', 0.001649481364463905)	('rIFG_to_lIFG_T1', -0.0009012357715823851)	('lDLPFC_to_lIFG_T2', 0.000893117363158212)	('rDLPFC_to_lIFG_T1', 0.0008409815372813221)	('rDLPFC_to_lPTL_T1', 0.0007085038904557136)	('rDLPFC_to_lPTL_T2', -0.0005509107766140558)	('R_DLPFC_T2', -0.00048020312062517197)	('L_DLPFC', 0.0004096262973595203)	('lSMA_to_lIFG_T2', -0.00019345578800923085)	('Age', -0.00018203168922948415)	
