predictors	pearson_correlation	mean_squared_error	r2	
rois + act_t1 + act_t2 + conn_t1 + conn_t2 + age + T1 + T2	0.0916688771115461	0.0707408477715335	0.00031755612767803143	('lIFG_to_lPTL_T1', 0.015233095714441994)	('rDLPFC_to_lIFG_T2', 0.00920608036532927)	('Age', 0.007733340477919411)	('L_IFGorb', -0.006200039063585909)	('L_SMA_T2', -0.0060321132970129025)	('R_IFGorb_T1', 0.005833578209091849)	('L_DLPFC_T1', 0.005832992553785852)	('rIFG_to_lIFG_T2', 0.00575564999969783)	('rDLPFC_to_lPTL_T1', 0.005340240114214857)	('L_SMA', -0.004427005629708916)	('lSMA_to_lPTL_T2', 0.004348326930157253)	('lDLPFC_to_lPTL_T1', -0.003889673876233765)	('R_DLPFC_T2', -0.0037716213757526553)	('L_SMA_T1', 0.003118070579002773)	('rIFG_to_lIFG_T1', -0.002876141029735697)	('L_DLPFC', -0.002848671090111111)	('lSMA_to_lIFG_T1', 0.002786890389948727)	('L_IFGorb_T2', 0.0024063090775865593)	('T1', -0.0022835562307965502)	('lPTL_to_lIFG_T1', 0.0021616614492871713)	('lIFG_to_lPTL_T2', -0.0021490804889581004)	('L_PTL_T2', 0.001648994708014508)	('lPTL_to_lIFG_T2', -0.001632183679576753)	('L_IFGorb_T1', 0.0015772337404953147)	('rDLPFC_to_lPTL_T2', 0.0015387946967075925)	('L_PTL', 0.0013991051854283735)	('T2', 0.0011069829827863782)	('lDLPFC_to_lPTL_T2', 0.001099570674653635)	('lSMA_to_lPTL_T1', 0.0010515428884991492)	('rDLPFC_to_lIFG_T1', -0.0008319922135310169)	('lDLPFC_to_lIFG_T1', 0.0007542671806407678)	('lSMA_to_lIFG_T2', -0.0003806052725351396)	('R_IFGorb_T2', 0.00015573117465646468)	('L_DLPFC_T2', -6.028602463896255e-05)	('R_DLPFC_T1', -3.799091042516339e-05)	('L_PTL_T1', 3.699770515093975e-07)	('lDLPFC_to_lIFG_T2', 0.0)	
