predictors	pearson_correlation	mean_squared_error	r2	
rois + act_t1 + act_t2 + conn_t1 + conn_t2 + age + T1 + T2	0.08895080824448272	0.07316112174716492	-0.0338848245196941	('lSMA_to_lIFG_T2', 0.02205587549017583)	('rDLPFC_to_lPTL_T2', 0.013121794189798534)	('lDLPFC_to_lPTL_T1', 0.01115857707077948)	('R_DLPFC_T1', 0.010694157880479485)	('L_PTL_T1', 0.009729926524993352)	('L_IFGorb_T1', 0.00838321932822645)	('L_SMA_T1', -0.007670059288210084)	('rDLPFC_to_lIFG_T1', -0.007577075919791382)	('R_DLPFC_T2', 0.007416197851397333)	('lPTL_to_lIFG_T1', -0.00740758439261288)	('lPTL_to_lIFG_T2', -0.006581088639928137)	('L_PTL_T2', 0.006226537614907739)	('rIFG_to_lIFG_T2', 0.0060629867370250575)	('L_DLPFC_T1', -0.005809884249441542)	('L_IFGorb_T2', -0.005643161283900775)	('R_IFGorb_T2', 0.005419677456445931)	('rIFG_to_lIFG_T1', 0.004640515969037302)	('lIFG_to_lPTL_T1', 0.004197528899190353)	('R_IFGorb_T1', -0.004015932239203371)	('L_SMA_T2', 0.0038369077108053548)	('L_DLPFC', 0.003291248469055279)	('lSMA_to_lPTL_T1', -0.0032462760497023375)	('L_SMA', -0.002951989231199074)	('lDLPFC_to_lIFG_T2', 0.0026141405140606847)	('T1', 0.0025675166913005764)	('T2', 0.002469832933509588)	('Age', -0.0024362438476120195)	('lDLPFC_to_lPTL_T2', 0.002347636618673642)	('L_DLPFC_T2', 0.002346300191676748)	('L_IFGorb', 0.002034035763321189)	('lSMA_to_lPTL_T2', -0.0017084725727171406)	('rDLPFC_to_lPTL_T1', 0.001391809471139611)	('lDLPFC_to_lIFG_T1', -0.0010462765418415463)	('lSMA_to_lIFG_T1', -0.0009794461470321726)	('L_PTL', -0.0009375055572481665)	('lIFG_to_lPTL_T2', -0.0002617886102083218)	('rDLPFC_to_lIFG_T2', 7.050129390303529e-05)	
