predictors	pearson_correlation	mean_squared_error	r2	
rois + act_t1 + act_t2 + conn_t1 + conn_t2 + age + T1 + T2	-0.27272594755093305	0.0853342292525251	-0.20591049630385294	('lPTL_to_lIFG_T1', 0.01858589737673231)	('L_IFGorb', -0.01714656300236814)	('L_SMA_T2', 0.015393084522958681)	('rDLPFC_to_lIFG_T1', 0.014849932164270985)	('T2', 0.012905191789881497)	('L_DLPFC', 0.009329807199924146)	('Age', 0.009103326606310693)	('rIFG_to_lIFG_T2', 0.00884906816981673)	('rDLPFC_to_lIFG_T2', -0.008427442771252147)	('L_DLPFC_T2', -0.007414782526546513)	('L_PTL', 0.006379124664849866)	('lSMA_to_lIFG_T1', 0.005723033730986026)	('R_DLPFC_T1', 0.005699641828147138)	('T1', -0.005310096021391172)	('L_PTL_T1', 0.00522318030044475)	('R_DLPFC_T2', 0.0050706537506129724)	('lDLPFC_to_lPTL_T2', -0.004861395376574443)	('rDLPFC_to_lPTL_T2', 0.004535345606480467)	('lSMA_to_lPTL_T1', -0.004407580661880962)	('lDLPFC_to_lPTL_T1', -0.004308922061681263)	('lDLPFC_to_lIFG_T1', -0.00408054772632931)	('rIFG_to_lIFG_T1', -0.003442010677992054)	('rDLPFC_to_lPTL_T1', 0.002998908675983831)	('lDLPFC_to_lIFG_T2', 0.002483750666951894)	('L_DLPFC_T1', 0.002410852617617801)	('L_IFGorb_T1', 0.002198350436200364)	('lSMA_to_lPTL_T2', -0.0018537899194064652)	('lSMA_to_lIFG_T2', -0.001742623801746973)	('R_IFGorb_T1', 0.0017089813033856977)	('L_SMA_T1', 0.001680261341560393)	('L_IFGorb_T2', 0.0012812842385305078)	('L_PTL_T2', 0.0010890942219226028)	('lPTL_to_lIFG_T2', 0.0010603886337291653)	('R_IFGorb_T2', -0.0007922091746077778)	('L_SMA', -0.0005273505056577456)	('lIFG_to_lPTL_T1', -0.00024103142113266816)	('lIFG_to_lPTL_T2', -1.7876139335082056e-05)	
