predictors	pearson_correlation	mean_squared_error	r2	
rois + act_t1 + act_t2 + conn_t1 + conn_t2 + age + T1 + T2	0.24989882237946617	0.06735715869405505	0.04813454833000974	('rDLPFC_to_lPTL_T1', 0.011305410390865423)	('Age', 0.007089972099647756)	('R_DLPFC_T2', 0.0069295339213775444)	('lSMA_to_lIFG_T1', 0.006330917938419993)	('L_SMA_T1', 0.006253258528857056)	('T1', 0.005976202782858019)	('L_PTL_T2', 0.005336674536072748)	('R_IFGorb_T2', 0.004835171466848846)	('L_IFGorb_T1', 0.004797616978557302)	('rIFG_to_lIFG_T2', 0.003712045305847444)	('L_DLPFC_T2', 0.0028650023251947827)	('L_SMA_T2', -0.0028271626025072228)	('lDLPFC_to_lIFG_T2', 0.002672494572968437)	('L_IFGorb_T2', 0.002331310834424239)	('L_DLPFC_T1', -0.002159756943854909)	('lDLPFC_to_lPTL_T1', -0.002064690143799873)	('T2', 0.0020577354148907678)	('rIFG_to_lIFG_T1', 0.0019194483907583)	('R_DLPFC_T1', 0.0019058754760957921)	('L_IFGorb', -0.001846837632909258)	('L_DLPFC', -0.0017330380550752988)	('lIFG_to_lPTL_T1', -0.0013553939130011767)	('lDLPFC_to_lIFG_T1', -0.0013243131129113848)	('lPTL_to_lIFG_T2', -0.0012485119944273025)	('lDLPFC_to_lPTL_T2', -0.00122235121874116)	('R_IFGorb_T1', 0.0011412537688737139)	('lSMA_to_lIFG_T2', -0.0011221727040936595)	('lIFG_to_lPTL_T2', -0.0009006543381139347)	('rDLPFC_to_lPTL_T2', 0.0008279369018553898)	('lSMA_to_lPTL_T2', -0.0006653002220425434)	('lSMA_to_lPTL_T1', 0.000557576608621735)	('rDLPFC_to_lIFG_T2', -0.00037162820696253065)	('lPTL_to_lIFG_T1', -0.00027461708738784886)	('L_PTL', 0.00022855729781974632)	('rDLPFC_to_lIFG_T1', -0.00021422537207467862)	('L_PTL_T1', -0.00018288425443049975)	('L_SMA', 0.0)	
