predictors	pearson_correlation	mean_squared_error	r2	
rois + act_t1 + act_t2 + conn_t1 + conn_t2 + age + T1 + T2	0.02345663133494959	0.0726408494299378	-0.026532536302220855	('rDLPFC_to_lPTL_T2', 0.016323170339353554)	('R_IFGorb_T1', 0.012405289732332788)	('lSMA_to_lIFG_T1', -0.009817328387522153)	('lDLPFC_to_lPTL_T2', -0.008286209754664143)	('lSMA_to_lPTL_T2', 0.007831244658193667)	('L_DLPFC_T1', 0.007808378800755255)	('L_DLPFC_T2', -0.006632487889151493)	('L_DLPFC', -0.006542476678890157)	('rIFG_to_lIFG_T2', -0.006376618981809977)	('R_IFGorb_T2', 0.006361724545939812)	('L_IFGorb_T1', -0.006257616620612134)	('rIFG_to_lIFG_T1', 0.005842779276009162)	('lDLPFC_to_lIFG_T1', -0.005594230024588144)	('L_IFGorb', 0.004892239534163147)	('Age', -0.004867348622393487)	('rDLPFC_to_lIFG_T1', -0.004728959884952205)	('lDLPFC_to_lIFG_T2', 0.004680949511895569)	('L_PTL', 0.004323160372045383)	('lSMA_to_lPTL_T1', 0.0040983822961740265)	('T2', -0.0038655695290295278)	('L_SMA_T1', 0.003836519256034088)	('rDLPFC_to_lIFG_T2', -0.0035744307403865437)	('lDLPFC_to_lPTL_T1', -0.003523217228135122)	('R_DLPFC_T1', 0.003044977294337295)	('L_SMA_T2', 0.002951864183118083)	('L_PTL_T2', 0.002881389132965611)	('L_SMA', -0.002686716349282671)	('rDLPFC_to_lPTL_T1', -0.0019644655681185716)	('L_PTL_T1', -0.001737208026844547)	('lPTL_to_lIFG_T1', 0.0016977076602730505)	('lSMA_to_lIFG_T2', 0.001621051562523939)	('L_IFGorb_T2', -0.001513592724225703)	('lIFG_to_lPTL_T2', -0.0014907667719106555)	('lPTL_to_lIFG_T2', -0.001327787015456102)	('R_DLPFC_T2', -0.0011616639681635709)	('lIFG_to_lPTL_T1', -0.0008180572113294845)	('T1', 0.0006607404938376094)	
