predictors	pearson_correlation	mean_squared_error	r2	
rois + act_t1 + act_t2 + conn_t1 + conn_t2 + age + T1 + T2	0.06810190079026592	0.07407211386957291	-0.046758614698438894	('L_IFGorb', 0.017344464430584766)	('R_IFGorb_T2', 0.014452505196444037)	('R_DLPFC_T1', -0.013348133952964603)	('T2', 0.012848990445133686)	('lSMA_to_lPTL_T1', 0.012178051682577767)	('L_DLPFC_T2', 0.011956057940829884)	('rIFG_to_lIFG_T1', 0.011252292217594731)	('R_IFGorb_T1', 0.01008654016695116)	('lDLPFC_to_lIFG_T1', 0.008361711285619173)	('rDLPFC_to_lPTL_T2', 0.008133189078178643)	('lIFG_to_lPTL_T1', -0.007978409166309427)	('L_PTL', 0.00795724199148215)	('L_PTL_T2', -0.007737742255212055)	('lDLPFC_to_lIFG_T2', 0.007572283637745985)	('lDLPFC_to_lPTL_T1', -0.0069442062054934466)	('L_PTL_T1', -0.006873222735713884)	('T1', -0.006147576754836164)	('lSMA_to_lIFG_T1', 0.005453981169576801)	('lSMA_to_lPTL_T2', -0.004632210280147347)	('R_DLPFC_T2', -0.004569908481538485)	('L_DLPFC_T1', -0.0033091286953091173)	('L_SMA_T1', -0.0024826417328821597)	('rDLPFC_to_lIFG_T2', 0.002179905618877119)	('lPTL_to_lIFG_T2', -0.0019666781882458767)	('rDLPFC_to_lIFG_T1', 0.0017745330098076556)	('lSMA_to_lIFG_T2', -0.0017572820209259083)	('L_IFGorb_T2', -0.0016798123256537378)	('L_DLPFC', 0.001492509954823499)	('rDLPFC_to_lPTL_T1', 0.0014731009752146653)	('L_IFGorb_T1', -0.0013515899532542692)	('lPTL_to_lIFG_T1', 0.0013365638327748487)	('L_SMA_T2', 0.0011031077276200214)	('lDLPFC_to_lPTL_T2', 0.0010761985513413148)	('Age', 0.0009328578611318718)	('rIFG_to_lIFG_T2', -0.0006668592179068632)	('L_SMA', 0.0004970350655523077)	('lIFG_to_lPTL_T2', -0.00041512872797639603)	
