predictors	pearson_correlation	mean_squared_error	r2	
rois + act_t1 + act_t2 + conn_t1 + conn_t2 + age + T1 + T2	0.18429625262133567	0.06888353499702544	0.026564385674477164	('L_PTL_T2', 0.013549842827831565)	('L_DLPFC', -0.009967768413916707)	('lSMA_to_lPTL_T1', 0.009304840225687096)	('lSMA_to_lIFG_T1', 0.007943721314296904)	('rDLPFC_to_lPTL_T2', -0.0071475499298027535)	('R_DLPFC_T1', 0.005984881435434456)	('lDLPFC_to_lIFG_T1', 0.005320546853782097)	('rIFG_to_lIFG_T1', 0.005290094346831052)	('L_PTL_T1', 0.005257852530533592)	('lIFG_to_lPTL_T2', 0.005253977870185452)	('L_PTL', -0.005106973035843213)	('R_IFGorb_T1', 0.004613066458935977)	('lSMA_to_lIFG_T2', 0.003706300969632118)	('L_SMA_T1', 0.003545101377997614)	('L_IFGorb_T1', 0.0034208841200906847)	('lIFG_to_lPTL_T1', 0.003414329241909083)	('L_SMA_T2', 0.003392886656167363)	('rDLPFC_to_lIFG_T2', -0.0031476979610179914)	('lDLPFC_to_lPTL_T1', -0.0029431292355332514)	('L_IFGorb_T2', 0.0028469321333855885)	('lPTL_to_lIFG_T1', -0.002675045338072102)	('rDLPFC_to_lIFG_T1', 0.002306668603530545)	('T2', 0.00211339285406584)	('R_DLPFC_T2', 0.002101886700696467)	('rDLPFC_to_lPTL_T1', 0.0019849283184245493)	('lSMA_to_lPTL_T2', 0.0017673762492835953)	('L_IFGorb', -0.0015376712057572235)	('R_IFGorb_T2', -0.0015152894379168596)	('L_DLPFC_T2', -0.001501418032921982)	('L_DLPFC_T1', 0.0014586721819131593)	('T1', 0.0014206219155704762)	('lDLPFC_to_lIFG_T2', 0.0010536285048405906)	('L_SMA', 0.0008336577449751253)	('Age', -0.0007449839358141974)	('lPTL_to_lIFG_T2', 0.0005528934511916084)	('lDLPFC_to_lPTL_T2', -0.0004010186137225667)	('rIFG_to_lIFG_T2', 0.0001735649600867515)	
