predictors	pearson_correlation	mean_squared_error	r2	
rois + act_t1 + act_t2 + conn_t1 + conn_t2 + age + T1 + T2	-0.003923234578355039	0.07139337737263196	-0.008903741140795285	('lIFG_to_lPTL_T1', 0.009442548048582902)	('lIFG_to_lPTL_T2', 0.008915023690891605)	('lSMA_to_lIFG_T1', 0.008079656635180689)	('rDLPFC_to_lIFG_T1', -0.006957333849286487)	('L_IFGorb_T1', -0.0066686718053143084)	('L_DLPFC_T2', 0.00528895624550612)	('rDLPFC_to_lIFG_T2', 0.005250331872264165)	('lSMA_to_lIFG_T2', 0.005161041803526988)	('rIFG_to_lIFG_T1', 0.003875558658880734)	('L_DLPFC', 0.003838840356943717)	('rDLPFC_to_lPTL_T1', -0.003614287914055675)	('rIFG_to_lIFG_T2', -0.0033824340586185407)	('lSMA_to_lPTL_T2', -0.0032550475449186775)	('R_DLPFC_T2', 0.0031448408535752104)	('lPTL_to_lIFG_T1', 0.0025796649885717515)	('L_PTL_T1', 0.0024536732178521235)	('R_IFGorb_T2', 0.002412077736835658)	('lSMA_to_lPTL_T1', -0.00236419791904413)	('T2', 0.0019663954354079225)	('lDLPFC_to_lIFG_T2', -0.0019285675705214128)	('L_SMA', 0.001883473551221533)	('Age', 0.0013381215781513192)	('lDLPFC_to_lIFG_T1', 0.0013046943141506316)	('R_IFGorb_T1', -0.0012013369008647397)	('lDLPFC_to_lPTL_T1', -0.0011950943335792153)	('lPTL_to_lIFG_T2', -0.0010948914702624709)	('T1', -0.0010551744989983325)	('L_IFGorb_T2', -0.0008838724858111054)	('lDLPFC_to_lPTL_T2', 0.0006666483090528426)	('L_SMA_T2', 0.0006651384562933177)	('L_PTL', 0.00021403932015014686)	('L_IFGorb', -0.00019347516631061537)	('rDLPFC_to_lPTL_T2', -0.00018024947022473166)	('L_SMA_T1', 0.00017445612382820463)	('L_PTL_T2', -0.00015011618049132195)	('L_DLPFC_T1', -9.061317767726202e-05)	('R_DLPFC_T1', 7.879794013153642e-05)	
