predictors	pearson_correlation	mean_squared_error	r2	
rois + act_t1 + act_t2 + conn_t1 + conn_t2 + age + T1 + T2	0.11904047392696109	0.07071496172093408	0.0006833678353495021	('lSMA_to_lPTL_T2', 0.019640421231574466)	('Age', -0.01294812118686654)	('R_DLPFC_T2', 0.011548236202656947)	('L_DLPFC', 0.011519404184173887)	('rDLPFC_to_lPTL_T2', -0.010757931094590055)	('R_IFGorb_T2', -0.010363965122269395)	('lDLPFC_to_lIFG_T2', 0.009462815724582435)	('L_SMA_T1', 0.00855059144195436)	('lSMA_to_lPTL_T1', 0.008255799193585225)	('L_DLPFC_T1', 0.008182499443674964)	('R_DLPFC_T1', 0.007868358285366832)	('rIFG_to_lIFG_T1', 0.006975783972031007)	('lDLPFC_to_lPTL_T1', 0.006941053887512116)	('lSMA_to_lIFG_T2', 0.006361052018768954)	('lIFG_to_lPTL_T1', 0.006220541288467928)	('T1', 0.005780238376234657)	('rIFG_to_lIFG_T2', -0.005767321362214782)	('lDLPFC_to_lIFG_T1', -0.005743299782287564)	('rDLPFC_to_lIFG_T1', 0.005251334389692952)	('R_IFGorb_T1', -0.00517769905298116)	('T2', -0.00515276445343657)	('lDLPFC_to_lPTL_T2', -0.005090798237533199)	('L_IFGorb', 0.004806675340283549)	('rDLPFC_to_lIFG_T2', -0.004666830691682033)	('L_DLPFC_T2', -0.003928262224162238)	('L_IFGorb_T1', -0.0037976104783976534)	('L_SMA', 0.003779335133941395)	('L_PTL_T2', -0.0033864241272685194)	('L_IFGorb_T2', 0.0031582756488108326)	('lIFG_to_lPTL_T2', -0.0022369371966861943)	('L_PTL_T1', -0.002234455457275583)	('rDLPFC_to_lPTL_T1', 0.0017320632137392629)	('L_PTL', 0.0012407112876635597)	('lSMA_to_lIFG_T1', 0.001216744727263844)	('L_SMA_T2', 0.0010784250668485263)	('lPTL_to_lIFG_T2', 0.0009762350912953623)	('lPTL_to_lIFG_T1', -0.000933490841961056)	
