predictors	pearson_correlation	mean_squared_error	r2	
rois + act_t1 + act_t2 + conn_t1 + conn_t2 + age + T1 + T2	-0.02706454731703588	0.07258913180551906	-0.025801682731774633	('L_SMA', 0.014058857079320376)	('lSMA_to_lPTL_T1', 0.00987204577812685)	('R_DLPFC_T2', -0.0074218673899404475)	('T2', 0.006839954430751387)	('L_IFGorb', 0.006510808006567964)	('lSMA_to_lIFG_T1', 0.00615156832491219)	('L_PTL', -0.006014234200902381)	('rDLPFC_to_lIFG_T1', 0.0055692183662116885)	('lDLPFC_to_lPTL_T1', -0.005551251678345275)	('lDLPFC_to_lIFG_T2', -0.005528098360767395)	('lDLPFC_to_lPTL_T2', 0.005200270520426732)	('R_IFGorb_T2', 0.004461526824560748)	('L_IFGorb_T2', -0.004087516121390396)	('L_DLPFC_T2', 0.003905705055407146)	('Age', 0.0035929381997690185)	('L_IFGorb_T1', 0.003470305610570116)	('lIFG_to_lPTL_T1', -0.003343270777221346)	('L_PTL_T1', 0.0032154415356761895)	('L_DLPFC_T1', -0.003125024058344793)	('lPTL_to_lIFG_T1', -0.003014146202576868)	('L_SMA_T2', 0.0028640000585556133)	('rIFG_to_lIFG_T2', 0.0024819895525322474)	('rDLPFC_to_lPTL_T1', -0.002107536288227268)	('lSMA_to_lIFG_T2', -0.002103371178794992)	('rDLPFC_to_lPTL_T2', 0.001926669637120311)	('L_DLPFC', -0.0018849227178032162)	('lDLPFC_to_lIFG_T1', -0.0015699300984307553)	('R_DLPFC_T1', -0.0015545717266138644)	('R_IFGorb_T1', 0.0012232156342801756)	('lIFG_to_lPTL_T2', -0.001039558649215534)	('rIFG_to_lIFG_T1', -0.0010327599044203126)	('L_PTL_T2', 0.000986875995111387)	('lPTL_to_lIFG_T2', -0.000962259744277666)	('rDLPFC_to_lIFG_T2', 0.0007746219935318994)	('T1', -0.0007502688034202747)	('lSMA_to_lPTL_T2', 0.0002809338544092132)	('L_SMA_T1', -3.0838235896628964e-05)	
