predictors	pearson_correlation	mean_squared_error	r2	
rois + act_t1 + act_t2 + conn_t1 + conn_t2 + age + T1 + T2	-0.23390478534871972	0.07846341259274547	-0.10881475874596735	('lPTL_to_lIFG_T2', 0.021126116193477696)	('lDLPFC_to_lIFG_T2', 0.019164504696148856)	('L_PTL', -0.016506943344583667)	('rDLPFC_to_lIFG_T1', 0.014422868182824915)	('L_DLPFC', 0.01291073430889979)	('R_IFGorb_T2', 0.012884619407247257)	('L_SMA', 0.011399244247318807)	('L_SMA_T2', -0.010026288185343004)	('L_IFGorb_T1', -0.009888847274464097)	('rIFG_to_lIFG_T2', 0.009824092909314158)	('L_IFGorb_T2', -0.009336898317303275)	('lDLPFC_to_lPTL_T1', -0.008823836117964095)	('lIFG_to_lPTL_T2', 0.008695623118431493)	('L_IFGorb', -0.007321605866512889)	('Age', -0.006730229915791424)	('lIFG_to_lPTL_T1', -0.0065422990896225434)	('lSMA_to_lPTL_T1', 0.005687480660150764)	('L_SMA_T1', 0.0048924587420049815)	('L_DLPFC_T1', 0.004870638742501324)	('T1', -0.004688979318112054)	('T2', 0.004468709241399548)	('lSMA_to_lIFG_T1', -0.0031505308229374768)	('rIFG_to_lIFG_T1', 0.0031109721426907048)	('rDLPFC_to_lPTL_T2', -0.002941529278682536)	('lSMA_to_lPTL_T2', 0.002439275114561577)	('R_DLPFC_T1', -0.002334465290877156)	('lSMA_to_lIFG_T2', -0.002252186957197269)	('rDLPFC_to_lIFG_T2', -0.0022203784725230366)	('R_DLPFC_T2', 0.0019412767310611986)	('L_PTL_T1', -0.0018458727777832054)	('lPTL_to_lIFG_T1', 0.001845698311885931)	('L_PTL_T2', -0.0017854103541958006)	('lDLPFC_to_lPTL_T2', 0.0014403501566652849)	('R_IFGorb_T1', -0.0006336573912873277)	('lDLPFC_to_lIFG_T1', 0.0005718252595104945)	('rDLPFC_to_lPTL_T1', 0.00012812745170407986)	('L_DLPFC_T2', -4.914580349795209e-05)	
