predictors	pearson_correlation	mean_squared_error	r2	
rois + act_t1 + act_t2 + conn_t1 + conn_t2 + age + T1 + T2	0.07643713580329158	0.07144801810716422	-0.009675902978728335	('L_IFGorb_T1', 0.010514413346756984)	('rDLPFC_to_lPTL_T2', 0.009312215482083117)	('rDLPFC_to_lPTL_T1', 0.007245059292553287)	('lIFG_to_lPTL_T2', 0.0068376536498904635)	('Age', 0.006725221385786238)	('lDLPFC_to_lIFG_T1', 0.006574747007686777)	('lSMA_to_lPTL_T2', 0.0065296410061114795)	('L_SMA_T1', 0.006040038440716107)	('lPTL_to_lIFG_T1', 0.006015323853250176)	('lSMA_to_lIFG_T1', 0.0057009078284792495)	('L_SMA', -0.005624420092548091)	('L_IFGorb', 0.004928033214732345)	('L_PTL_T1', 0.004791676352589982)	('L_PTL', 0.004761943350251335)	('T2', -0.004546309826748416)	('L_IFGorb_T2', 0.00411255072783062)	('rIFG_to_lIFG_T1', 0.004025672901594945)	('lPTL_to_lIFG_T2', 0.003908653339730779)	('lDLPFC_to_lIFG_T2', 0.003702717167581319)	('L_PTL_T2', -0.0034598526602548072)	('R_DLPFC_T2', 0.0032743000999344344)	('lSMA_to_lPTL_T1', 0.002996317142415464)	('T1', 0.002988533971138979)	('lIFG_to_lPTL_T1', 0.002789078764825599)	('rDLPFC_to_lIFG_T2', 0.002265512034325135)	('L_SMA_T2', 0.0021627666761822287)	('lDLPFC_to_lPTL_T1', 0.002138973059237344)	('L_DLPFC_T1', 0.002134962390389701)	('L_DLPFC', -0.0019657914275644254)	('rIFG_to_lIFG_T2', -0.001746558003933282)	('R_IFGorb_T1', -0.0013906317764612061)	('R_IFGorb_T2', -0.001046683109943132)	('L_DLPFC_T2', 0.0009663026553606562)	('lSMA_to_lIFG_T2', 0.00023185442576786837)	('lDLPFC_to_lPTL_T2', 0.00014602482858849466)	('rDLPFC_to_lIFG_T1', 0.00010022306511413552)	('R_DLPFC_T1', -8.465533561653503e-05)	
