predictors	pearson_correlation	mean_squared_error	r2	
rois + act_t1 + act_t2 + conn_t1 + conn_t2 + age + T1 + T2	-0.3669234432491607	0.10979866098870923	-0.5516324331537199	('R_IFGorb_T1', 0.01733265199126207)	('L_IFGorb_T1', 0.014775269565799472)	('lIFG_to_lPTL_T1', 0.013780184740442566)	('L_IFGorb', 0.012663092620172593)	('rDLPFC_to_lIFG_T2', 0.012658709825016178)	('Age', 0.01226321051316434)	('L_SMA_T1', -0.008800323265130425)	('R_DLPFC_T1', -0.007690616525801191)	('rDLPFC_to_lIFG_T1', 0.00758928849967739)	('L_DLPFC', -0.007344108362878272)	('lDLPFC_to_lPTL_T1', 0.007152016409588771)	('T2', -0.006108888609501029)	('rDLPFC_to_lPTL_T2', 0.005358419724635367)	('lSMA_to_lIFG_T1', 0.0051795883300593095)	('R_DLPFC_T2', 0.005121142274501802)	('lSMA_to_lIFG_T2', -0.005102182395271063)	('L_IFGorb_T2', -0.0048162045250474406)	('lDLPFC_to_lIFG_T2', 0.0041131193007059265)	('L_SMA_T2', -0.0038503458050195847)	('lIFG_to_lPTL_T2', -0.003775401424249421)	('lSMA_to_lPTL_T2', 0.0032748290562682075)	('L_SMA', -0.0025652940376800844)	('lPTL_to_lIFG_T1', 0.0024347347510798073)	('rIFG_to_lIFG_T2', -0.0023901969422963393)	('lPTL_to_lIFG_T2', 0.0022811378984606027)	('T1', 0.0019417082965350922)	('R_IFGorb_T2', 0.001759642832585246)	('lDLPFC_to_lIFG_T1', -0.0015390108769447628)	('L_PTL_T1', 0.0014602384408826119)	('L_PTL', -0.0012507860929547618)	('L_DLPFC_T1', 0.001049921284852639)	('lDLPFC_to_lPTL_T2', 0.0005702220370559134)	('rDLPFC_to_lPTL_T1', -0.0005170323466845316)	('L_DLPFC_T2', -0.00041345860064065105)	('rIFG_to_lIFG_T1', -0.0004094323275336842)	('lSMA_to_lPTL_T1', 0.0003780379477234476)	('L_PTL_T2', 0.00016089543989582225)	
