predictors	pearson_correlation	mean_squared_error	r2	
rois + act_t1 + act_t2 + conn_t1 + conn_t2 + age + T1 + T2	0.03327932144087968	0.07194813877993225	-0.016743415909849624	('L_DLPFC_T2', 0.014166137635630953)	('R_DLPFC_T2', -0.014097214095494142)	('L_DLPFC', 0.012718963017796868)	('L_PTL_T1', -0.011904958111560563)	('lIFG_to_lPTL_T2', 0.011056000529593164)	('lDLPFC_to_lPTL_T2', 0.008931400869251831)	('lDLPFC_to_lIFG_T2', 0.008545939067813582)	('L_SMA_T2', 0.007829731219641232)	('rDLPFC_to_lPTL_T1', 0.007663312500082021)	('lIFG_to_lPTL_T1', 0.007651130216686492)	('lSMA_to_lPTL_T2', 0.007554238739682996)	('rIFG_to_lIFG_T2', 0.007432572634179166)	('lPTL_to_lIFG_T2', 0.007384075100540549)	('R_IFGorb_T1', 0.00554547358926285)	('L_SMA', -0.005406972565341568)	('lSMA_to_lIFG_T1', -0.004999127899461008)	('L_IFGorb_T2', -0.00457931986879313)	('lDLPFC_to_lPTL_T1', -0.004401961379884429)	('lPTL_to_lIFG_T1', -0.004223985952660717)	('Age', 0.0039861773627787945)	('L_IFGorb_T1', 0.003985105055515636)	('lDLPFC_to_lIFG_T1', 0.0039026586270356745)	('L_IFGorb', 0.003494298434942659)	('rDLPFC_to_lPTL_T2', -0.0034575258391743567)	('T2', 0.0034228213770451594)	('T1', 0.0030580017127459142)	('R_IFGorb_T2', 0.0029212072894968305)	('lSMA_to_lPTL_T1', 0.002875372876515815)	('rIFG_to_lIFG_T1', -0.002040830760929305)	('L_SMA_T1', -0.0019258024501138912)	('rDLPFC_to_lIFG_T1', -0.0019035465574268034)	('L_PTL', 0.0016507406984991259)	('lSMA_to_lIFG_T2', -0.001502150811467221)	('L_DLPFC_T1', 0.000843433300584421)	('L_PTL_T2', -0.0007755636215885907)	('rDLPFC_to_lIFG_T2', 0.00041061721796533117)	('R_DLPFC_T1', 2.152671648510908e-05)	
