predictors	pearson_correlation	mean_squared_error	r2	
rois + act_t1 + act_t2 + conn_t1 + conn_t2 + age + T1 + T2	0.04822576510592498	0.07237036263585428	-0.02271012099532621	('rDLPFC_to_lPTL_T1', 0.008982569687593006)	('L_SMA', 0.006788786477991762)	('rDLPFC_to_lIFG_T1', 0.006728080549763931)	('rIFG_to_lIFG_T2', 0.006490721803421418)	('L_PTL', 0.006458609454888428)	('L_IFGorb_T1', -0.006322260181039611)	('rDLPFC_to_lIFG_T2', -0.005934652547836632)	('R_IFGorb_T1', -0.005919626833868432)	('L_DLPFC', 0.005575694790444412)	('lIFG_to_lPTL_T1', 0.005449029240808761)	('R_DLPFC_T2', 0.005364147760786263)	('lSMA_to_lIFG_T1', -0.0051842017634936245)	('L_DLPFC_T1', 0.004529482109038247)	('Age', 0.0044519400449437915)	('lDLPFC_to_lIFG_T2', -0.0041021236936955975)	('L_PTL_T1', 0.0036052733511206052)	('L_PTL_T2', -0.003429421075363538)	('lPTL_to_lIFG_T2', -0.003146147064296353)	('rDLPFC_to_lPTL_T2', 0.002654462467210087)	('lDLPFC_to_lIFG_T1', 0.002599061831364946)	('L_SMA_T1', 0.002393509061081663)	('lIFG_to_lPTL_T2', -0.0022110806179920137)	('R_DLPFC_T1', 0.002076824961171207)	('lSMA_to_lIFG_T2', 0.0018255210848557742)	('rIFG_to_lIFG_T1', 0.0017502465208366219)	('lSMA_to_lPTL_T2', -0.0014674881141844654)	('lPTL_to_lIFG_T1', 0.0013786710689846229)	('T2', 0.0012395354920342642)	('L_DLPFC_T2', 0.0012132627711577974)	('L_IFGorb_T2', -0.0010219912888237046)	('lDLPFC_to_lPTL_T1', 0.000882353903119042)	('R_IFGorb_T2', -0.00058055222508338)	('L_SMA_T2', 0.0005284639232860314)	('lSMA_to_lPTL_T1', -0.0004992762649572943)	('T1', -0.0004922419254092181)	('L_IFGorb', -0.0004876500037664376)	('lDLPFC_to_lPTL_T2', 0.00029755616195331776)	
