predictors	pearson_correlation	mean_squared_error	r2	
rois + act_t1 + act_t2 + conn_t1 + conn_t2 + age + T1 + T2	-0.03396148895086298	0.07291663374355871	-0.030429814117049814	('L_PTL_T2', 0.02053621142739775)	('L_DLPFC_T2', -0.01700141982709145)	('lPTL_to_lIFG_T1', 0.016164917950725548)	('lSMA_to_lPTL_T1', 0.015796533125510367)	('L_SMA_T1', 0.014284985792976585)	('rDLPFC_to_lPTL_T1', -0.01363110778466629)	('L_PTL', 0.012754385863315532)	('rDLPFC_to_lPTL_T2', 0.011801142495841617)	('lSMA_to_lIFG_T2', -0.010595186420347574)	('L_DLPFC', -0.00995815061654746)	('R_IFGorb_T2', 0.009575678535103879)	('L_PTL_T1', -0.0094160997143779)	('L_IFGorb_T1', 0.008511690707737333)	('lPTL_to_lIFG_T2', -0.006376167338382708)	('lIFG_to_lPTL_T2', 0.006159398378312924)	('rDLPFC_to_lIFG_T1', 0.005332047104220769)	('L_IFGorb', 0.0052578658082465075)	('Age', 0.005228927375311513)	('rIFG_to_lIFG_T1', 0.00514812807335611)	('R_DLPFC_T2', -0.004780337806997617)	('lDLPFC_to_lIFG_T2', 0.004301618035973306)	('R_IFGorb_T1', 0.0034489622280257873)	('T1', -0.0032507640140504637)	('L_SMA', -0.003018404482895489)	('L_DLPFC_T1', -0.002992642122023015)	('T2', -0.0024064746378773833)	('rIFG_to_lIFG_T2', 0.0023026481188593655)	('lDLPFC_to_lPTL_T2', 0.002233890304617333)	('lIFG_to_lPTL_T1', -0.0020254183595834834)	('rDLPFC_to_lIFG_T2', 0.00196385629571214)	('lDLPFC_to_lIFG_T1', -0.0018618407198594414)	('L_SMA_T2', 0.0018473835313724202)	('lDLPFC_to_lPTL_T1', 0.0018220939290264047)	('R_DLPFC_T1', 0.0015146549863642503)	('L_IFGorb_T2', 0.0014444984793155992)	('lSMA_to_lIFG_T1', 0.001158279171310805)	('lSMA_to_lPTL_T2', -0.000683916417779886)	
