predictors	pearson_correlation	mean_squared_error	r2	
rois + act_t1 + act_t2 + conn_t1 + conn_t2 + age + T1 + T2	0.3584123078328238	0.06273701797847618	0.11342459936955185	('L_PTL', 0.025662480329705445)	('lDLPFC_to_lPTL_T1', -0.017780857752965843)	('R_DLPFC_T1', -0.015267939528982127)	('L_PTL_T2', 0.012403715943906492)	('L_PTL_T1', 0.01102634722142274)	('R_IFGorb_T2', 0.010292290573216163)	('lDLPFC_to_lPTL_T2', 0.01004809611420228)	('L_IFGorb', 0.00945082176249983)	('R_DLPFC_T2', -0.008622416006179514)	('T1', -0.007692507584446747)	('T2', 0.0075034429973130905)	('L_SMA', 0.0071993163254394695)	('lPTL_to_lIFG_T1', 0.0067414795116031165)	('lDLPFC_to_lIFG_T1', 0.005970148292618052)	('L_SMA_T2', 0.00573442393886954)	('R_IFGorb_T1', -0.005686675201309881)	('rIFG_to_lIFG_T1', 0.004280418217030384)	('L_DLPFC_T2', -0.004097232792453012)	('lSMA_to_lPTL_T1', -0.0038029178493278093)	('rDLPFC_to_lPTL_T2', -0.0037989758522755006)	('rIFG_to_lIFG_T2', -0.003577635677583512)	('L_IFGorb_T1', -0.003406575596853464)	('Age', 0.003243647358459672)	('lSMA_to_lPTL_T2', -0.003217422805024262)	('L_IFGorb_T2', -0.002941585731010507)	('lDLPFC_to_lIFG_T2', 0.0027153996820493682)	('lSMA_to_lIFG_T2', -0.0024144613908967157)	('L_SMA_T1', -0.0022974556893210897)	('L_DLPFC', 0.0019088476131524977)	('rDLPFC_to_lPTL_T1', 0.0018773254177441518)	('rDLPFC_to_lIFG_T2', 0.0018197778115361838)	('rDLPFC_to_lIFG_T1', -0.0018110265440884523)	('lIFG_to_lPTL_T1', 0.0017774688678384653)	('lPTL_to_lIFG_T2', -0.0013705570153430553)	('lIFG_to_lPTL_T2', 0.0004843490508686695)	('L_DLPFC_T1', 0.0004688551010016704)	('lSMA_to_lIFG_T1', -0.00011312033889176112)	
