predictors	pearson_correlation	mean_squared_error	r2	
rois + act_t1 + act_t2 + conn_t1 + conn_t2 + age + T1 + T2	0.17953490744655468	0.06871735950709416	0.028912713763825204	('R_IFGorb_T2', 0.01491484669674214)	('lSMA_to_lIFG_T1', 0.013199880966422781)	('L_IFGorb_T1', 0.013134321915529313)	('T2', 0.011048664410190371)	('L_SMA_T2', 0.009507676059886325)	('lIFG_to_lPTL_T2', 0.008872830576203776)	('lDLPFC_to_lPTL_T1', -0.008079635322409521)	('lDLPFC_to_lPTL_T2', 0.007285753575308143)	('rDLPFC_to_lPTL_T2', 0.00720825305054173)	('L_PTL', 0.0071004973584912244)	('rDLPFC_to_lIFG_T2', -0.006441808431423533)	('L_IFGorb', -0.0059867655309973865)	('lSMA_to_lIFG_T2', -0.00505379691812162)	('L_SMA', 0.005001448095176313)	('rDLPFC_to_lPTL_T1', 0.004753007919007312)	('L_PTL_T1', 0.0038157009862903445)	('rIFG_to_lIFG_T1', 0.0034581348437597295)	('Age', -0.0034197760403148394)	('L_DLPFC_T1', -0.003402819492545346)	('L_IFGorb_T2', 0.002906988512882682)	('rIFG_to_lIFG_T2', -0.0028851153760073925)	('lIFG_to_lPTL_T1', -0.0028286107380466417)	('rDLPFC_to_lIFG_T1', 0.0024861969306808557)	('lSMA_to_lPTL_T1', 0.0021257558881222125)	('lPTL_to_lIFG_T1', -0.0017473190476360071)	('lPTL_to_lIFG_T2', -0.0015085976013746775)	('L_DLPFC_T2', 0.0014096141030825007)	('L_PTL_T2', -0.0013691068276306668)	('T1', -0.001191625998655936)	('lDLPFC_to_lIFG_T2', -0.0008543432430821662)	('L_SMA_T1', -0.0007851864714835729)	('lDLPFC_to_lIFG_T1', 0.0006713929216421193)	('L_DLPFC', -0.0005091888764750035)	('R_DLPFC_T1', 0.0004909078918762935)	('R_IFGorb_T1', -0.0004852975241359264)	('R_DLPFC_T2', -0.00022223558272398575)	('lSMA_to_lPTL_T2', -5.361456151999879e-05)	
