predictors	pearson_correlation	mean_squared_error	r2	
rois + act_t1 + act_t2 + conn_t1 + conn_t2 + age + T1 + T2	0.027622731152851635	0.07394070763913595	-0.04490163240713918	('rIFG_to_lIFG_T2', -0.013575961203406074)	('lIFG_to_lPTL_T2', 0.013506515815490719)	('lSMA_to_lIFG_T1', 0.01296172483466892)	('L_SMA_T1', 0.011365698916179463)	('lPTL_to_lIFG_T1', 0.010741111666752448)	('rDLPFC_to_lIFG_T1', 0.010716605170337493)	('R_IFGorb_T1', 0.010547693556144292)	('rDLPFC_to_lPTL_T2', -0.009919380548771953)	('lPTL_to_lIFG_T2', 0.009749786760032748)	('L_SMA_T2', -0.00836625422825226)	('R_DLPFC_T2', 0.008211606629619533)	('L_DLPFC_T2', -0.007823774093530233)	('Age', 0.007553576847976009)	('rIFG_to_lIFG_T1', 0.005825809160611134)	('L_DLPFC_T1', 0.005398381786688529)	('lDLPFC_to_lPTL_T2', -0.005295796321831414)	('L_IFGorb_T2', -0.005022069721806845)	('R_DLPFC_T1', 0.004706836327024272)	('L_IFGorb', 0.00457433616914589)	('lSMA_to_lIFG_T2', -0.004510872733718574)	('L_PTL_T2', -0.004292019418966385)	('lSMA_to_lPTL_T2', 0.004200723846523278)	('lDLPFC_to_lIFG_T1', 0.0039838299146857095)	('lDLPFC_to_lPTL_T1', 0.0034714315618306624)	('L_DLPFC', 0.003420043687479977)	('rDLPFC_to_lIFG_T2', -0.003396419765478124)	('L_PTL', 0.0033314569341497484)	('L_SMA', -0.002958026090305683)	('lSMA_to_lPTL_T1', 0.0022374610326491946)	('lDLPFC_to_lIFG_T2', 0.0018394076924149677)	('T1', 0.0018344446912366087)	('R_IFGorb_T2', 0.001527747073661948)	('rDLPFC_to_lPTL_T1', 0.0011692293762697935)	('L_IFGorb_T1', -0.0005024647093784089)	('T2', 0.00030515412416432506)	('lIFG_to_lPTL_T1', 0.0002917901689424438)	('L_PTL_T1', 5.2830283298526816e-05)	
