predictors	pearson_correlation	mean_squared_error	r2	
rois + act_t1 + act_t2 + conn_t1 + conn_t2 + age + T1 + T2	0.24735217728543585	0.08804493155485642	0.04064266228501845	('L_PTL_T1', 0.01410045154267087)	('R_IFGorb_T1', 0.013653231149647983)	('lSMA_to_lIFG_T2', 0.013384727636220605)	('L_IFGorb', -0.01279290555046801)	('rDLPFC_to_lPTL_T1', 0.012263599664698845)	('lSMA_to_lPTL_T1', 0.011587719099408639)	('lSMA_to_lPTL_T2', 0.010794383528138423)	('lDLPFC_to_lIFG_T2', 0.010369646679791795)	('lDLPFC_to_lIFG_T1', 0.010186516998129665)	('lDLPFC_to_lPTL_T1', 0.010114758152738972)	('rDLPFC_to_lIFG_T1', -0.008951300678812616)	('L_DLPFC', 0.007615840787346605)	('Age', 0.007506580640137348)	('rDLPFC_to_lIFG_T2', 0.006952093614656711)	('lIFG_to_lPTL_T1', -0.0065917018554974924)	('rDLPFC_to_lPTL_T2', -0.006007898635512553)	('R_DLPFC_T1', 0.0059650704578002355)	('R_DLPFC_T2', -0.005748450444896347)	('T1', 0.005663026056996756)	('rIFG_to_lIFG_T1', -0.0055421121655326)	('lPTL_to_lIFG_T2', 0.0054788456375255935)	('L_PTL_T2', 0.0052870107249248285)	('T2', -0.0037956083118677745)	('L_SMA_T1', 0.003282203193599228)	('L_DLPFC_T2', 0.0030798254766160028)	('R_IFGorb_T2', 0.0025121159333367864)	('lIFG_to_lPTL_T2', 0.0022905072103403595)	('lSMA_to_lIFG_T1', 0.002252889098365378)	('rIFG_to_lIFG_T2', 0.0017869730876921405)	('L_IFGorb_T2', 0.0012000367214252954)	('L_SMA', 0.0011712192377533659)	('L_SMA_T2', 0.0009882728641886962)	('lPTL_to_lIFG_T1', -0.0009100009014716574)	('L_DLPFC_T1', 0.0006692097401345448)	('lDLPFC_to_lPTL_T2', -0.0006147301370259375)	('L_PTL', 0.00043219380245687275)	('L_IFGorb_T1', -0.0003609064784247066)	
