predictors	pearson_correlation	mean_squared_error	r2	
rois + act_t1 + act_t2 + conn_t1 + conn_t2 + age + T1 + T2	0.05593645819093819	0.08138646052568166	-0.03026316420272246	('lSMA_to_lIFG_T1', 0.023429132300244862)	('lDLPFC_to_lIFG_T1', -0.01868146786885639)	('lDLPFC_to_lPTL_T1', 0.017016389301039887)	('rDLPFC_to_lIFG_T1', 0.015902229486429692)	('L_PTL', 0.014008598654000393)	('L_IFGorb_T2', 0.009984192206058014)	('rDLPFC_to_lIFG_T2', -0.009873531137802037)	('rDLPFC_to_lPTL_T2', 0.008802890882296504)	('T1', 0.008781565612053805)	('L_DLPFC', 0.008773407786420754)	('L_IFGorb', 0.008256723866534246)	('L_DLPFC_T2', 0.00817465523528147)	('R_IFGorb_T2', -0.00767552363931602)	('lSMA_to_lPTL_T2', -0.007499691688207703)	('rIFG_to_lIFG_T2', -0.007186681731342011)	('L_SMA_T2', 0.007156130403117234)	('lPTL_to_lIFG_T2', 0.007064614719231658)	('lIFG_to_lPTL_T1', 0.006422041964362724)	('lDLPFC_to_lPTL_T2', 0.005696829369062042)	('T2', 0.00559836548788451)	('lSMA_to_lPTL_T1', 0.005112186164788379)	('rIFG_to_lIFG_T1', -0.0045772299042977594)	('R_DLPFC_T2', 0.004418652142004626)	('Age', 0.004159522143315794)	('L_DLPFC_T1', 0.004097549783625636)	('lSMA_to_lIFG_T2', -0.003912601212445975)	('L_SMA', 0.0033796145916435575)	('L_SMA_T1', -0.0033787984772626766)	('L_IFGorb_T1', 0.003169714900982394)	('R_IFGorb_T1', 0.002834842451666899)	('R_DLPFC_T1', -0.0026972419766914816)	('rDLPFC_to_lPTL_T1', -0.0023488046011312922)	('lDLPFC_to_lIFG_T2', -0.0017912679103320509)	('lIFG_to_lPTL_T2', -0.0010846818201125572)	('L_PTL_T2', 0.0009364476551274178)	('L_PTL_T1', 0.0002896610641978708)	('lPTL_to_lIFG_T1', 0.00015104793114633112)	
