predictors	pearson_correlation	mean_squared_error	r2	
rois + act_t1 + act_t2 + conn_t1 + conn_t2 + age + T1 + T2	0.05151574522852288	0.08417226617648639	-0.0655284027462546	('L_IFGorb', 0.02166314224892678)	('lDLPFC_to_lPTL_T1', 0.017100640884650832)	('lSMA_to_lPTL_T2', -0.017090110399137937)	('L_DLPFC', 0.016978816899377937)	('R_IFGorb_T2', 0.016520157371028542)	('rIFG_to_lIFG_T1', 0.013562457585171508)	('rDLPFC_to_lIFG_T2', -0.012941939878902435)	('L_SMA', 0.012459518010128299)	('lSMA_to_lIFG_T2', 0.012218043049661172)	('L_DLPFC_T1', 0.011922442530214902)	('lSMA_to_lIFG_T1', 0.011242819215279896)	('R_DLPFC_T1', 0.011155849807349676)	('L_PTL_T2', -0.010355469144395125)	('rDLPFC_to_lIFG_T1', -0.00984478404021231)	('L_DLPFC_T2', -0.009529915926843184)	('lIFG_to_lPTL_T1', -0.00798490930628897)	('R_DLPFC_T2', 0.00793203822428744)	('L_SMA_T2', 0.007397647611171171)	('L_SMA_T1', 0.006385275489363694)	('L_IFGorb_T1', -0.005963449843146779)	('L_IFGorb_T2', -0.005611182768087344)	('rDLPFC_to_lPTL_T2', -0.0051154957950107355)	('lPTL_to_lIFG_T2', -0.0049794239750432755)	('R_IFGorb_T1', 0.004859022528944635)	('lIFG_to_lPTL_T2', -0.004611820297510959)	('lPTL_to_lIFG_T1', -0.004316215680577275)	('T1', 0.0037399867853335476)	('lSMA_to_lPTL_T1', 0.0035204717773978365)	('T2', -0.0031506188696263505)	('rDLPFC_to_lPTL_T1', 0.002694905171436422)	('rIFG_to_lIFG_T2', 0.001559706326501463)	('lDLPFC_to_lPTL_T2', -0.0009926021479090981)	('lDLPFC_to_lIFG_T2', 0.0009009239316086381)	('L_PTL_T1', 0.0007313384637539968)	('L_PTL', 0.0005975464712482521)	('Age', -0.000596241233223794)	('lDLPFC_to_lIFG_T1', 0.00010693561299432924)	
