predictors	pearson_correlation	mean_squared_error	r2	
rois + act_t1 + act_t2 + conn_t1 + conn_t2 + age + T1 + T2	0.013083055713941673	0.08555865178081246	-0.08307852116020564	('rDLPFC_to_lPTL_T1', 0.02088653847718222)	('L_PTL', 0.01970196137734203)	('lSMA_to_lIFG_T1', 0.015168320244969767)	('lIFG_to_lPTL_T1', -0.01444618039682536)	('L_IFGorb_T2', 0.012603826782759888)	('lSMA_to_lPTL_T2', 0.011846158619931208)	('L_IFGorb_T1', 0.011320837122289344)	('R_IFGorb_T2', 0.009729669925669064)	('R_IFGorb_T1', 0.009274437238343496)	('lDLPFC_to_lPTL_T2', -0.008202102853192714)	('L_DLPFC_T1', 0.008022809786175696)	('L_DLPFC', 0.007561850498557046)	('T2', -0.007549717895213919)	('L_PTL_T2', -0.007527389461410886)	('lPTL_to_lIFG_T1', 0.007433844392047875)	('R_DLPFC_T2', 0.007253341295161241)	('rDLPFC_to_lIFG_T2', 0.0072343681677078464)	('R_DLPFC_T1', 0.007074137608719165)	('L_PTL_T1', 0.005729882622135694)	('L_SMA_T1', 0.005641880859683882)	('lDLPFC_to_lIFG_T1', -0.005357751075677838)	('lDLPFC_to_lPTL_T1', 0.005289298025434927)	('lPTL_to_lIFG_T2', 0.004618634220949004)	('lDLPFC_to_lIFG_T2', 0.003999348064049765)	('lSMA_to_lIFG_T2', 0.003985821305963347)	('rIFG_to_lIFG_T2', 0.0036918413041261786)	('L_SMA_T2', 0.0035412046683528063)	('rIFG_to_lIFG_T1', -0.0033295674690694194)	('rDLPFC_to_lPTL_T2', 0.0025087163748108657)	('L_DLPFC_T2', 0.002207268215359087)	('T1', 0.0021608900577067907)	('Age', 0.0020699858001662365)	('lSMA_to_lPTL_T1', -0.0019426445318966488)	('L_IFGorb', -0.001580085812150967)	('lIFG_to_lPTL_T2', 0.0012888267617579407)	('L_SMA', 0.001139181501884427)	('rDLPFC_to_lIFG_T1', -0.0004069030231673127)	
