predictors	pearson_correlation	mean_squared_error	r2	
rois + act_t1 + act_t2 + conn_t1 + conn_t2 + age + T1 + T2	-0.16661380828884736	0.1063041593855367	-0.15831398281679165	('lPTL_to_lIFG_T1', 0.020963416172786558)	('L_IFGorb_T1', 0.019854473275827962)	('T1', 0.015234536661799374)	('T2', 0.014463188330857255)	('lSMA_to_lIFG_T1', 0.010605008603726889)	('R_DLPFC_T1', 0.010269789464493832)	('rIFG_to_lIFG_T1', 0.010081134178958881)	('R_IFGorb_T1', 0.010031362980079062)	('lSMA_to_lPTL_T2', -0.009568085940582515)	('lDLPFC_to_lPTL_T1', 0.008939397803454789)	('lIFG_to_lPTL_T1', -0.008925103851180505)	('lIFG_to_lPTL_T2', 0.008377352847947406)	('L_PTL_T1', -0.00796513442336206)	('rDLPFC_to_lPTL_T1', -0.007472417748237886)	('L_PTL_T2', 0.006226371385620086)	('L_IFGorb', -0.006165748425339381)	('lSMA_to_lIFG_T2', 0.0059663684879325335)	('rDLPFC_to_lIFG_T1', -0.005749874359819658)	('rDLPFC_to_lPTL_T2', 0.004976543979040337)	('lDLPFC_to_lPTL_T2', -0.004916602827464586)	('rIFG_to_lIFG_T2', -0.00466705794436761)	('L_SMA_T2', -0.0038069140017810794)	('lDLPFC_to_lIFG_T2', 0.00316503788674715)	('L_DLPFC_T2', 0.001867186202737598)	('R_IFGorb_T2', 0.0017851075882214984)	('L_PTL', 0.0017536078899681143)	('Age', -0.0017470457814949413)	('rDLPFC_to_lIFG_T2', -0.001668326492253678)	('R_DLPFC_T2', -0.0012792312302275638)	('lPTL_to_lIFG_T2', 0.0010598081370105585)	('lSMA_to_lPTL_T1', 0.0009859750208488403)	('L_IFGorb_T2', 0.0009438229398976976)	('L_SMA', -0.0008456573632869286)	('lDLPFC_to_lIFG_T1', 0.0006957862709879186)	('L_SMA_T1', 0.0005829271102403843)	('L_DLPFC', -0.0005511053796917586)	('L_DLPFC_T1', -0.00023901199624630308)	
