predictors	pearson_correlation	mean_squared_error	r2	
rois + act_t1 + act_t2 + conn_t1 + conn_t2 + age + T1 + T2	-0.0040488502562755335	0.10008152849444812	-0.09051079983017885	('rDLPFC_to_lIFG_T2', 0.014697433042143939)	('L_IFGorb_T2', -0.014387592967146581)	('L_SMA', -0.014368422659425931)	('lDLPFC_to_lPTL_T1', 0.014022223064841683)	('L_SMA_T2', 0.013486594653004882)	('L_PTL_T1', 0.013202509888776345)	('T1', 0.012814938525996881)	('L_DLPFC_T1', 0.012197571379703618)	('L_PTL_T2', 0.011779033211356146)	('L_SMA_T1', 0.01113212025871259)	('Age', 0.011054230027372587)	('L_DLPFC_T2', 0.010862323722160214)	('rIFG_to_lIFG_T2', -0.010776606117775289)	('lIFG_to_lPTL_T2', 0.010346245608310434)	('R_IFGorb_T2', 0.009550646566010993)	('L_IFGorb', -0.009206011688876532)	('L_IFGorb_T1', 0.008280086587476202)	('L_PTL', 0.008232135624865302)	('R_IFGorb_T1', 0.007074483211737416)	('rIFG_to_lIFG_T1', 0.006189494954286803)	('lSMA_to_lIFG_T2', -0.005300200481284706)	('T2', -0.005128437747350512)	('lSMA_to_lPTL_T2', -0.005104313255112701)	('rDLPFC_to_lPTL_T1', -0.005053714289518614)	('lSMA_to_lPTL_T1', 0.0048909917896773555)	('L_DLPFC', -0.004509407410922439)	('rDLPFC_to_lIFG_T1', 0.0038606429165005405)	('R_DLPFC_T2', 0.0038189060894229638)	('R_DLPFC_T1', -0.0031831125920392836)	('lDLPFC_to_lIFG_T1', -0.0029765881573763837)	('lPTL_to_lIFG_T2', 0.0029560932438052693)	('lSMA_to_lIFG_T1', 0.0029544500595972763)	('lDLPFC_to_lPTL_T2', 0.002330042770246538)	('rDLPFC_to_lPTL_T2', 0.0020314735454758457)	('lPTL_to_lIFG_T1', -0.0014574337975864161)	('lIFG_to_lPTL_T1', 0.0012240564765925938)	('lDLPFC_to_lIFG_T2', 0.0007469764448538455)	
