predictors	pearson_correlation	mean_squared_error	r2	
rois + act_t1 + act_t2 + conn_t1 + conn_t2 + age + T1 + T2	-0.29575401220065983	0.09441995385623878	-0.19525286878777015	('rIFG_to_lIFG_T2', 0.0181445937735599)	('T2', 0.01488506832604804)	('L_DLPFC_T1', 0.013403412500753296)	('L_IFGorb_T2', 0.013234336662347981)	('L_SMA', 0.011681712867895419)	('lSMA_to_lPTL_T2', 0.01135832652617662)	('lDLPFC_to_lPTL_T1', 0.008344481983939346)	('rDLPFC_to_lIFG_T1', 0.008255613782029813)	('R_DLPFC_T2', -0.008182982152909437)	('lIFG_to_lPTL_T1', 0.008036710263458268)	('R_IFGorb_T2', 0.007774523089986044)	('L_DLPFC_T2', 0.007681507278788242)	('rIFG_to_lIFG_T1', -0.007476876549906958)	('lSMA_to_lPTL_T1', 0.007177243345470599)	('lIFG_to_lPTL_T2', 0.006981500811541772)	('L_IFGorb_T1', 0.0067380547004549695)	('lPTL_to_lIFG_T1', 0.006535064846271165)	('L_PTL', 0.006423703605131107)	('T1', 0.005101540624619362)	('lPTL_to_lIFG_T2', 0.004170415225945322)	('lDLPFC_to_lIFG_T1', -0.003680573405667666)	('lDLPFC_to_lIFG_T2', 0.003649975802138738)	('L_PTL_T1', 0.003288260744389086)	('rDLPFC_to_lPTL_T2', -0.0030019654545481137)	('Age', -0.0025688303977306408)	('rDLPFC_to_lIFG_T2', 0.002123226850022273)	('lSMA_to_lIFG_T2', 0.0020671724939170335)	('L_SMA_T2', -0.0019841584084366493)	('R_IFGorb_T1', -0.001928839442024605)	('L_SMA_T1', 0.0018203830059924117)	('lSMA_to_lIFG_T1', 0.0018155836667665265)	('L_DLPFC', -0.0018072641099930163)	('L_PTL_T2', 0.0014509115340954103)	('L_IFGorb', -0.0012184248599910396)	('R_DLPFC_T1', -0.0009985669517383231)	('rDLPFC_to_lPTL_T1', 0.0007290916058014343)	('lDLPFC_to_lPTL_T2', -0.0005523125540009306)	
