predictors	pearson_correlation	mean_squared_error	r2	
rois + act_t1 + act_t2 + conn_t1 + conn_t2 + age + T1 + T2	0.03422432827385036	0.08195192492219248	-0.0374213221399311	('lIFG_to_lPTL_T2', 0.014239018799760117)	('R_IFGorb_T1', 0.013512823258358264)	('R_DLPFC_T1', -0.013489151340587629)	('lDLPFC_to_lIFG_T2', 0.0133066490411362)	('R_DLPFC_T2', 0.012945133229733336)	('lSMA_to_lPTL_T1', 0.012136256490314853)	('L_IFGorb_T2', 0.009810534184472672)	('R_IFGorb_T2', 0.009108639816546821)	('L_SMA_T1', 0.008526736571453261)	('L_PTL_T2', -0.008451316241607732)	('Age', 0.008205461430192544)	('L_IFGorb_T1', -0.00721338371187476)	('lSMA_to_lIFG_T2', 0.007051079176766648)	('rDLPFC_to_lIFG_T1', 0.006986074198556953)	('lDLPFC_to_lPTL_T2', 0.006879504436317138)	('rIFG_to_lIFG_T1', 0.006538006926611518)	('T1', 0.005929377703841928)	('L_DLPFC', 0.00514070189068242)	('L_SMA', 0.004406151836339019)	('lDLPFC_to_lPTL_T1', 0.0042359545028910406)	('lIFG_to_lPTL_T1', 0.0037357940615741735)	('rDLPFC_to_lIFG_T2', 0.003615377200408327)	('L_DLPFC_T1', 0.0031675601884460394)	('lPTL_to_lIFG_T1', 0.002673306458369291)	('lSMA_to_lPTL_T2', 0.002292838655303931)	('L_IFGorb', 0.0021994522667598336)	('rDLPFC_to_lPTL_T2', -0.002081435674926012)	('lDLPFC_to_lIFG_T1', -0.0020356251533305745)	('rDLPFC_to_lPTL_T1', 0.002033169965501068)	('T2', -0.0013504674171788912)	('lSMA_to_lIFG_T1', -0.0010486694852035105)	('rIFG_to_lIFG_T2', -0.0007930647156357244)	('L_PTL', -0.0006604055542778367)	('L_PTL_T1', 0.0006455991159444211)	('L_DLPFC_T2', -0.0005852102678899909)	('L_SMA_T2', -0.0001884698730913545)	('lPTL_to_lIFG_T2', 0.00011051577044663202)	
