predictors	pearson_correlation	mean_squared_error	r2	
rois + act_t1 + act_t2 + conn_t1 + conn_t2 + age + T1 + T2	-0.15890691009008445	0.10172609597267991	-0.108430376229941	('rDLPFC_to_lPTL_T1', 0.025800212081828658)	('rDLPFC_to_lIFG_T1', -0.02486246300731943)	('rIFG_to_lIFG_T2', 0.023984693710654145)	('rDLPFC_to_lPTL_T2', 0.022737208209992112)	('lDLPFC_to_lPTL_T2', 0.020911714221621476)	('lDLPFC_to_lPTL_T1', -0.01719553318620854)	('T2', 0.01616294460300892)	('L_SMA_T2', -0.0138991565017283)	('L_PTL_T1', 0.013138035211820442)	('R_IFGorb_T2', 0.012391418609295301)	('Age', 0.01229918542015105)	('L_PTL_T2', 0.01194947815520212)	('lPTL_to_lIFG_T1', -0.01148731457901418)	('R_IFGorb_T1', 0.01143584875186153)	('lDLPFC_to_lIFG_T1', 0.010877466720431979)	('L_IFGorb', 0.010121926882414438)	('lSMA_to_lIFG_T1', -0.009894977772011695)	('lPTL_to_lIFG_T2', -0.009345362438637587)	('lSMA_to_lPTL_T2', 0.009106845603235518)	('T1', -0.008375861968012172)	('L_IFGorb_T1', 0.007953922903333563)	('R_DLPFC_T1', -0.007060298212804305)	('L_PTL', -0.006371045347581784)	('lIFG_to_lPTL_T1', -0.005967251223231792)	('L_SMA', -0.00529851413510166)	('rDLPFC_to_lIFG_T2', -0.004710333780514585)	('rIFG_to_lIFG_T1', -0.0043462509733626096)	('R_DLPFC_T2', -0.003551161086632138)	('lDLPFC_to_lIFG_T2', 0.003342612773000801)	('lSMA_to_lIFG_T2', -0.0027277227190969553)	('L_IFGorb_T2', -0.0015520253615173912)	('L_SMA_T1', 0.0013594919245375956)	('L_DLPFC_T1', -0.0006955823380328156)	('L_DLPFC_T2', 0.0006067474601891059)	('L_DLPFC', -0.00034120679058639825)	('lSMA_to_lPTL_T1', 0.0002910304024660898)	('lIFG_to_lPTL_T2', 0.00023765695029123786)	
