predictors	pearson_correlation	mean_squared_error	r2	
rois + act_t1 + act_t2 + conn_t1 + conn_t2 + age + T1 + T2	0.026520038355403754	0.08164669408837665	-0.033557435166248206	('L_DLPFC_T2', 0.020981897614122485)	('lSMA_to_lIFG_T1', 0.017559491974491158)	('rDLPFC_to_lIFG_T1', 0.016481284645686583)	('T2', 0.01603971303184924)	('lIFG_to_lPTL_T2', 0.01315022514218825)	('lSMA_to_lPTL_T1', -0.01253050331175502)	('rDLPFC_to_lPTL_T2', 0.012391234311993992)	('L_IFGorb_T2', -0.012366687213463134)	('rIFG_to_lIFG_T1', 0.01225940504956001)	('L_PTL_T2', 0.011791614230846398)	('L_IFGorb_T1', 0.01121288500309008)	('R_IFGorb_T2', 0.01045854890052496)	('lSMA_to_lPTL_T2', 0.01024558158316666)	('rDLPFC_to_lPTL_T1', 0.009397007730040678)	('R_IFGorb_T1', 0.00908097519041966)	('L_SMA_T1', 0.008944554366918387)	('R_DLPFC_T2', -0.008830007818150873)	('lDLPFC_to_lIFG_T2', -0.00877593252671664)	('lDLPFC_to_lIFG_T1', 0.008718336469562379)	('rIFG_to_lIFG_T2', -0.008187775262347666)	('L_DLPFC_T1', 0.007652900115953156)	('Age', -0.006486026978534474)	('rDLPFC_to_lIFG_T2', 0.006392954141791797)	('R_DLPFC_T1', -0.004572171293618529)	('L_IFGorb', -0.004295977876209322)	('L_SMA', 0.0036908539789849413)	('T1', 0.0035765132110311105)	('lIFG_to_lPTL_T1', -0.003572718632961442)	('lSMA_to_lIFG_T2', -0.0026577621650025617)	('L_DLPFC', 0.0022232759372331494)	('lDLPFC_to_lPTL_T2', -0.0018067919977981957)	('L_SMA_T2', -0.0015596093249872532)	('lDLPFC_to_lPTL_T1', 0.0014384148727261468)	('L_PTL_T1', -0.001366160155300031)	('L_PTL', 0.0012197651799218665)	('lPTL_to_lIFG_T1', 0.0007129630363220027)	('lPTL_to_lIFG_T2', -0.0003385108650649527)	
