predictors	pearson_correlation	mean_squared_error	r2	
rois + act_t1 + act_t2 + conn_t1 + conn_t2 + age + T1 + T2	0.03926420177436456	0.08024719121231343	-0.01584126650513884	('lDLPFC_to_lIFG_T1', 0.013150192557242788)	('rDLPFC_to_lIFG_T1', 0.011312580326856376)	('lDLPFC_to_lPTL_T2', 0.010898134204593827)	('L_DLPFC', 0.010507339125317166)	('T2', -0.010160909946329816)	('rDLPFC_to_lPTL_T1', 0.00853619251003935)	('lSMA_to_lPTL_T1', 0.008049950346162618)	('R_DLPFC_T2', 0.007582608579278445)	('L_PTL', 0.006654060412006338)	('R_DLPFC_T1', 0.005686995860962392)	('L_IFGorb', 0.00552531065731187)	('L_IFGorb_T2', 0.004694972732080322)	('rDLPFC_to_lPTL_T2', 0.004608151803554747)	('lDLPFC_to_lIFG_T2', 0.004206471685514548)	('rIFG_to_lIFG_T2', -0.00400996615372254)	('L_PTL_T2', 0.003531310009781941)	('L_PTL_T1', 0.003431553225892036)	('rDLPFC_to_lIFG_T2', -0.0031091654388721557)	('lSMA_to_lIFG_T2', 0.0030878999473008457)	('L_SMA_T1', 0.002739542664677894)	('R_IFGorb_T2', 0.0022824088172288914)	('rIFG_to_lIFG_T1', 0.0020530604982805377)	('lDLPFC_to_lPTL_T1', 0.0020478364206484687)	('lIFG_to_lPTL_T2', 0.001837873868885824)	('R_IFGorb_T1', -0.0016889896590732527)	('L_SMA_T2', 0.001686495809982871)	('lIFG_to_lPTL_T1', -0.0014969278786861062)	('L_SMA', 0.001480923751236402)	('Age', 0.0014122883441145988)	('L_DLPFC_T2', 0.0010822131789577922)	('L_DLPFC_T1', -0.0006233897564836531)	('L_IFGorb_T1', -0.0005812197248623747)	('T1', 0.0005807001195073895)	('lPTL_to_lIFG_T2', -0.0005113243981861961)	('lSMA_to_lIFG_T1', 0.00026893125124328364)	('lSMA_to_lPTL_T2', 0.00024668104380930997)	('lPTL_to_lIFG_T1', 0.00021628338722577198)	
