predictors	pearson_correlation	mean_squared_error	r2	
rois + act_t1 + act_t2 + conn_t1 + conn_t2 + age + T1 + T2	0.22016867646795896	0.07572208627405369	0.04144158990523095	('lIFG_to_lPTL_T2', -0.02997556794129611)	('lSMA_to_lIFG_T1', 0.028853863186432148)	('rDLPFC_to_lPTL_T2', 0.02264880652905261)	('L_SMA_T1', 0.01883566390387582)	('L_IFGorb_T1', 0.016436938855255098)	('lPTL_to_lIFG_T2', 0.016072304674837886)	('L_IFGorb_T2', 0.014988882810055297)	('L_SMA', 0.014569880880238733)	('Age', 0.01453866163148699)	('R_DLPFC_T1', 0.014019540287860194)	('lSMA_to_lIFG_T2', -0.010850062970472928)	('lSMA_to_lPTL_T2', 0.009181139635470964)	('R_DLPFC_T2', 0.009055133466077588)	('T1', -0.0089061915331367)	('lDLPFC_to_lIFG_T2', -0.008045339338758202)	('T2', 0.007847906713383293)	('L_PTL', 0.00783204678941865)	('lDLPFC_to_lPTL_T2', -0.007134669060189111)	('L_DLPFC_T2', 0.007039047952684105)	('rDLPFC_to_lIFG_T1', -0.005811061109311644)	('R_IFGorb_T2', -0.005771141252957718)	('lDLPFC_to_lPTL_T1', 0.005667646095712163)	('L_IFGorb', 0.005576095159987302)	('rIFG_to_lIFG_T2', 0.005570502099824098)	('L_PTL_T2', 0.0042533287843965475)	('rDLPFC_to_lPTL_T1', 0.004033111327259181)	('lPTL_to_lIFG_T1', 0.0039582316775903445)	('L_DLPFC_T1', -0.002727972209600114)	('L_PTL_T1', -0.002400771686275368)	('lIFG_to_lPTL_T1', 0.002322151964331511)	('rIFG_to_lIFG_T1', -0.002278812156203221)	('rDLPFC_to_lIFG_T2', 0.0017365399836906284)	('L_DLPFC', 0.0015082779132919973)	('lDLPFC_to_lIFG_T1', -0.0014187071802081095)	('R_IFGorb_T1', -0.0007804729607414192)	('L_SMA_T2', 0.000601044361885144)	('lSMA_to_lPTL_T1', -0.0003252448949951467)	
