predictors	pearson_correlation	mean_squared_error	r2	
rois + act_t1 + act_t2 + conn_t1 + conn_t2 + age + T1 + T2	-0.0564313668286283	0.10215363070489843	-0.1130888906411458	('rDLPFC_to_lIFG_T2', 0.020075762814717735)	('L_IFGorb_T2', 0.01488538114483196)	('rIFG_to_lIFG_T2', 0.012344439461499646)	('L_PTL', -0.010695089396791728)	('lDLPFC_to_lPTL_T1', 0.009335620819581596)	('rDLPFC_to_lPTL_T1', 0.009003456178018706)	('rDLPFC_to_lIFG_T1', 0.008699099239068657)	('T1', 0.008270297285424708)	('L_DLPFC', 0.008059455539287561)	('rIFG_to_lIFG_T1', 0.008008737835601989)	('L_DLPFC_T2', -0.007964602626305854)	('L_IFGorb_T1', 0.007842768666447725)	('lIFG_to_lPTL_T2', 0.007495218896599236)	('rDLPFC_to_lPTL_T2', 0.007372559418564626)	('L_DLPFC_T1', 0.007143188748281458)	('L_SMA', 0.006796341148653513)	('R_IFGorb_T1', 0.006546062524321236)	('L_SMA_T1', 0.006275767226410035)	('R_DLPFC_T1', -0.0057793907019239215)	('Age', 0.005306257042395678)	('R_IFGorb_T2', 0.005257248654837147)	('L_PTL_T1', 0.004922835283833533)	('lSMA_to_lIFG_T1', 0.004349997188300612)	('L_SMA_T2', -0.0038999351155645473)	('lPTL_to_lIFG_T1', 0.0038744728569038087)	('lPTL_to_lIFG_T2', 0.00368806742365626)	('lSMA_to_lPTL_T1', 0.003171427957148161)	('T2', 0.002383549116927562)	('R_DLPFC_T2', -0.0022351819534657284)	('lSMA_to_lIFG_T2', -0.0017317384374102235)	('L_IFGorb', 0.0017308049263638388)	('L_PTL_T2', -0.0016100648879452807)	('lDLPFC_to_lIFG_T2', 0.0007832079266322579)	('lDLPFC_to_lPTL_T2', -0.0005817857624869093)	('lSMA_to_lPTL_T2', -0.0002860716303865775)	('lDLPFC_to_lIFG_T1', -0.00023070414809482328)	('lIFG_to_lPTL_T1', 0.00014376214150971505)	
