predictors	pearson_correlation	mean_squared_error	r2	
rois + act_t1 + act_t2 + conn_t1 + conn_t2 + age + T1 + T2	-0.045235357284054124	0.08631121983447268	-0.0926052058106237	('T2', 0.016416696763158583)	('lSMA_to_lIFG_T2', 0.013788290369142154)	('rIFG_to_lIFG_T2', 0.012879361945209817)	('lSMA_to_lPTL_T2', 0.012401571067369556)	('rIFG_to_lIFG_T1', 0.011377417422043628)	('rDLPFC_to_lPTL_T1', 0.010241804431937868)	('R_IFGorb_T1', 0.009521238343906615)	('L_SMA_T2', 0.008703108796610322)	('T1', 0.008232306199432732)	('lSMA_to_lPTL_T1', 0.006955257427906516)	('lIFG_to_lPTL_T1', 0.006591037363033396)	('rDLPFC_to_lIFG_T1', 0.006558122218370614)	('L_IFGorb_T1', 0.0064588659345663005)	('Age', 0.0060587691790994725)	('R_IFGorb_T2', 0.005146502671939287)	('rDLPFC_to_lIFG_T2', 0.004932399292717506)	('lDLPFC_to_lPTL_T2', -0.004717229002397828)	('L_PTL_T1', 0.004424920610201045)	('lPTL_to_lIFG_T1', -0.004225800172994625)	('lPTL_to_lIFG_T2', 0.0038988865699919936)	('lDLPFC_to_lIFG_T1', -0.0034312290014630806)	('rDLPFC_to_lPTL_T2', 0.0030901603126529853)	('lDLPFC_to_lIFG_T2', 0.003005763066413996)	('L_PTL_T2', 0.0027641310282459134)	('R_DLPFC_T1', -0.0027534137245501453)	('L_SMA', 0.002532926303487579)	('lDLPFC_to_lPTL_T1', -0.002478936994421971)	('lSMA_to_lIFG_T1', 0.002369265119975179)	('L_DLPFC_T1', 0.002082436014796813)	('R_DLPFC_T2', 0.0010938263283263117)	('L_DLPFC_T2', 0.0010900155503666465)	('L_IFGorb_T2', -0.0009783523618256962)	('L_DLPFC', -0.00088934305673227)	('L_PTL', -0.0008298895212250562)	('L_IFGorb', 0.00037988792202570576)	('L_SMA_T1', 0.0003357493209190287)	('lIFG_to_lPTL_T2', 0.00017579112662756752)	
