predictors	pearson_correlation	mean_squared_error	r2	
rois + act_t1 + act_t2 + conn_t1 + conn_t2 + age + T1 + T2	0.05372582970152805	0.08376640891290489	-0.06039069573834022	('L_SMA_T2', 0.012004363596957966)	('R_DLPFC_T2', 0.010912743769042095)	('lSMA_to_lPTL_T1', 0.01074163686407543)	('lDLPFC_to_lPTL_T2', 0.010528631775645047)	('rDLPFC_to_lIFG_T2', 0.010067760612096523)	('rDLPFC_to_lPTL_T1', 0.009551411927105492)	('L_IFGorb_T2', 0.008306925866687595)	('L_IFGorb', 0.007953973045673555)	('lDLPFC_to_lIFG_T1', 0.0076411200630945725)	('L_SMA_T1', 0.007489803014022696)	('L_DLPFC', 0.006852062548056392)	('L_PTL_T2', -0.006258137794545356)	('R_DLPFC_T1', 0.006068898505295932)	('L_DLPFC_T2', 0.005882548030625611)	('L_DLPFC_T1', 0.005623965229397944)	('lSMA_to_lPTL_T2', -0.005398084291320283)	('Age', -0.0053201846497895906)	('L_PTL', 0.004941801437843558)	('rIFG_to_lIFG_T1', 0.003705389315493678)	('lDLPFC_to_lIFG_T2', -0.0036865449014115833)	('lSMA_to_lIFG_T2', 0.0036857968081731754)	('lIFG_to_lPTL_T2', -0.0034037101009581666)	('T2', 0.003199384207337637)	('rDLPFC_to_lPTL_T2', 0.0031184969781804612)	('lPTL_to_lIFG_T1', 0.00307194327605146)	('L_SMA', 0.002454430448506225)	('lDLPFC_to_lPTL_T1', 0.0024070867229775347)	('rDLPFC_to_lIFG_T1', 0.0023846899736546653)	('R_IFGorb_T2', -0.002339462332474341)	('lPTL_to_lIFG_T2', 0.0020570540426822935)	('L_PTL_T1', 0.0018064248325850454)	('lIFG_to_lPTL_T1', 0.0017883743909300426)	('L_IFGorb_T1', -0.0005467359269813814)	('rIFG_to_lIFG_T2', 0.00037016836536933807)	('R_IFGorb_T1', -0.00032264086033158263)	('lSMA_to_lIFG_T1', 0.00024676342921334856)	('T1', -4.466072376606118e-05)	
