predictors	pearson_correlation	mean_squared_error	r2	
rois + act_t1 + act_t2 + conn_t1 + conn_t2 + age + T1 + T2	-0.22436479487174338	0.08822799463799434	-0.11686946870380033	('R_DLPFC_T1', 0.01731276383162779)	('L_DLPFC', 0.014491784533060346)	('lSMA_to_lIFG_T1', 0.012491753984505976)	('lIFG_to_lPTL_T1', 0.010965865619039662)	('L_PTL', 0.009738949530044212)	('rIFG_to_lIFG_T1', 0.008797489363847378)	('L_PTL_T2', 0.007720084340728527)	('L_SMA', -0.007606661093847623)	('lSMA_to_lIFG_T2', -0.007590127704240083)	('Age', 0.007352319362912922)	('T2', 0.005771699199255283)	('rDLPFC_to_lPTL_T1', 0.005053527714480883)	('lIFG_to_lPTL_T2', -0.0048664501384584665)	('L_SMA_T1', 0.004493595406308645)	('rDLPFC_to_lIFG_T2', 0.003988088445818447)	('T1', -0.00379291673802649)	('R_DLPFC_T2', 0.0037610454311588592)	('lSMA_to_lPTL_T1', 0.003357255666443569)	('lDLPFC_to_lIFG_T2', 0.0032876210919492036)	('L_IFGorb_T2', -0.0032071768142620033)	('L_DLPFC_T1', -0.002930498254551315)	('L_IFGorb', -0.0028224947048716277)	('R_IFGorb_T1', 0.0027593193040879663)	('L_IFGorb_T1', 0.002177181507798807)	('lDLPFC_to_lPTL_T2', -0.0020559960053748005)	('lPTL_to_lIFG_T2', 0.0017855233981861202)	('L_PTL_T1', -0.0017695290541252077)	('R_IFGorb_T2', -0.0016512330145468507)	('L_SMA_T2', -0.0015729351586202568)	('lDLPFC_to_lPTL_T1', -0.0010470573206521382)	('rDLPFC_to_lPTL_T2', -0.0009185986460106831)	('lSMA_to_lPTL_T2', 0.0007726734064019389)	('lDLPFC_to_lIFG_T1', 0.0006845368147039188)	('rDLPFC_to_lIFG_T1', 0.0005255344454596735)	('lPTL_to_lIFG_T1', 0.00036961202376678716)	('L_DLPFC_T2', 0.00020688478330764418)	('rIFG_to_lIFG_T2', -0.00019085481158807364)	
