predictors	pearson_correlation	mean_squared_error	r2	
rois + act_t1 + act_t2 + conn_t1 + conn_t2 + age + T1 + T2	0.031172553658875998	0.09597170437970623	-0.04572923374151583	('L_SMA_T1', 0.015977219166010293)	('rIFG_to_lIFG_T2', -0.014604824639731754)	('R_DLPFC_T2', 0.014323236787925962)	('lSMA_to_lIFG_T2', 0.014126512592745891)	('L_DLPFC_T1', 0.013595232796282865)	('T2', 0.011816525408533266)	('rIFG_to_lIFG_T1', -0.011271426233412358)	('lDLPFC_to_lPTL_T1', -0.009492543783060227)	('rDLPFC_to_lPTL_T1', -0.00879406556410725)	('lDLPFC_to_lIFG_T1', 0.008267892529289176)	('rDLPFC_to_lIFG_T2', -0.007957190371143258)	('lIFG_to_lPTL_T1', 0.007734225792378)	('lIFG_to_lPTL_T2', 0.00728076822747172)	('L_SMA_T2', 0.007271891821952088)	('T1', -0.007009054536177281)	('L_IFGorb_T1', 0.006954514787510027)	('R_IFGorb_T1', 0.006609986929469776)	('L_PTL', -0.00640332429198183)	('R_IFGorb_T2', -0.005374992967553575)	('L_SMA', 0.005239574618667804)	('lSMA_to_lIFG_T1', 0.00518868388593359)	('rDLPFC_to_lIFG_T1', -0.004519760287108671)	('L_PTL_T2', 0.004227196519034349)	('L_DLPFC', 0.003528606193954364)	('lDLPFC_to_lIFG_T2', 0.0029698153294207266)	('lPTL_to_lIFG_T1', -0.002635045365172661)	('Age', -0.002493715163506197)	('lPTL_to_lIFG_T2', 0.0024419504254626348)	('L_IFGorb', -0.002167209742388389)	('rDLPFC_to_lPTL_T2', -0.0020873695651201034)	('R_DLPFC_T1', 0.0019028974752143173)	('lDLPFC_to_lPTL_T2', 0.0018989100929925932)	('L_DLPFC_T2', -0.00154189549076788)	('lSMA_to_lPTL_T1', -0.0013280224372509619)	('L_IFGorb_T2', -0.0007993902420339557)	('L_PTL_T1', 0.0007675454218543701)	('lSMA_to_lPTL_T2', 0.00015070278623995856)	
