predictors	pearson_correlation	mean_squared_error	r2	
rois + act_t1 + act_t2 + conn_t1 + conn_t2 + age + T1 + T2	-0.04824082476123254	0.08391670296784902	-0.06229325333339286	('lDLPFC_to_lIFG_T1', 0.01277833447708641)	('L_PTL_T2', 0.011742475963800228)	('lDLPFC_to_lIFG_T2', 0.011425025399010552)	('L_IFGorb', 0.01139640670089614)	('lPTL_to_lIFG_T1', 0.010562111367232238)	('lSMA_to_lPTL_T1', -0.00936869376012877)	('rDLPFC_to_lIFG_T2', 0.0091020191612544)	('L_SMA_T1', 0.008622433359344284)	('L_DLPFC_T1', 0.0077592338243897266)	('R_DLPFC_T1', 0.006295202261636115)	('T1', 0.005764341365796536)	('lIFG_to_lPTL_T1', 0.005654938774358104)	('R_IFGorb_T1', 0.005308570710084604)	('lDLPFC_to_lPTL_T1', 0.004893959404302607)	('L_DLPFC', 0.004499193967491672)	('rDLPFC_to_lIFG_T1', 0.0043810536080157525)	('lSMA_to_lIFG_T2', 0.003845117637574308)	('L_PTL', -0.0036763989347462717)	('L_PTL_T1', 0.003655444201208328)	('lPTL_to_lIFG_T2', 0.003356769099257113)	('Age', 0.0032562044862768165)	('T2', 0.0030244982734999545)	('rDLPFC_to_lPTL_T2', 0.002129067043037983)	('R_DLPFC_T2', -0.0017268027769350024)	('R_IFGorb_T2', 0.0017020578985875927)	('L_SMA', 0.0015801491511524992)	('L_IFGorb_T1', -0.0015461814853382375)	('lSMA_to_lIFG_T1', -0.0013270607550887206)	('lIFG_to_lPTL_T2', 0.001253947240609492)	('lDLPFC_to_lPTL_T2', 0.0012535850703740388)	('rIFG_to_lIFG_T1', 0.001055558384406987)	('L_IFGorb_T2', 0.0005605169994921385)	('rIFG_to_lIFG_T2', 0.0005005616561178929)	('lSMA_to_lPTL_T2', 0.00038197984715304293)	('L_SMA_T2', -0.0002912066426832472)	('rDLPFC_to_lPTL_T1', -0.00025227602869821704)	('L_DLPFC_T2', 0.00013139216363633347)	
