predictors	pearson_correlation	mean_squared_error	r2	
rois + act_t1 + act_t2 + conn_t1 + conn_t2 + age + T1 + T2	0.0705220166533776	0.09347441951781603	-0.018518257319480425	('rIFG_to_lIFG_T1', 0.013739287438055569)	('T1', 0.013017108976152087)	('lPTL_to_lIFG_T1', -0.012750863248411974)	('lIFG_to_lPTL_T2', 0.012445856386352702)	('L_DLPFC_T2', 0.011971327993752633)	('rIFG_to_lIFG_T2', -0.010213269542443247)	('L_IFGorb_T2', -0.009728858405426598)	('R_DLPFC_T2', 0.009379382463214712)	('lSMA_to_lIFG_T1', 0.009290609883024471)	('L_IFGorb', -0.008852668306184428)	('L_SMA_T2', 0.007961403327808727)	('lSMA_to_lIFG_T2', 0.0078122741285358835)	('lDLPFC_to_lPTL_T1', -0.0075050641224004)	('lIFG_to_lPTL_T1', 0.007462730585153348)	('L_SMA_T1', 0.006656658955980057)	('lSMA_to_lPTL_T2', 0.0066119036398657105)	('rDLPFC_to_lPTL_T2', 0.006592815001317178)	('L_SMA', 0.006489534436899649)	('lPTL_to_lIFG_T2', 0.005769734579450739)	('rDLPFC_to_lIFG_T1', 0.005731427026461272)	('R_IFGorb_T1', 0.0051635099877542145)	('Age', -0.005024637891410317)	('R_DLPFC_T1', 0.004538014400050387)	('lSMA_to_lPTL_T1', 0.003711509160161846)	('rDLPFC_to_lIFG_T2', 0.0036660293694561388)	('L_IFGorb_T1', 0.003599716498749461)	('lDLPFC_to_lIFG_T2', -0.0034935551737797694)	('L_PTL_T2', -0.00332554113298496)	('T2', -0.0030192451193574036)	('L_PTL', 0.0027550605137111263)	('L_DLPFC', 0.0027537588418949485)	('L_DLPFC_T1', 0.001875088033728205)	('L_PTL_T1', -0.0015640513536979096)	('rDLPFC_to_lPTL_T1', 0.0014929579638764587)	('lDLPFC_to_lPTL_T2', -0.0006031991034891894)	('R_IFGorb_T2', 0.00022514032134644338)	('lDLPFC_to_lIFG_T1', -0.00014983344759830636)	
