predictors	pearson_correlation	mean_squared_error	r2	
rois + act_t1 + act_t2 + conn_t1 + conn_t2 + age + T1 + T2	0.13328815549483697	0.09074412711436278	0.011231621578754347	('R_IFGorb_T2', 0.015870927096558313)	('lSMA_to_lPTL_T1', -0.01343185895114969)	('L_IFGorb', -0.012699314122211166)	('lIFG_to_lPTL_T2', 0.012692929244999433)	('rDLPFC_to_lPTL_T2', 0.012413256702092958)	('lDLPFC_to_lIFG_T1', -0.011475688983892866)	('lSMA_to_lIFG_T2', 0.011084434647255852)	('R_IFGorb_T1', 0.010178898596289593)	('T2', -0.009356853887181037)	('T1', -0.00879892921195498)	('lSMA_to_lPTL_T2', 0.008518925249540926)	('L_DLPFC_T1', 0.008190214903604057)	('L_SMA_T2', 0.00783087856414818)	('lPTL_to_lIFG_T1', 0.007828839897484808)	('L_DLPFC', -0.00773087823834039)	('lPTL_to_lIFG_T2', -0.006522983979791844)	('lDLPFC_to_lPTL_T1', 0.006455330779745044)	('R_DLPFC_T1', 0.006319113294460026)	('L_DLPFC_T2', 0.006260007877637729)	('lDLPFC_to_lIFG_T2', 0.005374804482003668)	('L_SMA_T1', 0.004715396522955144)	('Age', -0.004121860076958076)	('R_DLPFC_T2', 0.0033684120462727112)	('rIFG_to_lIFG_T2', -0.002921588300136019)	('rIFG_to_lIFG_T1', -0.0026677085503530105)	('lIFG_to_lPTL_T1', -0.002599923532919329)	('rDLPFC_to_lIFG_T2', 0.0021096532979040503)	('rDLPFC_to_lPTL_T1', 0.0018776425301100669)	('lDLPFC_to_lPTL_T2', 0.0016462556842765767)	('L_PTL', 0.0007612712162540428)	('L_SMA', -0.0006881922615974213)	('L_IFGorb_T2', 0.0006844487224005623)	('L_PTL_T2', 0.0006047175866828599)	('rDLPFC_to_lIFG_T1', 0.0004708144780515008)	('L_PTL_T1', 0.0004322603495197582)	('L_IFGorb_T1', -0.00032318920568870574)	('lSMA_to_lIFG_T1', -0.00018247160837324316)	
