predictors	pearson_correlation	mean_squared_error	r2	
rois + act_t1 + act_t2 + conn_t1 + conn_t2 + age + T1 + T2	-0.032620689730771445	0.08550537070474297	-0.08240404128150192	('lDLPFC_to_lPTL_T1', 0.012455236055458537)	('L_PTL_T1', 0.011751465818781162)	('lIFG_to_lPTL_T2', 0.011592635791270667)	('lDLPFC_to_lIFG_T1', 0.010628901420695142)	('rDLPFC_to_lIFG_T1', 0.009901955150157241)	('R_DLPFC_T2', -0.009392713483172749)	('L_SMA_T2', 0.008918424028761597)	('L_SMA', 0.008840506236295535)	('L_DLPFC_T2', -0.008529128861354747)	('L_DLPFC_T1', 0.008071434263151695)	('rIFG_to_lIFG_T2', 0.007393973225441004)	('lSMA_to_lPTL_T1', 0.007170260293353403)	('lSMA_to_lPTL_T2', 0.006563641076220568)	('lPTL_to_lIFG_T1', 0.006389999675672561)	('T2', 0.005501733979307621)	('R_DLPFC_T1', 0.005313951510800283)	('R_IFGorb_T2', 0.005277859213515511)	('lDLPFC_to_lIFG_T2', 0.004921766463220891)	('lSMA_to_lIFG_T1', 0.004907102266339522)	('L_DLPFC', 0.004625355332180109)	('lSMA_to_lIFG_T2', 0.004410388301888628)	('rDLPFC_to_lIFG_T2', -0.004111691517098199)	('Age', -0.0036522607954873635)	('rDLPFC_to_lPTL_T1', 0.002881779939388629)	('L_IFGorb_T1', -0.0028553571724947904)	('L_IFGorb', 0.00264009871935441)	('rIFG_to_lIFG_T1', -0.002622827252052162)	('R_IFGorb_T1', 0.002299418704614328)	('L_PTL_T2', 0.0019039833603051236)	('T1', 0.0015569874834720952)	('rDLPFC_to_lPTL_T2', -0.0012777670968954586)	('L_PTL', -0.0007126610037575345)	('lIFG_to_lPTL_T1', -0.0005495948593933811)	('L_SMA_T1', -0.000261985889631)	('lDLPFC_to_lPTL_T2', 0.00020557354621940732)	('L_IFGorb_T2', -0.00016928422899832731)	('lPTL_to_lIFG_T2', 0.0001642223044582543)	
