predictors	pearson_correlation	mean_squared_error	r2	
rois + act_t1 + act_t2 + conn_t1 + conn_t2 + age + T1 + T2	0.028217050883148888	0.09362435003233127	-0.020151933860621973	('lSMA_to_lIFG_T2', 0.014745151946731278)	('L_PTL_T2', 0.0147391505806136)	('rDLPFC_to_lIFG_T1', -0.010914966274038755)	('R_DLPFC_T1', 0.010377082860792863)	('L_IFGorb_T1', 0.009233334982491237)	('L_SMA', 0.009134241360113602)	('lSMA_to_lPTL_T2', 0.008738884773616513)	('L_IFGorb_T2', 0.00810931574006726)	('T2', 0.007940214776123283)	('lDLPFC_to_lPTL_T2', -0.007665895831519651)	('R_DLPFC_T2', 0.00749041858468613)	('Age', 0.0066953682279842315)	('lDLPFC_to_lIFG_T2', 0.006653869432372271)	('rDLPFC_to_lPTL_T2', 0.006532636569866381)	('lIFG_to_lPTL_T2', 0.006526502744040452)	('rDLPFC_to_lPTL_T1', -0.006478172851380938)	('rIFG_to_lIFG_T1', 0.006300813026051817)	('rIFG_to_lIFG_T2', 0.006029666503322782)	('L_DLPFC_T1', 0.005906426100576451)	('L_SMA_T2', 0.005675169435586073)	('L_IFGorb', -0.005053960668269596)	('T1', 0.0038791754746286674)	('L_DLPFC_T2', -0.003257901690684295)	('lDLPFC_to_lPTL_T1', -0.002903604194635481)	('L_DLPFC', 0.002453985824039178)	('L_SMA_T1', -0.00222730703964856)	('lDLPFC_to_lIFG_T1', 0.002080288786326852)	('R_IFGorb_T2', 0.001508450688305423)	('lSMA_to_lPTL_T1', 0.0012624018526359432)	('lPTL_to_lIFG_T2', -0.0011975992454759082)	('rDLPFC_to_lIFG_T2', 0.0011204194847742365)	('L_PTL', -0.0010238785503815504)	('lIFG_to_lPTL_T1', -0.0009836760544286963)	('lSMA_to_lIFG_T1', -0.0007138304369931336)	('lPTL_to_lIFG_T1', 0.0006600635265452668)	('L_PTL_T1', 0.0005406045145009311)	('R_IFGorb_T1', -0.0003000601981786314)	
