predictors	pearson_correlation	mean_squared_error	r2	
rois + act_t1 + act_t2 + conn_t1 + conn_t2 + age + T1 + T2	0.20717082036244067	0.08935242201639208	0.026395952723036853	('R_IFGorb_T1', 0.029095330730305586)	('lPTL_to_lIFG_T2', 0.017566750817121935)	('L_IFGorb', -0.013890018554473462)	('L_SMA', 0.01386476435275321)	('lIFG_to_lPTL_T1', 0.011295024436316572)	('lSMA_to_lIFG_T1', 0.011145819591297406)	('L_PTL_T1', 0.010048223027525992)	('R_DLPFC_T1', 0.008443252258610852)	('L_DLPFC_T2', 0.00834542890606004)	('lDLPFC_to_lPTL_T2', 0.0076423146032305695)	('L_SMA_T1', 0.007360975722396269)	('lSMA_to_lPTL_T1', -0.007322235383846087)	('rDLPFC_to_lPTL_T1', -0.007135340950534698)	('lPTL_to_lIFG_T1', 0.006473431242852735)	('lSMA_to_lIFG_T2', -0.006194677067924476)	('L_SMA_T2', 0.005818378591782457)	('R_DLPFC_T2', 0.005730910111709444)	('L_DLPFC_T1', -0.005651742274643932)	('Age', 0.0055326231239116)	('lSMA_to_lPTL_T2', -0.005530371733349811)	('R_IFGorb_T2', -0.0050912178470633755)	('L_IFGorb_T1', -0.0049073695765686105)	('lDLPFC_to_lIFG_T2', 0.004873528218378623)	('lDLPFC_to_lIFG_T1', 0.004589369898741777)	('L_PTL_T2', -0.004308315033288964)	('lIFG_to_lPTL_T2', 0.0035122546068643667)	('rIFG_to_lIFG_T1', -0.003071922377926246)	('lDLPFC_to_lPTL_T1', -0.0028705221389592325)	('rIFG_to_lIFG_T2', -0.0027246148154606883)	('rDLPFC_to_lIFG_T1', 0.002335497215858885)	('L_PTL', 0.002137339825315297)	('rDLPFC_to_lPTL_T2', 0.0018459818690462493)	('L_DLPFC', 0.00160146457266243)	('T1', 0.0009056577213734974)	('rDLPFC_to_lIFG_T2', -0.0004420075117664351)	('L_IFGorb_T2', -0.0004157762174690628)	('T2', 0.0001338167774122721)	
