predictors	pearson_correlation	mean_squared_error	r2	
rois + act_t1 + act_t2 + conn_t1 + conn_t2 + age + T1 + T2	-0.19554421780021172	0.08634779832522922	-0.0930682493117807	('lDLPFC_to_lPTL_T1', 0.020462283207444695)	('rDLPFC_to_lIFG_T1', 0.017490135153518646)	('Age', 0.015083148127818762)	('lSMA_to_lIFG_T1', 0.01507844861044951)	('L_DLPFC_T1', 0.014686038107546005)	('lDLPFC_to_lIFG_T1', 0.011913557765285795)	('rDLPFC_to_lIFG_T2', 0.01014164289282157)	('rIFG_to_lIFG_T1', 0.009580102653446967)	('L_PTL_T2', 0.009045312618024768)	('lIFG_to_lPTL_T1', 0.008845962615408263)	('lDLPFC_to_lIFG_T2', 0.008220663559058808)	('lPTL_to_lIFG_T1', 0.00800940818246614)	('R_DLPFC_T2', 0.007952904399067207)	('lPTL_to_lIFG_T2', 0.007389453081754325)	('L_SMA', -0.006791821151290001)	('L_IFGorb_T2', 0.006516959361794535)	('L_IFGorb', 0.006335194052041598)	('L_IFGorb_T1', 0.006099237933712683)	('L_DLPFC_T2', -0.005488563125928253)	('lDLPFC_to_lPTL_T2', 0.005470637029817999)	('L_DLPFC', -0.005235172358835411)	('lSMA_to_lPTL_T1', 0.0051545472489219505)	('L_PTL', -0.005129053890252183)	('rDLPFC_to_lPTL_T2', 0.004041300798399747)	('L_SMA_T1', 0.003562083652265284)	('rDLPFC_to_lPTL_T1', 0.003475909400019437)	('R_IFGorb_T1', -0.0034330120131801827)	('rIFG_to_lIFG_T2', -0.0033101595220816024)	('T2', -0.002979797642837607)	('lSMA_to_lPTL_T2', 0.002695335470259357)	('lIFG_to_lPTL_T2', 0.0024037550716387627)	('T1', 0.0022253935052270204)	('L_SMA_T2', 0.0015529433515004023)	('lSMA_to_lIFG_T2', -0.0015393645000645992)	('R_DLPFC_T1', 0.0010878350407413906)	('L_PTL_T1', 0.0006915725237960331)	('R_IFGorb_T2', -0.00040302600005263586)	
