predictors	pearson_correlation	mean_squared_error	r2	
rois + act_t1 + act_t2 + conn_t1 + conn_t2 + age + T1 + T2	-0.4417096033242698	0.08499505879599807	-0.07594405323879871	('lPTL_to_lIFG_T2', 0.011423127178697973)	('lSMA_to_lIFG_T2', 0.0106357137499606)	('L_DLPFC_T1', 0.009248119764112436)	('rDLPFC_to_lIFG_T2', 0.008574681002088346)	('L_PTL_T1', 0.008440509819392683)	('lIFG_to_lPTL_T2', -0.007741786224906271)	('lDLPFC_to_lPTL_T1', 0.007290226478205321)	('L_SMA_T1', -0.0061283490962578315)	('L_SMA', 0.005325540141160705)	('L_PTL', 0.004954206540295006)	('L_DLPFC', -0.004692147057737)	('L_PTL_T2', 0.004480118502451921)	('R_IFGorb_T1', 0.004422328429371858)	('L_IFGorb_T1', 0.004374275438038675)	('lDLPFC_to_lPTL_T2', 0.004096596066494016)	('lSMA_to_lIFG_T1', -0.0037137284909504594)	('lDLPFC_to_lIFG_T1', -0.0035713498867512594)	('R_DLPFC_T2', 0.0034742775222504326)	('rIFG_to_lIFG_T1', 0.002895272073130621)	('rDLPFC_to_lPTL_T2', 0.00283785144643171)	('R_DLPFC_T1', 0.002828634935894178)	('rDLPFC_to_lPTL_T1', 0.0028209631019429993)	('L_DLPFC_T2', 0.002792397905533327)	('T2', 0.002700308278312988)	('lDLPFC_to_lIFG_T2', -0.0023445533392842774)	('lPTL_to_lIFG_T1', 0.002273635696886376)	('L_SMA_T2', 0.002041846717749943)	('R_IFGorb_T2', 0.001937398333477937)	('L_IFGorb', -0.0016087037861142654)	('L_IFGorb_T2', 0.0012952251838514925)	('lSMA_to_lPTL_T2', -0.0012179455657168692)	('lIFG_to_lPTL_T1', -0.001189210619942049)	('rIFG_to_lIFG_T2', -0.0008509470392902446)	('T1', -0.0007080424913811129)	('Age', -0.0006916797525149782)	('lSMA_to_lPTL_T1', -0.0003287403006235334)	('rDLPFC_to_lIFG_T1', -0.000211352060906689)	
