predictors	pearson_correlation	mean_squared_error	r2	
rois + act_t1 + act_t2 + conn_t1 + conn_t2 + age + T1 + T2	0.09009634811191043	0.0796700500033471	-0.008535292952525753	('L_IFGorb_T1', 0.018426725346392107)	('lSMA_to_lIFG_T1', 0.018106001399145737)	('lSMA_to_lPTL_T1', 0.013409908144418062)	('rDLPFC_to_lIFG_T2', 0.013370856687556321)	('lSMA_to_lPTL_T2', 0.012169988326548368)	('lDLPFC_to_lIFG_T2', 0.00931654672399038)	('L_PTL_T2', 0.009079252594141357)	('L_IFGorb_T2', -0.008917807993356635)	('T1', 0.008604329368683217)	('L_DLPFC_T2', 0.008053509525355197)	('lPTL_to_lIFG_T1', 0.007965985167717776)	('L_SMA_T1', -0.007931061941892055)	('lSMA_to_lIFG_T2', 0.007661597081514928)	('L_SMA_T2', 0.006755142440947572)	('lIFG_to_lPTL_T2', 0.006476920119046494)	('R_IFGorb_T1', 0.006115308400767355)	('L_DLPFC_T1', -0.006094215714061891)	('R_DLPFC_T2', 0.005937781640917555)	('L_DLPFC', 0.005621407792074606)	('L_PTL_T1', 0.005321577109881794)	('lPTL_to_lIFG_T2', -0.005153270598212508)	('Age', -0.004938814715018393)	('R_IFGorb_T2', -0.0045079189165970765)	('rIFG_to_lIFG_T2', 0.004061215547318356)	('rIFG_to_lIFG_T1', -0.0036921978293333285)	('lDLPFC_to_lPTL_T1', 0.00303468048936701)	('L_IFGorb', -0.0025468026328441)	('L_PTL', -0.0024383837096214125)	('lIFG_to_lPTL_T1', -0.0023300219024635503)	('T2', 0.0019214057582511918)	('R_DLPFC_T1', -0.0018426568814924225)	('rDLPFC_to_lPTL_T2', -0.0016788856875833173)	('rDLPFC_to_lIFG_T1', 0.0014485879459207938)	('lDLPFC_to_lIFG_T1', -0.0011251442050987752)	('lDLPFC_to_lPTL_T2', 0.0010957977413949115)	('L_SMA', 0.000782107858721681)	('rDLPFC_to_lPTL_T1', -1.9935047783435633e-05)	
