predictors	pearson_correlation	mean_squared_error	r2	
rois + act_t1 + act_t2 + conn_t1 + conn_t2 + age + T1 + T2	0.1223713481145311	0.07800798929877664	0.012504569323429138	('T2', 0.009236907092223103)	('Age', 0.008522676882036416)	('L_PTL_T2', 0.008306617414287426)	('lIFG_to_lPTL_T2', -0.007709944692549887)	('lDLPFC_to_lPTL_T2', 0.007470158865433377)	('rIFG_to_lIFG_T2', 0.007008428741428912)	('L_IFGorb_T1', -0.00696585197769305)	('L_IFGorb', 0.006740051877245034)	('R_DLPFC_T1', 0.00622698280624681)	('rDLPFC_to_lIFG_T1', 0.006183621649974319)	('lSMA_to_lPTL_T1', 0.005081911817079274)	('lSMA_to_lIFG_T2', 0.004214860283845363)	('L_SMA_T1', -0.0037920291123753314)	('L_SMA_T2', 0.003729525476143743)	('L_IFGorb_T2', 0.003047499258387742)	('lSMA_to_lIFG_T1', 0.0030092895005964285)	('lPTL_to_lIFG_T1', 0.0030006468359173115)	('lSMA_to_lPTL_T2', 0.002942228598848966)	('L_PTL', -0.0026783996679854653)	('rDLPFC_to_lPTL_T2', 0.002491153732046201)	('rIFG_to_lIFG_T1', 0.0024107398185507847)	('L_DLPFC_T2', 0.0017462088437115938)	('R_IFGorb_T2', -0.0017200797349561936)	('lDLPFC_to_lIFG_T1', 0.0016839962945064259)	('lIFG_to_lPTL_T1', -0.0012675804650403735)	('R_DLPFC_T2', 0.0011605563150285684)	('rDLPFC_to_lPTL_T1', -0.0010498654492608738)	('lDLPFC_to_lIFG_T2', 0.001007446422858407)	('R_IFGorb_T1', -0.0009987712503650224)	('lDLPFC_to_lPTL_T1', 0.0009852556145214706)	('L_PTL_T1', -0.0007329791250928634)	('L_DLPFC', -0.0006837066497372701)	('T1', 0.0006796372051869968)	('L_DLPFC_T1', 0.0003964291293567861)	('lPTL_to_lIFG_T2', -0.000205402511706651)	('rDLPFC_to_lIFG_T2', 0.0001569489529222644)	('L_SMA', 9.162116559896353e-05)	
