predictors	pearson_correlation	mean_squared_error	r2	
rois + act_t1 + act_t2 + conn_t1 + conn_t2 + age + T1 + T2	-0.15167266048043157	0.10541920145567107	-0.14867128256599216	('rIFG_to_lIFG_T2', 0.024128921501824174)	('lIFG_to_lPTL_T2', 0.018891884664588562)	('lDLPFC_to_lPTL_T1', 0.014960132047614856)	('Age', -0.014579285271378363)	('L_SMA', 0.013354351187984434)	('L_IFGorb_T2', -0.0117694475984371)	('lPTL_to_lIFG_T2', 0.011524754701322006)	('rDLPFC_to_lIFG_T1', 0.010484162246950488)	('L_SMA_T2', 0.010388863438358806)	('rDLPFC_to_lPTL_T1', -0.01006353636695763)	('R_DLPFC_T1', 0.01005388493209751)	('lSMA_to_lPTL_T1', -0.009672649091093239)	('rDLPFC_to_lPTL_T2', 0.009007996917483)	('lSMA_to_lIFG_T2', 0.008696193664248456)	('L_DLPFC_T2', 0.008091462758556841)	('rDLPFC_to_lIFG_T2', 0.007736580737157003)	('lIFG_to_lPTL_T1', 0.0076814362072966415)	('R_IFGorb_T1', 0.006884249341364482)	('L_PTL_T1', 0.006805358517689607)	('L_PTL_T2', 0.006722452430526485)	('R_IFGorb_T2', -0.005823072442562525)	('rIFG_to_lIFG_T1', 0.0053596411747067795)	('L_IFGorb', -0.004901204230759267)	('L_PTL', 0.0048689041793252095)	('lSMA_to_lIFG_T1', 0.004721194000629481)	('T1', 0.004346172279105623)	('R_DLPFC_T2', 0.003463171326739089)	('lPTL_to_lIFG_T1', -0.002942810690086059)	('lDLPFC_to_lPTL_T2', 0.0027588663803474953)	('lDLPFC_to_lIFG_T2', -0.0020921965529736306)	('L_DLPFC_T1', 0.001779271467027841)	('T2', -0.0016263396524515271)	('L_SMA_T1', -0.0012796999956253123)	('lDLPFC_to_lIFG_T1', 0.0011332120460673704)	('L_DLPFC', 0.0010049857988091385)	('L_IFGorb_T1', -0.0005305315573927097)	('lSMA_to_lPTL_T2', 0.0005193833844448734)	
