predictors	pearson_correlation	mean_squared_error	r2	
rois + act_t1 + act_t2 + conn_t1 + conn_t2 + age + T1 + T2	0.12188971328642906	0.09147106380490357	0.003310756222750899	('L_IFGorb', 0.012863639529429122)	('T2', -0.012699780825450984)	('lPTL_to_lIFG_T1', 0.010745903224865901)	('L_IFGorb_T1', 0.010084564245282686)	('rIFG_to_lIFG_T1', 0.008755964506984796)	('rDLPFC_to_lPTL_T1', -0.008665567556701404)	('lDLPFC_to_lPTL_T1', 0.007108171959164847)	('R_IFGorb_T1', -0.0055589527411668265)	('lSMA_to_lPTL_T2', 0.0051749705332199275)	('lIFG_to_lPTL_T1', 0.004710936025043037)	('lSMA_to_lIFG_T2', -0.0045062744454391025)	('L_PTL_T1', 0.004176330800320764)	('L_DLPFC', 0.004126407852835966)	('R_DLPFC_T2', 0.004116307108587369)	('lDLPFC_to_lPTL_T2', -0.00394478355207845)	('L_SMA', 0.0037365109800569945)	('lSMA_to_lIFG_T1', 0.0032765085765215094)	('rIFG_to_lIFG_T2', 0.003272463305987615)	('lDLPFC_to_lIFG_T1', 0.0032302342696605675)	('L_DLPFC_T2', -0.002933529435742461)	('L_PTL', -0.002917676269595467)	('L_DLPFC_T1', 0.0027988463485086063)	('lIFG_to_lPTL_T2', -0.0025943526235535034)	('Age', 0.002499667112099369)	('rDLPFC_to_lIFG_T1', -0.0024879714625666723)	('rDLPFC_to_lIFG_T2', 0.002417423136407111)	('L_SMA_T1', -0.0022256412392314935)	('L_SMA_T2', 0.002151025110863559)	('lSMA_to_lPTL_T1', 0.0019673941608788306)	('R_IFGorb_T2', 0.001902366692401054)	('lDLPFC_to_lIFG_T2', 0.0018754432927499682)	('L_IFGorb_T2', 0.0018281621123554296)	('rDLPFC_to_lPTL_T2', -0.0005412230510397899)	('L_PTL_T2', -0.0005075173380516102)	('T1', -0.0002728784280222287)	('lPTL_to_lIFG_T2', 1.1037845124599567e-05)	('R_DLPFC_T1', 2.9961168284595366e-06)	
