predictors	pearson_correlation	mean_squared_error	r2	
rois + act_t1 + act_t2 + conn_t1 + conn_t2 + age + T1 + T2	0.18338768311649034	0.08882028667599455	0.03219421884071516	('R_DLPFC_T2', 0.024241290113683752)	('L_IFGorb_T2', 0.01715018854668461)	('lPTL_to_lIFG_T1', 0.01652292628574014)	('L_SMA_T1', 0.014705214372984249)	('L_DLPFC_T1', 0.014690980968410752)	('lSMA_to_lIFG_T2', -0.012936292482272026)	('lSMA_to_lIFG_T1', 0.012878276512402264)	('L_SMA_T2', 0.012849278028574536)	('R_IFGorb_T2', 0.012618838722077206)	('lDLPFC_to_lIFG_T1', 0.010930222282091886)	('L_DLPFC', 0.010668609628798743)	('lDLPFC_to_lIFG_T2', -0.010633841286881584)	('L_IFGorb_T1', -0.009324774697751741)	('lDLPFC_to_lPTL_T1', -0.008300661457904797)	('rIFG_to_lIFG_T1', 0.007902379865295324)	('lIFG_to_lPTL_T1', 0.007300975476173774)	('L_IFGorb', -0.006882838425682188)	('L_SMA', -0.006676024686657579)	('R_DLPFC_T1', -0.006477737991499641)	('Age', 0.005665827818079541)	('lSMA_to_lPTL_T2', 0.005551472882213456)	('rDLPFC_to_lIFG_T1', 0.005550799483599929)	('L_PTL_T1', -0.005293342774131415)	('lSMA_to_lPTL_T1', -0.004881452730216267)	('R_IFGorb_T1', 0.004212585152118715)	('rDLPFC_to_lPTL_T2', 0.004124011807313053)	('rDLPFC_to_lIFG_T2', -0.003589179946408069)	('T2', 0.003492047070039237)	('lPTL_to_lIFG_T2', 0.0034748197549100543)	('lDLPFC_to_lPTL_T2', -0.002950842258488603)	('rIFG_to_lIFG_T2', 0.0029461771895758853)	('L_DLPFC_T2', 0.0024954808335565935)	('L_PTL', 0.0022142520172582663)	('rDLPFC_to_lPTL_T1', -0.0016240964331132662)	('L_PTL_T2', 0.0009905942094321962)	('lIFG_to_lPTL_T2', 0.0002083837758745245)	('T1', -0.00017753009400577126)	
