predictors	pearson_correlation	mean_squared_error	r2	
rois + act_t1 + act_t2 + conn_t1 + conn_t2 + age + T1 + T2	-0.15420177758460418	0.10907644186438709	-0.18852139500208853	('L_IFGorb_T1', -0.021858790571487176)	('L_IFGorb', 0.015853913870332734)	('lPTL_to_lIFG_T2', 0.015537392751992545)	('lSMA_to_lPTL_T1', 0.013674236839919375)	('rDLPFC_to_lPTL_T1', 0.012131708110905299)	('L_PTL', -0.01138085538488187)	('lDLPFC_to_lIFG_T1', 0.010442463356786481)	('lSMA_to_lPTL_T2', -0.009547414831481017)	('rIFG_to_lIFG_T2', 0.009509899119420838)	('lDLPFC_to_lPTL_T2', -0.008352882289397507)	('R_IFGorb_T1', 0.007920585938241107)	('L_SMA_T1', -0.0076473039030500855)	('L_DLPFC_T1', 0.007579572669188034)	('lSMA_to_lIFG_T2', 0.007558626857922315)	('R_IFGorb_T2', 0.007280823895043351)	('L_PTL_T1', 0.006985770912797883)	('rDLPFC_to_lIFG_T2', 0.006717171240288769)	('L_SMA', 0.006499076445610009)	('R_DLPFC_T2', 0.00627981046453898)	('L_PTL_T2', -0.005839949250269946)	('L_IFGorb_T2', 0.0057142147766339095)	('lDLPFC_to_lPTL_T1', 0.005104598397253834)	('Age', 0.004831468486655707)	('T2', 0.004479422503848438)	('lIFG_to_lPTL_T1', 0.0038599456902604196)	('L_DLPFC_T2', 0.0037164894086998603)	('lDLPFC_to_lIFG_T2', 0.002918500801801409)	('L_SMA_T2', -0.0027852642640501476)	('lPTL_to_lIFG_T1', 0.0027832350389290165)	('L_DLPFC', 0.002645190825709378)	('rDLPFC_to_lIFG_T1', -0.0024754423978831847)	('rIFG_to_lIFG_T1', 0.0020757666360265207)	('lSMA_to_lIFG_T1', -0.0017580361524568656)	('rDLPFC_to_lPTL_T2', 0.0015865397616901015)	('lIFG_to_lPTL_T2', 0.001412457185255512)	('T1', -0.000266629810018739)	('R_DLPFC_T1', 0.00021471174202582186)	
