predictors	pearson_correlation	mean_squared_error	r2	
rois + act_t1 + act_t2 + conn_t1 + conn_t2 + age + T1 + T2	0.13794374976376297	0.08177059064150018	-0.03512582939337627	('T1', 0.02219013408715336)	('L_DLPFC_T1', 0.020246851582441956)	('lPTL_to_lIFG_T1', 0.012064461234978834)	('L_SMA_T1', -0.012023227828946163)	('L_IFGorb', 0.011762827046919127)	('lDLPFC_to_lIFG_T1', 0.011443876095367393)	('L_IFGorb_T1', -0.010727919505820168)	('lDLPFC_to_lPTL_T1', 0.010418193922951314)	('L_DLPFC', 0.010199922151003822)	('rDLPFC_to_lIFG_T1', 0.010004536813300866)	('rIFG_to_lIFG_T1', 0.009384639896967964)	('L_SMA_T2', 0.007458005056236424)	('L_PTL_T2', 0.006495327373595204)	('lIFG_to_lPTL_T2', 0.005913843534395723)	('rDLPFC_to_lPTL_T1', -0.005103842513783687)	('L_PTL_T1', 0.0049732176057509375)	('R_IFGorb_T1', 0.004585017948652974)	('T2', 0.004473157026880781)	('R_DLPFC_T2', 0.0043994232674838644)	('lIFG_to_lPTL_T1', 0.004230038161617291)	('rIFG_to_lIFG_T2', 0.0040076449093330675)	('lSMA_to_lPTL_T2', 0.003748304881348111)	('R_DLPFC_T1', 0.0033653321740833696)	('lSMA_to_lIFG_T2', -0.003222916406602741)	('lDLPFC_to_lPTL_T2', 0.0031003292108076567)	('lSMA_to_lIFG_T1', 0.0030183146569466362)	('rDLPFC_to_lPTL_T2', 0.002357511129101695)	('L_IFGorb_T2', 0.0021598537098385007)	('L_PTL', 0.0019069134000910062)	('L_SMA', -0.0017418333602390367)	('lSMA_to_lPTL_T1', 0.001458636146210227)	('L_DLPFC_T2', -0.000854486699048264)	('rDLPFC_to_lIFG_T2', 0.0006366309974729967)	('lPTL_to_lIFG_T2', 0.0006110237935251132)	('lDLPFC_to_lIFG_T2', 0.00029703853569996617)	('Age', 0.00016647817411651522)	('R_IFGorb_T2', -4.0043579128760975e-05)	
