predictors	pearson_correlation	mean_squared_error	r2	
rois + act_t1 + act_t2 + conn_t1 + conn_t2 + age + T1 + T2	0.14544323830267647	0.07770956897220731	0.01628224275864043	('T2', 0.012252206043108269)	('rDLPFC_to_lPTL_T1', 0.009017218588312706)	('lSMA_to_lIFG_T1', 0.008503876848594326)	('L_PTL_T1', 0.008457912199435985)	('lDLPFC_to_lIFG_T2', 0.007694953172142619)	('rDLPFC_to_lPTL_T2', -0.0070894582134847905)	('L_PTL', 0.006815638678909374)	('rIFG_to_lIFG_T2', 0.006102439745981595)	('lDLPFC_to_lPTL_T2', 0.00550351027310782)	('lIFG_to_lPTL_T1', 0.005190985555010029)	('L_DLPFC_T1', 0.00492080527426729)	('R_IFGorb_T2', 0.004475677900284288)	('L_SMA_T2', -0.003930261584295279)	('lSMA_to_lPTL_T1', -0.003567084137651892)	('lPTL_to_lIFG_T2', 0.0030592319258316643)	('R_IFGorb_T1', 0.0030037669760690335)	('L_PTL_T2', -0.0029801821934523727)	('R_DLPFC_T1', -0.002534431482136121)	('L_IFGorb_T1', -0.0024034035367122026)	('L_DLPFC_T2', -0.002285101635333246)	('L_SMA', 0.002094903135870457)	('lSMA_to_lPTL_T2', 0.0020929009482490747)	('L_IFGorb', 0.0020668302688217448)	('lPTL_to_lIFG_T1', 0.001810018379271829)	('L_DLPFC', 0.001392826762648191)	('R_DLPFC_T2', 0.0013681559555499935)	('lIFG_to_lPTL_T2', 0.0013167784509873078)	('L_IFGorb_T2', 0.001269320702022818)	('lDLPFC_to_lPTL_T1', 0.0012674917728891933)	('rDLPFC_to_lIFG_T1', -0.001022538597817251)	('Age', -0.0009422395483861788)	('rIFG_to_lIFG_T1', -0.0007673114679624846)	('L_SMA_T1', 0.0007557704947170286)	('T1', -0.0006495018272568257)	('lSMA_to_lIFG_T2', -0.0006343892827343321)	('lDLPFC_to_lIFG_T1', 0.0001500133561789952)	('rDLPFC_to_lIFG_T2', -3.3298531126706504e-05)	
