predictors	pearson_correlation	mean_squared_error	r2	
rois + act_t1 + act_t2 + conn_t1 + conn_t2 + age + T1 + T2	0.0855419558924317	0.09277678089481071	-0.17445210458646865	('R_DLPFC_T2', 0.030852087121563416)	('lDLPFC_to_lPTL_T1', 0.023923245521860998)	('Age', 0.021403125505331726)	('rIFG_to_lIFG_T2', 0.019563178444103293)	('lDLPFC_to_lIFG_T1', 0.019408869867182)	('R_DLPFC_T1', 0.019047767778920238)	('T2', 0.01883332056993995)	('L_IFGorb_T1', 0.017770279656366114)	('L_PTL', 0.01770936076886551)	('L_PTL_T2', 0.01686184678503558)	('L_DLPFC_T2', 0.016599458361074626)	('L_IFGorb', 0.016067566587421298)	('lIFG_to_lPTL_T1', 0.013245391289671634)	('lPTL_to_lIFG_T1', 0.012270275401924581)	('rDLPFC_to_lPTL_T2', -0.011696822551895095)	('lSMA_to_lIFG_T2', -0.011305264164366299)	('lSMA_to_lPTL_T1', -0.010460912008278202)	('L_SMA', 0.010201314213502023)	('L_DLPFC', -0.009918188617399086)	('lIFG_to_lPTL_T2', -0.009319730478290893)	('rDLPFC_to_lIFG_T2', 0.00929595742670525)	('R_IFGorb_T2', -0.008950423668062174)	('lDLPFC_to_lPTL_T2', 0.008463539724237067)	('rDLPFC_to_lPTL_T1', -0.008386612012878112)	('lSMA_to_lPTL_T2', 0.007795619295899437)	('R_IFGorb_T1', 0.006930069094276736)	('L_IFGorb_T2', 0.006765066036362039)	('rDLPFC_to_lIFG_T1', -0.006076470653727328)	('rIFG_to_lIFG_T1', 0.0051547941100991606)	('lDLPFC_to_lIFG_T2', 0.004413100432797665)	('lSMA_to_lIFG_T1', -0.004047519161297406)	('L_SMA_T1', -0.0036265509729725576)	('L_PTL_T1', -0.0021377787294346506)	('L_SMA_T2', 0.0017307222688496113)	('L_DLPFC_T1', 0.0011417027452547386)	('T1', 0.0005778765085880317)	('lPTL_to_lIFG_T2', 0.0002589671056776899)	
