predictors	pearson_correlation	mean_squared_error	r2	
rois + act_t1 + act_t2 + conn_t1 + conn_t2 + age + T1 + T2	0.04429647777777106	0.08569608521145414	-0.0848182773826236	('L_DLPFC_T2', 0.021931230591008863)	('lDLPFC_to_lIFG_T2', 0.020568135403093286)	('lSMA_to_lPTL_T2', 0.016368195562717094)	('L_PTL_T2', 0.015179828068909936)	('R_DLPFC_T1', 0.013164031677616931)	('rDLPFC_to_lPTL_T2', -0.01315385702556436)	('L_DLPFC_T1', 0.01279126305634541)	('rIFG_to_lIFG_T2', 0.011988321323865165)	('lPTL_to_lIFG_T1', 0.011542423498442261)	('L_SMA_T1', 0.01055950195360631)	('rDLPFC_to_lIFG_T1', 0.009811357566837197)	('rIFG_to_lIFG_T1', 0.009651821994295685)	('L_SMA_T2', 0.009120873545817412)	('L_SMA', -0.008360331601431938)	('L_IFGorb_T2', -0.00813842955164872)	('lIFG_to_lPTL_T1', 0.00782332753894806)	('rDLPFC_to_lIFG_T2', 0.007659483226952601)	('R_IFGorb_T1', 0.007529103027877452)	('L_IFGorb_T1', 0.007442323094015971)	('T1', 0.006974626053420701)	('Age', 0.006395015296362282)	('lDLPFC_to_lPTL_T1', 0.004730907198018838)	('lIFG_to_lPTL_T2', 0.004505386401994643)	('L_DLPFC', 0.003914843286401257)	('T2', 0.0036974713033588666)	('R_IFGorb_T2', 0.003586796929992631)	('lSMA_to_lIFG_T2', -0.0033057874723711844)	('lPTL_to_lIFG_T2', -0.002638059779283435)	('R_DLPFC_T2', -0.002415266456183658)	('rDLPFC_to_lPTL_T1', 0.0023208098046698664)	('lDLPFC_to_lPTL_T2', -0.0019878704048102696)	('L_IFGorb', -0.0015909371027400816)	('lSMA_to_lIFG_T1', -0.0014964110412587946)	('lDLPFC_to_lIFG_T1', 0.0014539077278121894)	('L_PTL', -0.0013050101241261504)	('L_PTL_T1', 0.0008306837112644865)	('lSMA_to_lPTL_T1', -0.00039371605336716123)	
