predictors	pearson_correlation	mean_squared_error	r2	
rois + act_t1 + act_t2 + conn_t1 + conn_t2 + age + T1 + T2	0.0586452550326639	0.09427831922951788	-0.027277729029985487	('rDLPFC_to_lIFG_T1', 0.018822687033814255)	('L_DLPFC_T1', 0.012865742658847892)	('T1', -0.012077333432296932)	('L_DLPFC', 0.011650858335920874)	('L_IFGorb_T1', 0.011474549459423725)	('lDLPFC_to_lIFG_T1', 0.011311532639417097)	('R_DLPFC_T1', 0.010841038073144798)	('R_IFGorb_T2', 0.009903549245162912)	('R_DLPFC_T2', 0.008762115134172875)	('rIFG_to_lIFG_T2', 0.008385949508047287)	('L_PTL_T1', 0.008177393472957322)	('rIFG_to_lIFG_T1', 0.008036208122109926)	('lIFG_to_lPTL_T1', 0.007774203780650748)	('T2', 0.006132224308593571)	('lSMA_to_lPTL_T1', -0.005927417578756728)	('L_SMA', 0.004811024189439346)	('L_DLPFC_T2', 0.0048092860196993405)	('lIFG_to_lPTL_T2', 0.004630213974543722)	('Age', 0.004540172191211546)	('L_SMA_T1', 0.004390344326729959)	('rDLPFC_to_lPTL_T2', -0.004087597844302909)	('lPTL_to_lIFG_T2', -0.0037596505136782738)	('rDLPFC_to_lIFG_T2', -0.003282843642712199)	('lDLPFC_to_lIFG_T2', -0.002974409242522194)	('R_IFGorb_T1', 0.0029544042763251675)	('lSMA_to_lIFG_T1', -0.0028633218605854187)	('L_IFGorb', 0.0027291064468064697)	('lDLPFC_to_lPTL_T2', 0.002693391228709708)	('L_PTL', -0.002467221918756014)	('rDLPFC_to_lPTL_T1', 0.0024281877155013167)	('L_IFGorb_T2', -0.0022322679284081668)	('lDLPFC_to_lPTL_T1', -0.0018522799833484754)	('lSMA_to_lIFG_T2', -0.001655017732914586)	('lPTL_to_lIFG_T1', 0.0013911222219326225)	('L_SMA_T2', 0.00022233325180410232)	('lSMA_to_lPTL_T2', -3.072564500179291e-05)	('L_PTL_T2', 5.16489204057462e-07)	
