predictors	pearson_correlation	mean_squared_error	r2	
rois + act_t1 + act_t2 + conn_t1 + conn_t2 + age + T1 + T2	0.015042495350629825	0.08379360679761039	-0.0607349910741406	('rDLPFC_to_lPTL_T1', 0.029464878472159936)	('R_DLPFC_T2', 0.02003813162754084)	('T1', 0.015962182288965326)	('lDLPFC_to_lPTL_T1', 0.014672009617431392)	('L_SMA_T2', 0.014453703016059036)	('R_IFGorb_T2', 0.013495034705115073)	('lPTL_to_lIFG_T1', 0.012575575117264719)	('lPTL_to_lIFG_T2', 0.012171637295457378)	('Age', 0.010613421501439563)	('lDLPFC_to_lIFG_T1', 0.009287425918893264)	('rDLPFC_to_lIFG_T1', 0.007637324684319779)	('lSMA_to_lPTL_T2', 0.0066947462772091034)	('lSMA_to_lIFG_T1', 0.006249305767783648)	('rDLPFC_to_lIFG_T2', 0.006247488919623237)	('L_PTL_T1', -0.006146554748218262)	('L_SMA_T1', 0.006108742121673759)	('L_DLPFC_T1', 0.005777243232355398)	('L_IFGorb', 0.004786828199394128)	('lIFG_to_lPTL_T1', -0.0046846628865050005)	('lSMA_to_lPTL_T1', 0.004225130526113006)	('R_IFGorb_T1', 0.004210327212679393)	('L_DLPFC_T2', 0.0037469483626819794)	('L_PTL', 0.003675409418847966)	('lIFG_to_lPTL_T2', -0.0031638971021969897)	('L_IFGorb_T2', 0.0031102288850284143)	('L_IFGorb_T1', 0.002543384643745396)	('L_DLPFC', -0.002348698196215752)	('R_DLPFC_T1', 0.0023266818124451356)	('rDLPFC_to_lPTL_T2', 0.001679913720191772)	('lDLPFC_to_lPTL_T2', 0.0016510827465955325)	('T2', 0.0014703250662934325)	('L_SMA', -0.0012809323137195933)	('rIFG_to_lIFG_T1', 0.0011878334397835526)	('lSMA_to_lIFG_T2', -0.0006837746822002109)	('L_PTL_T2', -0.00020855147787784747)	('rIFG_to_lIFG_T2', 7.306345440536081e-05)	('lDLPFC_to_lIFG_T2', -7.904001383560414e-06)	
