predictors	pearson_correlation	mean_squared_error	r2	
rois + act_t1 + act_t2 + conn_t1 + conn_t2 + age + T1 + T2	0.05702459072711134	0.09529481449049089	-0.038353689566786864	('R_IFGorb_T2', 0.01780223076952726)	('lIFG_to_lPTL_T1', 0.014116266592832534)	('lDLPFC_to_lPTL_T2', 0.013637359272598721)	('lSMA_to_lPTL_T2', 0.011551482208660207)	('lIFG_to_lPTL_T2', 0.011214873162859806)	('T1', 0.010982903504455018)	('L_PTL', 0.010947030544577003)	('rIFG_to_lIFG_T2', 0.010937983251652473)	('lSMA_to_lIFG_T2', 0.010005741185383832)	('rDLPFC_to_lIFG_T2', 0.009004668707413493)	('L_PTL_T1', 0.007616575450332896)	('L_IFGorb_T2', 0.007065915626045438)	('R_DLPFC_T1', 0.006965040355434107)	('L_DLPFC_T1', 0.006480883019757334)	('Age', -0.006476008874153584)	('R_IFGorb_T1', 0.006336033916937166)	('lDLPFC_to_lIFG_T2', 0.0053875391234755494)	('lPTL_to_lIFG_T2', -0.005147915647796759)	('lSMA_to_lPTL_T1', 0.00510811016253115)	('L_DLPFC', 0.005086183605659376)	('L_SMA', -0.0045837609941687405)	('rDLPFC_to_lPTL_T2', -0.004466359750155009)	('rDLPFC_to_lIFG_T1', 0.00432168312446923)	('L_IFGorb_T1', 0.003889707500358696)	('lPTL_to_lIFG_T1', 0.0036516884946469126)	('L_SMA_T1', -0.0025754065468599134)	('rIFG_to_lIFG_T1', 0.002270931605275595)	('T2', 0.002267096409254687)	('lSMA_to_lIFG_T1', 0.0019720321535187844)	('lDLPFC_to_lIFG_T1', 0.0018451755416276747)	('L_PTL_T2', -0.0010974717096102731)	('R_DLPFC_T2', -0.0010938477529970256)	('L_DLPFC_T2', 0.0009067567050474734)	('rDLPFC_to_lPTL_T1', -0.0008157103565049285)	('L_IFGorb', 0.0006566948468516365)	('lDLPFC_to_lPTL_T1', -0.000256390038670177)	('L_SMA_T2', -3.0983304321511428e-06)	
