predictors	pearson_correlation	mean_squared_error	r2	
rois + act_t1 + act_t2 + conn_t1 + conn_t2 + age + T1 + T2	0.35620411456535517	0.0826891263657285	0.09900071784623532	('L_SMA_T1', 0.013497018334280906)	('lSMA_to_lPTL_T1', 0.012699447284283754)	('R_DLPFC_T1', 0.01263271967878325)	('rDLPFC_to_lIFG_T1', -0.010896522458449888)	('rDLPFC_to_lPTL_T2', 0.010892931811457257)	('L_IFGorb', -0.01085747576172703)	('lDLPFC_to_lIFG_T2', 0.009276524065979154)	('L_IFGorb_T2', 0.00922365324796996)	('rDLPFC_to_lPTL_T1', 0.008326429859561344)	('L_PTL_T2', 0.008057724863432971)	('lIFG_to_lPTL_T1', 0.008024872574924354)	('L_SMA', 0.0065184140722174605)	('Age', 0.006129810169038628)	('lDLPFC_to_lIFG_T1', 0.005874856936118119)	('lPTL_to_lIFG_T1', -0.004655461004939503)	('R_IFGorb_T1', 0.004636603877773115)	('lPTL_to_lIFG_T2', 0.004493618055368598)	('lIFG_to_lPTL_T2', -0.003851335945171952)	('lDLPFC_to_lPTL_T1', 0.0034506039889418776)	('L_DLPFC_T1', 0.002865169355468386)	('L_PTL_T1', 0.002380519339954279)	('L_PTL', -0.002267861177397925)	('L_DLPFC_T2', 0.0020440895354082917)	('rIFG_to_lIFG_T2', 0.0018946607524919338)	('L_SMA_T2', 0.001864577230613433)	('lDLPFC_to_lPTL_T2', -0.001845700859944156)	('T1', 0.0018273179565141348)	('lSMA_to_lIFG_T2', -0.0018057639092595565)	('L_DLPFC', 0.0017487326090959065)	('R_DLPFC_T2', 0.001425481946970121)	('L_IFGorb_T1', -0.0014135413696267295)	('R_IFGorb_T2', 0.001348261974241)	('T2', 0.0011876588138644939)	('lSMA_to_lPTL_T2', -0.0007792464503046803)	('lSMA_to_lIFG_T1', 0.00035027692806878746)	('rDLPFC_to_lIFG_T2', -0.00020109324739195862)	('rIFG_to_lIFG_T1', 3.5742389719998675e-05)	
