predictors	pearson_correlation	mean_squared_error	r2	
rois + act_t1 + act_t2 + conn_t1 + conn_t2 + age + T1 + T2	0.01994487303311534	0.08879450038700981	-0.12404080901949732	('rIFG_to_lIFG_T1', 0.02000097287111993)	('L_SMA', 0.01849831680800243)	('L_DLPFC_T1', 0.018398955670227406)	('lPTL_to_lIFG_T1', -0.017223673128546776)	('lSMA_to_lPTL_T1', -0.01684394369633891)	('rIFG_to_lIFG_T2', 0.015656528416117824)	('lSMA_to_lIFG_T1', 0.01564202709346563)	('lSMA_to_lIFG_T2', 0.013720356995926514)	('L_PTL_T1', 0.013397283758574663)	('L_DLPFC', -0.011129364218423896)	('lIFG_to_lPTL_T2', 0.010512905852611757)	('lIFG_to_lPTL_T1', 0.009714296686358068)	('lDLPFC_to_lPTL_T2', 0.009434971435114677)	('L_SMA_T2', -0.009134832366987127)	('rDLPFC_to_lPTL_T1', 0.00906954190820959)	('rDLPFC_to_lPTL_T2', -0.00893398370293698)	('L_PTL_T2', 0.0086226177378019)	('R_IFGorb_T1', 0.007612606870135358)	('lSMA_to_lPTL_T2', -0.007510050226564388)	('T1', 0.007093217219018385)	('L_IFGorb_T2', -0.007077346821950863)	('R_DLPFC_T1', -0.006502343101929673)	('L_IFGorb_T1', -0.005298693237749386)	('L_IFGorb', 0.004727558724314605)	('L_PTL', 0.004450595723812888)	('Age', 0.004330410506983405)	('rDLPFC_to_lIFG_T1', 0.0032857300995692983)	('R_DLPFC_T2', 0.003224604004364171)	('lDLPFC_to_lPTL_T1', 0.003020656098356094)	('T2', -0.002944135471639313)	('lDLPFC_to_lIFG_T1', 0.0027149878733284277)	('R_IFGorb_T2', 0.0025073467767971094)	('rDLPFC_to_lIFG_T2', -0.002205670349289849)	('lPTL_to_lIFG_T2', 0.0013665463570410495)	('lDLPFC_to_lIFG_T2', 0.0010921194577700527)	('L_SMA_T1', -0.00027377621159324937)	('L_DLPFC_T2', -0.00024889058275203964)	
