predictors	pearson_correlation	mean_squared_error	r2	
rois + act_t1 + act_t2 + conn_t1 + conn_t2 + age + T1 + T2	-0.04818764806203671	0.08076526604777945	-0.022399524670360327	('rDLPFC_to_lIFG_T1', 0.015216079871748774)	('R_DLPFC_T1', 0.013738114303143095)	('L_IFGorb_T1', 0.011696992392864727)	('L_IFGorb_T2', 0.009942503676034008)	('lPTL_to_lIFG_T2', 0.00831372458881475)	('L_DLPFC_T1', 0.008038707735276636)	('L_DLPFC_T2', 0.007294393297552213)	('L_PTL_T1', 0.006932867594643179)	('lDLPFC_to_lPTL_T2', -0.006783309671962712)	('L_SMA_T2', 0.0066137671724161955)	('L_DLPFC', -0.006451355391417216)	('L_IFGorb', 0.005895851587607863)	('lIFG_to_lPTL_T2', 0.005721656912729559)	('lIFG_to_lPTL_T1', -0.0056912434150805154)	('L_SMA_T1', -0.0056732083158216795)	('L_PTL_T2', -0.005661731355563689)	('lSMA_to_lIFG_T1', -0.005658684679915795)	('rDLPFC_to_lIFG_T2', 0.0054736841966532175)	('lDLPFC_to_lPTL_T1', -0.005305226012442018)	('rIFG_to_lIFG_T2', 0.00523319002183714)	('R_IFGorb_T1', 0.005196075775157437)	('lSMA_to_lPTL_T2', 0.003948726462179541)	('R_IFGorb_T2', 0.0038199238919945245)	('rDLPFC_to_lPTL_T2', 0.0035119236156733714)	('lDLPFC_to_lIFG_T2', 0.0029296711306547388)	('L_PTL', -0.002710756432534597)	('rIFG_to_lIFG_T1', 0.002491871245339842)	('Age', 0.00247139202201693)	('lDLPFC_to_lIFG_T1', -0.002391358924430084)	('T1', 0.0023041297986098283)	('rDLPFC_to_lPTL_T1', 0.0022977914291083994)	('R_DLPFC_T2', 0.001980757523925348)	('T2', 0.0017980027981688283)	('lPTL_to_lIFG_T1', 0.001316272318496079)	('L_SMA', -0.0009045781532756335)	('lSMA_to_lIFG_T2', 0.00033195436592415125)	('lSMA_to_lPTL_T1', -0.0002611730729718287)	
