predictors	pearson_correlation	mean_squared_error	r2	
rois + act_t1 + act_t2 + conn_t1 + conn_t2 + age + T1 + T2	-0.011986882884805016	0.08365196045229283	-0.05894190398100463	('Age', 0.02808238230058012)	('L_DLPFC_T1', -0.019488490693159864)	('L_SMA', 0.019395403053353848)	('lDLPFC_to_lIFG_T1', 0.018016442105834668)	('L_PTL_T1', 0.01646638604532978)	('L_IFGorb', 0.012970714410767527)	('L_SMA_T2', 0.01267019946251262)	('R_DLPFC_T2', 0.011792320906940186)	('lSMA_to_lPTL_T1', 0.011292140549460313)	('L_DLPFC', 0.009510615289851225)	('R_DLPFC_T1', -0.008786577935288958)	('lDLPFC_to_lPTL_T1', 0.008378729177458464)	('lPTL_to_lIFG_T2', -0.007617811810655992)	('L_IFGorb_T1', 0.007612502013577132)	('rDLPFC_to_lIFG_T1', 0.007130420002822847)	('R_IFGorb_T2', 0.007082044586439962)	('lDLPFC_to_lIFG_T2', -0.006794596193391706)	('rIFG_to_lIFG_T1', 0.006463592819815396)	('rDLPFC_to_lPTL_T2', -0.0064566378813403795)	('L_DLPFC_T2', 0.006319582043331782)	('L_IFGorb_T2', 0.005909083865107252)	('rIFG_to_lIFG_T2', 0.005850907547235215)	('lSMA_to_lIFG_T1', -0.005669442224547332)	('T2', -0.005134050459409186)	('L_SMA_T1', -0.004982452234595601)	('lIFG_to_lPTL_T1', 0.004615033707004561)	('rDLPFC_to_lPTL_T1', 0.004366859737543524)	('lIFG_to_lPTL_T2', 0.0043266012735216006)	('rDLPFC_to_lIFG_T2', 0.003675777883375271)	('lSMA_to_lIFG_T2', -0.0035021164194798185)	('lSMA_to_lPTL_T2', 0.002546762823537467)	('lDLPFC_to_lPTL_T2', 0.002351474653360735)	('L_PTL_T2', 0.002348947535875497)	('L_PTL', -0.002251663177964926)	('lPTL_to_lIFG_T1', 0.0022341636806851427)	('T1', 0.00097812652729289)	('R_IFGorb_T1', 0.00017042115354911266)	
