predictors	pearson_correlation	mean_squared_error	r2	
rois + act_t1 + act_t2 + conn_t1 + conn_t2 + age + T1 + T2	0.056057179058370654	0.09828030810692856	-0.07088429816685382	('L_PTL_T2', 0.0225540061923851)	('lDLPFC_to_lPTL_T1', 0.01490380789720138)	('L_IFGorb_T1', -0.013864617410466393)	('lSMA_to_lIFG_T2', 0.012885564712827915)	('L_SMA', -0.010880911018527211)	('L_PTL_T1', 0.009975075635276087)	('L_SMA_T1', 0.008252064524239825)	('rIFG_to_lIFG_T2', 0.007930374499035105)	('L_PTL', 0.0074437987415976875)	('rDLPFC_to_lPTL_T2', 0.006845981683003776)	('rDLPFC_to_lIFG_T2', 0.006682822017186269)	('lPTL_to_lIFG_T2', 0.006630158543247584)	('rDLPFC_to_lPTL_T1', 0.006202296913321202)	('lIFG_to_lPTL_T1', 0.005558186952156901)	('T2', 0.005536018631895861)	('rIFG_to_lIFG_T1', -0.005478306338653368)	('lDLPFC_to_lIFG_T1', 0.005333083893925038)	('R_IFGorb_T1', 0.005143360983297869)	('R_DLPFC_T1', 0.004601980004708914)	('lSMA_to_lPTL_T2', -0.004087406182083683)	('rDLPFC_to_lIFG_T1', -0.003914604337354288)	('Age', -0.0038857635036158664)	('lPTL_to_lIFG_T1', -0.0037605143704335943)	('L_SMA_T2', -0.003751893279204634)	('lDLPFC_to_lIFG_T2', -0.00358694540045792)	('lSMA_to_lIFG_T1', 0.0033930059067204137)	('lIFG_to_lPTL_T2', -0.003208500731427842)	('L_IFGorb_T2', 0.003043165596157899)	('L_DLPFC_T1', 0.002917562493593695)	('L_DLPFC_T2', -0.0025815448929181733)	('L_IFGorb', 0.0014654148297187368)	('R_DLPFC_T2', 0.0014408016373862122)	('L_DLPFC', -0.001374648925423377)	('T1', -0.00136418356443459)	('lDLPFC_to_lPTL_T2', 0.0008665955683666635)	('lSMA_to_lPTL_T1', 0.0008058047444830972)	('R_IFGorb_T2', 0.0005260647802137982)	
