predictors	pearson_correlation	mean_squared_error	r2	
rois + act_t1 + act_t2 + conn_t1 + conn_t2 + age + T1 + T2	-0.2397188108863414	0.12637389195728385	-0.37699829398224205	('Age', -0.03006333903152576)	('lSMA_to_lPTL_T1', 0.025388716200948916)	('R_DLPFC_T1', 0.021175902773475096)	('L_IFGorb_T1', -0.01792415337755808)	('R_IFGorb_T1', 0.017275194389937243)	('rDLPFC_to_lPTL_T1', 0.016885526925253073)	('rDLPFC_to_lIFG_T2', -0.01634857740967322)	('lIFG_to_lPTL_T2', -0.014694691554789101)	('lSMA_to_lPTL_T2', 0.014250291360234002)	('L_DLPFC', -0.01375932718352229)	('L_IFGorb', 0.010885443598905115)	('R_IFGorb_T2', -0.010207588466840254)	('rIFG_to_lIFG_T2', -0.010080155221456034)	('L_PTL_T2', 0.009888831312465535)	('lPTL_to_lIFG_T2', 0.009805804182094993)	('lSMA_to_lIFG_T1', 0.009089228886580755)	('T1', 0.009043624893526258)	('lDLPFC_to_lPTL_T1', 0.00750280301600595)	('lSMA_to_lIFG_T2', 0.007469062716656301)	('lDLPFC_to_lIFG_T2', -0.006891119631877377)	('T2', -0.006623117107734357)	('lDLPFC_to_lPTL_T2', 0.005485377292358798)	('rDLPFC_to_lPTL_T2', 0.005094649723482229)	('rIFG_to_lIFG_T1', 0.0048953673992506615)	('lPTL_to_lIFG_T1', 0.004814573020815275)	('L_PTL', 0.004448387025225841)	('L_SMA_T1', 0.004314096872688027)	('L_IFGorb_T2', 0.004300675407627239)	('rDLPFC_to_lIFG_T1', -0.0029286719626835643)	('L_DLPFC_T2', 0.0023111624197068494)	('R_DLPFC_T2', 0.002106755174372638)	('L_SMA_T2', -0.0016844353639099907)	('L_PTL_T1', -0.0013721815083524347)	('lDLPFC_to_lIFG_T1', -0.0009941022925073156)	('L_DLPFC_T1', 0.0008755015668439316)	('L_SMA', -0.0005668409264753616)	('lIFG_to_lPTL_T1', -0.0005087495702360265)	
