predictors	pearson_correlation	mean_squared_error	r2	
rois + act_t1 + act_t2 + conn_t1 + conn_t2 + age + T1 + T2	0.028463330350221902	0.08171954897948892	-0.03447969803602002	('L_DLPFC', 0.02039940224933209)	('T2', 0.018094468416509198)	('rDLPFC_to_lIFG_T1', 0.017047426367069383)	('L_DLPFC_T1', 0.016005448390028827)	('lIFG_to_lPTL_T2', 0.014432639861245534)	('L_IFGorb_T2', 0.014203481477716504)	('R_DLPFC_T1', 0.013098902022877995)	('lDLPFC_to_lIFG_T1', 0.01234014915656184)	('rDLPFC_to_lIFG_T2', 0.010729722288447045)	('L_IFGorb_T1', -0.010682974919057339)	('R_IFGorb_T1', 0.010567715322904021)	('lDLPFC_to_lPTL_T2', 0.01001530707966965)	('L_SMA_T1', 0.00801121577861022)	('L_DLPFC_T2', 0.007500698476410888)	('lSMA_to_lIFG_T2', 0.007048039107585128)	('L_SMA_T2', 0.006114706968373663)	('L_SMA', -0.005577508157019064)	('rDLPFC_to_lPTL_T2', -0.005279940254623933)	('lPTL_to_lIFG_T2', 0.005133761332167977)	('L_PTL', 0.0049487920180988805)	('T1', 0.004706800146352847)	('L_PTL_T2', 0.0041870316099660125)	('rDLPFC_to_lPTL_T1', 0.003755192299049791)	('lDLPFC_to_lPTL_T1', 0.0035673647963400815)	('lSMA_to_lPTL_T1', 0.003450511731376094)	('L_IFGorb', 0.003092040048223079)	('Age', 0.0030498833882567408)	('lPTL_to_lIFG_T1', -0.002797030902817329)	('lSMA_to_lPTL_T2', 0.0027925641469012663)	('lSMA_to_lIFG_T1', -0.002723779737640846)	('L_PTL_T1', -0.0026729531830198554)	('R_IFGorb_T2', -0.002582553936639946)	('lDLPFC_to_lIFG_T2', 0.0025311992504558596)	('rIFG_to_lIFG_T1', -0.000961726536573442)	('R_DLPFC_T2', -0.000898497319618787)	('lIFG_to_lPTL_T1', 0.0001643448549941773)	('rIFG_to_lIFG_T2', -0.00014801375906132352)	
