predictors	pearson_correlation	mean_squared_error	r2	
rois + act_t1 + act_t2 + conn_t1 + conn_t2 + age + T1 + T2	-0.013917689417818777	0.09451623433430319	-0.029870105416658133	('L_PTL', 0.011530508599122856)	('R_DLPFC_T2', -0.011032458030201099)	('L_SMA', 0.009154214915972387)	('L_DLPFC_T1', 0.008913207655907649)	('lSMA_to_lIFG_T2', 0.008647498227538016)	('Age', -0.007369177285172632)	('L_IFGorb_T2', 0.006291657833339701)	('L_PTL_T1', 0.00611765521011183)	('lDLPFC_to_lPTL_T2', 0.005934113885458194)	('L_PTL_T2', 0.005330917448803268)	('lIFG_to_lPTL_T2', 0.005306342517565443)	('lPTL_to_lIFG_T2', 0.005053196005219228)	('L_DLPFC', 0.004879762435050761)	('L_SMA_T2', 0.0043611882998726105)	('R_DLPFC_T1', 0.004034985948131249)	('lDLPFC_to_lIFG_T1', 0.0038292228179704264)	('L_DLPFC_T2', 0.003757574137109051)	('L_IFGorb', -0.0036461766290944502)	('rDLPFC_to_lIFG_T2', 0.0033493041122736916)	('lSMA_to_lIFG_T1', 0.0033101754976655713)	('T2', -0.0030784089965883036)	('rIFG_to_lIFG_T2', -0.0030073110807740753)	('R_IFGorb_T2', -0.002854513408314237)	('lSMA_to_lPTL_T2', 0.0026166170517830565)	('L_SMA_T1', 0.0025391256743563795)	('rIFG_to_lIFG_T1', 0.002286345718481804)	('T1', -0.0019310944025362614)	('lSMA_to_lPTL_T1', 0.001684845518942396)	('lIFG_to_lPTL_T1', -0.0015161744381191678)	('rDLPFC_to_lPTL_T2', 0.001078426731480749)	('lDLPFC_to_lIFG_T2', 0.0010309597359767647)	('lPTL_to_lIFG_T1', -0.0010167976378203175)	('L_IFGorb_T1', 0.0009659661405020788)	('rDLPFC_to_lIFG_T1', -0.0007386166953650106)	('R_IFGorb_T1', 0.000310611121780156)	('rDLPFC_to_lPTL_T1', -0.00024747669172048227)	('lDLPFC_to_lPTL_T1', 0.00011196853517661802)	
