predictors	pearson_correlation	mean_squared_error	r2	
rois + act_t1 + act_t2 + conn_t1 + conn_t2 + age + T1 + T2	-0.017279773069785086	0.08213895501098023	-0.03978891755851777	('L_PTL', 0.017721730419703118)	('R_DLPFC_T1', -0.010035447107552577)	('L_DLPFC_T2', 0.008998906665221313)	('lSMA_to_lPTL_T2', 0.007744357526372235)	('lSMA_to_lIFG_T2', 0.007312718956559699)	('lIFG_to_lPTL_T2', 0.007149042734583439)	('L_PTL_T1', -0.006245445062524256)	('lDLPFC_to_lPTL_T1', 0.006230053309695645)	('lPTL_to_lIFG_T1', 0.005525825639952682)	('R_IFGorb_T2', -0.0053920149577964364)	('L_PTL_T2', 0.005324633613770174)	('L_SMA', 0.005122733942296097)	('T2', 0.005088767138411298)	('T1', 0.005066252305467001)	('lSMA_to_lIFG_T1', 0.004932527554615386)	('lDLPFC_to_lPTL_T2', 0.004868663924333796)	('L_IFGorb_T1', -0.00485477147583167)	('rIFG_to_lIFG_T2', 0.004091675957783463)	('R_IFGorb_T1', 0.0040063289688491354)	('R_DLPFC_T2', 0.0037629135057534735)	('rIFG_to_lIFG_T1', 0.0034356983815557888)	('lDLPFC_to_lIFG_T2', 0.003260333671223172)	('L_SMA_T1', 0.003239213756287061)	('rDLPFC_to_lPTL_T2', 0.0025593236678870374)	('lIFG_to_lPTL_T1', -0.0023211404754560783)	('L_SMA_T2', -0.001826707158989038)	('L_DLPFC', 0.0018090243615430494)	('rDLPFC_to_lIFG_T2', 0.001730084071401966)	('Age', 0.0014098298547483529)	('lSMA_to_lPTL_T1', 0.001172770983643612)	('rDLPFC_to_lPTL_T1', -0.0010714077825731351)	('lPTL_to_lIFG_T2', 0.001008038647075923)	('L_IFGorb_T2', -0.0009072204814443378)	('rDLPFC_to_lIFG_T1', 0.0007837319429788849)	('L_DLPFC_T1', 0.0004706964841496145)	('lDLPFC_to_lIFG_T1', 0.00019908640710145358)	('L_IFGorb', -6.237575632143088e-05)	
