predictors	pearson_correlation	mean_squared_error	r2	
rois + act_t1 + act_t2 + conn_t1 + conn_t2 + age + T1 + T2	0.0669540054795034	0.09374208710206318	-0.021434823400924286	('R_IFGorb_T1', 0.009681283008463928)	('L_IFGorb_T1', 0.009384084518184836)	('lPTL_to_lIFG_T1', -0.008706432336726811)	('rDLPFC_to_lIFG_T1', 0.008694142785227933)	('lSMA_to_lPTL_T2', 0.008415318054773292)	('L_DLPFC_T2', 0.008299973959928483)	('T2', -0.008290029906403793)	('L_PTL_T1', 0.007221295163003294)	('L_SMA_T1', 0.007220191673626566)	('L_PTL', 0.006744889485247616)	('L_PTL_T2', 0.006639864100114304)	('L_IFGorb_T2', -0.00646242261924075)	('rDLPFC_to_lPTL_T2', 0.006362101192065802)	('lSMA_to_lIFG_T2', 0.006214110138804333)	('rIFG_to_lIFG_T1', 0.006190225108349886)	('lSMA_to_lPTL_T1', 0.006044378389699211)	('lDLPFC_to_lIFG_T2', 0.005749106742216339)	('L_DLPFC_T1', 0.005721779060555388)	('T1', -0.005573400929516297)	('L_SMA_T2', 0.005537126304844485)	('lDLPFC_to_lIFG_T1', 0.0055198306128974965)	('lDLPFC_to_lPTL_T2', 0.005504147808993893)	('lIFG_to_lPTL_T2', -0.005147132888222286)	('L_SMA', -0.004055789792777109)	('L_DLPFC', 0.003961228439366528)	('rDLPFC_to_lPTL_T1', -0.003957535214136711)	('R_DLPFC_T2', -0.0036206281491928914)	('rIFG_to_lIFG_T2', 0.0027280214044891516)	('rDLPFC_to_lIFG_T2', -0.0024793509131717253)	('lIFG_to_lPTL_T1', 0.0022504407176859725)	('lPTL_to_lIFG_T2', 0.002044065259618425)	('R_IFGorb_T2', 0.001956639669025827)	('lSMA_to_lIFG_T1', 0.0015195500041054316)	('Age', 0.0007184975626767557)	('lDLPFC_to_lPTL_T1', -0.0007050051871377214)	('L_IFGorb', 0.0005785219514845597)	('R_DLPFC_T1', 0.0004543306611042425)	
