predictors	pearson_correlation	mean_squared_error	r2	
rois + act_t1 + act_t2 + conn_t1 + conn_t2 + age + T1 + T2	-0.2095605742655272	0.1007020672482373	-0.09727232938413422	('T2', 0.01717282896959646)	('R_IFGorb_T2', 0.0164148595092166)	('L_PTL', -0.0159019727083557)	('lDLPFC_to_lPTL_T1', 0.013503917726595522)	('lSMA_to_lPTL_T2', -0.011510557086303986)	('L_DLPFC_T1', -0.011215244250527176)	('T1', 0.010956556558939502)	('lDLPFC_to_lIFG_T1', 0.009473583375541631)	('L_IFGorb_T1', 0.009142262173466994)	('L_PTL_T2', 0.008417959262055588)	('lSMA_to_lIFG_T1', 0.008203192154848086)	('R_DLPFC_T1', -0.008038709288037925)	('lIFG_to_lPTL_T1', 0.007823376070838085)	('L_SMA_T2', 0.007308911631882165)	('L_DLPFC_T2', -0.00721012569329688)	('lDLPFC_to_lPTL_T2', -0.007167583050906812)	('rIFG_to_lIFG_T2', 0.006764854514593003)	('L_SMA', 0.0067276625718461535)	('R_DLPFC_T2', -0.0058633773564070795)	('lPTL_to_lIFG_T1', 0.005454254186354977)	('lIFG_to_lPTL_T2', -0.004999970744020872)	('Age', -0.004990229216891612)	('L_PTL_T1', -0.004587799975166949)	('rDLPFC_to_lIFG_T2', 0.0044923026075306405)	('lPTL_to_lIFG_T2', 0.004180277033571602)	('rDLPFC_to_lPTL_T2', -0.004157375509089991)	('rDLPFC_to_lIFG_T1', -0.0040207913912424405)	('rIFG_to_lIFG_T1', 0.003971783411868563)	('L_DLPFC', 0.0038209954186606454)	('R_IFGorb_T1', -0.0030267716264264738)	('lSMA_to_lPTL_T1', 0.002579248606458707)	('L_SMA_T1', -0.0019949339006956842)	('L_IFGorb', 0.001921075724164013)	('L_IFGorb_T2', -0.0018846050309356678)	('rDLPFC_to_lPTL_T1', -0.001572946580843931)	('lDLPFC_to_lIFG_T2', 0.0007663472906323372)	('lSMA_to_lIFG_T2', -0.0007639519563553254)	
