predictors	pearson_correlation	mean_squared_error	r2	
rois + act_t1 + act_t2 + conn_t1 + conn_t2 + age + T1 + T2	-0.34198607062431585	0.08679089911948684	-0.09867741849549949	('rIFG_to_lIFG_T1', 0.016511277799048592)	('lIFG_to_lPTL_T1', 0.01092102070463663)	('rDLPFC_to_lIFG_T2', 0.010903988638334992)	('L_PTL_T2', 0.01024190724238489)	('R_IFGorb_T2', -0.010159381952404501)	('R_DLPFC_T1', 0.00984135212482154)	('lDLPFC_to_lIFG_T1', 0.008296533588124195)	('L_SMA', 0.007758664604863874)	('L_PTL_T1', 0.007723230291677733)	('lPTL_to_lIFG_T1', 0.007051250608549297)	('lDLPFC_to_lPTL_T1', -0.006958902403693389)	('L_IFGorb_T2', 0.006616390050648865)	('T1', 0.006506199029725206)	('lDLPFC_to_lIFG_T2', -0.0055621812540154435)	('rIFG_to_lIFG_T2', -0.005090239092144827)	('rDLPFC_to_lPTL_T2', 0.004965145908175759)	('L_PTL', -0.004781438152056843)	('Age', 0.004679345038212397)	('lDLPFC_to_lPTL_T2', 0.004097663133901843)	('L_DLPFC_T2', -0.003859577511887485)	('lSMA_to_lIFG_T2', 0.0037725309167148274)	('L_IFGorb_T1', 0.0036974859460131623)	('L_DLPFC_T1', 0.0034080698229557835)	('lSMA_to_lPTL_T1', 0.00321592439524688)	('lIFG_to_lPTL_T2', 0.003115711599834259)	('lSMA_to_lPTL_T2', 0.002979803524015984)	('R_IFGorb_T1', -0.002687802835573859)	('lPTL_to_lIFG_T2', -0.0026766142712337784)	('rDLPFC_to_lPTL_T1', 0.002674830948133989)	('lSMA_to_lIFG_T1', 0.002590257178843725)	('L_SMA_T2', 0.0018115717461759855)	('L_DLPFC', 0.0016989831137100178)	('L_SMA_T1', 0.0015948436389900099)	('T2', 0.0012373101891053136)	('rDLPFC_to_lIFG_T1', -0.00039814843471867645)	('R_DLPFC_T2', 0.00035355129204959866)	('L_IFGorb', -6.242874234713804e-05)	
