predictors	pearson_correlation	mean_squared_error	r2	
rois + act_t1 + act_t2 + conn_t1 + conn_t2 + age + T1 + T2	-0.0234978899760967	0.09387725191820799	-0.022907609578157295	('L_IFGorb', 0.008647089987203756)	('T1', 0.008275846261049408)	('rIFG_to_lIFG_T1', -0.008028085541336681)	('rDLPFC_to_lIFG_T1', -0.00605335070021234)	('lSMA_to_lIFG_T2', 0.005646382321996382)	('lPTL_to_lIFG_T2', 0.005503974464638916)	('lIFG_to_lPTL_T2', 0.0046887117100823045)	('R_DLPFC_T1', 0.004351230111168225)	('rIFG_to_lIFG_T2', 0.00424366654968761)	('L_PTL_T2', 0.00400516436438525)	('lDLPFC_to_lPTL_T2', 0.003994010288578316)	('lSMA_to_lIFG_T1', 0.003574515509410928)	('L_SMA', 0.0033119570489573004)	('lSMA_to_lPTL_T1', -0.003263806852671732)	('lDLPFC_to_lIFG_T1', -0.0030546527725656097)	('rDLPFC_to_lPTL_T2', 0.0028730776443305593)	('L_IFGorb_T2', 0.0027972760023116912)	('Age', 0.0026371124154824996)	('R_IFGorb_T2', 0.0025446049603752726)	('L_DLPFC', -0.0024309989988125624)	('R_IFGorb_T1', -0.002175719497433502)	('R_DLPFC_T2', 0.002136364578283681)	('L_SMA_T2', 0.0021084469902936625)	('L_SMA_T1', -0.0016527298359450143)	('rDLPFC_to_lPTL_T1', -0.0016182453783226897)	('lIFG_to_lPTL_T1', 0.0015639499895814173)	('lPTL_to_lIFG_T1', 0.001361558316434054)	('L_IFGorb_T1', -0.0013018842639129884)	('lDLPFC_to_lPTL_T1', -0.0011465478157083751)	('rDLPFC_to_lIFG_T2', -0.0010533259345398597)	('T2', -0.0009988097446887874)	('L_DLPFC_T2', 0.0008600623800391773)	('lDLPFC_to_lIFG_T2', 0.0008509595712598439)	('L_DLPFC_T1', 0.000761439010524557)	('L_PTL', 0.0004919746488235444)	('L_PTL_T1', -0.000440422297062777)	('lSMA_to_lPTL_T2', -5.605661919653327e-05)	
