predictors	pearson_correlation	mean_squared_error	r2	
rois + act_t1 + act_t2 + conn_t1 + conn_t2 + age + T1 + T2	-0.24829026550712663	0.11065936522216334	-0.20576928322807841	('rDLPFC_to_lIFG_T2', 0.020492248788671737)	('L_PTL_T2', 0.01602089886086953)	('T2', 0.014832599026930557)	('rDLPFC_to_lIFG_T1', -0.012153520622713942)	('Age', 0.01213124792658061)	('L_SMA_T2', 0.011085813860910823)	('rDLPFC_to_lPTL_T2', 0.010847872434827424)	('lSMA_to_lIFG_T1', -0.01068259662362333)	('lIFG_to_lPTL_T2', -0.01052422304932297)	('rDLPFC_to_lPTL_T1', 0.010495874371709188)	('L_DLPFC_T1', 0.010096627909430502)	('lDLPFC_to_lIFG_T1', 0.009178425693196686)	('R_DLPFC_T2', 0.007674718132195787)	('lSMA_to_lPTL_T1', 0.0074601530200114384)	('L_IFGorb', 0.007328038929797484)	('lDLPFC_to_lPTL_T1', 0.0070528073971258985)	('lPTL_to_lIFG_T2', 0.006721754021736287)	('L_PTL_T1', 0.005995239931037637)	('lDLPFC_to_lPTL_T2', 0.005860806503589723)	('L_IFGorb_T2', -0.005280238341464074)	('R_IFGorb_T2', 0.0044071482804009686)	('lIFG_to_lPTL_T1', -0.00413223398694536)	('rIFG_to_lIFG_T2', 0.003913452177707421)	('T1', 0.0036529095838649635)	('L_DLPFC', 0.0033246146558384804)	('lPTL_to_lIFG_T1', 0.0029858499036550155)	('lSMA_to_lPTL_T2', -0.002972930730353096)	('rIFG_to_lIFG_T1', 0.002666604682812935)	('lDLPFC_to_lIFG_T2', -0.0024604501930495753)	('L_IFGorb_T1', 0.0023953176542934546)	('R_DLPFC_T1', -0.0018952552620113295)	('L_DLPFC_T2', -0.0015299307447329655)	('lSMA_to_lIFG_T2', 0.0013784751111686302)	('R_IFGorb_T1', 0.001287295569737725)	('L_SMA_T1', 0.0008223985731731344)	('L_SMA', -0.0007177532741684965)	('L_PTL', 0.0005065179909501138)	
