predictors	pearson_correlation	mean_squared_error	r2	
rois + act_t1 + act_t2 + conn_t1 + conn_t2 + age + T1 + T2	0.1371153095048434	0.09089863886802067	0.009548026827561285	('L_PTL_T1', 0.012471464579031302)	('L_SMA_T1', 0.01170241886450653)	('L_SMA', -0.011422240304854144)	('lSMA_to_lPTL_T2', 0.010758051304427576)	('R_IFGorb_T2', 0.010624244662749062)	('lSMA_to_lPTL_T1', 0.010380305677640414)	('L_IFGorb', 0.010074658701907659)	('lSMA_to_lIFG_T1', 0.009850575044774105)	('L_DLPFC_T2', -0.008573594477075262)	('R_DLPFC_T1', 0.008489027592025196)	('rDLPFC_to_lPTL_T2', -0.008427109461742454)	('lDLPFC_to_lPTL_T2', 0.007218322220109787)	('T2', 0.006960241656999949)	('L_IFGorb_T1', 0.006953625084703079)	('lSMA_to_lIFG_T2', -0.006875980790926401)	('lDLPFC_to_lIFG_T1', -0.006315307214929571)	('rDLPFC_to_lPTL_T1', 0.00607013839485819)	('lPTL_to_lIFG_T1', 0.005631221252623304)	('lIFG_to_lPTL_T2', -0.005533737290682074)	('lIFG_to_lPTL_T1', -0.005453506900859796)	('rDLPFC_to_lIFG_T2', -0.004194295868782781)	('lPTL_to_lIFG_T2', 0.003810322591382963)	('L_PTL', 0.0029240574908479832)	('R_DLPFC_T2', 0.0029058165619524957)	('R_IFGorb_T1', 0.002665207885084746)	('rIFG_to_lIFG_T1', 0.0023745421666414297)	('L_SMA_T2', -0.0021360494824289545)	('lDLPFC_to_lIFG_T2', -0.002074778073374143)	('L_IFGorb_T2', 0.002006851890387478)	('L_DLPFC', -0.0019802920296004903)	('lDLPFC_to_lPTL_T1', 0.001407288304704847)	('rDLPFC_to_lIFG_T1', 0.0013435351808217988)	('L_PTL_T2', 0.0013207723891110873)	('L_DLPFC_T1', -0.0011518839034577852)	('T1', -0.0008398649940958843)	('rIFG_to_lIFG_T2', -0.00047138590264559716)	('Age', -0.00023379199419585678)	
