predictors	pearson_correlation	mean_squared_error	r2	
rois + act_t1 + act_t2 + conn_t1 + conn_t2 + age + T1 + T2	0.1569451815505275	0.07859117450649172	0.0051220853876992045	('lSMA_to_lIFG_T2', 0.018236971170763817)	('rDLPFC_to_lIFG_T1', 0.016834019050988597)	('lSMA_to_lPTL_T1', 0.014754102825454833)	('lDLPFC_to_lPTL_T2', 0.010125752360244685)	('L_DLPFC_T2', 0.009954993248706561)	('rIFG_to_lIFG_T1', 0.009795357385705802)	('L_PTL_T2', 0.00881305205791405)	('lSMA_to_lPTL_T2', 0.00868146714328401)	('Age', 0.008251360610585361)	('R_DLPFC_T1', 0.007519484254519667)	('lDLPFC_to_lPTL_T1', 0.0071247669787235035)	('L_PTL', -0.006946757973821702)	('L_IFGorb_T1', 0.006763884264093965)	('rIFG_to_lIFG_T2', 0.006293074597934537)	('lPTL_to_lIFG_T1', 0.006288186570535204)	('lIFG_to_lPTL_T1', 0.006050685941223157)	('rDLPFC_to_lPTL_T2', 0.005397393314629636)	('L_IFGorb_T2', 0.004666944245344086)	('T2', -0.004405127645391891)	('L_SMA', 0.004280976126574856)	('lPTL_to_lIFG_T2', -0.003984258462909014)	('rDLPFC_to_lIFG_T2', 0.003912022524057228)	('rDLPFC_to_lPTL_T1', 0.003788281116528902)	('lDLPFC_to_lIFG_T1', -0.0037662039119961423)	('L_DLPFC', 0.003735799655514477)	('R_DLPFC_T2', 0.003697854081781984)	('T1', 0.0036940725714418947)	('R_IFGorb_T2', 0.0031405115535785683)	('L_DLPFC_T1', 0.002823249548780917)	('L_SMA_T2', -0.002560838098641029)	('R_IFGorb_T1', 0.002006655463558933)	('lSMA_to_lIFG_T1', -0.001624866740639871)	('L_PTL_T1', -0.0015477032441400312)	('L_SMA_T1', -0.0013622949419817762)	('lDLPFC_to_lIFG_T2', -0.0010004916593803845)	('lIFG_to_lPTL_T2', -0.0008578521058683756)	('L_IFGorb', 0.0005555603775387886)	
