predictors	pearson_correlation	mean_squared_error	r2	
rois + act_t1 + act_t2 + conn_t1 + conn_t2 + age + T1 + T2	0.28721621509273093	0.07272711332868032	0.079354656568552	('lDLPFC_to_lIFG_T2', 0.020712985975673122)	('L_IFGorb_T2', 0.020392589979448327)	('lIFG_to_lPTL_T2', 0.015459061380474374)	('lSMA_to_lPTL_T1', 0.0149124727341781)	('L_DLPFC', 0.014850517830815)	('lPTL_to_lIFG_T1', 0.01444302659264459)	('L_IFGorb_T1', 0.013546820942446148)	('L_SMA_T1', 0.009280841630014016)	('R_IFGorb_T1', 0.008167569424301368)	('L_IFGorb', -0.007541502169272538)	('Age', -0.00739172863848088)	('L_DLPFC_T2', 0.007319682356084062)	('L_PTL_T1', 0.006844397325512278)	('lSMA_to_lPTL_T2', 0.006642133016112737)	('lDLPFC_to_lPTL_T1', -0.006073169813963244)	('lDLPFC_to_lIFG_T1', 0.005587132939018158)	('T2', 0.005463541773222363)	('lPTL_to_lIFG_T2', -0.004907534575879878)	('rDLPFC_to_lPTL_T2', -0.0048933425047926644)	('L_PTL_T2', 0.004583483978281557)	('R_DLPFC_T1', 0.0045070543591323375)	('lDLPFC_to_lPTL_T2', -0.0043988380722310705)	('T1', 0.004169913079273568)	('lSMA_to_lIFG_T2', 0.004026402389089422)	('R_DLPFC_T2', 0.0038588271458005526)	('rDLPFC_to_lIFG_T1', -0.0035050130597308366)	('L_PTL', -0.0032698293880830944)	('R_IFGorb_T2', -0.002563459489930174)	('lSMA_to_lIFG_T1', 0.002550028611289168)	('L_SMA', 0.002152162971746105)	('L_DLPFC_T1', -0.002127986555608175)	('rIFG_to_lIFG_T2', 0.002119712168344736)	('rDLPFC_to_lPTL_T1', 0.002044802824372406)	('rIFG_to_lIFG_T1', -0.0018894161957332908)	('rDLPFC_to_lIFG_T2', -0.0016082388531446967)	('L_SMA_T2', 0.00113977461131616)	('lIFG_to_lPTL_T1', -0.00025876032871728524)	
