predictors	pearson_correlation	mean_squared_error	r2	
rois + act_t1 + act_t2 + conn_t1 + conn_t2 + age + T1 + T2	-0.016396537021354775	0.10329054379112049	-0.12547695083211496	('L_SMA', 0.017715090202993153)	('L_PTL', 0.014409604104254847)	('L_SMA_T2', 0.010727000038682145)	('lDLPFC_to_lIFG_T1', 0.009819514544251699)	('lIFG_to_lPTL_T1', 0.009815317033208145)	('T1', 0.00887108616217211)	('rIFG_to_lIFG_T2', 0.008782414662550118)	('lSMA_to_lIFG_T1', 0.008703611289243249)	('L_DLPFC_T1', 0.008260600081008306)	('lDLPFC_to_lPTL_T1', 0.007677984166162553)	('rDLPFC_to_lIFG_T1', 0.007476337829581837)	('lIFG_to_lPTL_T2', 0.0074685913292668075)	('R_DLPFC_T2', -0.007012397492901868)	('L_DLPFC', 0.006106522622956911)	('L_IFGorb', -0.005365276755343325)	('R_IFGorb_T1', -0.005336711724503693)	('lDLPFC_to_lIFG_T2', 0.004833953987930772)	('rIFG_to_lIFG_T1', -0.0046311511499510785)	('lPTL_to_lIFG_T2', 0.004388388004885949)	('L_IFGorb_T2', -0.0042859830360561105)	('T2', -0.003984850970572659)	('lDLPFC_to_lPTL_T2', 0.003764166838862863)	('lSMA_to_lIFG_T2', -0.0036417842513463586)	('R_IFGorb_T2', 0.002883386815921037)	('L_PTL_T2', 0.0023157818108331236)	('rDLPFC_to_lPTL_T2', 0.0021477331766360415)	('L_IFGorb_T1', 0.00182398265439708)	('lPTL_to_lIFG_T1', 0.0017424290827643854)	('R_DLPFC_T1', 0.0012569641502933242)	('Age', 0.000969678149001696)	('rDLPFC_to_lIFG_T2', 0.0009216965298492653)	('L_PTL_T1', -0.0008222782173592537)	('L_SMA_T1', 0.0006784933719494019)	('rDLPFC_to_lPTL_T1', 0.0005964164109878089)	('lSMA_to_lPTL_T2', -0.00047194760084425273)	('lSMA_to_lPTL_T1', 0.0002318666343577035)	('L_DLPFC_T2', 8.700196896579175e-05)	
