predictors	pearson_correlation	mean_squared_error	r2	
rois + act_t1 + act_t2 + conn_t1 + conn_t2 + age + T1 + T2	0.030828863208574267	0.09220466852248785	-0.004682765452693971	('L_PTL_T2', 0.012680783840258817)	('rIFG_to_lIFG_T1', 0.012004229679368825)	('lSMA_to_lIFG_T1', -0.011234875837445726)	('lPTL_to_lIFG_T1', 0.010104610992414687)	('T1', 0.00947279860144315)	('L_DLPFC_T1', -0.00861016680119479)	('rDLPFC_to_lIFG_T2', 0.00760054344330031)	('L_SMA', 0.006998231154579841)	('L_DLPFC_T2', 0.006346125844572545)	('L_IFGorb', 0.005524974847371762)	('L_PTL', 0.005241044282064098)	('R_IFGorb_T1', -0.005194501528563277)	('lDLPFC_to_lPTL_T1', -0.004898182235403994)	('L_SMA_T2', -0.004726816912591152)	('lSMA_to_lPTL_T1', 0.004626734875348182)	('L_SMA_T1', 0.0045835415555517825)	('rDLPFC_to_lPTL_T2', 0.004272251066097398)	('L_PTL_T1', -0.004021552988241958)	('lSMA_to_lIFG_T2', -0.0036253866217397647)	('T2', 0.002992860652391393)	('L_IFGorb_T2', -0.002979366449786462)	('rIFG_to_lIFG_T2', 0.00290030910884493)	('rDLPFC_to_lPTL_T1', 0.002698385592723728)	('lDLPFC_to_lPTL_T2', -0.002659081238824437)	('rDLPFC_to_lIFG_T1', -0.002511538856102029)	('R_DLPFC_T2', -0.0023000802618703456)	('Age', 0.0022498549567834575)	('lDLPFC_to_lIFG_T2', 0.002117043052443925)	('R_DLPFC_T1', -0.0020343577458318755)	('L_DLPFC', -0.001968212543592277)	('lSMA_to_lPTL_T2', 0.0018190159559603996)	('L_IFGorb_T1', -0.001709701717501125)	('lIFG_to_lPTL_T1', 0.0016471005686082326)	('R_IFGorb_T2', -0.0015618754043293852)	('lPTL_to_lIFG_T2', -0.0007253511480485125)	('lIFG_to_lPTL_T2', -0.0005832630386684379)	('lDLPFC_to_lIFG_T1', 0.000499129200463899)	
