predictors	pearson_correlation	mean_squared_error	r2	
rois + act_t1 + act_t2 + conn_t1 + conn_t2 + age + T1 + T2	-0.08547225603577235	0.11228452665304765	-0.22347740697985663	('rDLPFC_to_lIFG_T2', -0.020294086036893443)	('L_IFGorb_T1', -0.01847736548607582)	('L_SMA', 0.01690018818573036)	('lDLPFC_to_lPTL_T1', 0.015320974480127524)	('T1', 0.01492924634241785)	('Age', 0.014315842906472611)	('lDLPFC_to_lIFG_T2', 0.010819818851064554)	('lSMA_to_lIFG_T2', 0.010764974920298032)	('L_DLPFC', -0.010223883495166891)	('L_IFGorb', 0.009973256202470122)	('rDLPFC_to_lPTL_T2', 0.009128049303415235)	('lDLPFC_to_lPTL_T2', 0.008795875300608045)	('lIFG_to_lPTL_T2', 0.0085098240415257)	('lPTL_to_lIFG_T1', 0.007402234112706917)	('lSMA_to_lIFG_T1', 0.007171915427258098)	('R_IFGorb_T1', -0.00616704183227385)	('L_DLPFC_T1', -0.005982326798826285)	('lSMA_to_lPTL_T2', 0.005501403952072202)	('rDLPFC_to_lPTL_T1', 0.005133154842262376)	('T2', -0.0051307794356544)	('L_DLPFC_T2', 0.004969532650967369)	('L_PTL_T2', 0.004170778555714086)	('lPTL_to_lIFG_T2', 0.00409143148449599)	('L_PTL_T1', -0.003506730529259709)	('rDLPFC_to_lIFG_T1', -0.0030756678323597014)	('rIFG_to_lIFG_T2', 0.001660256156965992)	('L_SMA_T1', -0.0016144561048593155)	('lDLPFC_to_lIFG_T1', -0.0016133877787151284)	('L_PTL', 0.0014947258393486961)	('R_DLPFC_T2', -0.0014912775232237322)	('rIFG_to_lIFG_T1', -0.001241288865786872)	('L_SMA_T2', 0.0009110700858980039)	('R_IFGorb_T2', -0.0007575877501324981)	('L_IFGorb_T2', 0.0006131178091511084)	('R_DLPFC_T1', -0.0003616789190036768)	('lIFG_to_lPTL_T1', -0.00023270528827288038)	('lSMA_to_lPTL_T1', 2.4005607058066462e-05)	
