predictors	pearson_correlation	mean_squared_error	r2	
rois + act_t1 + act_t2 + conn_t1 + conn_t2 + age + T1 + T2	-0.22587843577132208	0.08504469992087021	-0.07657245533486012	('lIFG_to_lPTL_T1', 0.014762883198579184)	('T2', 0.012532561007192336)	('L_PTL', 0.011359182426847164)	('R_IFGorb_T2', -0.011197918063727988)	('R_IFGorb_T1', -0.009627882960687471)	('L_DLPFC', 0.009534530145966023)	('lSMA_to_lIFG_T1', 0.009095048423291802)	('L_SMA', 0.008951712806343342)	('L_IFGorb_T2', -0.008127617517801573)	('lSMA_to_lPTL_T1', 0.0077771004115723495)	('lPTL_to_lIFG_T2', 0.007764520974387696)	('Age', 0.007177678735606314)	('R_DLPFC_T1', 0.0070544602597561725)	('L_SMA_T2', 0.0061560203440332644)	('L_IFGorb', 0.0061376095044874575)	('L_SMA_T1', 0.0060916972192775875)	('L_PTL_T2', 0.005737239080281585)	('rIFG_to_lIFG_T1', 0.005684376157116351)	('rDLPFC_to_lPTL_T2', -0.005107978308527419)	('lIFG_to_lPTL_T2', 0.004942241880810787)	('rDLPFC_to_lPTL_T1', 0.004580937218264792)	('T1', 0.00398762235008103)	('lDLPFC_to_lIFG_T2', -0.003936959451723238)	('lSMA_to_lPTL_T2', 0.003902307503261295)	('rDLPFC_to_lIFG_T2', 0.0038310998176901423)	('rDLPFC_to_lIFG_T1', 0.0038053625754885067)	('L_PTL_T1', 0.0034249951198562635)	('lSMA_to_lIFG_T2', 0.0031708171890318065)	('lDLPFC_to_lPTL_T1', 0.0030842777922378815)	('lDLPFC_to_lPTL_T2', -0.0029069478384479313)	('L_DLPFC_T1', 0.0028432395727456894)	('R_DLPFC_T2', 0.0027881554477063473)	('L_DLPFC_T2', -0.002352942248950833)	('rIFG_to_lIFG_T2', -0.002174043743825026)	('lDLPFC_to_lIFG_T1', 0.001785221898564988)	('lPTL_to_lIFG_T1', 0.0013029754632255574)	('L_IFGorb_T1', -0.0009289383852929159)	
