predictors	pearson_correlation	mean_squared_error	r2	
rois + act_t1 + act_t2 + conn_t1 + conn_t2 + age + T1 + T2	-0.0016445323119813817	0.09554685795896062	-0.041100011775566436	('L_DLPFC', 0.01870301047337356)	('L_DLPFC_T2', 0.01508159293116547)	('rDLPFC_to_lIFG_T2', -0.010642513214143133)	('lIFG_to_lPTL_T2', 0.009381668179034814)	('rIFG_to_lIFG_T2', -0.009288374250767442)	('R_DLPFC_T1', 0.008908425199639683)	('lPTL_to_lIFG_T1', 0.008837687248673818)	('lDLPFC_to_lIFG_T2', 0.00784956650333494)	('L_SMA_T1', -0.007324911013781668)	('L_IFGorb', 0.005862800005205062)	('L_IFGorb_T2', 0.005366584889379909)	('lSMA_to_lPTL_T1', 0.005019503665973584)	('L_PTL_T2', 0.004996895065412822)	('R_IFGorb_T2', 0.004758776230496313)	('L_IFGorb_T1', -0.004323606427610465)	('T2', 0.004141190534123026)	('rDLPFC_to_lPTL_T1', 0.004010745657227111)	('lDLPFC_to_lPTL_T1', -0.0037472738586342065)	('rDLPFC_to_lPTL_T2', 0.0037246269544036563)	('Age', -0.003580194364712244)	('lIFG_to_lPTL_T1', 0.003535958801764664)	('rIFG_to_lIFG_T1', 0.0032914992246411002)	('lSMA_to_lIFG_T2', 0.003122171184439775)	('R_DLPFC_T2', -0.003079248401194041)	('rDLPFC_to_lIFG_T1', 0.0026889300754895772)	('L_PTL', 0.0022583556136224273)	('lDLPFC_to_lIFG_T1', -0.001954197399831846)	('L_PTL_T1', -0.0016733485376536164)	('lSMA_to_lPTL_T2', -0.0016356700983932025)	('lPTL_to_lIFG_T2', -0.0013596930530657926)	('T1', -0.001305609406576635)	('lSMA_to_lIFG_T1', -0.0012333276974085322)	('L_SMA_T2', -0.0011866897753842179)	('R_IFGorb_T1', 0.0010709937454102035)	('L_DLPFC_T1', 0.0003878217660582843)	('lDLPFC_to_lPTL_T2', -0.0003456083179100526)	('L_SMA', -6.221008393134447e-07)	
