predictors	pearson_correlation	mean_squared_error	r2	
rois + act_t1 + act_t2 + conn_t1 + conn_t2 + age + T1 + T2	0.169311469765644	0.07682783428059752	0.027444035119404964	('L_SMA_T1', 0.017040640542801667)	('rDLPFC_to_lPTL_T2', 0.014925417839145753)	('R_IFGorb_T1', 0.013544446255611547)	('rDLPFC_to_lPTL_T1', 0.013288736759268609)	('L_IFGorb_T1', 0.011633512764961575)	('L_IFGorb_T2', 0.011370198455425428)	('rIFG_to_lIFG_T1', 0.008972794523868488)	('lIFG_to_lPTL_T2', 0.008083507307018924)	('lDLPFC_to_lIFG_T2', -0.007272542893505154)	('R_DLPFC_T1', 0.005729280329647383)	('L_PTL', 0.005171812326715146)	('L_SMA', 0.005099259329769561)	('L_SMA_T2', 0.004898022184579405)	('lSMA_to_lPTL_T1', 0.004671148884072201)	('R_DLPFC_T2', 0.004600936437269291)	('T1', 0.004363713762502847)	('lSMA_to_lPTL_T2', 0.004256358345991661)	('lPTL_to_lIFG_T2', -0.0041751589311152205)	('Age', 0.004047856049503271)	('rIFG_to_lIFG_T2', 0.003929825837531568)	('T2', 0.00392433913091844)	('lPTL_to_lIFG_T1', 0.00331071678654455)	('L_IFGorb', 0.003248903474329998)	('R_IFGorb_T2', -0.0030773187439795007)	('L_DLPFC_T1', 0.002851299724238351)	('L_DLPFC', 0.0023230322984774594)	('rDLPFC_to_lIFG_T1', 0.0022661718417920076)	('lSMA_to_lIFG_T2', 0.0017438397717914956)	('lDLPFC_to_lPTL_T1', 0.0015779141332687321)	('lSMA_to_lIFG_T1', -0.001540064211825537)	('lIFG_to_lPTL_T1', 0.0012641707344524598)	('L_DLPFC_T2', -0.0012380721033777577)	('lDLPFC_to_lIFG_T1', -0.0009867443542235389)	('rDLPFC_to_lIFG_T2', 0.0009357886826232485)	('lDLPFC_to_lPTL_T2', -0.0005831044983490107)	('L_PTL_T2', -0.0003530995296211569)	('L_PTL_T1', 0.000212451619489345)	
