predictors	pearson_correlation	mean_squared_error	r2	
rois + act_t1 + act_t2 + conn_t1 + conn_t2 + age + T1 + T2	0.21538204929543805	0.0890786718783486	0.029378795675999658	('rIFG_to_lIFG_T1', 0.02058749007345856)	('lIFG_to_lPTL_T1', 0.020048829411343137)	('lIFG_to_lPTL_T2', 0.018797817635262164)	('lPTL_to_lIFG_T2', -0.01821529820378749)	('rDLPFC_to_lPTL_T1', 0.0167495549737866)	('L_IFGorb_T2', 0.016518987551655605)	('R_IFGorb_T1', 0.015981299370886284)	('Age', 0.013818045468104322)	('lSMA_to_lPTL_T1', 0.013375526669997438)	('L_DLPFC_T2', 0.012492570862008053)	('L_SMA_T2', 0.012334536377516553)	('lSMA_to_lIFG_T1', 0.012282886189109424)	('L_IFGorb_T1', -0.011541392914802955)	('rDLPFC_to_lPTL_T2', 0.011540360891581076)	('rDLPFC_to_lIFG_T2', 0.011458074108279554)	('R_DLPFC_T2', -0.011335106030187826)	('lSMA_to_lPTL_T2', -0.010429625354836698)	('L_PTL_T2', 0.009862614546596565)	('rDLPFC_to_lIFG_T1', -0.009553655806185288)	('lDLPFC_to_lPTL_T2', 0.008853626935487474)	('rIFG_to_lIFG_T2', 0.008848686563437303)	('L_DLPFC', -0.007910568531808326)	('L_SMA', 0.007588464592232589)	('L_PTL_T1', 0.007189380807741109)	('lDLPFC_to_lIFG_T2', -0.006575465766161103)	('L_IFGorb', 0.0064891964656222335)	('L_DLPFC_T1', 0.005842685152312216)	('L_PTL', 0.005515995210147441)	('T1', -0.004655792617936961)	('lSMA_to_lIFG_T2', 0.003716501191346637)	('R_IFGorb_T2', 0.00228890277402669)	('L_SMA_T1', 0.0007973575401339084)	('R_DLPFC_T1', -0.0007718856927728604)	('lDLPFC_to_lIFG_T1', -0.000549045568760898)	('lPTL_to_lIFG_T1', 0.00035530357576082797)	('lDLPFC_to_lPTL_T1', -3.920294219321407e-05)	('T2', 3.589542428849852e-05)	
