predictors	pearson_correlation	mean_squared_error	r2	
rois + act_t1 + act_t2 + conn_t1 + conn_t2 + age + T1 + T2	-0.10390327044371925	0.09612544737734985	-0.04740445195461418	('rDLPFC_to_lPTL_T1', 0.01637706212557793)	('L_PTL', 0.014789909153100035)	('lSMA_to_lPTL_T1', 0.014121109892366476)	('L_PTL_T1', -0.011855582677267289)	('lSMA_to_lPTL_T2', -0.011094181662544441)	('L_IFGorb', 0.009647022975100311)	('Age', 0.00870998882436643)	('rIFG_to_lIFG_T1', -0.008177632766327715)	('L_SMA_T1', 0.008044157897306281)	('L_PTL_T2', 0.007748224434575992)	('lSMA_to_lIFG_T2', -0.007567280085709439)	('rDLPFC_to_lPTL_T2', 0.007246746084799115)	('lSMA_to_lIFG_T1', 0.006205717709648964)	('L_DLPFC_T1', 0.006128444520488436)	('L_IFGorb_T1', 0.006124408885098923)	('T2', 0.00600731368493533)	('R_IFGorb_T2', -0.00595689554146497)	('L_DLPFC_T2', 0.005735912771364119)	('lIFG_to_lPTL_T1', 0.005427861549776711)	('R_IFGorb_T1', 0.005275465160789858)	('L_SMA', 0.005218120124601429)	('L_IFGorb_T2', -0.004969717055820393)	('rDLPFC_to_lIFG_T2', -0.004369463248555143)	('T1', 0.0036589284867510983)	('lDLPFC_to_lIFG_T2', 0.0036225892560951462)	('L_DLPFC', -0.003496572606717753)	('lPTL_to_lIFG_T1', 0.0034594124204793525)	('rIFG_to_lIFG_T2', 0.003257390117588572)	('R_DLPFC_T2', 0.0026337952925200004)	('lIFG_to_lPTL_T2', 0.0022528181759032054)	('lDLPFC_to_lIFG_T1', -0.0014646377729781192)	('R_DLPFC_T1', 0.0014094665031484767)	('L_SMA_T2', -0.0011850521603985976)	('lPTL_to_lIFG_T2', 0.0004809134454786221)	('rDLPFC_to_lIFG_T1', -0.0004614259661841275)	('lDLPFC_to_lPTL_T2', -0.0003293046674877444)	('lDLPFC_to_lPTL_T1', -0.00028541377637572303)	
