predictors	pearson_correlation	mean_squared_error	r2	
rois + act_t1 + act_t2 + conn_t1 + conn_t2 + age + T1 + T2	-0.15873838191753412	0.08979300575711628	-0.13668078986440313	('rIFG_to_lIFG_T2', 0.012393493284484363)	('lIFG_to_lPTL_T2', 0.011211577129801979)	('L_DLPFC_T1', -0.010936693078816078)	('lDLPFC_to_lPTL_T1', 0.010869339672017891)	('lIFG_to_lPTL_T1', 0.010494062680826916)	('lSMA_to_lIFG_T1', 0.009889612780479102)	('lPTL_to_lIFG_T2', 0.00924027051147839)	('L_IFGorb', -0.008733857256802584)	('R_DLPFC_T1', 0.00865834002289608)	('rDLPFC_to_lPTL_T1', 0.007323980455517906)	('R_DLPFC_T2', 0.007114500032886826)	('lDLPFC_to_lIFG_T1', 0.005787799448742148)	('R_IFGorb_T1', 0.005619399381758602)	('lSMA_to_lIFG_T2', 0.005573089312280491)	('L_IFGorb_T2', 0.00548875324167505)	('L_PTL_T2', 0.0053167638010418366)	('L_IFGorb_T1', 0.005223531684048855)	('rDLPFC_to_lIFG_T2', 0.004418891720062193)	('rDLPFC_to_lIFG_T1', -0.004117844181569474)	('L_PTL', 0.003693913233705443)	('rIFG_to_lIFG_T1', 0.003528975056267986)	('L_SMA_T1', 0.0034431262107346896)	('L_DLPFC', 0.003231111713553883)	('L_DLPFC_T2', -0.0030984890347326394)	('lDLPFC_to_lPTL_T2', -0.0024968245570718625)	('L_SMA', 0.0023679084116563723)	('lPTL_to_lIFG_T1', -0.0023271192852418287)	('lDLPFC_to_lIFG_T2', -0.0016616547154251209)	('L_PTL_T1', 0.0016530437040554655)	('Age', -0.001377413559251365)	('T2', -0.0010882292645157344)	('R_IFGorb_T2', 0.0009852533065779381)	('lSMA_to_lPTL_T1', 0.0009008006622462323)	('L_SMA_T2', -0.0006928017927071855)	('rDLPFC_to_lPTL_T2', 0.00043933286744728806)	('lSMA_to_lPTL_T2', 0.0002553212823700909)	('T1', 2.2655127737095782e-05)	
