predictors	pearson_correlation	mean_squared_error	r2	
rois + act_t1 + act_t2 + conn_t1 + conn_t2 + age + T1 + T2	-0.05278901343819664	0.08648912325664578	-0.0948572676580941	('lPTL_to_lIFG_T1', 0.012892326013427992)	('lDLPFC_to_lIFG_T1', 0.012165775620146676)	('rDLPFC_to_lPTL_T2', 0.010984343847304087)	('R_DLPFC_T1', 0.009471490924671323)	('R_IFGorb_T1', 0.008288536236352933)	('rDLPFC_to_lIFG_T2', 0.008194344483042394)	('lIFG_to_lPTL_T2', 0.007904140124990414)	('lSMA_to_lPTL_T1', 0.007284076684015875)	('rDLPFC_to_lIFG_T1', 0.00716086957375785)	('R_DLPFC_T2', 0.007074186219184581)	('L_SMA_T2', 0.006683852917915217)	('L_DLPFC_T2', 0.006210771431959827)	('rDLPFC_to_lPTL_T1', 0.006103841592081961)	('L_SMA', -0.006016604288786126)	('T2', 0.005562811027849777)	('lIFG_to_lPTL_T1', -0.005196051051478071)	('L_SMA_T1', -0.005087861435548119)	('L_DLPFC', 0.004957966736433693)	('lPTL_to_lIFG_T2', 0.004891742648465068)	('L_IFGorb_T1', 0.004700352272448112)	('lSMA_to_lPTL_T2', 0.004575860082930442)	('L_PTL', -0.00403838023180927)	('L_PTL_T2', 0.004027872260413127)	('Age', 0.003939194910095972)	('lDLPFC_to_lPTL_T2', 0.0034193778469464213)	('L_IFGorb_T2', -0.003393739275458069)	('L_PTL_T1', 0.0033202403091385805)	('lSMA_to_lIFG_T2', 0.003140306139280187)	('R_IFGorb_T2', -0.0025257801015886876)	('L_IFGorb', 0.0023703330615444025)	('L_DLPFC_T1', 0.001974093361925991)	('rIFG_to_lIFG_T2', 0.0019394385396402241)	('lSMA_to_lIFG_T1', -0.0017748688602900965)	('lDLPFC_to_lPTL_T1', 0.001727299506963945)	('T1', 0.0016778622481051246)	('lDLPFC_to_lIFG_T2', 0.0008008480084533547)	('rIFG_to_lIFG_T1', 5.191788394070136e-06)	
