predictors	pearson_correlation	mean_squared_error	r2	
rois + act_t1 + act_t2 + conn_t1 + conn_t2 + age + T1 + T2	0.2695809937441857	0.07413848565177458	0.06148823374997503	('L_IFGorb_T1', 0.026820245132398796)	('R_DLPFC_T1', 0.025114416503858143)	('L_SMA_T1', 0.02480033976964967)	('Age', 0.019146087632282215)	('lIFG_to_lPTL_T2', 0.017508466928916666)	('lDLPFC_to_lPTL_T1', -0.01729534066253821)	('L_PTL_T2', 0.016987538954191157)	('lDLPFC_to_lPTL_T2', 0.016160085070044523)	('lDLPFC_to_lIFG_T1', 0.013600021530083044)	('T2', 0.012931521296367725)	('L_DLPFC_T1', 0.01252316832467708)	('rDLPFC_to_lIFG_T1', 0.012229235081131572)	('L_PTL', 0.012076990218430228)	('lSMA_to_lPTL_T2', 0.011830145666178222)	('lDLPFC_to_lIFG_T2', -0.011616394014686643)	('lPTL_to_lIFG_T2', 0.011302033144897286)	('rIFG_to_lIFG_T1', 0.011043475235308742)	('lSMA_to_lIFG_T2', 0.00855903439686118)	('lSMA_to_lPTL_T1', 0.008107810419442352)	('rIFG_to_lIFG_T2', -0.007676432558034945)	('L_SMA', 0.0073730431716782984)	('L_DLPFC', 0.006920847685687724)	('L_IFGorb', 0.0065993242837630835)	('L_IFGorb_T2', 0.006488739169826029)	('L_PTL_T1', 0.006080096778047126)	('rDLPFC_to_lIFG_T2', 0.005954686739217751)	('R_DLPFC_T2', 0.005595982900478324)	('rDLPFC_to_lPTL_T1', -0.005287361228493734)	('lSMA_to_lIFG_T1', -0.004385596957242169)	('lIFG_to_lPTL_T1', 0.0038727442605008227)	('L_DLPFC_T2', 0.0037852655854616773)	('T1', -0.0031472159685095205)	('R_IFGorb_T2', -0.0013004284102621241)	('rDLPFC_to_lPTL_T2', 0.0006658675671505075)	('lPTL_to_lIFG_T1', -0.0005897161713762855)	('R_IFGorb_T1', 0.0004294363902624961)	('L_SMA_T2', 0.0002467707691972159)	
