predictors	pearson_correlation	mean_squared_error	r2	
rois + act_t1 + act_t2 + conn_t1 + conn_t2 + age + T1 + T2	-0.04264220750312939	0.0993265602507649	-0.08228449637887758	('lSMA_to_lIFG_T2', -0.01957777250358294)	('lIFG_to_lPTL_T2', 0.016922842077877465)	('lSMA_to_lPTL_T1', 0.01585934978033826)	('L_DLPFC', -0.014335784327375522)	('lSMA_to_lPTL_T2', 0.01410341281254716)	('L_SMA_T1', 0.014069131338886851)	('L_SMA', 0.012942976106295558)	('L_IFGorb', 0.012485794974570131)	('lPTL_to_lIFG_T1', 0.011591723178308817)	('rDLPFC_to_lPTL_T1', 0.009376594342900528)	('rIFG_to_lIFG_T2', 0.009240028907933804)	('rDLPFC_to_lIFG_T1', 0.009036692017209342)	('rDLPFC_to_lIFG_T2', 0.008786193290597712)	('rDLPFC_to_lPTL_T2', 0.008438231881599569)	('rIFG_to_lIFG_T1', 0.008020842279158889)	('lDLPFC_to_lIFG_T1', -0.007803119072242271)	('L_IFGorb_T2', 0.0075231081706888985)	('T1', 0.00667310698297437)	('R_IFGorb_T1', -0.006078907322544123)	('Age', -0.005813969104575496)	('R_DLPFC_T1', 0.005514722582428125)	('L_SMA_T2', -0.005363233843752225)	('lDLPFC_to_lIFG_T2', 0.004346909371850568)	('L_DLPFC_T1', -0.0038572109815221615)	('T2', 0.0032862607786450374)	('lDLPFC_to_lPTL_T2', -0.0031026050367430166)	('L_DLPFC_T2', 0.0028787646022721443)	('L_PTL', -0.0026916687947961837)	('lPTL_to_lIFG_T2', -0.002648394758315255)	('R_IFGorb_T2', 0.0024066622716332306)	('lDLPFC_to_lPTL_T1', -0.001988078732669086)	('lIFG_to_lPTL_T1', -0.0017548593586528194)	('R_DLPFC_T2', 0.0016910219076589632)	('L_IFGorb_T1', -0.0013347899500724457)	('L_PTL_T1', 0.0008839746618619915)	('lSMA_to_lIFG_T1', 0.0003268867412920648)	('L_PTL_T2', -0.00018653307904655612)	
