predictors	pearson_correlation	mean_squared_error	r2	
rois + act_t1 + act_t2 + conn_t1 + conn_t2 + age + T1 + T2	-0.14039026246404104	0.10837283596806939	-0.3718810251350544	('rDLPFC_to_lPTL_T2', -0.022255515628985482)	('R_IFGorb_T2', 0.021373511297355683)	('R_DLPFC_T2', 0.01894402355452374)	('lIFG_to_lPTL_T1', 0.01854296952954241)	('L_PTL', -0.01723004216239213)	('R_DLPFC_T1', 0.017227917718037878)	('lSMA_to_lIFG_T1', 0.015921792442414758)	('L_IFGorb_T1', 0.015188756711380267)	('lIFG_to_lPTL_T2', 0.015071052768780466)	('T1', 0.014756792142295208)	('T2', 0.014721855237766186)	('Age', -0.01348908040961495)	('lSMA_to_lPTL_T1', 0.013248361791205534)	('lDLPFC_to_lPTL_T2', -0.013195938956076741)	('rIFG_to_lIFG_T2', -0.011798769333054982)	('L_DLPFC_T2', -0.011315901170074463)	('lSMA_to_lPTL_T2', 0.010160040439024529)	('L_DLPFC', 0.009667908502872281)	('L_SMA_T1', 0.009629019620091111)	('lDLPFC_to_lPTL_T1', 0.007730886586057408)	('L_PTL_T1', -0.007206590064200443)	('L_SMA', 0.007045522999661124)	('lPTL_to_lIFG_T1', -0.005956604997075932)	('lDLPFC_to_lIFG_T2', 0.005837737803619281)	('lPTL_to_lIFG_T2', 0.0050246839678619966)	('rDLPFC_to_lIFG_T2', 0.004313821095481146)	('rDLPFC_to_lIFG_T1', 0.0035572120558569884)	('lDLPFC_to_lIFG_T1', -0.0033443587302681302)	('rIFG_to_lIFG_T1', -0.0030627507437282547)	('L_IFGorb', -0.0030353398814965222)	('L_SMA_T2', -0.0030257464808428483)	('rDLPFC_to_lPTL_T1', 0.0026688902586264507)	('R_IFGorb_T1', 0.0024590204145374917)	('lSMA_to_lIFG_T2', -0.0008678727573437526)	('L_PTL_T2', 0.0004223368612937702)	('L_IFGorb_T2', -0.00022230664836986596)	('L_DLPFC_T1', -0.0001221320604070402)	
