predictors	pearson_correlation	mean_squared_error	r2	
rois + act_t1 + act_t2 + conn_t1 + conn_t2 + age + T1 + T2	0.09911608489750523	0.07941411762715361	-0.00529547028403865	('rDLPFC_to_lIFG_T2', 0.020889930135490026)	('L_DLPFC_T1', 0.019071567866266886)	('rIFG_to_lIFG_T2', -0.015804268171530193)	('lDLPFC_to_lPTL_T2', 0.015803024705961705)	('R_DLPFC_T1', 0.014465475835055927)	('L_DLPFC', 0.014213007608759003)	('R_IFGorb_T2', 0.013004713238170445)	('lSMA_to_lPTL_T2', 0.011819684039035765)	('L_SMA_T2', 0.011110276431222239)	('L_PTL', 0.011108975994891647)	('lIFG_to_lPTL_T1', 0.010460027221992319)	('L_IFGorb_T2', -0.008953133465001616)	('lSMA_to_lIFG_T1', 0.008895129683404765)	('Age', 0.008527502975986735)	('lDLPFC_to_lIFG_T1', 0.008390681095845351)	('L_PTL_T2', 0.007773149866923045)	('T1', 0.0071701586818874825)	('rDLPFC_to_lPTL_T1', 0.007086481120652696)	('lSMA_to_lIFG_T2', 0.00654401657513522)	('lPTL_to_lIFG_T1', 0.0065133731792268125)	('R_IFGorb_T1', 0.006013474332005424)	('lDLPFC_to_lPTL_T1', -0.005830397326183364)	('lIFG_to_lPTL_T2', 0.00527452846922991)	('lSMA_to_lPTL_T1', 0.004186239882321868)	('T2', 0.004026109501304013)	('L_DLPFC_T2', 0.0037679020405907604)	('L_PTL_T1', -0.0030439487859703677)	('R_DLPFC_T2', 0.0029225733288167303)	('rDLPFC_to_lIFG_T1', -0.0024068085085662584)	('rIFG_to_lIFG_T1', -0.002327850146708461)	('L_SMA_T1', 0.0022063937489269145)	('lPTL_to_lIFG_T2', -0.0020411712789005416)	('L_SMA', 0.0018809304297413214)	('lDLPFC_to_lIFG_T2', 0.0013543627177688808)	('L_IFGorb', -0.0011977454876153902)	('L_IFGorb_T1', 0.0009434869173088267)	('rDLPFC_to_lPTL_T2', 0.000708319774647957)	
