predictors	pearson_correlation	mean_squared_error	r2	
rois + act_t1 + act_t2 + conn_t1 + conn_t2 + age + T1 + T2	-0.29662422113384856	0.11782638364450378	-0.28386272474238994	('R_DLPFC_T1', 0.017201838846630263)	('lIFG_to_lPTL_T1', 0.01614023398808694)	('rIFG_to_lIFG_T2', -0.0137554091244701)	('lSMA_to_lIFG_T1', 0.013559129011296165)	('L_SMA_T2', 0.01335181361116965)	('L_IFGorb', 0.012930977958325937)	('Age', -0.012133559690382286)	('T2', 0.010468612729473296)	('rDLPFC_to_lIFG_T2', 0.010226542109816184)	('R_DLPFC_T2', 0.00916866369796667)	('L_DLPFC', -0.009060560021312617)	('lDLPFC_to_lIFG_T2', 0.008270478324913495)	('lPTL_to_lIFG_T2', -0.007756027983359733)	('lDLPFC_to_lPTL_T1', -0.007156941210729712)	('L_PTL', 0.006433652455413007)	('lSMA_to_lIFG_T2', 0.006326580796665723)	('L_SMA', 0.0058143507395332725)	('R_IFGorb_T2', -0.004323007675948653)	('lPTL_to_lIFG_T1', -0.004288725907863884)	('lDLPFC_to_lIFG_T1', 0.0041004504566353635)	('T1', 0.003935621847859895)	('L_SMA_T1', -0.0038747142874675667)	('lIFG_to_lPTL_T2', -0.0037456480053282845)	('L_PTL_T2', -0.0035841314707090615)	('rIFG_to_lIFG_T1', 0.003416141421780097)	('L_DLPFC_T2', 0.0028916559142236346)	('L_IFGorb_T1', -0.0025777660347315874)	('R_IFGorb_T1', 0.0023547518261772685)	('rDLPFC_to_lPTL_T2', 0.0020264532871781572)	('L_IFGorb_T2', -0.0018130519390097174)	('rDLPFC_to_lIFG_T1', -0.0017342165712598391)	('L_PTL_T1', 0.0016588014006448896)	('L_DLPFC_T1', -0.0012691453711983225)	('lSMA_to_lPTL_T2', -0.0011529070853444996)	('lSMA_to_lPTL_T1', -0.0006885048162274698)	('rDLPFC_to_lPTL_T1', -0.0006425697242324824)	('lDLPFC_to_lPTL_T2', 0.0006160089953828827)	
