predictors	pearson_correlation	mean_squared_error	r2	
rois + act_t1 + act_t2 + conn_t1 + conn_t2 + age + T1 + T2	0.22781679938994834	0.0989828451217043	-0.07853929917871283	('L_PTL_T1', 0.020533622930791202)	('lDLPFC_to_lIFG_T1', 0.020249819266129458)	('lDLPFC_to_lIFG_T2', -0.01971449907075001)	('L_SMA', -0.016150339352891445)	('lSMA_to_lPTL_T1', -0.015989881729979474)	('R_DLPFC_T1', 0.014492911092320822)	('lSMA_to_lIFG_T2', 0.01297056559912497)	('lDLPFC_to_lPTL_T2', 0.011169678320358364)	('L_IFGorb', 0.011082311201237927)	('rDLPFC_to_lPTL_T1', 0.010518824573988544)	('lIFG_to_lPTL_T2', 0.010132824974041384)	('lIFG_to_lPTL_T1', 0.009514725064013359)	('rDLPFC_to_lIFG_T1', 0.008154961878533186)	('L_SMA_T1', 0.007916781063752274)	('L_SMA_T2', 0.006005988188000892)	('rDLPFC_to_lIFG_T2', -0.005844665040143968)	('L_IFGorb_T2', -0.004548931881654858)	('R_DLPFC_T2', 0.00452329921233742)	('L_PTL', 0.0043973161196601065)	('lSMA_to_lPTL_T2', -0.003913843744778849)	('L_DLPFC', -0.0037613882399150428)	('L_PTL_T2', 0.0033719681963316687)	('L_DLPFC_T1', -0.003072015558003486)	('lPTL_to_lIFG_T1', 0.0026904688319044088)	('T1', -0.0025711719548465704)	('T2', 0.002413221377070759)	('R_IFGorb_T1', 0.002348714115392849)	('lDLPFC_to_lPTL_T1', -0.0017880086603874606)	('lPTL_to_lIFG_T2', 0.0015079472633715712)	('rIFG_to_lIFG_T1', 0.0015027862759286281)	('rDLPFC_to_lPTL_T2', 0.0013594801415410232)	('Age', 0.0011679172247399498)	('lSMA_to_lIFG_T1', 0.0007810289810451862)	('R_IFGorb_T2', 0.0007679697359841709)	('L_IFGorb_T1', 0.00038243277662711303)	('L_DLPFC_T2', 0.00025873235880673315)	('rIFG_to_lIFG_T2', 0.00019101514507046682)	
