predictors	pearson_correlation	mean_squared_error	r2	
rois + act_t1 + act_t2 + conn_t1 + conn_t2 + age + T1 + T2	-0.23210656471557684	0.10585188921550612	-0.33996860922082695	('lDLPFC_to_lPTL_T1', 0.020889041323380358)	('R_IFGorb_T1', 0.019681959171701773)	('T2', 0.018637142668563374)	('lSMA_to_lIFG_T1', 0.013548710075729045)	('L_PTL_T2', 0.012852203173729333)	('lIFG_to_lPTL_T2', 0.01208535959449295)	('rDLPFC_to_lPTL_T1', 0.01098350887202874)	('lIFG_to_lPTL_T1', 0.010702133270901136)	('T1', 0.009968998896778198)	('L_SMA', 0.009592720291353758)	('lSMA_to_lPTL_T2', 0.009504732686106951)	('lPTL_to_lIFG_T1', -0.009097085141261488)	('L_DLPFC_T2', 0.008935702486043353)	('rDLPFC_to_lIFG_T2', 0.008686798987924592)	('L_SMA_T2', 0.007828073880776762)	('L_IFGorb', 0.007811609946468979)	('lDLPFC_to_lPTL_T2', -0.007558976335559908)	('L_DLPFC', 0.006128789094149349)	('rDLPFC_to_lIFG_T1', -0.0060987165587364865)	('rDLPFC_to_lPTL_T2', 0.006010678139699476)	('rIFG_to_lIFG_T2', -0.005987096195493246)	('L_IFGorb_T1', 0.005305838106884591)	('lSMA_to_lPTL_T1', -0.00507855684244939)	('lPTL_to_lIFG_T2', 0.004225246099617275)	('lSMA_to_lIFG_T2', -0.003553987521329367)	('Age', 0.0033770135722632913)	('rIFG_to_lIFG_T1', 0.002781719400293073)	('lDLPFC_to_lIFG_T1', 0.002690455942294265)	('L_PTL', -0.002345987285392456)	('lDLPFC_to_lIFG_T2', -0.002252749926762573)	('R_IFGorb_T2', 0.002193703482513076)	('L_PTL_T1', -0.0021030243436742017)	('R_DLPFC_T1', -0.001307945045431282)	('L_SMA_T1', 0.0012929774661265343)	('L_DLPFC_T1', 0.0011379896437648306)	('L_IFGorb_T2', 0.001047471960697016)	('R_DLPFC_T2', -0.0008140042669742689)	
