predictors	pearson_correlation	mean_squared_error	r2	
rois + act_t1 + act_t2 + conn_t1 + conn_t2 + age + T1 + T2	0.03691100730578269	0.09323047213681805	-0.015860151897126196	('rDLPFC_to_lIFG_T1', 0.012988165302804704)	('T2', 0.011270093790110153)	('R_IFGorb_T2', 0.01017724227111545)	('lIFG_to_lPTL_T2', -0.009528666477538144)	('lDLPFC_to_lIFG_T2', 0.008509474326800291)	('L_DLPFC', 0.007126756269163281)	('L_SMA_T2', 0.0067459766762012026)	('L_SMA_T1', -0.00600434390887829)	('T1', 0.005998442848210485)	('lDLPFC_to_lPTL_T2', 0.005672607305872314)	('R_IFGorb_T1', -0.005630619936744585)	('L_IFGorb_T1', 0.005348565890128557)	('rDLPFC_to_lIFG_T2', 0.0052482413473799285)	('lIFG_to_lPTL_T1', 0.005185353683723304)	('L_DLPFC_T1', 0.004963493597647883)	('L_PTL_T2', -0.004795246548956509)	('lSMA_to_lPTL_T2', 0.004702044270326021)	('lSMA_to_lIFG_T1', -0.004496892460795782)	('rDLPFC_to_lPTL_T1', 0.0037288494275744444)	('R_DLPFC_T1', 0.0035555088310113923)	('lPTL_to_lIFG_T2', 0.0034913428132181705)	('R_DLPFC_T2', -0.0032797443596831602)	('L_IFGorb_T2', 0.0025129312464311207)	('L_SMA', 0.0024814108872233667)	('L_PTL_T1', 0.002350596329860252)	('lDLPFC_to_lIFG_T1', -0.002066075779678482)	('L_IFGorb', -0.0019401737663001892)	('lSMA_to_lPTL_T1', -0.001878687751013028)	('Age', 0.0018202245657401757)	('rDLPFC_to_lPTL_T2', 0.0016183738946777115)	('L_DLPFC_T2', -0.0015851296953857945)	('lSMA_to_lIFG_T2', 0.0012511568893068487)	('lPTL_to_lIFG_T1', -0.0010535564044584814)	('L_PTL', -0.0008551567884924782)	('rIFG_to_lIFG_T2', -0.0006954769925452418)	('lDLPFC_to_lPTL_T1', 0.0006275802304384661)	('rIFG_to_lIFG_T1', 4.889220505157412e-05)	
