predictors	pearson_correlation	mean_squared_error	r2	
rois + act_t1 + act_t2 + conn_t1 + conn_t2 + age + T1 + T2	-0.18577547504725656	0.09213567836966265	-0.16633645105059625	('T2', 0.026350351136053538)	('rDLPFC_to_lIFG_T2', 0.0255432156522535)	('L_DLPFC_T1', -0.021611298688210618)	('L_IFGorb_T2', -0.021238733857219128)	('rIFG_to_lIFG_T2', -0.019353597735350205)	('T1', 0.01692310952954552)	('R_IFGorb_T1', 0.01540785455689887)	('L_SMA_T1', 0.015217794016511677)	('rDLPFC_to_lIFG_T1', 0.013261276959478884)	('lSMA_to_lIFG_T1', 0.012753578109749773)	('rIFG_to_lIFG_T1', 0.012145089999422749)	('L_PTL', 0.01070408470946081)	('R_IFGorb_T2', 0.01009922758232718)	('L_PTL_T1', 0.010089067345018823)	('Age', 0.009699224438721486)	('rDLPFC_to_lPTL_T2', 0.00896332144424587)	('rDLPFC_to_lPTL_T1', 0.008079291700551602)	('L_PTL_T2', 0.007790466890759041)	('lDLPFC_to_lPTL_T2', 0.006864583535694088)	('lDLPFC_to_lIFG_T1', 0.006358317900548324)	('L_SMA_T2', 0.005071997603032383)	('R_DLPFC_T2', -0.004668418069842772)	('L_IFGorb', 0.004306891852183826)	('lSMA_to_lPTL_T2', 0.004269344791386154)	('lDLPFC_to_lPTL_T1', 0.0032417590499026964)	('lIFG_to_lPTL_T1', -0.0028263160965170337)	('lPTL_to_lIFG_T2', -0.0025820742408124114)	('L_DLPFC_T2', -0.0023985959628428253)	('lIFG_to_lPTL_T2', -0.002379122184454456)	('lPTL_to_lIFG_T1', 0.00227789966072678)	('R_DLPFC_T1', -0.002205617799172042)	('L_SMA', -0.0021287573123190276)	('lSMA_to_lPTL_T1', 0.0017136575580884378)	('L_DLPFC', -0.0014122965605015603)	('L_IFGorb_T1', 0.001188689016011109)	('lSMA_to_lIFG_T2', 0.0005117061767274145)	('lDLPFC_to_lIFG_T2', 0.00012676391061249354)	
