predictors	pearson_correlation	mean_squared_error	r2	
rois + act_t1 + act_t2 + conn_t1 + conn_t2 + age + T1 + T2	-0.05152556894905935	0.10244182855650477	-0.11622915912417575	('L_SMA', 0.020596861154199637)	('rIFG_to_lIFG_T1', -0.019126344851160985)	('L_DLPFC_T2', 0.016957546246315916)	('rDLPFC_to_lIFG_T1', -0.013669837192732301)	('R_IFGorb_T1', 0.013049902913188083)	('L_PTL_T1', 0.012984214816008411)	('L_DLPFC_T1', -0.011973490623200618)	('R_DLPFC_T2', 0.011746066532725434)	('L_PTL_T2', 0.011705126710095347)	('R_DLPFC_T1', -0.009460604188606015)	('L_SMA_T1', 0.0093370570649246)	('rDLPFC_to_lIFG_T2', 0.00923010431165039)	('lDLPFC_to_lPTL_T1', 0.00835307402561139)	('lPTL_to_lIFG_T2', -0.007238306186766733)	('L_IFGorb_T2', -0.0059060915013492005)	('T2', 0.005338096385467557)	('lIFG_to_lPTL_T2', 0.004866031927731248)	('L_PTL', 0.004668840588875178)	('rDLPFC_to_lPTL_T2', 0.004248216874909599)	('lSMA_to_lIFG_T1', 0.004175230335529551)	('lDLPFC_to_lPTL_T2', 0.004018473088066583)	('lDLPFC_to_lIFG_T2', 0.0038166155998316915)	('lSMA_to_lPTL_T1', 0.0037201832588500054)	('L_DLPFC', 0.00299328499803385)	('lPTL_to_lIFG_T1', 0.0024265915563448665)	('rIFG_to_lIFG_T2', 0.0018744627976940498)	('L_IFGorb', -0.0017066720325236687)	('lSMA_to_lPTL_T2', 0.001700022717402056)	('lIFG_to_lPTL_T1', 0.0015138308033920864)	('lSMA_to_lIFG_T2', -0.0015009491360933095)	('rDLPFC_to_lPTL_T1', -0.0013919021673934762)	('lDLPFC_to_lIFG_T1', 0.0013009436272474477)	('L_SMA_T2', 0.0007803276030651277)	('R_IFGorb_T2', -0.0007296402177068975)	('L_IFGorb_T1', -0.0005099128752301958)	('T1', -0.00036080772182169263)	('Age', 0.000161978521185729)	
