predictors	pearson_correlation	mean_squared_error	r2	
rois + act_t1 + act_t2 + conn_t1 + conn_t2 + age + T1 + T2	-0.28210849100694146	0.11693908402367803	-0.48032031307204326	('lDLPFC_to_lIFG_T1', 0.015224634410164339)	('L_SMA', -0.01366980586057109)	('L_PTL', 0.011811342610900664)	('rDLPFC_to_lIFG_T1', 0.011557779065479199)	('lIFG_to_lPTL_T2', -0.011496200285441686)	('L_PTL_T1', -0.010886498959728132)	('L_DLPFC_T2', 0.010484983040100157)	('rDLPFC_to_lPTL_T1', 0.009962493741216811)	('rIFG_to_lIFG_T2', 0.008739530647104614)	('Age', 0.008662120223909229)	('L_SMA_T2', -0.008338449929398015)	('lDLPFC_to_lPTL_T2', 0.008005996736735618)	('lDLPFC_to_lIFG_T2', 0.006942940006743791)	('lSMA_to_lPTL_T1', 0.005952134762018612)	('R_IFGorb_T1', 0.005860115833465968)	('L_IFGorb', 0.00583671518229396)	('lPTL_to_lIFG_T1', -0.005787983774739684)	('rDLPFC_to_lIFG_T2', 0.005745053107050703)	('lDLPFC_to_lPTL_T1', 0.005737498805988119)	('L_IFGorb_T1', -0.005427988548521457)	('L_PTL_T2', 0.005306413169309954)	('lSMA_to_lIFG_T1', -0.00472759418547198)	('R_DLPFC_T1', 0.004544934062428599)	('lSMA_to_lIFG_T2', 0.004123997241567621)	('T2', 0.002964947689244667)	('L_DLPFC_T1', 0.002733123894914053)	('L_IFGorb_T2', 0.0023775368632632113)	('L_SMA_T1', 0.0020824790428451956)	('rIFG_to_lIFG_T1', -0.0015129529014887135)	('T1', -0.001287392495182989)	('L_DLPFC', -0.0011829581638843642)	('R_IFGorb_T2', 0.0011428388084047812)	('lSMA_to_lPTL_T2', -0.0010381445783162902)	('rDLPFC_to_lPTL_T2', 0.0008758055676640659)	('R_DLPFC_T2', -0.0006109337995348397)	('lPTL_to_lIFG_T2', -0.0005562459126129926)	('lIFG_to_lPTL_T1', -0.0004502290825254592)	
