predictors	pearson_correlation	mean_squared_error	r2	
rois + act_t1 + act_t2 + conn_t1 + conn_t2 + age + T1 + T2	0.10913418222463664	0.07960716190326801	-0.007739198705894346	('L_DLPFC', 0.014222617641002912)	('T1', 0.014118775917394216)	('Age', 0.010585745857211261)	('R_IFGorb_T2', 0.009789264124865416)	('lPTL_to_lIFG_T2', 0.009424325818448607)	('L_IFGorb', 0.009406398181254931)	('L_PTL_T2', 0.009227715566045736)	('L_PTL', 0.008784694997931242)	('lSMA_to_lPTL_T1', 0.008030238407158335)	('L_SMA_T1', 0.007993764175142621)	('L_DLPFC_T1', 0.0077811149038267925)	('L_IFGorb_T2', -0.007450398082919543)	('rDLPFC_to_lIFG_T1', 0.0068853711989759585)	('L_DLPFC_T2', 0.006099340912509668)	('L_IFGorb_T1', -0.005607357496430051)	('lDLPFC_to_lPTL_T2', 0.005431055199480507)	('rDLPFC_to_lPTL_T1', 0.0052047072375074836)	('L_SMA_T2', 0.005163673131190068)	('R_DLPFC_T1', 0.004737195795701079)	('rIFG_to_lIFG_T2', 0.0046057051605001825)	('lDLPFC_to_lIFG_T2', 0.004498074945257281)	('lIFG_to_lPTL_T2', 0.004404434382814283)	('L_PTL_T1', 0.004229813549012312)	('R_DLPFC_T2', 0.0037924914709056554)	('lSMA_to_lPTL_T2', 0.0035888701639118464)	('R_IFGorb_T1', -0.0030557924476389)	('lIFG_to_lPTL_T1', -0.002904705899204735)	('rIFG_to_lIFG_T1', 0.0027189425814561786)	('rDLPFC_to_lIFG_T2', -0.0019973862131311398)	('lSMA_to_lIFG_T2', 0.0016648323833852363)	('rDLPFC_to_lPTL_T2', 0.0014255977362336938)	('lDLPFC_to_lIFG_T1', 0.0012817132064342758)	('lDLPFC_to_lPTL_T1', 0.0009838234708928685)	('lPTL_to_lIFG_T1', 0.00097581026966864)	('T2', 0.00017939430825675826)	('L_SMA', 9.662116913084752e-05)	('lSMA_to_lIFG_T1', 9.653060249035824e-06)	
