predictors	pearson_correlation	mean_squared_error	r2	
rois + act_t1 + act_t2 + conn_t1 + conn_t2 + age + T1 + T2	0.16154375465836543	0.09405757659968439	-0.02487246778510266	('T1', 0.029190205757330633)	('lDLPFC_to_lPTL_T1', 0.018379234416451336)	('lPTL_to_lIFG_T1', 0.017405062666006874)	('R_IFGorb_T1', 0.016201354290986895)	('rDLPFC_to_lPTL_T2', 0.015681155210449743)	('L_IFGorb_T1', 0.015273619801738096)	('lIFG_to_lPTL_T2', 0.013815129632267595)	('rDLPFC_to_lIFG_T1', 0.013547318113799606)	('rDLPFC_to_lPTL_T1', -0.013524134833902947)	('lSMA_to_lIFG_T2', -0.013263687888992855)	('L_SMA_T2', 0.011766434784694397)	('L_DLPFC_T2', 0.008154811066886059)	('lDLPFC_to_lPTL_T2', 0.008085567751159484)	('L_IFGorb', 0.007960033099994178)	('lDLPFC_to_lIFG_T2', -0.006596869458657532)	('T2', -0.006391431673498419)	('lSMA_to_lPTL_T2', -0.005942182152310316)	('L_IFGorb_T2', 0.005625665558728219)	('L_PTL_T2', -0.005325045277788437)	('L_DLPFC_T1', 0.00532111125953162)	('R_DLPFC_T1', 0.004629163852021636)	('L_PTL_T1', -0.004536698591309736)	('lIFG_to_lPTL_T1', 0.004416877472127607)	('L_DLPFC', -0.004338471296009899)	('rIFG_to_lIFG_T1', -0.003870766748602241)	('lSMA_to_lPTL_T1', -0.0037582719589640923)	('R_IFGorb_T2', -0.003726681167891366)	('L_SMA', 0.003607586964007107)	('Age', 0.0034307230837888974)	('lDLPFC_to_lIFG_T1', 0.0034183011902645367)	('lPTL_to_lIFG_T2', -0.0031502916034955295)	('R_DLPFC_T2', -0.00285579640118527)	('rDLPFC_to_lIFG_T2', 0.002482142528700632)	('L_PTL', -0.002461065434909819)	('lSMA_to_lIFG_T1', 0.001156489101274678)	('rIFG_to_lIFG_T2', -0.0010713107761643119)	('L_SMA_T1', 0.00016836165730928137)	
