predictors	pearson_correlation	mean_squared_error	r2	
rois + act_t1 + act_t2 + conn_t1 + conn_t2 + age + T1 + T2	0.15675465883761783	0.08979853364879023	0.021535020237507974	('lSMA_to_lPTL_T2', 0.014565392760522784)	('lIFG_to_lPTL_T2', 0.01074874201585446)	('rDLPFC_to_lPTL_T1', 0.010409829393965129)	('T2', 0.009789135197925911)	('lDLPFC_to_lIFG_T2', 0.009090579657089945)	('R_DLPFC_T2', -0.007847741267977378)	('lDLPFC_to_lIFG_T1', 0.007804495048714226)	('lSMA_to_lIFG_T1', 0.006636511550416516)	('lIFG_to_lPTL_T1', 0.006408460330714944)	('rIFG_to_lIFG_T1', 0.006319701197836399)	('rDLPFC_to_lPTL_T2', 0.00627358856275524)	('lSMA_to_lIFG_T2', -0.004788646986760213)	('L_IFGorb_T1', 0.004558986375564132)	('lPTL_to_lIFG_T2', 0.0043934534458815976)	('L_IFGorb', 0.00387688187588078)	('L_PTL_T1', -0.0036307381174811655)	('L_SMA_T2', 0.003415332895232006)	('lDLPFC_to_lPTL_T2', -0.0030801600088205755)	('rDLPFC_to_lIFG_T2', 0.002513357041828413)	('L_SMA', 0.002363794391949476)	('R_IFGorb_T1', 0.0022088415156695383)	('Age', 0.002060140938351854)	('L_DLPFC', -0.0017801246574001518)	('lDLPFC_to_lPTL_T1', 0.0015467279416035923)	('T1', 0.001523214256676333)	('R_IFGorb_T2', -0.0011687960681568692)	('lSMA_to_lPTL_T1', 0.0010965655266361605)	('L_IFGorb_T2', -0.0010612006595947375)	('rIFG_to_lIFG_T2', 0.0008361491705979763)	('L_SMA_T1', 0.0008312964493785475)	('L_PTL', 0.0008104933954517372)	('R_DLPFC_T1', -0.0007221849170835378)	('L_DLPFC_T2', 0.0006268069045567122)	('L_DLPFC_T1', -0.0005759252422907518)	('rDLPFC_to_lIFG_T1', 0.00036412026041762204)	('lPTL_to_lIFG_T1', -0.00029347622077340935)	('L_PTL_T2', -0.00014461902225096552)	
