predictors	pearson_correlation	mean_squared_error	r2	
rois + act_t1 + act_t2 + conn_t1 + conn_t2 + age + T1 + T2	-0.20686417575081958	0.08855479195502533	-0.12100636365810358	('lDLPFC_to_lIFG_T1', 0.022462072369749387)	('rDLPFC_to_lIFG_T2', 0.018539471090215164)	('R_DLPFC_T2', 0.01772932915342651)	('T2', 0.013799653218512167)	('lSMA_to_lPTL_T2', 0.01369398566815299)	('rIFG_to_lIFG_T1', 0.013407822249487536)	('L_PTL', 0.012323494281430347)	('lSMA_to_lIFG_T2', 0.010611076131968399)	('rDLPFC_to_lIFG_T1', 0.009644373620718578)	('lSMA_to_lIFG_T1', 0.009310671310321648)	('L_PTL_T1', 0.00884854406638814)	('R_IFGorb_T2', 0.008098287095630815)	('L_SMA_T2', 0.005804011282842176)	('R_IFGorb_T1', -0.005733548257021753)	('lDLPFC_to_lPTL_T1', -0.005648457809853153)	('L_IFGorb_T2', -0.005530183380770043)	('rDLPFC_to_lPTL_T2', 0.005453099911632488)	('L_DLPFC_T1', 0.0051627220724936584)	('rDLPFC_to_lPTL_T1', -0.004703626642542825)	('L_SMA_T1', 0.004698762241981122)	('lDLPFC_to_lIFG_T2', 0.0046477976997047685)	('L_DLPFC', -0.004139603150264763)	('lPTL_to_lIFG_T2', -0.004099396279125167)	('lPTL_to_lIFG_T1', 0.0036159219237864217)	('R_DLPFC_T1', 0.00344822862260006)	('lDLPFC_to_lPTL_T2', 0.0032231609303035786)	('lSMA_to_lPTL_T1', 0.0030009009487411034)	('T1', -0.0028689743545412837)	('lIFG_to_lPTL_T2', -0.002740346043655889)	('L_PTL_T2', 0.0026643816286808114)	('L_IFGorb', 0.0021870967044152877)	('L_IFGorb_T1', 0.001963696818905435)	('Age', 0.0018985953074883704)	('L_DLPFC_T2', 0.0018757499870204403)	('rIFG_to_lIFG_T2', -0.0009757099492397361)	('L_SMA', 0.0007710438505198649)	('lIFG_to_lPTL_T1', -0.0004543485704684849)	
