predictors	pearson_correlation	mean_squared_error	r2	
rois + act_t1 + act_t2 + conn_t1 + conn_t2 + age + T1 + T2	0.030635143571221483	0.08315827862718393	-0.052692434524281406	('R_IFGorb_T2', 0.015549853962677393)	('L_DLPFC_T1', 0.01481775036294762)	('L_PTL_T2', 0.013411499725349033)	('rIFG_to_lIFG_T1', 0.013011457872811126)	('rDLPFC_to_lPTL_T1', 0.012416752340117087)	('L_IFGorb_T1', 0.011225955902379969)	('lDLPFC_to_lIFG_T2', 0.01104745289389024)	('lPTL_to_lIFG_T1', 0.008562313574130889)	('lDLPFC_to_lPTL_T2', 0.008305850645211454)	('lIFG_to_lPTL_T2', 0.007503220378517536)	('L_SMA_T2', 0.007423398461559556)	('lDLPFC_to_lPTL_T1', 0.006770291777992149)	('L_IFGorb', 0.006580952809368362)	('lSMA_to_lPTL_T2', 0.006440045893000686)	('rIFG_to_lIFG_T2', 0.006425024450393591)	('lPTL_to_lIFG_T2', 0.0060124452313698494)	('L_PTL_T1', -0.005852095106614371)	('L_SMA', -0.005764025969596466)	('R_DLPFC_T2', 0.004426999803310865)	('T1', 0.004240752538147295)	('rDLPFC_to_lIFG_T2', 0.004114613657828831)	('T2', -0.004064943605567857)	('L_SMA_T1', 0.004024637716267995)	('rDLPFC_to_lPTL_T2', -0.0038377505435066178)	('rDLPFC_to_lIFG_T1', 0.003436756242101399)	('lSMA_to_lIFG_T1', 0.0028438080998349387)	('L_DLPFC_T2', 0.002715233594768225)	('lDLPFC_to_lIFG_T1', -0.0024229554114461324)	('L_IFGorb_T2', -0.0021979553574647207)	('lSMA_to_lIFG_T2', 0.0015812867745964001)	('R_DLPFC_T1', 0.001338552129237749)	('L_DLPFC', 0.0012483402201498212)	('lSMA_to_lPTL_T1', 0.001133951939499011)	('lIFG_to_lPTL_T1', -0.0009534263390857085)	('Age', -0.0007287180432239906)	('R_IFGorb_T1', 0.00015089795363532326)	('L_PTL', 7.65159372748887e-05)	
