predictors	pearson_correlation	mean_squared_error	r2	
rois + act_t1 + act_t2 + conn_t1 + conn_t2 + age + T1 + T2	-0.05224796831669633	0.08196783463085107	-0.03762272157023272	('lDLPFC_to_lIFG_T2', 0.018577144889593028)	('lDLPFC_to_lPTL_T2', -0.01603714836952474)	('L_PTL_T2', 0.013659407105848124)	('rDLPFC_to_lIFG_T1', 0.013088677643147589)	('lIFG_to_lPTL_T1', -0.01229328536663504)	('L_DLPFC_T2', 0.01030201553896647)	('L_PTL_T1', 0.01018425526774925)	('L_IFGorb_T1', 0.009884443281999895)	('L_IFGorb_T2', 0.009011820480517942)	('lDLPFC_to_lPTL_T1', 0.008929460260115814)	('R_IFGorb_T2', 0.008634459535982861)	('L_SMA_T2', 0.008552809392383787)	('lSMA_to_lIFG_T1', 0.008241265208041387)	('L_DLPFC', 0.007467291108153311)	('lSMA_to_lIFG_T2', -0.007448671934305436)	('R_DLPFC_T2', -0.00744023245485497)	('lDLPFC_to_lIFG_T1', 0.0067832789155956)	('rIFG_to_lIFG_T1', 0.006537950781813711)	('rIFG_to_lIFG_T2', 0.0063731627999552365)	('T1', 0.0057332595432335815)	('Age', 0.00508965131021121)	('R_IFGorb_T1', -0.004446684943502525)	('L_PTL', 0.0042829597621365165)	('rDLPFC_to_lPTL_T1', 0.0037691851599332294)	('lPTL_to_lIFG_T2', 0.003681653937501221)	('L_SMA_T1', 0.003441008431292519)	('lPTL_to_lIFG_T1', 0.003419809118344394)	('R_DLPFC_T1', -0.0030745725337966105)	('lSMA_to_lPTL_T2', -0.002844643148858413)	('T2', 0.002686728675008401)	('lIFG_to_lPTL_T2', 0.002367253022874724)	('rDLPFC_to_lPTL_T2', -0.001907079115647255)	('lSMA_to_lPTL_T1', 0.0010986905916950498)	('L_DLPFC_T1', -0.0008454348139617962)	('L_SMA', -0.00048043827741885977)	('L_IFGorb', -0.0003739900625481485)	('rDLPFC_to_lIFG_T2', 0.00020139736580498116)	
