predictors	pearson_correlation	mean_squared_error	r2	
rois + act_t1 + act_t2 + conn_t1 + conn_t2 + age + T1 + T2	0.177971202293365	0.08926926703897306	0.0273020280228371	('lSMA_to_lIFG_T1', 0.02504495744008218)	('L_IFGorb', 0.018028313138035164)	('L_PTL_T1', 0.015799307717130368)	('T2', 0.015131229368823832)	('R_IFGorb_T2', 0.013114807949652248)	('L_SMA_T2', 0.012429086614488225)	('L_DLPFC', 0.012036402416081511)	('rIFG_to_lIFG_T1', 0.011920468797027366)	('rIFG_to_lIFG_T2', -0.011467475546230347)	('lDLPFC_to_lIFG_T2', 0.010357296211622968)	('rDLPFC_to_lPTL_T1', -0.009795531511655053)	('lIFG_to_lPTL_T2', 0.009347100718599998)	('lDLPFC_to_lIFG_T1', -0.008834195476994393)	('L_IFGorb_T2', 0.008658624910808262)	('lSMA_to_lPTL_T2', 0.007566994464038342)	('L_IFGorb_T1', -0.007507669284495541)	('lPTL_to_lIFG_T1', 0.0073532424176401)	('lDLPFC_to_lPTL_T2', 0.005917433438090828)	('R_IFGorb_T1', -0.005658359652061655)	('T1', -0.005369820105500594)	('L_DLPFC_T1', 0.005040759154688036)	('lPTL_to_lIFG_T2', 0.0050274773320566945)	('rDLPFC_to_lIFG_T1', -0.004474526969613424)	('L_PTL_T2', 0.004355132860948596)	('lIFG_to_lPTL_T1', 0.004296399942286736)	('rDLPFC_to_lPTL_T2', -0.004195568090285245)	('R_DLPFC_T1', -0.0040989131942920955)	('L_DLPFC_T2', 0.003905698432768637)	('L_SMA_T1', -0.002746358232877213)	('lSMA_to_lPTL_T1', 0.001165450283305887)	('R_DLPFC_T2', 0.0009669902205313407)	('L_PTL', 0.0009529798878814027)	('rDLPFC_to_lIFG_T2', -0.0008852988604374163)	('Age', -0.0007730297162963171)	('lDLPFC_to_lPTL_T1', -0.0007147169383924651)	('lSMA_to_lIFG_T2', 0.0001432038713502561)	('L_SMA', 0.00011043896406869138)	
