predictors	pearson_correlation	mean_squared_error	r2	
rois + act_t1 + act_t2 + conn_t1 + conn_t2 + age + T1 + T2	0.30196456827952095	0.08384802506963318	0.08637309742987287	('rDLPFC_to_lPTL_T1', -0.020849741953931893)	('lIFG_to_lPTL_T1', 0.01937150556607169)	('lIFG_to_lPTL_T2', 0.01739371150740431)	('Age', 0.015700422803530855)	('L_IFGorb_T2', 0.01558775702692849)	('lDLPFC_to_lPTL_T2', -0.015537502409466993)	('lSMA_to_lPTL_T2', 0.014372069615240783)	('L_DLPFC_T2', -0.011996277782257139)	('L_PTL_T1', 0.011928533094282106)	('lSMA_to_lIFG_T2', 0.011614372438054407)	('lDLPFC_to_lIFG_T2', 0.01043371138634749)	('lPTL_to_lIFG_T2', 0.010143070114722742)	('lPTL_to_lIFG_T1', -0.010122520845190651)	('L_IFGorb', 0.010005622520906155)	('L_PTL', 0.007796699102017441)	('L_IFGorb_T1', 0.007729365146086641)	('L_PTL_T2', 0.007146768899145827)	('rIFG_to_lIFG_T2', 0.006246545069837855)	('lDLPFC_to_lPTL_T1', 0.005751420864665458)	('lDLPFC_to_lIFG_T1', -0.0056848579558890396)	('L_SMA_T1', 0.005683329848479324)	('L_SMA', 0.005173446603612416)	('T2', -0.004968274953768224)	('R_IFGorb_T2', -0.004379963341620228)	('rDLPFC_to_lPTL_T2', 0.004351105976468951)	('T1', 0.004238152186720072)	('L_SMA_T2', -0.0036850489546665873)	('rDLPFC_to_lIFG_T1', 0.003387511809094905)	('lSMA_to_lPTL_T1', 0.0029777498706178114)	('L_DLPFC', -0.002799547147098872)	('R_DLPFC_T1', 0.002431902367094183)	('L_DLPFC_T1', 0.0017137008498686486)	('R_IFGorb_T1', 0.0016636642633309085)	('lSMA_to_lIFG_T1', 0.0007886048963115885)	('rIFG_to_lIFG_T1', -0.0006563638372118841)	('rDLPFC_to_lIFG_T2', 0.00012041973120386)	('R_DLPFC_T2', 1.5628043505478608e-05)	
