predictors	pearson_correlation	mean_squared_error	r2	
rois + act_t1 + act_t2 + conn_t1 + conn_t2 + age + T1 + T2	0.295126755426397	0.0726664117920424	0.08012307132457652	('lDLPFC_to_lPTL_T2', 0.0324772351423492)	('rDLPFC_to_lIFG_T1', 0.025630346032616883)	('lSMA_to_lIFG_T1', 0.019038973534214045)	('L_DLPFC', 0.015761596083410205)	('rDLPFC_to_lPTL_T1', 0.01565152028849127)	('rIFG_to_lIFG_T2', 0.015119581917065899)	('Age', -0.014798598628922462)	('L_PTL_T2', -0.01392022019783192)	('T2', 0.012853029958830066)	('L_IFGorb_T2', 0.012371459613169024)	('rDLPFC_to_lIFG_T2', 0.011750938933892568)	('lIFG_to_lPTL_T1', 0.011610640508361752)	('lSMA_to_lPTL_T2', -0.011487094076382563)	('lDLPFC_to_lIFG_T1', 0.011282632399009732)	('lSMA_to_lIFG_T2', -0.010984794403403574)	('L_SMA_T1', 0.00914944876697488)	('L_PTL_T1', 0.007846927244181711)	('lPTL_to_lIFG_T1', 0.007482159810905925)	('lPTL_to_lIFG_T2', -0.0072484339511599705)	('lSMA_to_lPTL_T1', 0.00697880052539998)	('L_DLPFC_T1', 0.006974326582812331)	('L_DLPFC_T2', -0.006953941505177932)	('lDLPFC_to_lIFG_T2', 0.006525684809431744)	('L_SMA_T2', 0.005781321013633368)	('R_IFGorb_T1', 0.004280108268722359)	('rDLPFC_to_lPTL_T2', 0.004155801940040068)	('L_SMA', -0.0025762690786118505)	('R_DLPFC_T1', 0.001936238839931946)	('L_IFGorb', 0.0019060660717874361)	('L_IFGorb_T1', -0.0019029666193053532)	('R_DLPFC_T2', 0.0017121894690260285)	('lIFG_to_lPTL_T2', 0.001497147849909917)	('R_IFGorb_T2', 0.0013472581775873169)	('lDLPFC_to_lPTL_T1', -0.0011719479306564393)	('rIFG_to_lIFG_T1', 0.0011272517463877532)	('T1', -0.0010723074006111879)	('L_PTL', 0.0009623508957073133)	
