predictors	pearson_correlation	mean_squared_error	r2	
rois + act_t1 + act_t2 + conn_t1 + conn_t2 + age + T1 + T2	0.1757444919957758	0.07668480007679708	0.02925469097597888	('rDLPFC_to_lIFG_T1', 0.016841689321991534)	('R_DLPFC_T2', 0.014630873733097408)	('L_DLPFC_T1', 0.013502072800670221)	('L_SMA_T1', -0.013086117339337736)	('L_PTL_T2', 0.012367973340074466)	('R_IFGorb_T2', -0.009601757907273342)	('rDLPFC_to_lIFG_T2', 0.008765629095683177)	('R_IFGorb_T1', 0.008074836338913342)	('lPTL_to_lIFG_T1', 0.00789922226465744)	('lSMA_to_lIFG_T2', 0.007790019451046914)	('T1', -0.0075004955696002535)	('L_SMA_T2', 0.007207051181452883)	('L_IFGorb', 0.007110889257086834)	('L_IFGorb_T1', 0.006773218154030242)	('lSMA_to_lPTL_T1', 0.006755617883362654)	('L_IFGorb_T2', -0.006563880942274387)	('R_DLPFC_T1', 0.006118344085113095)	('lDLPFC_to_lIFG_T2', 0.0059059374897247425)	('lDLPFC_to_lPTL_T2', 0.0057002996719942274)	('rIFG_to_lIFG_T1', 0.00560416316783842)	('lSMA_to_lIFG_T1', 0.005342821029106845)	('lIFG_to_lPTL_T2', 0.005289837174838432)	('lDLPFC_to_lIFG_T1', 0.005268468374961221)	('rDLPFC_to_lPTL_T1', 0.004954217547302807)	('L_DLPFC', 0.004561566069442639)	('L_DLPFC_T2', 0.004039228514960923)	('T2', 0.003918057997745096)	('lDLPFC_to_lPTL_T1', -0.0032853075676444526)	('L_PTL', 0.0030862138622213637)	('Age', -0.0030034598201913376)	('rDLPFC_to_lPTL_T2', 0.0024173339397416094)	('lPTL_to_lIFG_T2', 0.0022919495548291992)	('L_SMA', -0.0022481722081765087)	('L_PTL_T1', 0.0013536997684320197)	('lSMA_to_lPTL_T2', -0.000937779614063677)	('rIFG_to_lIFG_T2', -0.0005830991176176863)	('lIFG_to_lPTL_T1', -7.982987975521635e-05)	
