predictors	pearson_correlation	mean_squared_error	r2	
rois + act_t1 + act_t2 + conn_t1 + conn_t2 + age + T1 + T2	0.018783706449719148	0.08882919830880766	-0.12448004658397438	('L_DLPFC_T2', 0.015352582931045269)	('lPTL_to_lIFG_T2', 0.014672640422780365)	('L_PTL_T2', 0.014265957938363029)	('lIFG_to_lPTL_T2', 0.014124677178619953)	('L_SMA_T2', 0.011184994157370506)	('lSMA_to_lPTL_T2', 0.009974644986887646)	('Age', -0.009885247968513694)	('rIFG_to_lIFG_T2', -0.00927271823028203)	('L_IFGorb_T1', 0.009156304523387733)	('L_IFGorb', 0.007612738040911893)	('L_DLPFC', 0.006819139601342023)	('L_IFGorb_T2', -0.0065679521726527594)	('rDLPFC_to_lPTL_T1', 0.0060456212308117475)	('L_DLPFC_T1', 0.005859948239265825)	('rDLPFC_to_lIFG_T2', 0.004941229147212871)	('L_PTL', 0.004922599363977847)	('R_IFGorb_T2', 0.004599288123133203)	('L_SMA', 0.004598694165132411)	('lSMA_to_lIFG_T1', 0.004535972503644726)	('L_SMA_T1', 0.00385861507720269)	('T2', 0.0036514951516181636)	('L_PTL_T1', 0.0033987920080871103)	('lDLPFC_to_lPTL_T1', 0.003377048302562085)	('lSMA_to_lPTL_T1', 0.002910591069923602)	('rDLPFC_to_lIFG_T1', 0.002587781544957017)	('R_DLPFC_T1', 0.0025099786181458817)	('R_IFGorb_T1', 0.0023854585148648305)	('lPTL_to_lIFG_T1', 0.0023113639573383977)	('T1', 0.0017797779864645502)	('lIFG_to_lPTL_T1', -0.001502333810365757)	('lDLPFC_to_lPTL_T2', -0.0012293713718333399)	('rIFG_to_lIFG_T1', 0.0010998618144800703)	('lDLPFC_to_lIFG_T2', -0.0009448919602237654)	('lSMA_to_lIFG_T2', 0.0005401236932732882)	('lDLPFC_to_lIFG_T1', -0.00033701708498011317)	('R_DLPFC_T2', 0.00016519931206453523)	('rDLPFC_to_lPTL_T2', -0.0001437222523283678)	
