predictors	pearson_correlation	mean_squared_error	r2	
rois + act_t1 + act_t2 + conn_t1 + conn_t2 + age + T1 + T2	0.2013239381819035	0.0760981782614332	0.036680678588456916	('lDLPFC_to_lIFG_T2', 0.019317557826102665)	('L_PTL_T2', 0.015610447279176563)	('lDLPFC_to_lPTL_T1', 0.010961118699551688)	('rIFG_to_lIFG_T1', 0.010951110878634278)	('lDLPFC_to_lPTL_T2', 0.009936705996836962)	('lPTL_to_lIFG_T2', -0.009687022582085125)	('L_SMA_T2', 0.009314851902415345)	('L_DLPFC_T2', -0.008184580759678064)	('lSMA_to_lIFG_T1', 0.0077582767873805945)	('T1', 0.006322195290913485)	('L_PTL', 0.00600374689157415)	('R_IFGorb_T2', -0.005848547066263579)	('T2', 0.005793053717142045)	('L_DLPFC_T1', 0.005772423652991889)	('lSMA_to_lPTL_T1', 0.005704567206803536)	('rDLPFC_to_lIFG_T1', -0.005574541163349919)	('lSMA_to_lIFG_T2', -0.0054912351161297175)	('L_SMA_T1', 0.005010791520920933)	('L_DLPFC', 0.004428027574084748)	('lIFG_to_lPTL_T1', -0.004125678213211102)	('rDLPFC_to_lPTL_T1', 0.004088394246678037)	('lDLPFC_to_lIFG_T1', 0.003623074209272166)	('rIFG_to_lIFG_T2', 0.0035009174303511853)	('L_IFGorb_T1', 0.0030140501799912293)	('Age', 0.0026354783871110296)	('R_DLPFC_T1', 0.0026220890595317773)	('L_IFGorb_T2', -0.002507489357804441)	('L_SMA', -0.0023660368242244723)	('R_IFGorb_T1', 0.00213723897829217)	('lIFG_to_lPTL_T2', 0.0019125362696853796)	('lSMA_to_lPTL_T2', 0.0018842704551652546)	('R_DLPFC_T2', 0.0018790379980466176)	('lPTL_to_lIFG_T1', 0.0015190261661040287)	('L_PTL_T1', 0.0013438918830805944)	('rDLPFC_to_lPTL_T2', -0.0010678850743132456)	('rDLPFC_to_lIFG_T2', 0.0005111077266443624)	('L_IFGorb', -0.0004040417067986873)	
