predictors	pearson_correlation	mean_squared_error	r2	
rois + act_t1 + act_t2 + conn_t1 + conn_t2 + age + T1 + T2	0.13499938153521207	0.08203677921518251	-0.03849548425273741	('rIFG_to_lIFG_T2', 0.024107129368278957)	('R_DLPFC_T2', 0.023021347255074355)	('Age', -0.02257765689317034)	('lSMA_to_lIFG_T2', 0.01859495310177811)	('L_IFGorb_T1', 0.018506400472703927)	('L_DLPFC_T1', 0.01835435560233146)	('rDLPFC_to_lIFG_T1', 0.01759191500553388)	('T1', 0.013896124464575868)	('lSMA_to_lPTL_T1', 0.013402202528384035)	('R_IFGorb_T1', 0.012361341496602691)	('lSMA_to_lIFG_T1', 0.011948023307914092)	('lSMA_to_lPTL_T2', -0.011699501975302293)	('L_IFGorb_T2', 0.011022280275457328)	('lDLPFC_to_lPTL_T1', 0.010941229641701732)	('L_SMA', 0.010414598257967918)	('L_PTL', 0.009693616553442369)	('rDLPFC_to_lPTL_T2', 0.009661550234104813)	('L_PTL_T2', 0.009574434785265228)	('R_IFGorb_T2', -0.00920132549701574)	('lDLPFC_to_lPTL_T2', 0.008459578626452361)	('lIFG_to_lPTL_T2', 0.008269001482150316)	('lDLPFC_to_lIFG_T2', 0.008005811565533023)	('R_DLPFC_T1', 0.00782472602163617)	('rDLPFC_to_lIFG_T2', 0.007479025353057964)	('L_IFGorb', 0.0073031694477730365)	('lDLPFC_to_lIFG_T1', 0.006437308055141562)	('rDLPFC_to_lPTL_T1', 0.005075425150420252)	('L_PTL_T1', 0.0049391249970623195)	('lIFG_to_lPTL_T1', 0.003522237046765118)	('L_SMA_T2', -0.0025149625410074224)	('L_DLPFC_T2', -0.0020768078178401267)	('lPTL_to_lIFG_T2', -0.0018964474698136128)	('lPTL_to_lIFG_T1', -0.0018458704055573287)	('L_SMA_T1', 0.0015129195550114343)	('L_DLPFC', 0.0013906789231282102)	('rIFG_to_lIFG_T1', -0.0007063093335823344)	('T2', 0.0005509114796728448)	
