predictors	pearson_correlation	mean_squared_error	r2	
rois + act_t1 + act_t2 + conn_t1 + conn_t2 + age + T1 + T2	0.2797061244699457	0.07538562710880137	0.04570079324174259	('L_PTL', 0.012586301815087927)	('T2', 0.01093954851198601)	('lDLPFC_to_lPTL_T1', 0.008895170084290046)	('R_DLPFC_T2', 0.008852258048933732)	('lSMA_to_lIFG_T1', 0.006861888224653624)	('lIFG_to_lPTL_T2', 0.006720995348418746)	('lPTL_to_lIFG_T1', -0.006199143086710157)	('L_IFGorb_T1', 0.005882450572659267)	('lPTL_to_lIFG_T2', 0.005451217553161778)	('R_DLPFC_T1', 0.005446462794969494)	('lDLPFC_to_lIFG_T2', -0.005228739105599536)	('Age', 0.005117843893958416)	('L_IFGorb', 0.0041631870839807005)	('L_DLPFC', 0.003909655690629885)	('rDLPFC_to_lIFG_T2', -0.0033277004177866276)	('L_IFGorb_T2', 0.0032487723772895993)	('lSMA_to_lPTL_T1', 0.002851244065456182)	('rDLPFC_to_lPTL_T1', 0.002417407947235733)	('L_PTL_T2', 0.0023595327015296674)	('L_PTL_T1', 0.002306966511245991)	('L_DLPFC_T2', 0.0022833806668336337)	('T1', 0.0022640640286590045)	('lSMA_to_lIFG_T2', 0.002093831214894249)	('rIFG_to_lIFG_T1', -0.001735934202162956)	('lDLPFC_to_lPTL_T2', 0.0016800779574974887)	('R_IFGorb_T1', 0.0014435557946973461)	('L_DLPFC_T1', 0.0013052570301512834)	('R_IFGorb_T2', 0.0012780631680027093)	('L_SMA_T2', 0.0012160559733855724)	('L_SMA_T1', 0.0012074788577045496)	('rIFG_to_lIFG_T2', -0.0008872144005477752)	('rDLPFC_to_lPTL_T2', -0.0007171458001933164)	('lSMA_to_lPTL_T2', 0.0005861948828731901)	('rDLPFC_to_lIFG_T1', -0.0005622908681935728)	('L_SMA', -0.0005483897949292794)	('lIFG_to_lPTL_T1', 0.00012544092417141286)	('lDLPFC_to_lIFG_T1', -0.00012189365807777059)	
