predictors	pearson_correlation	mean_squared_error	r2	
rois + act_t1 + act_t2 + conn_t1 + conn_t2 + age + T1 + T2	-0.06680893152946712	0.0892135356435013	-0.12934533493789857	('Age', 0.03188827092329782)	('lSMA_to_lIFG_T1', 0.025935949280617702)	('R_DLPFC_T1', -0.020845535232274656)	('T1', 0.011702016420294704)	('lIFG_to_lPTL_T2', 0.01139258030406778)	('lIFG_to_lPTL_T1', 0.010254019870557442)	('lDLPFC_to_lIFG_T1', -0.009650451545928796)	('R_DLPFC_T2', 0.009120250474509997)	('rIFG_to_lIFG_T2', -0.008800305926962154)	('rDLPFC_to_lIFG_T2', -0.007861825354105597)	('L_SMA', 0.007558898290471668)	('L_PTL_T1', -0.007247723998136593)	('rDLPFC_to_lPTL_T1', -0.006939090026331408)	('R_IFGorb_T1', 0.0063521921324780585)	('lDLPFC_to_lPTL_T1', 0.005853070540843647)	('L_DLPFC_T2', 0.005588600778355869)	('lPTL_to_lIFG_T1', -0.005348281523359325)	('L_DLPFC_T1', 0.005287585890196917)	('lDLPFC_to_lIFG_T2', -0.005219944997439313)	('L_IFGorb_T2', 0.005075578711133241)	('T2', -0.0050262170773954585)	('L_PTL', 0.0045563373660159195)	('lSMA_to_lIFG_T2', 0.004407008066642039)	('L_SMA_T1', -0.004231911093541313)	('L_DLPFC', -0.004220043613845983)	('rIFG_to_lIFG_T1', -0.0040299265981452465)	('lSMA_to_lPTL_T2', 0.003855976513687356)	('lDLPFC_to_lPTL_T2', 0.0036936440853163927)	('rDLPFC_to_lIFG_T1', -0.003631711014331962)	('lPTL_to_lIFG_T2', 0.0034407058339888446)	('L_IFGorb', 0.002818865710069381)	('L_PTL_T2', 0.0025505802077256737)	('L_SMA_T2', -0.0024063283304099118)	('R_IFGorb_T2', 0.001055630761970232)	('lSMA_to_lPTL_T1', -0.0009093808395441137)	('L_IFGorb_T1', -0.0004222724569022784)	('rDLPFC_to_lPTL_T2', 0.00014043747014800932)	
