predictors	pearson_correlation	mean_squared_error	r2	
rois + act_t1 + act_t2 + conn_t1 + conn_t2 + age + T1 + T2	-0.109238671588067	0.08472490725703234	-0.07252423159338828	('L_SMA', 0.015997439706744707)	('L_PTL_T2', 0.013377103483201385)	('rDLPFC_to_lPTL_T2', 0.011679764046009174)	('T2', 0.011319766446133568)	('L_DLPFC_T1', 0.009835033757545943)	('L_SMA_T1', 0.009641305320411516)	('rDLPFC_to_lPTL_T1', 0.008588852248109511)	('lSMA_to_lPTL_T1', -0.00852135793536055)	('L_IFGorb_T2', 0.008399197616443962)	('L_PTL_T1', 0.006224754780038465)	('lDLPFC_to_lPTL_T1', -0.005781202441940696)	('rIFG_to_lIFG_T1', -0.005242210377202796)	('T1', -0.005222205268756126)	('lDLPFC_to_lPTL_T2', 0.005122332858170436)	('L_IFGorb', -0.004971041473033853)	('L_DLPFC_T2', 0.004784575007384016)	('lPTL_to_lIFG_T1', -0.004711712740847741)	('R_DLPFC_T1', 0.0046532003487991126)	('L_SMA_T2', 0.0045838892521251106)	('lSMA_to_lPTL_T2', -0.004394435475493593)	('lPTL_to_lIFG_T2', 0.004377083739493095)	('rDLPFC_to_lIFG_T1', 0.004353143344109804)	('Age', 0.003941211247556417)	('R_IFGorb_T1', 0.0038822528434894715)	('L_PTL', 0.0037689665255343425)	('L_IFGorb_T1', 0.0034741366509021426)	('lIFG_to_lPTL_T1', 0.0034462108326541586)	('R_IFGorb_T2', 0.00321241185604091)	('lDLPFC_to_lIFG_T1', 0.002091471849196725)	('rDLPFC_to_lIFG_T2', -0.0020188897195744277)	('L_DLPFC', 0.0018927537483065437)	('lDLPFC_to_lIFG_T2', 0.0017373452459055624)	('lSMA_to_lIFG_T1', -0.0014689124353515872)	('lIFG_to_lPTL_T2', -0.0012111167691397893)	('rIFG_to_lIFG_T2', -0.0011771676103913384)	('R_DLPFC_T2', 0.0006546176562861896)	('lSMA_to_lIFG_T2', 0.0002474121392820453)	
