predictors	pearson_correlation	mean_squared_error	r2	
rois + act_t1 + act_t2 + conn_t1 + conn_t2 + age + T1 + T2	0.1189951550811098	0.07896359879204377	0.0004076031460528151	('L_PTL_T1', 0.019047661827534212)	('lPTL_to_lIFG_T1', 0.016763881882515617)	('R_IFGorb_T1', 0.015279296037943342)	('L_PTL', 0.014831398553248854)	('rIFG_to_lIFG_T1', 0.014368593008265365)	('Age', -0.013183704060374434)	('lSMA_to_lIFG_T1', 0.012978429912494736)	('lIFG_to_lPTL_T1', -0.011907555294869475)	('rDLPFC_to_lIFG_T1', 0.01109832775699004)	('R_DLPFC_T1', 0.010268915973941925)	('T1', 0.009879137470767543)	('rIFG_to_lIFG_T2', 0.00950986785347808)	('lDLPFC_to_lPTL_T2', -0.008577222137923137)	('L_IFGorb_T2', 0.00824152539285074)	('lPTL_to_lIFG_T2', 0.008007411400004128)	('L_DLPFC_T1', 0.007759591971650407)	('lSMA_to_lPTL_T1', 0.0075456473624967175)	('L_DLPFC', 0.007200300001827212)	('R_DLPFC_T2', 0.006383534111409831)	('L_SMA', -0.006195206509222663)	('lIFG_to_lPTL_T2', 0.0057968405034184755)	('L_SMA_T1', 0.005026974032847826)	('lSMA_to_lIFG_T2', -0.004830881218967068)	('L_DLPFC_T2', -0.004071212172266675)	('lDLPFC_to_lIFG_T2', -0.003938907588797989)	('lSMA_to_lPTL_T2', 0.0035007925992536068)	('L_IFGorb', 0.003388444223586292)	('lDLPFC_to_lPTL_T1', -0.002819888271747489)	('rDLPFC_to_lPTL_T1', 0.002411846490237136)	('L_SMA_T2', 0.0020777629952066987)	('rDLPFC_to_lIFG_T2', 0.0020558826051952665)	('lDLPFC_to_lIFG_T1', -0.0017046918287932041)	('rDLPFC_to_lPTL_T2', 0.0016408755213842478)	('R_IFGorb_T2', 0.0010866665790302563)	('L_IFGorb_T1', 0.0009330230494597821)	('L_PTL_T2', 0.00075256202089771)	('T2', -0.00027130059946349244)	
