predictors	pearson_correlation	mean_squared_error	r2	
rois + act_t1 + act_t2 + conn_t1 + conn_t2 + age + T1 + T2	0.1889498109196509	0.07963538613772728	-0.008096486501842026	('L_DLPFC_T1', 0.02591270416944695)	('L_SMA_T2', 0.019549660163251135)	('rDLPFC_to_lPTL_T2', 0.019214947938448215)	('R_IFGorb_T2', 0.017960625962125817)	('R_DLPFC_T1', 0.01576421476277171)	('L_IFGorb_T1', 0.015513846482144947)	('lIFG_to_lPTL_T2', 0.014297562984055807)	('lPTL_to_lIFG_T1', 0.0118305569857541)	('lDLPFC_to_lIFG_T2', 0.01175718249936387)	('L_IFGorb', 0.011677560161759653)	('lDLPFC_to_lPTL_T1', 0.011307289591228804)	('rDLPFC_to_lPTL_T1', 0.011306340176024174)	('L_PTL_T1', 0.011198874993117197)	('L_PTL_T2', -0.010487446327156645)	('rDLPFC_to_lIFG_T1', 0.010296860737313096)	('T2', 0.009434444809009871)	('R_IFGorb_T1', 0.008893712080577036)	('rIFG_to_lIFG_T1', 0.008697237007654414)	('L_DLPFC', 0.008425484685709375)	('lSMA_to_lPTL_T2', 0.008235707077945777)	('rIFG_to_lIFG_T2', 0.006123162945672823)	('rDLPFC_to_lIFG_T2', 0.0058937579449554744)	('lDLPFC_to_lIFG_T1', 0.004777419078643277)	('L_SMA', -0.004724087964200138)	('R_DLPFC_T2', -0.004395813703527149)	('T1', -0.003281213098128241)	('L_DLPFC_T2', 0.003125428320518063)	('L_PTL', 0.002831483717824056)	('lSMA_to_lIFG_T1', 0.0025578189073144873)	('lDLPFC_to_lPTL_T2', -0.0024063708043814253)	('lPTL_to_lIFG_T2', 0.0023767019611729825)	('Age', 0.0021813912059807394)	('L_SMA_T1', 0.00119368734363197)	('L_IFGorb_T2', -0.0010886077765261224)	('lSMA_to_lPTL_T1', -0.0010190144487575363)	('lIFG_to_lPTL_T1', 0.0007958909107681001)	('lSMA_to_lIFG_T2', -0.0005417506518731458)	
