predictors	pearson_correlation	mean_squared_error	r2	
rois + act_t1 + act_t2 + conn_t1 + conn_t2 + age + T1 + T2	0.11005475101070793	0.09085828215430437	0.00998776263910739	('L_IFGorb', -0.01209566204571122)	('lPTL_to_lIFG_T1', 0.008553866372957767)	('lSMA_to_lPTL_T2', 0.008093539446648122)	('L_DLPFC', 0.007128352969263461)	('L_PTL_T2', 0.006903617575867484)	('R_IFGorb_T1', 0.0065786162382677855)	('L_PTL', 0.006091262175524277)	('L_SMA_T2', -0.005751660284111053)	('lIFG_to_lPTL_T1', -0.005518253803017341)	('T1', 0.004829420024004992)	('L_PTL_T1', 0.004722866963167649)	('lIFG_to_lPTL_T2', 0.004355882020164831)	('rDLPFC_to_lPTL_T1', -0.004140343291139993)	('L_IFGorb_T1', 0.003424949428226584)	('L_DLPFC_T1', 0.003137507705996967)	('lDLPFC_to_lIFG_T2', -0.0029188278532452654)	('lPTL_to_lIFG_T2', 0.0028000865566200467)	('lSMA_to_lPTL_T1', -0.002761609380486419)	('lDLPFC_to_lPTL_T2', 0.002571871158893259)	('R_DLPFC_T1', -0.0024282780672976543)	('rIFG_to_lIFG_T1', -0.002331868027612488)	('L_SMA', -0.0022560435983989915)	('rDLPFC_to_lPTL_T2', -0.0022387549559991144)	('R_IFGorb_T2', 0.0021636744389135956)	('L_SMA_T1', 0.0019469690577705102)	('lDLPFC_to_lPTL_T1', -0.0017407252569156674)	('lDLPFC_to_lIFG_T1', -0.0017151237615669454)	('Age', -0.0014365108515674804)	('lSMA_to_lIFG_T1', 0.0013370387403944018)	('T2', 0.0010888714763277216)	('lSMA_to_lIFG_T2', 0.0008572124474919752)	('rDLPFC_to_lIFG_T2', 0.0005782102873661209)	('L_DLPFC_T2', 0.000497391345744057)	('L_IFGorb_T2', 0.000299417535687438)	('R_DLPFC_T2', -9.724548578885544e-05)	('rDLPFC_to_lIFG_T1', 8.216596008998168e-05)	('rIFG_to_lIFG_T2', -3.8509931682819564e-05)	
