predictors	pearson_correlation	mean_squared_error	r2	
rois + act_t1 + act_t2 + conn_t1 + conn_t2 + age + T1 + T2	0.22548927601720536	0.08807465146001688	0.04031882752714688	('rIFG_to_lIFG_T1', 0.018271666936085788)	('L_PTL', 0.017563527565768827)	('lDLPFC_to_lIFG_T2', -0.015243791399708193)	('rIFG_to_lIFG_T2', 0.013062668891101244)	('L_SMA', 0.012100326202716503)	('T2', -0.011776406717119109)	('L_SMA_T2', 0.011060712250360424)	('R_IFGorb_T2', 0.009900810962024767)	('L_IFGorb_T1', 0.00871446989573424)	('lDLPFC_to_lPTL_T1', -0.007063036012876263)	('L_SMA_T1', 0.006805597170555349)	('R_DLPFC_T1', 0.006553882358868676)	('rDLPFC_to_lIFG_T1', 0.006171821550640552)	('rDLPFC_to_lIFG_T2', 0.006159509720239277)	('lDLPFC_to_lIFG_T1', 0.006028732284707784)	('lIFG_to_lPTL_T1', 0.006016419782738766)	('L_DLPFC_T2', -0.0059617747779348185)	('rDLPFC_to_lPTL_T2', 0.005550915830874733)	('lSMA_to_lIFG_T1', 0.005423895750776607)	('L_IFGorb', -0.005302740408914499)	('lPTL_to_lIFG_T2', -0.004947000288881785)	('lSMA_to_lIFG_T2', -0.004346024275599653)	('lSMA_to_lPTL_T1', -0.004266546172992973)	('L_IFGorb_T2', -0.004221372441411363)	('L_DLPFC', -0.003944614783581624)	('rDLPFC_to_lPTL_T1', -0.003728777236441365)	('L_PTL_T2', -0.0036312660891119814)	('L_PTL_T1', 0.0025390491313591374)	('R_IFGorb_T1', 0.0020841433131437905)	('L_DLPFC_T1', -0.0018944455184523765)	('R_DLPFC_T2', -0.0016694146634842937)	('lIFG_to_lPTL_T2', -0.0014432689813218458)	('lDLPFC_to_lPTL_T2', 0.0011742502412377225)	('lPTL_to_lIFG_T1', 0.001035776291098661)	('lSMA_to_lPTL_T2', -0.0006741510376321639)	('Age', -0.0005960219106393245)	('T1', 0.00025435765759587725)	
