predictors	pearson_correlation	mean_squared_error	r2	
rois + act_t1 + act_t2 + conn_t1 + conn_t2 + age + T1 + T2	-0.10827530386580692	0.09675818957658791	-0.05429895298949483	('lPTL_to_lIFG_T1', 0.012814057283872339)	('L_DLPFC', 0.011270181093762389)	('lDLPFC_to_lIFG_T1', -0.009778980025312963)	('R_DLPFC_T1', 0.009670315344709447)	('rIFG_to_lIFG_T2', 0.008720647521332545)	('L_IFGorb', -0.008586131256301198)	('L_SMA_T2', -0.006610061421650789)	('T2', -0.006299755658093149)	('L_PTL', 0.005528827667755628)	('L_PTL_T2', 0.00547201855500578)	('L_SMA_T1', 0.005434307449563499)	('L_DLPFC_T2', 0.0044419485293527156)	('lPTL_to_lIFG_T2', 0.004378793562317564)	('rDLPFC_to_lIFG_T1', -0.003921297728062281)	('L_IFGorb_T1', -0.003871043581620043)	('L_IFGorb_T2', -0.0038501297689629804)	('R_IFGorb_T2', 0.0036587388569095346)	('T1', 0.003564246642891798)	('lDLPFC_to_lPTL_T2', -0.0035069573272672543)	('lIFG_to_lPTL_T2', 0.0035003212378302245)	('rDLPFC_to_lPTL_T1', 0.0028704751308972795)	('rIFG_to_lIFG_T1', 0.002725628522219671)	('lDLPFC_to_lPTL_T1', 0.0026568332509857404)	('L_PTL_T1', 0.002233658283460213)	('L_SMA', 0.002004176450523216)	('R_IFGorb_T1', 0.0015791589125207942)	('lSMA_to_lPTL_T1', -0.0014016652637754451)	('lIFG_to_lPTL_T1', 0.0011569078504722326)	('lSMA_to_lIFG_T2', 0.001109586753326188)	('R_DLPFC_T2', -0.0010035312298057747)	('L_DLPFC_T1', -0.0008336601029993334)	('Age', -0.0007617190807014128)	('lDLPFC_to_lIFG_T2', 0.0007550074818052869)	('lSMA_to_lPTL_T2', -0.0007471327796988063)	('rDLPFC_to_lIFG_T2', 0.0007075486214328693)	('rDLPFC_to_lPTL_T2', 0.0005274293942590578)	('lSMA_to_lIFG_T1', -0.00039362586124730534)	
