predictors	pearson_correlation	mean_squared_error	r2	
rois + act_t1 + act_t2 + conn_t1 + conn_t2 + age + T1 + T2	0.2845254334268793	0.08540259418699328	0.06943416337214914	('L_DLPFC_T2', 0.019649820630845704)	('lDLPFC_to_lIFG_T1', 0.015512771740495644)	('lDLPFC_to_lPTL_T1', 0.015018428975407646)	('lSMA_to_lPTL_T1', 0.014037509336634819)	('rDLPFC_to_lIFG_T2', 0.013400117394729346)	('R_DLPFC_T2', 0.013013650437657178)	('rDLPFC_to_lPTL_T1', -0.012475537139575136)	('lSMA_to_lIFG_T2', -0.01185295523183727)	('L_SMA_T1', 0.010793891204890835)	('lIFG_to_lPTL_T1', 0.009942653992832985)	('lSMA_to_lIFG_T1', -0.009294384551817497)	('L_SMA', 0.009254009543790905)	('R_IFGorb_T1', 0.00912887443546709)	('rDLPFC_to_lIFG_T1', -0.007637532215670759)	('L_IFGorb_T1', -0.007200654646501642)	('L_PTL', -0.007084972036354712)	('T1', -0.006780769385819616)	('Age', 0.006530229816983573)	('L_IFGorb_T2', -0.0063990769759262635)	('L_DLPFC_T1', 0.006146676117386727)	('L_IFGorb', 0.005543286485217275)	('T2', -0.005269054130739687)	('lIFG_to_lPTL_T2', 0.005213894517904636)	('L_PTL_T1', -0.004889538548820909)	('lPTL_to_lIFG_T2', -0.004506218090706284)	('lDLPFC_to_lIFG_T2', 0.004078686304526757)	('L_PTL_T2', 0.0038289269517967073)	('rIFG_to_lIFG_T1', 0.0035088412199144273)	('L_SMA_T2', -0.003409938281710876)	('lPTL_to_lIFG_T1', 0.0027878094165413414)	('R_DLPFC_T1', -0.0024010357371541304)	('L_DLPFC', -0.0023739183508268663)	('R_IFGorb_T2', 0.0021093099677728395)	('rDLPFC_to_lPTL_T2', 0.0020518316297407028)	('rIFG_to_lIFG_T2', -0.001110897171665604)	('lSMA_to_lPTL_T2', 0.0005970551057381582)	('lDLPFC_to_lPTL_T2', -2.902658408539032e-05)	
