predictors	pearson_correlation	mean_squared_error	r2	
rois + act_t1 + act_t2 + conn_t1 + conn_t2 + age + T1 + T2	-0.005040325445806513	0.09951382954836233	-0.08432502468193936	('rDLPFC_to_lPTL_T2', 0.025222562862079176)	('lIFG_to_lPTL_T2', 0.02039966712390956)	('rDLPFC_to_lIFG_T1', 0.014322925263985603)	('L_PTL_T2', -0.01212045391768042)	('L_DLPFC_T1', 0.011982878978031393)	('rIFG_to_lIFG_T1', 0.011218535126042475)	('lDLPFC_to_lIFG_T2', 0.010969763443221455)	('R_IFGorb_T1', -0.010027671170226645)	('L_IFGorb', 0.009985270625497339)	('lDLPFC_to_lPTL_T2', 0.009580534364588576)	('lDLPFC_to_lIFG_T1', 0.009444737171483482)	('L_DLPFC_T2', 0.008925047926365972)	('rDLPFC_to_lPTL_T1', -0.008700894578743741)	('lIFG_to_lPTL_T1', 0.00799383318628674)	('R_DLPFC_T1', -0.00791882145228426)	('R_DLPFC_T2', 0.00787355085138077)	('lPTL_to_lIFG_T1', 0.005627223572605665)	('lSMA_to_lIFG_T1', 0.005359649251400245)	('lSMA_to_lPTL_T2', -0.0053205479549089186)	('L_IFGorb_T1', 0.005285396943854463)	('T1', 0.004471366156904753)	('rIFG_to_lIFG_T2', 0.004404042383623205)	('T2', 0.004053157046299161)	('lPTL_to_lIFG_T2', 0.004022845688877696)	('L_SMA_T2', 0.0037266692997569937)	('lSMA_to_lPTL_T1', -0.0035667227642149964)	('L_SMA', -0.0027074408386264536)	('L_PTL', 0.001985481786046519)	('L_PTL_T1', 0.0017169277327293328)	('rDLPFC_to_lIFG_T2', 0.0013621111738700775)	('L_IFGorb_T2', -0.0013488691578555049)	('R_IFGorb_T2', 0.0009907299937821155)	('Age', 0.0009162767935495546)	('lDLPFC_to_lPTL_T1', 0.0005931955996819747)	('L_DLPFC', 0.00033469414254167857)	('L_SMA_T1', -0.00029750498703249803)	('lSMA_to_lIFG_T2', 1.1747591830377348e-05)	
