predictors	pearson_correlation	mean_squared_error	r2	
rois + act_t1 + act_t2 + conn_t1 + conn_t2 + age + T1 + T2	0.017547439553877157	0.09004575886159677	-0.13988036644633306	('lDLPFC_to_lIFG_T1', 0.029782175345577113)	('L_IFGorb', 0.020923058804657564)	('T2', -0.019194311981222085)	('lIFG_to_lPTL_T2', 0.017804544905575242)	('L_IFGorb_T1', 0.01524797365252659)	('lDLPFC_to_lIFG_T2', 0.014064809294718863)	('L_PTL', 0.014063921463315187)	('lDLPFC_to_lPTL_T2', -0.01208819252077609)	('L_PTL_T2', 0.011636567010422816)	('L_DLPFC', 0.011561183990204664)	('L_DLPFC_T1', 0.009620290958138652)	('rIFG_to_lIFG_T2', 0.008883605473583217)	('L_SMA', 0.008759910619025809)	('L_PTL_T1', -0.008726828097927632)	('L_DLPFC_T2', 0.0076905844539465595)	('R_DLPFC_T1', -0.0065765393331216875)	('T1', -0.006562905041980613)	('L_SMA_T2', 0.006449809653393814)	('rDLPFC_to_lPTL_T1', -0.005823049747347762)	('L_SMA_T1', -0.005805288862845216)	('rIFG_to_lIFG_T1', -0.005767949435403473)	('R_DLPFC_T2', -0.0054278609818132866)	('lSMA_to_lPTL_T2', 0.005182775373622981)	('rDLPFC_to_lIFG_T2', 0.005079687005497516)	('L_IFGorb_T2', -0.00479787393374589)	('lSMA_to_lIFG_T1', 0.004206483544472071)	('Age', 0.0037738988118376504)	('lIFG_to_lPTL_T1', 0.0035720963388327703)	('R_IFGorb_T2', 0.0030638577393461985)	('R_IFGorb_T1', -0.0028051036852679186)	('rDLPFC_to_lIFG_T1', 0.0023816705987030158)	('rDLPFC_to_lPTL_T2', -0.002020822078134593)	('lDLPFC_to_lPTL_T1', 0.0019679480523084538)	('lPTL_to_lIFG_T1', 0.0015727516830326808)	('lSMA_to_lIFG_T2', -0.0015206406526162238)	('lSMA_to_lPTL_T1', 0.0012307062044328641)	('lPTL_to_lIFG_T2', 0.0011399163512667964)	
