predictors	pearson_correlation	mean_squared_error	r2	
rois + act_t1 + act_t2 + conn_t1 + conn_t2 + age + T1 + T2	0.01486068234747124	0.08118297743938697	-0.02768729191397079	('L_SMA_T1', 0.01744896628023335)	('lPTL_to_lIFG_T2', 0.017352362404632782)	('rIFG_to_lIFG_T2', 0.016306393543304907)	('L_DLPFC', 0.015908256400967647)	('T2', 0.013870778137387902)	('lSMA_to_lIFG_T1', 0.012834969138970411)	('T1', 0.00820695200748603)	('rDLPFC_to_lPTL_T2', -0.008201098799545782)	('L_SMA', -0.006966486138538772)	('L_DLPFC_T1', 0.006897727526117059)	('L_PTL', 0.006448225431022035)	('rDLPFC_to_lIFG_T1', 0.006058689763841716)	('lSMA_to_lPTL_T1', 0.005727164971567532)	('rIFG_to_lIFG_T1', -0.005291020544045778)	('lDLPFC_to_lIFG_T2', -0.005264118949981175)	('L_IFGorb', -0.004647261228224223)	('lSMA_to_lIFG_T2', 0.004267863925903438)	('lIFG_to_lPTL_T1', 0.004241871469675251)	('L_IFGorb_T2', 0.004169959621282173)	('lDLPFC_to_lIFG_T1', -0.004049662168845118)	('lPTL_to_lIFG_T1', 0.004027214685285415)	('L_PTL_T1', 0.003648498307440594)	('Age', 0.0035985793632922615)	('rDLPFC_to_lIFG_T2', 0.003064217655123873)	('lSMA_to_lPTL_T2', -0.0026453461863663805)	('lDLPFC_to_lPTL_T1', 0.0025550813973690945)	('L_IFGorb_T1', 0.0023789908683369545)	('R_DLPFC_T2', 0.002155141804618193)	('rDLPFC_to_lPTL_T1', 0.0018411777629170779)	('L_PTL_T2', 0.0017489193561028135)	('lDLPFC_to_lPTL_T2', -0.0012692425807017565)	('L_DLPFC_T2', 0.0009663733476052502)	('L_SMA_T2', 0.0007570381737428176)	('lIFG_to_lPTL_T2', -0.0006185891390285843)	('R_DLPFC_T1', 0.0005252934988003075)	('R_IFGorb_T2', -0.0003225166140350371)	('R_IFGorb_T1', -0.0002528038418206717)	
