predictors	pearson_correlation	mean_squared_error	r2	
rois + act_t1 + act_t2 + conn_t1 + conn_t2 + age + T1 + T2	0.2697594275468684	0.0863372623397644	0.059249809374090745	('rIFG_to_lIFG_T1', 0.02114135692350797)	('R_IFGorb_T1', 0.0180432688085612)	('lIFG_to_lPTL_T2', 0.01613895499437812)	('rDLPFC_to_lPTL_T1', 0.01575103972447272)	('R_IFGorb_T2', 0.013630384951173158)	('L_SMA_T2', 0.012238248062455472)	('lSMA_to_lPTL_T2', 0.012084526960469556)	('L_IFGorb', 0.011988350292698798)	('L_PTL_T1', -0.00978833304161309)	('lDLPFC_to_lIFG_T2', 0.008982214415584831)	('lSMA_to_lPTL_T1', -0.008981711942937192)	('lSMA_to_lIFG_T1', 0.008912756622220836)	('rDLPFC_to_lIFG_T2', 0.008681032534895565)	('L_DLPFC_T1', 0.008584147271889565)	('R_DLPFC_T2', 0.007320812900793455)	('L_PTL', 0.007154203251677733)	('L_PTL_T2', 0.007153933486266881)	('lSMA_to_lIFG_T2', -0.00641528240942936)	('T2', 0.0060327017047381816)	('L_IFGorb_T2', -0.005572565035040051)	('lPTL_to_lIFG_T2', -0.005344146637614696)	('Age', -0.005050147479287261)	('L_DLPFC', 0.004998719003322499)	('lPTL_to_lIFG_T1', 0.004861020180916461)	('L_SMA', 0.0045535378180435225)	('L_IFGorb_T1', -0.004363477498507026)	('lDLPFC_to_lPTL_T2', -0.004207772491101458)	('L_SMA_T1', 0.004140271224026712)	('T1', -0.004082550718511641)	('rDLPFC_to_lPTL_T2', 0.004012342185679251)	('lDLPFC_to_lPTL_T1', -0.0022238559072553146)	('L_DLPFC_T2', -0.0017884339660394)	('lIFG_to_lPTL_T1', -0.0013775609597168228)	('lDLPFC_to_lIFG_T1', -0.001343423146009776)	('rIFG_to_lIFG_T2', -0.0013122052748936314)	('R_DLPFC_T1', 0.0011753821636492216)	('rDLPFC_to_lIFG_T1', -0.0007641417290242719)	
