predictors	pearson_correlation	mean_squared_error	r2	
rois + act_t1 + act_t2 + conn_t1 + conn_t2 + age + T1 + T2	-0.14321761893341117	0.12153128670010334	-0.5384525531217408	('L_DLPFC_T1', 0.027763588434265362)	('lIFG_to_lPTL_T2', 0.02387509772356652)	('L_SMA', 0.02041241360215247)	('L_IFGorb_T1', -0.018186219539925167)	('L_DLPFC', 0.017966138896780066)	('lIFG_to_lPTL_T1', 0.017110705310640267)	('R_DLPFC_T1', -0.01643058506832322)	('L_PTL_T2', 0.01622631986255287)	('rIFG_to_lIFG_T1', 0.01588344759147606)	('lSMA_to_lPTL_T1', 0.015672755942692202)	('lPTL_to_lIFG_T1', -0.014793141878691364)	('R_DLPFC_T2', 0.0146388849542385)	('lDLPFC_to_lIFG_T1', -0.014170011480985303)	('rDLPFC_to_lPTL_T1', 0.013367532034828343)	('lSMA_to_lIFG_T1', 0.012703178149130643)	('lDLPFC_to_lIFG_T2', 0.012636936831102239)	('L_IFGorb', 0.01261519566998835)	('R_IFGorb_T1', 0.011276316459938342)	('L_SMA_T1', 0.010968086934278554)	('rDLPFC_to_lPTL_T2', 0.009816191317763585)	('rDLPFC_to_lIFG_T2', 0.008253072903172513)	('Age', -0.007945224674698216)	('lPTL_to_lIFG_T2', 0.007059577433177369)	('lSMA_to_lIFG_T2', 0.005642991009045787)	('lDLPFC_to_lPTL_T2', 0.004654004965380019)	('T2', 0.004418974232456804)	('R_IFGorb_T2', 0.0039690465544697925)	('rDLPFC_to_lIFG_T1', -0.0030803048022359203)	('rIFG_to_lIFG_T2', -0.003029037569994278)	('lDLPFC_to_lPTL_T1', -0.0026875643411943583)	('L_SMA_T2', 0.0025129272450166635)	('L_IFGorb_T2', 0.002209207226958689)	('T1', 0.002020926209204442)	('lSMA_to_lPTL_T2', -0.0017851490285215944)	('L_PTL_T1', 0.0016447128108937222)	('L_PTL', 0.0014145989820432813)	('L_DLPFC_T2', 0.0004897215571320148)	
