predictors	pearson_correlation	mean_squared_error	r2	
rois + act_t1 + act_t2 + conn_t1 + conn_t2 + age + T1 + T2	-0.17026673302536438	0.0922627635947743	-0.1679452103614354	('R_IFGorb_T1', 0.016652167718696712)	('R_DLPFC_T2', 0.013011958851926398)	('rDLPFC_to_lPTL_T1', 0.011969254793191046)	('lDLPFC_to_lIFG_T1', 0.011944993795197513)	('R_DLPFC_T1', 0.01052615137764946)	('rDLPFC_to_lPTL_T2', 0.009582988861780679)	('L_IFGorb_T1', 0.009399536372879606)	('lSMA_to_lPTL_T1', 0.008646528445570855)	('lPTL_to_lIFG_T2', 0.008544438685970204)	('L_DLPFC_T2', 0.008401080669285207)	('R_IFGorb_T2', -0.008159795704967741)	('lSMA_to_lIFG_T2', -0.007931225234573083)	('lPTL_to_lIFG_T1', 0.007317053947595092)	('rIFG_to_lIFG_T2', -0.0072331970299940925)	('rDLPFC_to_lIFG_T1', 0.006561260394531093)	('L_IFGorb', 0.006055730520082839)	('lSMA_to_lPTL_T2', 0.005536812596285521)	('rDLPFC_to_lIFG_T2', 0.005075973045521862)	('L_IFGorb_T2', 0.005060785811434116)	('L_SMA', 0.00492087974479145)	('lIFG_to_lPTL_T1', -0.004032845415788899)	('lDLPFC_to_lPTL_T1', 0.003985802973176458)	('Age', -0.0036527402600753447)	('rIFG_to_lIFG_T1', 0.0035796033671589853)	('L_SMA_T2', -0.003473579128306114)	('T1', -0.002635163855882299)	('L_PTL_T2', 0.0022436830989912295)	('L_DLPFC_T1', -0.001933131312980544)	('lIFG_to_lPTL_T2', 0.0017647181560104433)	('L_PTL', -0.0016114342484521765)	('L_PTL_T1', 0.001199159944484861)	('L_SMA_T1', -0.0010060335413069085)	('lDLPFC_to_lPTL_T2', 0.0006638795697169518)	('lSMA_to_lIFG_T1', -0.0006287436376093579)	('T2', -0.00044843850745603943)	('L_DLPFC', 0.00043041611109000935)	('lDLPFC_to_lIFG_T2', -0.0002738470212668365)	
