predictors	pearson_correlation	mean_squared_error	r2	
rois + act_t1 + act_t2 + conn_t1 + conn_t2 + age + T1 + T2	0.28649563208852413	0.07361394241958076	0.06812837471040667	('R_DLPFC_T1', 0.02339498481882986)	('rDLPFC_to_lIFG_T2', 0.015096238044466451)	('L_PTL', 0.013689162714999564)	('rDLPFC_to_lPTL_T2', -0.009666447156430863)	('lPTL_to_lIFG_T1', 0.008467433779986643)	('rIFG_to_lIFG_T1', -0.008130000025569151)	('rDLPFC_to_lIFG_T1', 0.008040208843860228)	('Age', 0.007901520957948301)	('lSMA_to_lPTL_T2', 0.007388067322009727)	('L_DLPFC_T2', 0.00723303611653837)	('lDLPFC_to_lIFG_T1', 0.006578904769020042)	('lDLPFC_to_lIFG_T2', -0.0059146742106777955)	('rIFG_to_lIFG_T2', -0.005783584598036402)	('L_PTL_T2', 0.005698792250429764)	('L_DLPFC_T1', 0.005147571483957409)	('L_IFGorb', 0.0050408056779828875)	('lIFG_to_lPTL_T2', 0.004811427342338352)	('lDLPFC_to_lPTL_T1', 0.004792782414662383)	('lDLPFC_to_lPTL_T2', 0.004299937317900368)	('L_IFGorb_T1', 0.004072935584611579)	('L_IFGorb_T2', 0.004002841873227081)	('R_DLPFC_T2', -0.0037728905763721333)	('L_SMA', 0.0035370070113744066)	('L_SMA_T2', 0.003493515825703162)	('rDLPFC_to_lPTL_T1', 0.0032650225696443744)	('R_IFGorb_T2', 0.00296654371650292)	('lSMA_to_lIFG_T2', -0.0026203360304227997)	('L_SMA_T1', 0.0014846796672663288)	('lSMA_to_lPTL_T1', 0.001484197773810719)	('T2', -0.0014557127268080635)	('L_DLPFC', 0.0014378512251531626)	('lIFG_to_lPTL_T1', -0.001403063192163806)	('lPTL_to_lIFG_T2', 0.000847386952150755)	('R_IFGorb_T1', -0.000541812927066155)	('lSMA_to_lIFG_T1', -0.0003634172502579479)	('T1', -8.418385800471224e-05)	('L_PTL_T1', -5.346868119592949e-05)	
