predictors	pearson_correlation	mean_squared_error	r2	
rois + act_t1 + act_t2 + conn_t1 + conn_t2 + age + T1 + T2	0.10379461199471342	0.09097258360991821	0.008742308321429637	('L_IFGorb_T2', 0.023737447531592154)	('L_DLPFC', 0.014291426809803637)	('lIFG_to_lPTL_T1', 0.01343452177244169)	('rDLPFC_to_lIFG_T1', 0.01089573974945126)	('L_DLPFC_T2', -0.009849143833276161)	('L_PTL', 0.009312954140850977)	('L_IFGorb', -0.009225995838254395)	('T2', -0.00831186835277295)	('lDLPFC_to_lPTL_T1', -0.007609158030091536)	('L_PTL_T1', -0.007456097441235949)	('lPTL_to_lIFG_T1', 0.007336252326767183)	('lIFG_to_lPTL_T2', 0.006313630926423074)	('R_DLPFC_T1', 0.005969924938134494)	('rDLPFC_to_lPTL_T1', 0.005313869425636232)	('lPTL_to_lIFG_T2', 0.005210826016831774)	('R_IFGorb_T2', 0.0051917739029895835)	('L_SMA', 0.004838977493181524)	('lDLPFC_to_lIFG_T1', 0.0044636868120403505)	('rDLPFC_to_lIFG_T2', -0.004326536689408273)	('lDLPFC_to_lIFG_T2', 0.003436749881781154)	('R_DLPFC_T2', 0.0033770690755050283)	('L_IFGorb_T1', 0.0033495909988274794)	('L_SMA_T1', 0.0031190249760263806)	('rDLPFC_to_lPTL_T2', 0.0030401314358445937)	('rIFG_to_lIFG_T1', 0.0029067220783317374)	('lSMA_to_lIFG_T1', -0.0028880797518941407)	('L_DLPFC_T1', 0.0027103817307824476)	('lSMA_to_lPTL_T1', 0.002195478494864033)	('lDLPFC_to_lPTL_T2', 0.0020986930638094664)	('rIFG_to_lIFG_T2', -0.002018536124091938)	('lSMA_to_lIFG_T2', -0.0018475943395992063)	('lSMA_to_lPTL_T2', 0.0014819139104053271)	('T1', 0.001274617526566158)	('L_SMA_T2', -0.0004779892448010916)	('R_IFGorb_T1', 0.00024394233622346536)	('Age', -0.00017814953875415045)	('L_PTL_T2', -7.280696965803177e-05)	
