predictors	pearson_correlation	mean_squared_error	r2	
rois + act_t1 + act_t2 + conn_t1 + conn_t2 + age + T1 + T2	0.28396092682277757	0.08545469004648328	0.06886651519316045	('L_SMA_T2', 0.01966647386665771)	('L_PTL_T1', -0.016783620836991333)	('L_IFGorb_T1', 0.015215678975211172)	('lIFG_to_lPTL_T1', 0.01180992250448443)	('T2', 0.01179165513630939)	('R_IFGorb_T1', 0.011499786427151557)	('rDLPFC_to_lPTL_T2', -0.010972698043840696)	('L_PTL_T2', -0.010386830698713838)	('L_IFGorb_T2', 0.010289533721393643)	('lSMA_to_lIFG_T2', 0.010091338156400302)	('L_DLPFC_T1', 0.009882611888666666)	('L_DLPFC_T2', 0.009530746638342313)	('L_DLPFC', 0.009122139918176113)	('rDLPFC_to_lIFG_T2', 0.006598075184738695)	('rDLPFC_to_lIFG_T1', 0.005902521466712861)	('L_PTL', -0.00581169304009633)	('lSMA_to_lPTL_T2', 0.005675791110769903)	('lIFG_to_lPTL_T2', -0.004690029283051699)	('rIFG_to_lIFG_T1', 0.00442702244789769)	('rDLPFC_to_lPTL_T1', 0.004145680212255382)	('R_DLPFC_T2', -0.004014862680372187)	('lDLPFC_to_lIFG_T2', 0.00382993417596275)	('rIFG_to_lIFG_T2', -0.0037352369814287766)	('lDLPFC_to_lPTL_T2', 0.003464642087294011)	('lSMA_to_lIFG_T1', 0.003321292489302082)	('L_SMA', -0.0030472049203110947)	('lPTL_to_lIFG_T2', -0.0030403594760094006)	('lPTL_to_lIFG_T1', -0.002972290304442647)	('L_SMA_T1', -0.002763260785931759)	('lDLPFC_to_lPTL_T1', 0.002247448069254474)	('R_IFGorb_T2', 0.002003493015155287)	('L_IFGorb', 0.0013402299126111636)	('lDLPFC_to_lIFG_T1', 0.0009747368798510336)	('Age', 0.0007361739568998384)	('T1', -0.0004911087993029043)	('lSMA_to_lPTL_T1', -0.00037860350025275603)	('R_DLPFC_T1', -7.447854237778524e-05)	
