predictors	pearson_correlation	mean_squared_error	r2	
rois + act_t1 + act_t2 + conn_t1 + conn_t2 + age + T1 + T2	-0.09644118927143687	0.08383002039233481	-0.061195947172715925	('L_IFGorb_T1', 0.016442244827910738)	('L_IFGorb', -0.012942526996288178)	('lIFG_to_lPTL_T1', 0.01269848643898645)	('L_SMA', 0.012410642011799084)	('lSMA_to_lIFG_T1', 0.01180220006781331)	('L_DLPFC_T2', 0.009295367613423481)	('lPTL_to_lIFG_T2', 0.008993191061691231)	('rIFG_to_lIFG_T1', -0.008419622385258696)	('lSMA_to_lPTL_T1', 0.006762717515250079)	('L_PTL_T2', 0.006569442773784793)	('rDLPFC_to_lIFG_T2', -0.0065299033699596516)	('lSMA_to_lIFG_T2', 0.006452244776718446)	('rIFG_to_lIFG_T2', 0.005996594942292977)	('rDLPFC_to_lIFG_T1', 0.00598890465083986)	('lDLPFC_to_lPTL_T1', 0.00560124878366933)	('L_DLPFC_T1', 0.005530346042777813)	('lDLPFC_to_lPTL_T2', -0.005228195085370061)	('Age', 0.005046660958731167)	('R_DLPFC_T1', 0.004394821480843267)	('lDLPFC_to_lIFG_T1', 0.004269546712256106)	('L_PTL', -0.004187783358446053)	('R_IFGorb_T1', -0.0040665301875319184)	('L_PTL_T1', 0.003412884500051091)	('R_DLPFC_T2', 0.003401957189277665)	('rDLPFC_to_lPTL_T2', -0.0032136108074379195)	('rDLPFC_to_lPTL_T1', 0.003136643017307527)	('L_DLPFC', 0.0030078836551296327)	('L_SMA_T2', -0.0028665566060327766)	('lIFG_to_lPTL_T2', -0.002724962891090574)	('L_IFGorb_T2', 0.0024566529836450505)	('T1', 0.002143104044961556)	('lDLPFC_to_lIFG_T2', -0.0012165839598321474)	('lPTL_to_lIFG_T1', 0.0011644423496988028)	('L_SMA_T1', -0.0009512268049887834)	('R_IFGorb_T2', 0.0007738097565735613)	('lSMA_to_lPTL_T2', 0.0006411419948948551)	('T2', -8.921707948979907e-06)	
