predictors	pearson_correlation	mean_squared_error	r2	
rois + act_t1 + act_t2 + conn_t1 + conn_t2 + age + T1 + T2	0.06619769935783537	0.09209739603314808	-0.0035139003293342963	('lDLPFC_to_lPTL_T1', 0.01268102103924961)	('rIFG_to_lIFG_T1', -0.012055729637630477)	('lSMA_to_lIFG_T1', 0.010635291126286674)	('rDLPFC_to_lIFG_T1', 0.008964880771897743)	('L_IFGorb_T2', 0.008307353467179224)	('rDLPFC_to_lPTL_T1', 0.007788576510835822)	('lSMA_to_lPTL_T1', 0.006693140518567774)	('rDLPFC_to_lIFG_T2', 0.006220233623380782)	('L_PTL_T2', -0.005781235660819438)	('lIFG_to_lPTL_T2', -0.005055185031510155)	('L_SMA_T1', -0.004881206348584489)	('R_DLPFC_T1', 0.004832461968389927)	('L_DLPFC_T2', 0.004697974716298679)	('L_DLPFC_T1', 0.004376765765760859)	('lDLPFC_to_lPTL_T2', 0.00425697247341969)	('L_PTL', 0.003473355516660138)	('lPTL_to_lIFG_T1', -0.0029666868089663007)	('rDLPFC_to_lPTL_T2', -0.0028541149360647683)	('lPTL_to_lIFG_T2', 0.0027771764416062213)	('R_DLPFC_T2', 0.002748077710528112)	('L_SMA', 0.002607230402167714)	('R_IFGorb_T1', -0.0022658941411047937)	('rIFG_to_lIFG_T2', 0.0022386384151464127)	('lDLPFC_to_lIFG_T2', -0.0022095988758073773)	('L_SMA_T2', -0.0016439756320918877)	('lDLPFC_to_lIFG_T1', -0.0014421924644815833)	('R_IFGorb_T2', 0.0014209270112420826)	('L_PTL_T1', 0.0013460130515903616)	('L_DLPFC', 0.0011487985674135002)	('lIFG_to_lPTL_T1', 0.0008831136968670492)	('T2', 0.0007084486651581962)	('lSMA_to_lIFG_T2', -0.0006042716256016789)	('lSMA_to_lPTL_T2', 0.00031701558251744327)	('L_IFGorb_T1', 0.0003048089570889967)	('T1', -0.0002114865947196726)	('L_IFGorb', 0.00016625067227352114)	('Age', -0.00014652673203916948)	
