predictors	pearson_correlation	mean_squared_error	r2	
rois + act_t1 + act_t2 + conn_t1 + conn_t2 + age + T1 + T2	-0.08551818808267021	0.1029549758140709	-0.12182052682905775	('L_IFGorb', 0.014903016039377668)	('lIFG_to_lPTL_T2', 0.014316465077014397)	('R_IFGorb_T1', 0.01249232235856314)	('lSMA_to_lPTL_T2', 0.010851029411583914)	('rDLPFC_to_lPTL_T1', 0.010155252330621853)	('L_SMA_T2', 0.009265401079755705)	('L_SMA_T1', 0.009014254063587631)	('lPTL_to_lIFG_T1', 0.008984180315120632)	('T2', -0.008413411073275631)	('lDLPFC_to_lPTL_T2', 0.007502481246478316)	('Age', 0.007125670345328045)	('rDLPFC_to_lIFG_T2', 0.006633915123161524)	('T1', 0.006599940722763238)	('lSMA_to_lIFG_T1', 0.006338127155809192)	('lDLPFC_to_lIFG_T1', 0.005833442313436026)	('R_DLPFC_T2', 0.005777119131070311)	('R_DLPFC_T1', -0.005635478582859537)	('rIFG_to_lIFG_T2', -0.005405868828809515)	('lPTL_to_lIFG_T2', 0.005107357465903943)	('lSMA_to_lIFG_T2', 0.0048134249235676)	('lDLPFC_to_lPTL_T1', -0.004311903321676632)	('L_PTL', -0.0036873050963266976)	('lSMA_to_lPTL_T1', 0.002866361576285281)	('L_IFGorb_T1', 0.0027993608173853815)	('L_SMA', -0.0027269389440873026)	('L_DLPFC', -0.002716111005845326)	('rIFG_to_lIFG_T1', -0.002499643740619006)	('lIFG_to_lPTL_T1', -0.0023850271229335566)	('L_IFGorb_T2', -0.0023462629179659992)	('lDLPFC_to_lIFG_T2', -0.00220315859487791)	('L_PTL_T1', -0.0016644589540355278)	('rDLPFC_to_lPTL_T2', -0.001661026676124914)	('L_DLPFC_T1', -0.001573366463119223)	('rDLPFC_to_lIFG_T1', 0.0014658315180061214)	('L_PTL_T2', -0.0010887909189651317)	('L_DLPFC_T2', 0.0010608321696123845)	('R_IFGorb_T2', 6.74486162810737e-06)	
