predictors	pearson_correlation	mean_squared_error	r2	
rois + act_t1 + act_t2 + conn_t1 + conn_t2 + age + T1 + T2	0.02792499093884397	0.10277048556493926	-0.11981027966189384	('lDLPFC_to_lPTL_T1', 0.03976251914008431)	('rDLPFC_to_lIFG_T1', -0.023944168857667602)	('L_PTL_T2', 0.02290478495322523)	('rIFG_to_lIFG_T1', -0.018879765067233854)	('T2', -0.018545378064992304)	('R_IFGorb_T1', 0.017463833420023916)	('rDLPFC_to_lIFG_T2', 0.017431074465940725)	('L_DLPFC_T2', 0.01668674549569817)	('L_PTL', 0.01589325786190056)	('lPTL_to_lIFG_T2', 0.014579207367875015)	('R_DLPFC_T1', -0.013576929348175136)	('rDLPFC_to_lPTL_T1', 0.01325601261705951)	('rDLPFC_to_lPTL_T2', -0.012149380921455151)	('L_SMA_T2', 0.011479287455588447)	('lIFG_to_lPTL_T2', -0.01146562329387362)	('L_SMA_T1', -0.011354986162181412)	('lDLPFC_to_lIFG_T2', 0.011200883541312285)	('lSMA_to_lPTL_T1', 0.011045619727691957)	('T1', 0.010476047578676359)	('L_IFGorb_T2', -0.00930420760655045)	('lSMA_to_lIFG_T1', 0.00853132502128863)	('L_SMA', -0.008529397430695841)	('lSMA_to_lIFG_T2', 0.008350329942575424)	('rIFG_to_lIFG_T2', 0.00808832585400669)	('L_DLPFC_T1', 0.006355363151445229)	('R_DLPFC_T2', 0.006078259929215037)	('L_IFGorb_T1', -0.005977371625644532)	('L_PTL_T1', 0.005794182065965451)	('lDLPFC_to_lIFG_T1', -0.0031759876502336767)	('R_IFGorb_T2', -0.003047815477186179)	('Age', -0.0028803399321014316)	('lPTL_to_lIFG_T1', 0.0024810961978973863)	('L_IFGorb', 0.0021727275305460933)	('lDLPFC_to_lPTL_T2', -0.001707042498624204)	('L_DLPFC', -0.0008642581684402208)	('lSMA_to_lPTL_T2', -0.000225703793009868)	('lIFG_to_lPTL_T1', -6.687777949241074e-05)	
