predictors	pearson_correlation	mean_squared_error	r2	
rois + act_t1 + act_t2 + conn_t1 + conn_t2 + age + T1 + T2	0.03183299796786155	0.1114493972660867	-0.21437764971758622	('L_IFGorb_T2', 0.01952243320525293)	('Age', 0.0191356521033957)	('lPTL_to_lIFG_T2', -0.01664917508558568)	('lSMA_to_lPTL_T2', 0.012823929608580045)	('rDLPFC_to_lIFG_T2', 0.010114228010556345)	('L_SMA_T1', 0.009909893306209235)	('rIFG_to_lIFG_T2', -0.008403218107106633)	('rDLPFC_to_lPTL_T2', 0.008366843093144581)	('L_IFGorb_T1', 0.00815441746759439)	('rDLPFC_to_lPTL_T1', 0.007593929085861525)	('T2', 0.007003488863639213)	('rIFG_to_lIFG_T1', 0.006754850469667062)	('lIFG_to_lPTL_T2', 0.006410680916749091)	('T1', -0.006405836708739845)	('lDLPFC_to_lIFG_T2', 0.005282306589248259)	('L_DLPFC_T1', 0.005215280224306347)	('L_SMA', 0.005005763164468218)	('lDLPFC_to_lPTL_T1', 0.004716887371192936)	('L_PTL_T2', -0.0045860743785937986)	('R_DLPFC_T1', -0.004352377252463462)	('lSMA_to_lIFG_T2', 0.004223255874056567)	('L_SMA_T2', -0.004093565324061026)	('lSMA_to_lPTL_T1', 0.0037314880512074565)	('R_IFGorb_T2', 0.0033563579474831322)	('L_IFGorb', 0.002871749357941875)	('L_DLPFC_T2', 0.0025246037195828805)	('L_DLPFC', 0.002486257529192045)	('lIFG_to_lPTL_T1', -0.0022058344965022623)	('R_IFGorb_T1', 0.002056311074644313)	('lSMA_to_lIFG_T1', 0.0020020912962786645)	('L_PTL_T1', -0.0015867149479670266)	('lPTL_to_lIFG_T1', -0.0011110446669606545)	('R_DLPFC_T2', -0.0010324179359219943)	('L_PTL', -0.00019615217239961339)	('rDLPFC_to_lIFG_T1', 0.000161817790864479)	('lDLPFC_to_lPTL_T2', -0.00015651171529141257)	('lDLPFC_to_lIFG_T1', 2.8935755416352783e-05)	
