predictors	pearson_correlation	mean_squared_error	r2	
rois + act_t1 + act_t2 + conn_t1 + conn_t2 + age + T1 + T2	0.0010039182701370277	0.09531587755641764	-0.038583197461162566	('T2', 0.020238647604264765)	('lDLPFC_to_lPTL_T1', 0.016291006335315005)	('lIFG_to_lPTL_T2', 0.016037443185329864)	('lDLPFC_to_lIFG_T1', 0.015423294370173935)	('lIFG_to_lPTL_T1', -0.014155403804258065)	('L_PTL_T2', -0.012017089094859653)	('rDLPFC_to_lIFG_T2', -0.01095813834599113)	('lSMA_to_lPTL_T1', 0.010830779701781127)	('rIFG_to_lIFG_T2', -0.009966134639845832)	('Age', 0.009264037599965847)	('L_IFGorb_T1', 0.009045342214394656)	('rIFG_to_lIFG_T1', 0.008995482837985288)	('lSMA_to_lPTL_T2', 0.008105874141823129)	('rDLPFC_to_lIFG_T1', 0.006801578436159372)	('L_IFGorb_T2', 0.005789348748531806)	('lDLPFC_to_lIFG_T2', 0.005644836708275353)	('L_PTL_T1', 0.0050496659455179825)	('R_IFGorb_T2', 0.004646145563006437)	('T1', 0.00452984735632053)	('L_IFGorb', 0.003856866424525683)	('lSMA_to_lIFG_T1', -0.0038392644130763793)	('R_IFGorb_T1', 0.0033175635386301265)	('lDLPFC_to_lPTL_T2', 0.003143719014090632)	('L_SMA_T1', -0.0028896518082486304)	('L_PTL', 0.0027001309543517897)	('lSMA_to_lIFG_T2', 0.0025841981673088337)	('R_DLPFC_T2', 0.0019290160330535824)	('rDLPFC_to_lPTL_T2', 0.001922941293978478)	('L_SMA_T2', 0.0018080646616602644)	('R_DLPFC_T1', 0.0014467103877906441)	('rDLPFC_to_lPTL_T1', 0.001028173266147522)	('L_DLPFC', -0.0009896692465225323)	('L_DLPFC_T1', 0.0009105350450814788)	('lPTL_to_lIFG_T1', -0.0004324577936216595)	('L_SMA', 0.0002352005855405731)	('lPTL_to_lIFG_T2', -0.0001460332824854666)	('L_DLPFC_T2', 0.00010936236251936941)	
