predictors	pearson_correlation	mean_squared_error	r2	
rois + act_t1 + act_t2 + conn_t1 + conn_t2 + age + T1 + T2	-0.024105209820267988	0.08036849114420187	-0.017376790360553507	('lPTL_to_lIFG_T1', 0.015741809997913626)	('lDLPFC_to_lPTL_T2', 0.01566461066447361)	('lDLPFC_to_lIFG_T2', 0.01469940496930754)	('rIFG_to_lIFG_T2', -0.01136044457868575)	('L_DLPFC', 0.008189430197235488)	('rIFG_to_lIFG_T1', -0.0072578200398878984)	('Age', 0.007132203441213627)	('rDLPFC_to_lPTL_T1', 0.006970371152983413)	('L_IFGorb_T2', 0.0068131217318257945)	('T1', 0.006534633671593427)	('rDLPFC_to_lIFG_T2', -0.005795567565274152)	('L_DLPFC_T1', 0.005446039938891399)	('T2', 0.005121250994619922)	('R_IFGorb_T1', -0.0051062106957346625)	('L_PTL_T1', 0.00506801799896049)	('lSMA_to_lIFG_T1', 0.0046053973107299155)	('lSMA_to_lIFG_T2', 0.004605253518024461)	('L_IFGorb', 0.003853717275342597)	('rDLPFC_to_lIFG_T1', -0.0034267939298616313)	('L_SMA_T1', 0.0031308656513295598)	('R_DLPFC_T2', -0.0026401273973005552)	('L_SMA_T2', 0.0025167336138710358)	('lSMA_to_lPTL_T1', -0.0024776482863463037)	('L_IFGorb_T1', 0.0024627564984504554)	('L_DLPFC_T2', -0.0023130037983779927)	('R_IFGorb_T2', -0.002282068749978364)	('lDLPFC_to_lPTL_T1', -0.002099730215751216)	('lIFG_to_lPTL_T1', 0.0020499145953373227)	('lIFG_to_lPTL_T2', -0.0019074018772302715)	('rDLPFC_to_lPTL_T2', 0.0011921965710135877)	('L_PTL_T2', 0.0011867632050827912)	('R_DLPFC_T1', 0.0011545715549888553)	('lDLPFC_to_lIFG_T1', 0.0007712775951702511)	('lPTL_to_lIFG_T2', 0.00045356803801468434)	('L_SMA', 0.0004087872184736615)	('lSMA_to_lPTL_T2', -0.00040687757139283424)	('L_PTL', -4.340933388122146e-05)	
