predictors	pearson_correlation	mean_squared_error	r2	
rois + act_t1 + act_t2 + conn_t1 + conn_t2 + age + T1 + T2	0.03130256695400095	0.08094086184833738	-0.02462237456375793	('lSMA_to_lIFG_T2', 0.021654201784090946)	('rDLPFC_to_lPTL_T1', 0.019642208507492917)	('Age', 0.016700006778058968)	('lDLPFC_to_lIFG_T1', -0.014676378203900161)	('L_SMA_T1', 0.014019475311655637)	('L_SMA', 0.013634181820582519)	('L_DLPFC_T1', 0.011588645238431906)	('R_IFGorb_T2', 0.009502173081009762)	('L_DLPFC', 0.008984101772460153)	('T1', 0.008048300802096654)	('L_PTL', -0.007968308468899014)	('L_DLPFC_T2', -0.007658416704269574)	('lSMA_to_lPTL_T2', 0.0075855173246420415)	('rDLPFC_to_lPTL_T2', 0.007045610265866378)	('R_DLPFC_T1', 0.0067751279098136625)	('R_IFGorb_T1', -0.00661338894227235)	('lIFG_to_lPTL_T1', 0.006394180417394291)	('rIFG_to_lIFG_T2', 0.005998122645191381)	('L_SMA_T2', 0.0050333863703087124)	('lDLPFC_to_lPTL_T1', -0.004827488546293333)	('lPTL_to_lIFG_T1', -0.004787719308724596)	('rDLPFC_to_lIFG_T1', 0.004754259900809227)	('lIFG_to_lPTL_T2', 0.00462630582926199)	('lPTL_to_lIFG_T2', 0.004596275657525502)	('lDLPFC_to_lPTL_T2', 0.0035462388697777686)	('lSMA_to_lPTL_T1', 0.0031042783594267625)	('lSMA_to_lIFG_T1', 0.0030918180067673186)	('L_IFGorb_T2', 0.002784763192044932)	('T2', 0.0022619110505655063)	('R_DLPFC_T2', 0.0022055499524174524)	('rIFG_to_lIFG_T1', 0.001942483434095477)	('L_IFGorb_T1', 0.0017559294358407739)	('rDLPFC_to_lIFG_T2', 0.0017496521738559576)	('lDLPFC_to_lIFG_T2', 0.0013581273542001826)	('L_PTL_T2', 0.0010857879234686962)	('L_IFGorb', 0.00017237201589095488)	('L_PTL_T1', 0.00010294777596268392)	
