predictors	pearson_correlation	mean_squared_error	r2	
rois + act_t1 + act_t2 + conn_t1 + conn_t2 + age + T1 + T2	-0.084244162046291	0.0962542612844006	-0.04880803720076621	('T2', 0.02719013359315972)	('rDLPFC_to_lPTL_T1', 0.02629253721056111)	('lSMA_to_lIFG_T2', 0.02301728159027834)	('rIFG_to_lIFG_T2', 0.022871499890363196)	('L_SMA_T1', 0.018659866441674753)	('lSMA_to_lPTL_T2', -0.018592374357335774)	('L_SMA', -0.01703413791839921)	('lPTL_to_lIFG_T2', -0.01676877147488035)	('lDLPFC_to_lPTL_T1', -0.01647247033855862)	('L_DLPFC_T1', 0.014439244699374573)	('Age', 0.01366612526760682)	('rDLPFC_to_lIFG_T1', 0.013558694253971156)	('lDLPFC_to_lPTL_T2', -0.012300571131110917)	('lDLPFC_to_lIFG_T1', 0.011691343638104607)	('lSMA_to_lIFG_T1', 0.011475683061361593)	('L_DLPFC_T2', 0.00923728201959127)	('lPTL_to_lIFG_T1', -0.007762874228753295)	('L_DLPFC', 0.006465983040669013)	('R_IFGorb_T2', -0.006154802994279733)	('L_SMA_T2', 0.006045510919459769)	('L_IFGorb', 0.004761142042603702)	('L_PTL_T1', -0.004739754199980696)	('T1', -0.004603899699257395)	('L_PTL', 0.004024254696735662)	('R_IFGorb_T1', 0.0032689227345579102)	('rIFG_to_lIFG_T1', 0.0032146707085761368)	('lSMA_to_lPTL_T1', 0.0031280655766120482)	('R_DLPFC_T1', -0.0025964262650205005)	('lIFG_to_lPTL_T2', 0.002445914422206694)	('L_IFGorb_T1', -0.0023371533593596907)	('rDLPFC_to_lPTL_T2', -0.0022923347304074034)	('L_IFGorb_T2', 0.002243853671598584)	('L_PTL_T2', 0.002150612572679713)	('lIFG_to_lPTL_T1', 0.0016921202730265314)	('lDLPFC_to_lIFG_T2', -0.001131824310456254)	('R_DLPFC_T2', 0.001047078843351684)	('rDLPFC_to_lIFG_T2', -0.0007321461966480372)	
