predictors	pearson_correlation	mean_squared_error	r2	
rois + act_t1 + act_t2 + conn_t1 + conn_t2 + age + T1 + T2	-0.014046102996489566	0.08627656560031015	-0.09216652128360647	('L_PTL_T1', -0.02069184922476409)	('L_SMA', 0.01975244726155055)	('lPTL_to_lIFG_T2', 0.01860518342544526)	('L_SMA_T2', 0.01741189322033904)	('L_DLPFC', 0.01646212008739472)	('lSMA_to_lPTL_T1', 0.015702108596696723)	('L_IFGorb_T1', 0.014005728192798632)	('L_DLPFC_T1', 0.012531112746326588)	('R_DLPFC_T1', -0.012200984254647154)	('lPTL_to_lIFG_T1', 0.012196163964261703)	('L_SMA_T1', 0.011536294476846957)	('R_IFGorb_T1', 0.0103985665795915)	('lSMA_to_lIFG_T2', 0.009178884357818445)	('rDLPFC_to_lPTL_T2', 0.009038048908814673)	('R_DLPFC_T2', 0.008719337113599538)	('L_IFGorb_T2', -0.00805236314764241)	('lDLPFC_to_lIFG_T1', 0.007971438481171652)	('L_PTL_T2', -0.007776141567952814)	('lSMA_to_lPTL_T2', -0.007426292216425451)	('T1', 0.0073929829060475965)	('lDLPFC_to_lPTL_T2', 0.007039601261302785)	('L_IFGorb', 0.007003812458443604)	('rIFG_to_lIFG_T2', 0.006626285586790529)	('R_IFGorb_T2', 0.006159378257610983)	('T2', 0.00613996818634995)	('Age', -0.0058515321572051625)	('rDLPFC_to_lIFG_T2', -0.004999624436469835)	('rIFG_to_lIFG_T1', -0.004900696834039372)	('lIFG_to_lPTL_T1', -0.004627109553095533)	('L_PTL', -0.003977083375140036)	('lSMA_to_lIFG_T1', 0.0038675586221401308)	('lDLPFC_to_lIFG_T2', 0.0037911851663426067)	('rDLPFC_to_lPTL_T1', -0.0034323490888412)	('rDLPFC_to_lIFG_T1', -0.0032030335757709215)	('L_DLPFC_T2', 0.002870160047862263)	('lIFG_to_lPTL_T2', -0.001342205440286254)	('lDLPFC_to_lPTL_T1', -0.0011976780796856944)	
