predictors	pearson_correlation	mean_squared_error	r2	
rois + act_t1 + act_t2 + conn_t1 + conn_t2 + age + T1 + T2	-0.06968372418868118	0.10561095911267944	-0.15076071704069993	('lPTL_to_lIFG_T1', 0.015332706201666805)	('rDLPFC_to_lPTL_T1', 0.012607319567784278)	('R_DLPFC_T2', 0.012254521859519779)	('rDLPFC_to_lIFG_T1', 0.011472911028109893)	('L_PTL_T1', -0.011143316870456409)	('lDLPFC_to_lIFG_T1', 0.010404744447698754)	('L_PTL', -0.009812704464140122)	('lDLPFC_to_lPTL_T2', 0.009480612675029759)	('L_SMA_T1', 0.008770989184677034)	('rIFG_to_lIFG_T2', 0.00841259381956421)	('R_IFGorb_T1', 0.008307401374400938)	('rIFG_to_lIFG_T1', 0.008298615161233744)	('L_IFGorb', -0.007364737092448024)	('lIFG_to_lPTL_T2', 0.006719351453328756)	('L_SMA_T2', 0.00637461941191526)	('lSMA_to_lPTL_T2', 0.006107004268621557)	('lDLPFC_to_lIFG_T2', -0.0055759619340866986)	('L_PTL_T2', -0.005147407416987843)	('R_DLPFC_T1', 0.00511043289711225)	('lPTL_to_lIFG_T2', 0.005010436356546486)	('lSMA_to_lPTL_T1', 0.004400393195902966)	('rDLPFC_to_lIFG_T2', 0.003971973429436874)	('R_IFGorb_T2', -0.0034073809852863597)	('lIFG_to_lPTL_T1', 0.0032997188726209908)	('L_IFGorb_T2', -0.0030458112560622385)	('L_DLPFC_T2', -0.002676297641375409)	('lSMA_to_lIFG_T2', 0.002636243767837007)	('lDLPFC_to_lPTL_T1', -0.0024432158546396254)	('T2', -0.00240350394241129)	('Age', -0.0021309885932579067)	('T1', -0.0021004434600835125)	('L_DLPFC', -0.0018449850774035577)	('lSMA_to_lIFG_T1', -0.0017342414872700896)	('L_DLPFC_T1', -0.0014039110069529227)	('L_SMA', -0.0010156292240829446)	('rDLPFC_to_lPTL_T2', 0.000294503162138568)	('L_IFGorb_T1', -0.00012227545876723528)	
