predictors	pearson_correlation	mean_squared_error	r2	
rois + act_t1 + act_t2 + conn_t1 + conn_t2 + age + T1 + T2	0.12604266769981334	0.10047181652487791	-0.0947634658179064	('R_IFGorb_T2', 0.026712080056515628)	('lPTL_to_lIFG_T1', 0.022500042568243356)	('lDLPFC_to_lIFG_T2', 0.021016729226908653)	('L_PTL', 0.018581513588430017)	('lDLPFC_to_lPTL_T1', 0.016241518972229637)	('rDLPFC_to_lPTL_T2', 0.016229350387423687)	('lSMA_to_lIFG_T1', -0.015874771867649903)	('rIFG_to_lIFG_T2', -0.014383615217039573)	('lDLPFC_to_lPTL_T2', 0.012641748521240077)	('L_SMA_T2', 0.012477725889157918)	('R_DLPFC_T2', 0.01089968221276957)	('L_DLPFC', 0.010743408158262694)	('rDLPFC_to_lPTL_T1', 0.009815422452300243)	('L_IFGorb_T2', 0.009675119782893652)	('Age', -0.008545775643345953)	('L_DLPFC_T1', 0.007540735409799109)	('L_PTL_T2', 0.006359853617968748)	('lPTL_to_lIFG_T2', 0.005474498630267698)	('lSMA_to_lPTL_T1', 0.0049309394670444835)	('lSMA_to_lIFG_T2', -0.004591373166619596)	('L_PTL_T1', -0.004334605654455321)	('rIFG_to_lIFG_T1', -0.004308712986908052)	('L_IFGorb', 0.004225448290267356)	('L_IFGorb_T1', 0.003407011511974186)	('T2', 0.0033627092307995537)	('lIFG_to_lPTL_T1', -0.00317048124165546)	('R_IFGorb_T1', -0.0030327574428292174)	('T1', 0.0029113765959629303)	('R_DLPFC_T1', 0.00207188396428215)	('L_SMA_T1', 0.0020447751171498)	('lSMA_to_lPTL_T2', 0.0019338809288915017)	('lIFG_to_lPTL_T2', 0.0015012726530553295)	('rDLPFC_to_lIFG_T1', 0.001348640983828361)	('rDLPFC_to_lIFG_T2', -0.0009319476839583278)	('lDLPFC_to_lIFG_T1', -0.0008173161729911033)	('L_SMA', 0.000785852293276906)	('L_DLPFC_T2', -0.0004025164917717214)	
