predictors	pearson_correlation	mean_squared_error	r2	
rois + act_t1 + act_t2 + conn_t1 + conn_t2 + age + T1 + T2	-0.10651362424832479	0.08575407746790101	-0.08555239562834038	('L_DLPFC_T1', 0.014433654347859481)	('lDLPFC_to_lPTL_T2', 0.013586892362398184)	('lIFG_to_lPTL_T2', 0.013036233842869083)	('Age', 0.011736071391119889)	('lSMA_to_lIFG_T2', 0.01109859732628719)	('rDLPFC_to_lIFG_T1', 0.010838694440475626)	('lPTL_to_lIFG_T2', 0.010361368081753917)	('rIFG_to_lIFG_T2', 0.009727161197908578)	('rIFG_to_lIFG_T1', 0.00892066867739396)	('lDLPFC_to_lPTL_T1', 0.008787693792918985)	('T1', 0.008143570245694672)	('L_SMA_T2', -0.008091047526169848)	('lDLPFC_to_lIFG_T2', -0.007520100675873093)	('R_DLPFC_T1', 0.0074699475667902625)	('lSMA_to_lPTL_T2', 0.006598596086942856)	('lIFG_to_lPTL_T1', -0.005832193931633982)	('L_SMA', 0.005453232928489972)	('L_PTL', 0.00542839321827568)	('lSMA_to_lIFG_T1', -0.00536527952298526)	('lPTL_to_lIFG_T1', -0.005338276485356704)	('T2', -0.004954778381145584)	('R_IFGorb_T1', -0.004396576925009645)	('lSMA_to_lPTL_T1', -0.003945236459689205)	('L_PTL_T1', 0.0037976681179746376)	('L_PTL_T2', 0.0033804522980301196)	('L_SMA_T1', 0.0033656739274677016)	('L_DLPFC', 0.003129498484959739)	('rDLPFC_to_lIFG_T2', 0.0028851401055744116)	('L_IFGorb_T1', 0.002503216317810868)	('L_IFGorb', -0.0023327760374751475)	('rDLPFC_to_lPTL_T1', 0.0021686669582342993)	('L_IFGorb_T2', 0.0012258631916960978)	('L_DLPFC_T2', -0.0008223715681506248)	('lDLPFC_to_lIFG_T1', 0.0008170231180466945)	('R_IFGorb_T2', -0.0008161823956763871)	('rDLPFC_to_lPTL_T2', -0.000696069191459984)	('R_DLPFC_T2', 0.00019008200573198428)	
