predictors	pearson_correlation	mean_squared_error	r2	
rois + act_t1 + act_t2 + conn_t1 + conn_t2 + age + T1 + T2	0.06613477572636575	0.08445312915210622	-0.06908381941016217	('L_SMA', 0.016790602682071127)	('R_IFGorb_T1', 0.013630999462582418)	('R_DLPFC_T2', 0.012616030743202871)	('lSMA_to_lIFG_T1', 0.012381727742546688)	('lSMA_to_lPTL_T1', 0.012057801715705415)	('R_IFGorb_T2', 0.011168002594390448)	('lDLPFC_to_lPTL_T2', 0.010881443979370853)	('rIFG_to_lIFG_T2', 0.009734464440382952)	('Age', 0.00835289583935952)	('L_IFGorb', 0.00811232135528866)	('lPTL_to_lIFG_T2', 0.007679136001329837)	('lSMA_to_lPTL_T2', 0.007045276515880248)	('lIFG_to_lPTL_T2', -0.006921683501370258)	('L_DLPFC_T1', 0.006830596709396062)	('T2', 0.006433603497547735)	('lDLPFC_to_lPTL_T1', 0.005361810667384207)	('R_DLPFC_T1', -0.004968577258466833)	('lPTL_to_lIFG_T1', -0.004675927408926857)	('L_IFGorb_T1', -0.004337249322013656)	('rDLPFC_to_lPTL_T1', -0.004159578544546027)	('lIFG_to_lPTL_T1', -0.003969766043402263)	('rIFG_to_lIFG_T1', -0.003949653922998655)	('lDLPFC_to_lIFG_T2', 0.003845714351388455)	('L_SMA_T1', 0.0035606327186481356)	('lSMA_to_lIFG_T2', 0.0035372204479229958)	('T1', -0.002882462246611645)	('L_DLPFC', -0.002776709505907282)	('L_DLPFC_T2', -0.0024916713788127416)	('lDLPFC_to_lIFG_T1', -0.002307170475906628)	('L_PTL', 0.0022800564421067305)	('L_PTL_T2', 0.0022620501684037157)	('rDLPFC_to_lIFG_T1', -0.0012845431898178303)	('L_PTL_T1', -0.0011936048138154118)	('rDLPFC_to_lIFG_T2', 0.00109206820645344)	('rDLPFC_to_lPTL_T2', -0.0010775551379375017)	('L_SMA_T2', 0.0009371893047190221)	('L_IFGorb_T2', 0.00040017992540692944)	
