predictors	pearson_correlation	mean_squared_error	r2	
rois + act_t1 + act_t2 + conn_t1 + conn_t2 + age + T1 + T2	0.07264349408513086	0.07914234237539973	-0.0018550942188380048	('lPTL_to_lIFG_T2', 0.01571869685200323)	('L_DLPFC_T2', 0.01388114924422988)	('lSMA_to_lPTL_T2', 0.013341369040719546)	('lDLPFC_to_lPTL_T1', 0.012042860014853739)	('L_PTL', -0.010901608554978083)	('lPTL_to_lIFG_T1', 0.010635832205667588)	('R_DLPFC_T1', 0.010137854597574538)	('lIFG_to_lPTL_T1', 0.00993098900997441)	('rIFG_to_lIFG_T1', 0.009700604116946862)	('rDLPFC_to_lIFG_T2', 0.00891520160280842)	('lDLPFC_to_lPTL_T2', 0.007326319728979576)	('R_IFGorb_T2', 0.007325956300839822)	('L_SMA_T1', 0.00647405861713093)	('lSMA_to_lIFG_T1', 0.005636426802506932)	('rDLPFC_to_lIFG_T1', 0.005173846850275806)	('R_IFGorb_T1', 0.005149260729485565)	('lDLPFC_to_lIFG_T1', 0.0048478848206443695)	('L_SMA', 0.004710859228080648)	('L_DLPFC_T1', -0.004664980965185008)	('rIFG_to_lIFG_T2', 0.00456463208359529)	('L_IFGorb_T2', -0.004478059526109143)	('lSMA_to_lPTL_T1', 0.004018417945237451)	('lSMA_to_lIFG_T2', 0.0034383351401915626)	('L_PTL_T1', 0.0028426242677461514)	('T2', -0.002379818889824096)	('L_SMA_T2', 0.0022424047126321247)	('lIFG_to_lPTL_T2', 0.0021511665067128973)	('T1', -0.0021456197593143623)	('L_DLPFC', 0.0020558169286727344)	('L_PTL_T2', -0.001952893061983658)	('lDLPFC_to_lIFG_T2', 0.0016441618687867662)	('R_DLPFC_T2', 0.0013523210035529863)	('L_IFGorb', 0.0010198229753448154)	('rDLPFC_to_lPTL_T2', 0.0009172574133781861)	('Age', -0.0009101938605000088)	('rDLPFC_to_lPTL_T1', -0.0001262163196184998)	('L_IFGorb_T1', -6.096173114343397e-05)	
