predictors	pearson_correlation	mean_squared_error	r2	
rois + act_t1 + act_t2 + conn_t1 + conn_t2 + age + T1 + T2	0.24957545965870492	0.07424863224629874	0.060093898890495545	('lPTL_to_lIFG_T1', 0.012340367692219424)	('rDLPFC_to_lPTL_T1', 0.011555157748990099)	('R_DLPFC_T2', 0.01127554199255898)	('L_DLPFC_T1', 0.010934009529671097)	('rIFG_to_lIFG_T1', 0.010084282844821066)	('L_IFGorb', 0.009845498911674118)	('R_IFGorb_T1', 0.008997260364518523)	('T1', 0.008963690113526851)	('L_SMA', -0.007150616479758861)	('L_PTL', 0.007122935317546718)	('lIFG_to_lPTL_T2', 0.0070328456362028806)	('lPTL_to_lIFG_T2', 0.006099657444654098)	('lDLPFC_to_lPTL_T1', -0.006099252553970972)	('lSMA_to_lPTL_T1', 0.0059687372851055754)	('L_PTL_T1', 0.005612055717727266)	('rDLPFC_to_lIFG_T2', 0.005416576574201962)	('rDLPFC_to_lPTL_T2', -0.005318194887354637)	('L_SMA_T1', 0.005280030499722053)	('T2', -0.00480200422023447)	('R_DLPFC_T1', 0.004050861375979084)	('L_DLPFC_T2', 0.0038896580209477716)	('lDLPFC_to_lPTL_T2', 0.0033833455501010227)	('Age', -0.0030116594055373965)	('R_IFGorb_T2', 0.0029725814149247423)	('rIFG_to_lIFG_T2', -0.0027419476298574546)	('lSMA_to_lIFG_T1', -0.002666441767436263)	('lIFG_to_lPTL_T1', -0.002655270446214594)	('L_SMA_T2', 0.0024771397494911342)	('lSMA_to_lPTL_T2', -0.0021277117939994825)	('L_IFGorb_T2', -0.0015353608065503605)	('lDLPFC_to_lIFG_T1', 0.0013238442173277602)	('lSMA_to_lIFG_T2', 0.0010982428426382592)	('L_DLPFC', 0.0010610928433923816)	('L_PTL_T2', -0.0010098711292066463)	('L_IFGorb_T1', 0.00032428314074664613)	('rDLPFC_to_lIFG_T1', 0.00025270465736009786)	('lDLPFC_to_lIFG_T2', 0.00024879820059151)	
