predictors	pearson_correlation	mean_squared_error	r2	
rois + act_t1 + act_t2 + conn_t1 + conn_t2 + age + T1 + T2	0.21853304995006478	0.09580523550217605	-0.2127890123015299	('lSMA_to_lIFG_T1', 0.02402953582648544)	('L_IFGorb', 0.020220029042053972)	('L_SMA', 0.01922014811953393)	('Age', 0.018598459779574823)	('L_SMA_T2', 0.01751013213710661)	('rIFG_to_lIFG_T1', 0.016889373327461994)	('lDLPFC_to_lPTL_T2', -0.01611112597014565)	('rDLPFC_to_lPTL_T1', -0.014610637042096723)	('lPTL_to_lIFG_T2', 0.014365179640720274)	('rDLPFC_to_lIFG_T1', 0.01431953598262371)	('lIFG_to_lPTL_T1', 0.011756819330772375)	('R_DLPFC_T2', 0.01164699520866724)	('L_PTL_T2', 0.011572588970863594)	('L_IFGorb_T2', 0.010859922360626726)	('lPTL_to_lIFG_T1', 0.010768402370836922)	('rDLPFC_to_lIFG_T2', 0.010758712967386973)	('L_PTL', 0.009683987707771064)	('lSMA_to_lPTL_T2', -0.009095299196909351)	('R_DLPFC_T1', -0.007821744393100172)	('L_DLPFC_T2', 0.007707493996217129)	('L_IFGorb_T1', -0.007272258907632879)	('lDLPFC_to_lIFG_T1', 0.00697716327352488)	('rDLPFC_to_lPTL_T2', 0.005707824993760311)	('lDLPFC_to_lPTL_T1', 0.005667040833146383)	('lSMA_to_lIFG_T2', -0.005544805959366412)	('lDLPFC_to_lIFG_T2', 0.004885768928298476)	('lIFG_to_lPTL_T2', -0.00441308921541303)	('rIFG_to_lIFG_T2', 0.003946564479276706)	('R_IFGorb_T1', 0.003647885736743609)	('L_DLPFC_T1', 0.0031934623666939744)	('T1', -0.0025251103959843635)	('lSMA_to_lPTL_T1', 0.00231060121007805)	('R_IFGorb_T2', -0.002158763205920365)	('L_SMA_T1', -0.0013173039166582995)	('T2', 0.001058481882251289)	('L_PTL_T1', -0.0008844249165603962)	('L_DLPFC', 3.8937831675187116e-05)	
