predictors	pearson_correlation	mean_squared_error	r2	
rois + act_t1 + act_t2 + conn_t1 + conn_t2 + age + T1 + T2	0.0025110204893630805	0.09505817388100776	-0.03577520036701354	('lDLPFC_to_lPTL_T2', 0.02655963327362061)	('lIFG_to_lPTL_T2', -0.023559091757140715)	('lIFG_to_lPTL_T1', 0.01970478588484885)	('L_DLPFC', 0.01922032074159488)	('R_DLPFC_T2', 0.015504586647515679)	('T2', 0.01463535729247426)	('lDLPFC_to_lIFG_T1', 0.01409960076504924)	('L_SMA_T2', 0.012753317407167036)	('rDLPFC_to_lPTL_T2', 0.012282120548872648)	('L_DLPFC_T2', 0.012066507884962968)	('rDLPFC_to_lIFG_T2', -0.011810312394659468)	('T1', 0.011430697770631014)	('L_DLPFC_T1', 0.010686893531212814)	('R_IFGorb_T2', 0.01068336028844551)	('L_SMA_T1', -0.009834205293497442)	('L_PTL_T2', -0.009731752287776832)	('lDLPFC_to_lIFG_T2', 0.00965590315389226)	('L_PTL', 0.00869846656826443)	('lSMA_to_lPTL_T1', -0.008342115419916826)	('lPTL_to_lIFG_T1', -0.008279214364729623)	('lSMA_to_lIFG_T2', 0.008272716830528529)	('L_IFGorb_T1', 0.007777294395019864)	('rIFG_to_lIFG_T2', -0.006879432656900406)	('L_IFGorb', -0.0067938306730796075)	('rDLPFC_to_lIFG_T1', 0.006060562258427578)	('rIFG_to_lIFG_T1', 0.005801811146786211)	('L_IFGorb_T2', 0.005775943909858874)	('L_PTL_T1', -0.0056778423215878985)	('R_DLPFC_T1', 0.004446343663430503)	('lSMA_to_lIFG_T1', 0.004296449211369824)	('lSMA_to_lPTL_T2', 0.0042555816684697635)	('rDLPFC_to_lPTL_T1', -0.004227637936855517)	('Age', 0.003071265385776024)	('lPTL_to_lIFG_T2', -0.0025891832850687873)	('R_IFGorb_T1', 0.0016126432914827982)	('lDLPFC_to_lPTL_T1', -0.0012164323616795322)	('L_SMA', -0.001175326957417438)	
