predictors	pearson_correlation	mean_squared_error	r2	
rois + act_t1 + act_t2 + conn_t1 + conn_t2 + age + T1 + T2	-0.2857486697114642	0.1162711288436969	-0.26691631932391435	('L_SMA_T2', -0.0171335000643802)	('T2', 0.014032831235315025)	('R_DLPFC_T2', 0.013790344120295209)	('rIFG_to_lIFG_T1', 0.013756595187297289)	('L_PTL_T2', 0.012910571296908575)	('L_DLPFC_T1', -0.011811168756764181)	('rIFG_to_lIFG_T2', 0.011497634900915217)	('rDLPFC_to_lPTL_T2', 0.011346708394165024)	('R_DLPFC_T1', 0.01065204875653982)	('lIFG_to_lPTL_T2', 0.010314726051018913)	('lDLPFC_to_lIFG_T1', -0.009376956654605147)	('rDLPFC_to_lPTL_T1', 0.009348390628204162)	('lSMA_to_lPTL_T1', -0.009194803485839956)	('lSMA_to_lIFG_T2', -0.00845347494336189)	('Age', 0.007637030161278076)	('L_DLPFC_T2', 0.007320738565417738)	('L_SMA_T1', 0.006959354748738457)	('lDLPFC_to_lPTL_T2', 0.006650059816025716)	('L_IFGorb_T2', 0.006065020282652509)	('L_IFGorb', -0.005479173562498543)	('lIFG_to_lPTL_T1', -0.005401600587354688)	('L_PTL', 0.004873577346208482)	('T1', -0.0041030925822059285)	('lSMA_to_lPTL_T2', 0.003942553119036175)	('L_PTL_T1', 0.003620662729497144)	('rDLPFC_to_lIFG_T2', 0.0033074466935659754)	('R_IFGorb_T1', 0.0030254062535020982)	('L_SMA', 0.002990658259986707)	('lDLPFC_to_lIFG_T2', -0.0027531852651782544)	('lPTL_to_lIFG_T1', 0.0015791308306667962)	('lSMA_to_lIFG_T1', 0.0015023561695235255)	('rDLPFC_to_lIFG_T1', -0.0013601233361328366)	('L_DLPFC', 0.0011156504811587035)	('lPTL_to_lIFG_T2', 0.0010097703910340778)	('lDLPFC_to_lPTL_T1', 0.000748266014337726)	('L_IFGorb_T1', 0.0006779525122125428)	('R_IFGorb_T2', -0.00020005701420659612)	
