predictors	pearson_correlation	mean_squared_error	r2	
rois + act_t1 + act_t2 + conn_t1 + conn_t2 + age + T1 + T2	0.08530764257533677	0.0925214136014421	-0.00813409093291817	('rDLPFC_to_lIFG_T2', 0.015364451622260304)	('Age', 0.011517566905150626)	('L_IFGorb_T1', 0.010759637665857868)	('lDLPFC_to_lPTL_T1', 0.00990647601428946)	('lDLPFC_to_lPTL_T2', 0.009376440031134898)	('lDLPFC_to_lIFG_T2', -0.009335892655289906)	('T2', 0.009078121462048597)	('L_PTL_T2', 0.008600393296585946)	('R_DLPFC_T2', 0.008591810007169963)	('L_IFGorb', 0.00841749543689349)	('L_SMA_T1', -0.008402020305812748)	('lPTL_to_lIFG_T1', 0.008386365464997115)	('L_DLPFC_T2', 0.008063955379255318)	('R_IFGorb_T1', -0.008031708183067055)	('lIFG_to_lPTL_T1', 0.005970117273989096)	('lSMA_to_lIFG_T1', 0.005327215165399465)	('R_IFGorb_T2', -0.005317937085332914)	('lPTL_to_lIFG_T2', -0.004807129933183603)	('L_DLPFC', -0.004593239919727341)	('rDLPFC_to_lIFG_T1', 0.004552496013146665)	('rIFG_to_lIFG_T2', 0.003953971928849304)	('R_DLPFC_T1', -0.003895340334555914)	('rDLPFC_to_lPTL_T2', -0.0035995511637897503)	('L_SMA', 0.0035609182669574017)	('T1', -0.0033218195394343476)	('L_DLPFC_T1', 0.0031971196720235956)	('lSMA_to_lPTL_T2', 0.002907238761106685)	('rDLPFC_to_lPTL_T1', 0.0026925949000176958)	('L_PTL', 0.0025303144812497957)	('lDLPFC_to_lIFG_T1', -0.002209460077423093)	('L_SMA_T2', 0.0020728372380129177)	('lIFG_to_lPTL_T2', 0.0015982260041772047)	('lSMA_to_lPTL_T1', 0.0014076498253079942)	('rIFG_to_lIFG_T1', 0.0010969932664984508)	('lSMA_to_lIFG_T2', -0.0006483474969474192)	('L_PTL_T1', 0.000513806102506787)	('L_IFGorb_T2', -0.0001454068107067345)	
