predictors	pearson_correlation	mean_squared_error	r2	
rois + act_t1 + act_t2 + conn_t1 + conn_t2 + age + T1 + T2	0.025265331193266103	0.09562338961625741	-0.2104870431949526	('rIFG_to_lIFG_T1', 0.028864188343797188)	('T1', 0.027483681085465846)	('L_DLPFC_T2', 0.025604349054001854)	('lDLPFC_to_lPTL_T2', 0.02534403903630715)	('lSMA_to_lIFG_T1', 0.019951859251859067)	('rDLPFC_to_lPTL_T1', 0.01703548237734163)	('L_SMA_T1', 0.01676325728714832)	('L_IFGorb_T2', 0.016301831805245526)	('R_IFGorb_T1', -0.015762280175907854)	('L_PTL_T2', -0.015496390606432903)	('lIFG_to_lPTL_T1', -0.013955665386607254)	('L_SMA_T2', 0.012794566911006458)	('L_SMA', 0.012284232296996635)	('R_DLPFC_T1', 0.012112643978975298)	('L_DLPFC', -0.011708439064080435)	('T2', 0.011147058280457627)	('L_PTL', 0.010558522662184851)	('Age', 0.010351865097961353)	('lPTL_to_lIFG_T2', -0.009032541021252583)	('lPTL_to_lIFG_T1', 0.007973265499369744)	('lSMA_to_lIFG_T2', -0.007873608158926966)	('L_DLPFC_T1', 0.007452935819565825)	('lSMA_to_lPTL_T1', -0.0063664747710169955)	('R_IFGorb_T2', -0.006076842941935699)	('rDLPFC_to_lIFG_T2', 0.005794694673501381)	('R_DLPFC_T2', 0.005784731587249559)	('lDLPFC_to_lPTL_T1', -0.005341519246482706)	('lDLPFC_to_lIFG_T2', -0.005223695896455418)	('L_IFGorb_T1', 0.0042035690104604935)	('lDLPFC_to_lIFG_T1', 0.003865320875045865)	('rDLPFC_to_lPTL_T2', 0.003458373503137335)	('lIFG_to_lPTL_T2', 0.002866643080098827)	('L_PTL_T1', -0.00282688501089193)	('rIFG_to_lIFG_T2', -0.002371144457361527)	('lSMA_to_lPTL_T2', -0.0019054415838619307)	('L_IFGorb', -0.0018068381257791571)	('rDLPFC_to_lIFG_T1', 0.000869601860271125)	
