predictors	pearson_correlation	mean_squared_error	r2	
rois + act_t1 + act_t2 + conn_t1 + conn_t2 + age + T1 + T2	0.04106317176454905	0.09222341604748574	-0.004887042693338062	('rIFG_to_lIFG_T1', 0.011966650012611735)	('R_DLPFC_T1', 0.010703437523371844)	('lDLPFC_to_lIFG_T1', -0.0106829550713977)	('Age', -0.010275341829588568)	('L_SMA', 0.009102497115951003)	('lPTL_to_lIFG_T2', 0.00899357748618733)	('lDLPFC_to_lPTL_T1', -0.008384902429294806)	('rIFG_to_lIFG_T2', -0.008235644092094794)	('T1', 0.007831607027311081)	('lIFG_to_lPTL_T2', 0.007121969313498057)	('L_PTL_T2', 0.006849458317499955)	('L_DLPFC_T1', 0.006275510018364003)	('T2', 0.006112291007322403)	('L_PTL', -0.005812571422902749)	('R_DLPFC_T2', -0.005283913600398202)	('lDLPFC_to_lIFG_T2', 0.004981269294467938)	('L_IFGorb', 0.0043935574726037775)	('lIFG_to_lPTL_T1', 0.003436123383199412)	('L_IFGorb_T1', -0.0029421085297808643)	('L_SMA_T2', 0.0027333240353426724)	('L_DLPFC_T2', -0.002351209872247143)	('L_IFGorb_T2', -0.00232590035015052)	('L_DLPFC', 0.002290372520121559)	('lSMA_to_lPTL_T1', -0.002071275929990712)	('L_PTL_T1', 0.0020305704622984736)	('lDLPFC_to_lPTL_T2', -0.0019452973118769836)	('lSMA_to_lPTL_T2', 0.0017735396019143027)	('lSMA_to_lIFG_T1', 0.001763760021334407)	('R_IFGorb_T1', 0.0017583137634465855)	('R_IFGorb_T2', -0.00122648841613686)	('rDLPFC_to_lPTL_T1', 0.0011781444706371255)	('lSMA_to_lIFG_T2', 0.0008874931647671625)	('rDLPFC_to_lIFG_T2', -0.0006276301685374897)	('L_SMA_T1', 0.00044208100244997825)	('rDLPFC_to_lPTL_T2', -0.00030361293369609676)	('lPTL_to_lIFG_T1', -0.00024756385437705865)	('rDLPFC_to_lIFG_T1', 2.48787884707567e-05)	
