predictors	pearson_correlation	mean_squared_error	r2	
rois + act_t1 + act_t2 + conn_t1 + conn_t2 + age + T1 + T2	0.136239029347221	0.07785275756548375	0.014469632500940577	('L_SMA', 0.016428509311638573)	('lIFG_to_lPTL_T1', 0.015420201014157947)	('T1', 0.014465016424881072)	('L_IFGorb_T1', 0.013388793471789126)	('L_IFGorb', 0.012740284405368335)	('T2', 0.012117089451076958)	('Age', 0.011963237507963246)	('lPTL_to_lIFG_T1', 0.011888264315303989)	('L_SMA_T2', 0.009422776313331174)	('lSMA_to_lPTL_T1', 0.008604042960025579)	('R_DLPFC_T2', -0.0072464544142733555)	('lDLPFC_to_lIFG_T2', 0.007087610368587948)	('lSMA_to_lPTL_T2', 0.006879432497318227)	('lDLPFC_to_lIFG_T1', 0.00672458143296723)	('rIFG_to_lIFG_T2', 0.005545402735824074)	('L_DLPFC_T2', 0.004986639674885193)	('R_DLPFC_T1', 0.004650477104185999)	('rIFG_to_lIFG_T1', 0.004377713839976431)	('L_DLPFC', 0.004224459375974066)	('L_PTL', 0.004033324931302128)	('rDLPFC_to_lPTL_T2', -0.00398860970551511)	('L_PTL_T2', 0.003283543730074253)	('L_PTL_T1', 0.0030860616869860294)	('R_IFGorb_T1', 0.0028176034932294617)	('lSMA_to_lIFG_T2', 0.0028028192764838157)	('lSMA_to_lIFG_T1', 0.002785348561561655)	('L_DLPFC_T1', 0.002704971956581079)	('rDLPFC_to_lIFG_T2', 0.0025223702061359446)	('L_IFGorb_T2', 0.0022400764073744824)	('lDLPFC_to_lPTL_T1', 0.0021122110739111907)	('lDLPFC_to_lPTL_T2', -0.002082340300866965)	('R_IFGorb_T2', 0.0013915992439055948)	('lPTL_to_lIFG_T2', 0.0013317298787555848)	('rDLPFC_to_lPTL_T1', 0.0009279664247403454)	('rDLPFC_to_lIFG_T1', -0.000875605665831663)	('lIFG_to_lPTL_T2', -0.0006008100972491609)	('L_SMA_T1', 0.00039331243865683513)	
