predictors	pearson_correlation	mean_squared_error	r2	
rois + act_t1 + act_t2 + conn_t1 + conn_t2 + age + T1 + T2	-0.0700228434290097	0.09378388580724992	-0.18720094618827665	('lIFG_to_lPTL_T2', 0.039015383198523955)	('T1', 0.032981527814335644)	('L_IFGorb_T2', 0.023044495288057597)	('L_PTL_T2', 0.022986879122005397)	('L_SMA_T1', 0.01885524636637652)	('L_IFGorb_T1', 0.01867939182197134)	('R_DLPFC_T1', 0.016368765250235732)	('L_DLPFC', 0.015926559042936682)	('lDLPFC_to_lPTL_T2', -0.013089171280051402)	('lDLPFC_to_lIFG_T1', -0.012848431506115596)	('T2', -0.012740533807787951)	('lSMA_to_lPTL_T2', 0.011965568723561535)	('rDLPFC_to_lPTL_T1', 0.011258101680380491)	('L_IFGorb', 0.010905069926671694)	('Age', -0.010744647866539217)	('rIFG_to_lIFG_T1', 0.010595254743507924)	('lDLPFC_to_lIFG_T2', -0.009680579706194138)	('L_DLPFC_T1', -0.008847550187646805)	('rIFG_to_lIFG_T2', 0.008784685743625962)	('R_DLPFC_T2', -0.00821281835020719)	('rDLPFC_to_lIFG_T2', 0.0078081674014570885)	('R_IFGorb_T2', -0.00692762220378321)	('L_DLPFC_T2', 0.0065631475510409525)	('lIFG_to_lPTL_T1', -0.0060330210926699225)	('L_PTL', 0.004981933445787606)	('lSMA_to_lPTL_T1', 0.004830768274596882)	('L_SMA_T2', 0.004782911186357895)	('rDLPFC_to_lIFG_T1', -0.004587161041887785)	('lDLPFC_to_lPTL_T1', 0.003987992069071768)	('lPTL_to_lIFG_T2', -0.0038253084392391454)	('rDLPFC_to_lPTL_T2', -0.0025661605319895506)	('R_IFGorb_T1', -0.0024670921140793234)	('lSMA_to_lIFG_T2', 0.0023773938119964564)	('lPTL_to_lIFG_T1', 0.0016623930372457734)	('L_SMA', 0.0013473908042085905)	('lSMA_to_lIFG_T1', -0.0008733017419683131)	('L_PTL_T1', 0.0006370803437397825)	
