predictors	pearson_correlation	mean_squared_error	r2	
rois + act_t1 + act_t2 + conn_t1 + conn_t2 + age + T1 + T2	-0.05633503553677045	0.1055112755499875	-0.14967454256558543	('lDLPFC_to_lIFG_T1', 0.032097270333276445)	('L_SMA_T1', 0.021432639062801136)	('rDLPFC_to_lIFG_T1', 0.0178484184786867)	('R_DLPFC_T2', 0.015070909552528369)	('L_DLPFC_T1', -0.012004167002221997)	('L_PTL', -0.011888787166881722)	('R_DLPFC_T1', -0.010662544676655509)	('R_IFGorb_T2', 0.010647695325735281)	('L_PTL_T2', 0.010406865549572823)	('L_SMA', 0.009821337367290421)	('L_IFGorb_T1', -0.009041454789336694)	('lPTL_to_lIFG_T2', 0.007203213114258856)	('rDLPFC_to_lIFG_T2', -0.006771546763491072)	('T1', 0.006575910893035627)	('lDLPFC_to_lPTL_T2', 0.005450577050385276)	('lSMA_to_lIFG_T1', 0.005121242566844148)	('lIFG_to_lPTL_T1', -0.0051142181364211515)	('lSMA_to_lPTL_T1', -0.005008223451651718)	('lDLPFC_to_lIFG_T2', -0.0049687971198406)	('Age', 0.0037701976501303015)	('lIFG_to_lPTL_T2', 0.00373129638686953)	('L_IFGorb', 0.003542719416355349)	('rDLPFC_to_lPTL_T1', 0.0034646621516476205)	('R_IFGorb_T1', 0.0033675539315915996)	('lDLPFC_to_lPTL_T1', -0.0032192916617848582)	('L_PTL_T1', 0.0030708202542183)	('lSMA_to_lPTL_T2', -0.0028459987127956183)	('L_SMA_T2', -0.002172596172639922)	('L_IFGorb_T2', 0.0017360036878588695)	('lSMA_to_lIFG_T2', -0.0014125222507383071)	('L_DLPFC_T2', 0.001160612940421234)	('lPTL_to_lIFG_T1', -0.0010690059861985035)	('rDLPFC_to_lPTL_T2', 0.0009672785799609695)	('rIFG_to_lIFG_T2', 0.0009229130404680379)	('rIFG_to_lIFG_T1', -0.0006152593487071625)	('T2', -0.0002612370888777722)	('L_DLPFC', -5.721274479070937e-05)	
