predictors	pearson_correlation	mean_squared_error	r2	
rois + act_t1 + act_t2 + conn_t1 + conn_t2 + age + T1 + T2	0.028365366253053467	0.08648108963989481	-0.09475557089722764	('L_SMA_T1', 0.015974943349024044)	('L_IFGorb', 0.014721227661141568)	('lDLPFC_to_lIFG_T1', 0.014204099493830927)	('rIFG_to_lIFG_T1', 0.013478647611733967)	('L_PTL_T1', 0.012992797436369878)	('lSMA_to_lIFG_T1', 0.012771097681892642)	('L_DLPFC_T2', 0.011922984141413273)	('T1', 0.011158183794700141)	('L_PTL_T2', 0.010110992764608695)	('L_SMA', 0.009591728362476019)	('lDLPFC_to_lPTL_T1', -0.009491479835158991)	('R_DLPFC_T2', -0.009090835810226544)	('R_IFGorb_T2', -0.008529405267902626)	('Age', -0.008212528174420735)	('L_DLPFC_T1', 0.007905188470016374)	('rIFG_to_lIFG_T2', 0.007882482700721517)	('L_IFGorb_T2', 0.007573661974326443)	('rDLPFC_to_lPTL_T2', 0.006899953817077883)	('L_IFGorb_T1', -0.006472371716135169)	('lSMA_to_lIFG_T2', 0.006414675941797932)	('R_DLPFC_T1', 0.006281432355755063)	('lIFG_to_lPTL_T2', 0.006276115274808369)	('lDLPFC_to_lPTL_T2', 0.00506935030553948)	('R_IFGorb_T1', 0.004784538823355117)	('rDLPFC_to_lPTL_T1', 0.004364208909545073)	('lPTL_to_lIFG_T2', 0.004190072203524715)	('rDLPFC_to_lIFG_T2', 0.004072189952677032)	('L_SMA_T2', -0.0030002692334801665)	('lDLPFC_to_lIFG_T2', -0.002976433870102288)	('lIFG_to_lPTL_T1', -0.0027760356250874723)	('lPTL_to_lIFG_T1', -0.0026949135950902845)	('T2', -0.0026104971835983824)	('rDLPFC_to_lIFG_T1', 0.0024623486861690596)	('lSMA_to_lPTL_T2', -0.0008967766033179687)	('L_PTL', -0.0007151772516332113)	('lSMA_to_lPTL_T1', -0.0003873823836092434)	('L_DLPFC', 0.00030874012846988897)	
