predictors	pearson_correlation	mean_squared_error	r2	
rois + act_t1 + act_t2 + conn_t1 + conn_t2 + age + T1 + T2	0.09878661213422216	0.09182565236036416	-0.0005529202722318605	('R_IFGorb_T1', 0.015576790998952325)	('L_IFGorb_T2', -0.014541322395273422)	('rDLPFC_to_lPTL_T1', 0.01348292631570069)	('R_DLPFC_T2', -0.013477281791944275)	('rIFG_to_lIFG_T1', 0.012190695183966612)	('lSMA_to_lIFG_T2', 0.009866695224718532)	('lSMA_to_lIFG_T1', 0.009684299476947562)	('rDLPFC_to_lIFG_T1', -0.009209501698844165)	('lDLPFC_to_lIFG_T2', 0.008568709587846467)	('L_SMA', 0.008517748951379469)	('lIFG_to_lPTL_T1', -0.007573095731351551)	('lPTL_to_lIFG_T1', 0.007031037793031936)	('lPTL_to_lIFG_T2', -0.0059059677747239255)	('L_IFGorb', 0.005860347739179335)	('lSMA_to_lPTL_T2', 0.005696083324796085)	('Age', 0.005430420152743636)	('lIFG_to_lPTL_T2', 0.005176081726080528)	('L_DLPFC_T2', 0.005115514687320804)	('L_IFGorb_T1', -0.005064455245428821)	('L_PTL_T2', 0.00465629712108424)	('lDLPFC_to_lPTL_T1', 0.004429502213169032)	('T1', -0.003975422281260697)	('L_PTL_T1', 0.003818114614751937)	('rIFG_to_lIFG_T2', 0.003455421641874324)	('R_IFGorb_T2', 0.0033867474212130036)	('L_SMA_T2', 0.0031830580387472874)	('rDLPFC_to_lPTL_T2', -0.0028829657249304923)	('rDLPFC_to_lIFG_T2', 0.0022775419824140066)	('T2', -0.0016924648151336592)	('lDLPFC_to_lPTL_T2', -0.0015595795708936398)	('R_DLPFC_T1', -0.001123981724686418)	('lSMA_to_lPTL_T1', -0.001027684619762478)	('L_DLPFC', -0.0007854374532104874)	('L_PTL', 0.0006296038773505024)	('lDLPFC_to_lIFG_T1', 0.0005962217038044475)	('L_SMA_T1', -0.00014082877393703245)	('L_DLPFC_T1', -7.107939309409941e-05)	
