predictors	pearson_correlation	mean_squared_error	r2	
rois + act_t1 + act_t2 + conn_t1 + conn_t2 + age + T1 + T2	-0.06121335080223581	0.08394774979038039	-0.06268627199292198	('R_DLPFC_T1', 0.01139091093268951)	('lIFG_to_lPTL_T1', 0.010387531013746964)	('lSMA_to_lIFG_T1', 0.009640596904050771)	('lPTL_to_lIFG_T2', 0.009026242880759228)	('L_DLPFC', 0.008595832125384215)	('lDLPFC_to_lIFG_T2', 0.008408838038135543)	('rDLPFC_to_lIFG_T1', 0.00786994217100631)	('L_PTL', 0.007463003101075102)	('rDLPFC_to_lPTL_T2', 0.0064313310888265435)	('L_IFGorb_T2', 0.005932792327012085)	('L_IFGorb', 0.0056965566434108205)	('R_IFGorb_T1', -0.005158935030319141)	('T2', 0.0051344587091312135)	('lSMA_to_lPTL_T1', 0.005113466771633125)	('rDLPFC_to_lPTL_T1', 0.004983124626565248)	('L_SMA_T2', 0.004950631676379898)	('L_SMA', 0.004434757633031048)	('L_DLPFC_T1', 0.0036060772575332496)	('L_PTL_T2', 0.003282129282899689)	('rIFG_to_lIFG_T2', 0.00325943833518079)	('rIFG_to_lIFG_T1', 0.0032190872549804615)	('lDLPFC_to_lPTL_T2', 0.0031376716803366146)	('L_DLPFC_T2', 0.003024838130845473)	('Age', -0.0025749031100334866)	('rDLPFC_to_lIFG_T2', -0.002257663144940459)	('lPTL_to_lIFG_T1', -0.002142850942369764)	('T1', 0.002042616184436354)	('lIFG_to_lPTL_T2', 0.0018390095605216946)	('lSMA_to_lPTL_T2', 0.001228080683078863)	('R_IFGorb_T2', -0.0010116141219265592)	('L_IFGorb_T1', -0.0008992030158911027)	('lSMA_to_lIFG_T2', -0.0007727756679123876)	('R_DLPFC_T2', 0.0006645562709030983)	('lDLPFC_to_lIFG_T1', -0.00018351827452683087)	('L_PTL_T1', 2.3154762918832014e-05)	('lDLPFC_to_lPTL_T1', 7.772880324465149e-06)	('L_SMA_T1', -4.651948421511079e-06)	
