predictors	pearson_correlation	mean_squared_error	r2	
rois + act_t1 + act_t2 + conn_t1 + conn_t2 + age + T1 + T2	0.02472881119380304	0.08299857114558264	-0.05067071329106132	('lPTL_to_lIFG_T2', 0.019315036578216812)	('L_DLPFC_T1', 0.017537010882625867)	('lIFG_to_lPTL_T2', 0.014313939538078054)	('L_SMA_T1', 0.013827738881726722)	('R_DLPFC_T1', 0.013651277820536892)	('lSMA_to_lPTL_T2', 0.01317305191440069)	('rIFG_to_lIFG_T1', 0.012898571270871784)	('lSMA_to_lIFG_T1', 0.01132009120191269)	('lDLPFC_to_lPTL_T1', 0.011306139401764113)	('lPTL_to_lIFG_T1', 0.010196306162782349)	('rDLPFC_to_lPTL_T2', -0.009861554765561055)	('L_IFGorb', 0.009489917389850448)	('lSMA_to_lIFG_T2', 0.00872256473126443)	('L_PTL', 0.008686404071681522)	('L_SMA_T2', 0.00860209351924594)	('lIFG_to_lPTL_T1', 0.00853006258494566)	('lSMA_to_lPTL_T1', -0.007636511596224923)	('rIFG_to_lIFG_T2', -0.006023135611178705)	('R_DLPFC_T2', 0.005959029787673233)	('L_DLPFC_T2', 0.005927174597029663)	('Age', 0.005030556830133966)	('rDLPFC_to_lPTL_T1', 0.004569191234781548)	('L_IFGorb_T1', 0.0043639552693480015)	('R_IFGorb_T2', -0.0032798396551731624)	('L_SMA', -0.003165832003695066)	('L_PTL_T2', -0.002851525028344666)	('lDLPFC_to_lIFG_T1', -0.0028413849798665167)	('rDLPFC_to_lIFG_T2', -0.002042430575373821)	('rDLPFC_to_lIFG_T1', 0.0014417261689013982)	('T2', -0.0011209800863308521)	('L_IFGorb_T2', 0.0007425121627763541)	('lDLPFC_to_lPTL_T2', 0.0007211470551130701)	('T1', 0.0005881099081167709)	('L_PTL_T1', -0.0005000761608808322)	('R_IFGorb_T1', 0.0002530907038559263)	('lDLPFC_to_lIFG_T2', -0.00017069135367755328)	('L_DLPFC', -7.393269348701455e-05)	
