predictors	pearson_correlation	mean_squared_error	r2	
rois + act_t1 + act_t2 + conn_t1 + conn_t2 + age + T1 + T2	-0.33461477021457225	0.11738845608939795	-0.48600886966170886	('L_SMA', 0.030262232121317)	('lPTL_to_lIFG_T2', 0.029069553976939128)	('rDLPFC_to_lIFG_T1', 0.028384114273503243)	('T2', 0.025654947171552946)	('rIFG_to_lIFG_T2', 0.02087745920006378)	('lDLPFC_to_lIFG_T1', 0.01913930445051138)	('L_PTL_T2', 0.01866008396639228)	('R_DLPFC_T2', 0.018021765848481128)	('R_IFGorb_T2', 0.017513992899113408)	('lSMA_to_lPTL_T1', -0.01727292846210631)	('lDLPFC_to_lPTL_T2', -0.015675485434916262)	('Age', -0.014568066991492067)	('R_DLPFC_T1', 0.0141792516968239)	('L_PTL', -0.013788607257232056)	('lDLPFC_to_lIFG_T2', 0.013360235468228147)	('L_PTL_T1', 0.013168306097354334)	('lDLPFC_to_lPTL_T1', 0.012429429748012378)	('lSMA_to_lIFG_T1', 0.011954812873510008)	('L_IFGorb_T1', -0.011541505593073922)	('rDLPFC_to_lIFG_T2', 0.011254917073441444)	('rDLPFC_to_lPTL_T1', 0.010918831393547532)	('T1', 0.010651811094388858)	('L_DLPFC_T2', -0.010619932598771413)	('R_IFGorb_T1', 0.009170516564223167)	('L_IFGorb_T2', -0.00794811849678555)	('L_IFGorb', 0.007685496698812085)	('lPTL_to_lIFG_T1', 0.006904011513238925)	('L_SMA_T2', 0.005497689143099161)	('rDLPFC_to_lPTL_T2', 0.004515732944961711)	('lSMA_to_lPTL_T2', 0.0039033649519565933)	('L_DLPFC_T1', -0.002890121428444241)	('lIFG_to_lPTL_T2', 0.0026580417259649877)	('rIFG_to_lIFG_T1', -0.0019749922581934346)	('lSMA_to_lIFG_T2', 0.0004396498527083551)	('L_DLPFC', 0.00034605004221441776)	('lIFG_to_lPTL_T1', 0.0002472998146548916)	('L_SMA_T1', -0.00020662501686941634)	
