predictors	pearson_correlation	mean_squared_error	r2	
rois + act_t1 + act_t2 + conn_t1 + conn_t2 + age + T1 + T2	0.09513533650695734	0.09776104722066924	-0.06522631499140097	('lDLPFC_to_lIFG_T2', 0.018594727461059498)	('rIFG_to_lIFG_T2', 0.018111085904781516)	('rDLPFC_to_lIFG_T1', 0.014148682871088772)	('lSMA_to_lPTL_T2', 0.011427091515584365)	('L_PTL_T1', -0.011307777128167237)	('L_IFGorb', -0.010443152604683596)	('L_IFGorb_T2', 0.010122264051939311)	('lIFG_to_lPTL_T2', -0.008660116925263174)	('L_DLPFC', 0.008162245412878789)	('L_PTL', 0.007380378103580044)	('lIFG_to_lPTL_T1', 0.0073530147717902694)	('Age', 0.007247984209510143)	('R_DLPFC_T2', -0.007096072791820499)	('R_IFGorb_T1', 0.007030712129788429)	('rDLPFC_to_lIFG_T2', -0.0070043752695416114)	('T2', -0.0069822964754502)	('R_IFGorb_T2', 0.0057070858468489735)	('T1', 0.005617476043470265)	('L_SMA', 0.004776839550439485)	('L_SMA_T1', 0.004434256091896761)	('lDLPFC_to_lIFG_T1', 0.00404102298523576)	('rDLPFC_to_lPTL_T1', 0.003984573363396367)	('L_IFGorb_T1', 0.003530345012811153)	('lDLPFC_to_lPTL_T2', 0.003373748629238339)	('L_DLPFC_T1', 0.003199819485263123)	('lSMA_to_lPTL_T1', -0.003068104502280728)	('L_SMA_T2', 0.0029505192235459513)	('lDLPFC_to_lPTL_T1', 0.002785485573960265)	('lPTL_to_lIFG_T2', 0.002586866332213587)	('rIFG_to_lIFG_T1', 0.00239668550118387)	('L_PTL_T2', 0.0023914427010034195)	('lPTL_to_lIFG_T1', -0.002167670439095704)	('R_DLPFC_T1', -0.0020065674669849107)	('lSMA_to_lIFG_T1', 0.0015189234999797025)	('lSMA_to_lIFG_T2', 0.0015146599803756808)	('L_DLPFC_T2', 0.0003554618289005234)	('rDLPFC_to_lPTL_T2', 0.00015387010954325122)	
