predictors	pearson_correlation	mean_squared_error	r2	
rois + act_t1 + act_t2 + conn_t1 + conn_t2 + age + T1 + T2	-0.09213283714595241	0.10068536581392024	-0.09709034680683559	('R_IFGorb_T1', 0.015740467808253705)	('L_IFGorb', 0.014942622441638666)	('rIFG_to_lIFG_T2', 0.013537299584579054)	('R_DLPFC_T1', 0.0109123123399204)	('lSMA_to_lIFG_T1', 0.00945603666944108)	('L_DLPFC_T1', 0.00934809290085747)	('L_IFGorb_T1', 0.008961599891241968)	('lSMA_to_lPTL_T1', -0.008611466411405038)	('lSMA_to_lPTL_T2', 0.00790768793754029)	('T1', 0.007779539548650193)	('L_PTL_T2', -0.00752277247010067)	('lSMA_to_lIFG_T2', -0.0070970824753670055)	('lPTL_to_lIFG_T1', 0.0064932842680932345)	('L_IFGorb_T2', 0.005581519229929023)	('rDLPFC_to_lIFG_T1', 0.0053019562064418)	('L_PTL', -0.0050169023713208406)	('lDLPFC_to_lIFG_T1', 0.004370303974739792)	('lIFG_to_lPTL_T1', 0.003867440319230581)	('lDLPFC_to_lIFG_T2', 0.0038655468427367186)	('rDLPFC_to_lPTL_T2', -0.0029330786119953203)	('lDLPFC_to_lPTL_T2', -0.0023945824351722)	('L_DLPFC', -0.002385936993899928)	('L_SMA', -0.002359620851947995)	('rDLPFC_to_lIFG_T2', 0.002278057806982942)	('R_DLPFC_T2', 0.0022639756751260485)	('L_SMA_T2', 0.0022318004408982974)	('L_SMA_T1', 0.0018082467491089182)	('lDLPFC_to_lPTL_T1', -0.001751122322180191)	('rDLPFC_to_lPTL_T1', 0.0013957311925892545)	('Age', -0.001223788421638848)	('lPTL_to_lIFG_T2', 0.00109384326367165)	('T2', 0.0010394702837953935)	('lIFG_to_lPTL_T2', 0.001002632375327178)	('R_IFGorb_T2', -0.0008309649530313257)	('L_DLPFC_T2', -0.000295088081299351)	('rIFG_to_lIFG_T1', -0.0002251681854725342)	('L_PTL_T1', 0.00011269446741561476)	
