predictors	pearson_correlation	mean_squared_error	r2	
rois + act_t1 + act_t2 + conn_t1 + conn_t2 + age + T1 + T2	0.20810553925100547	0.08781775926969417	0.04311798249763177	('rDLPFC_to_lPTL_T2', 0.015629518123622857)	('R_DLPFC_T2', -0.013401394558686936)	('rDLPFC_to_lIFG_T1', 0.01231527253194418)	('lPTL_to_lIFG_T1', 0.01153527336264946)	('L_DLPFC_T2', 0.010413683516391532)	('lDLPFC_to_lPTL_T2', 0.010148000853191995)	('L_IFGorb_T2', 0.010138600677040562)	('L_SMA_T2', 0.00901250201537793)	('rDLPFC_to_lPTL_T1', 0.00899693554786849)	('L_IFGorb', 0.008807940256665049)	('lSMA_to_lIFG_T2', -0.008511057083727087)	('lDLPFC_to_lIFG_T2', -0.008466173794383244)	('T2', 0.007621457875023572)	('L_PTL_T2', 0.007430194903202835)	('lIFG_to_lPTL_T2', -0.00726577568520116)	('L_PTL', 0.005942974357582258)	('lSMA_to_lPTL_T1', -0.005872883292023961)	('lDLPFC_to_lIFG_T1', 0.005852146345251418)	('Age', 0.005680917729576082)	('L_SMA', 0.005598400451349718)	('L_DLPFC_T1', 0.0048736397677449405)	('R_DLPFC_T1', 0.004242342861230857)	('lSMA_to_lIFG_T1', 0.0042276607350354555)	('lPTL_to_lIFG_T2', 0.00369912510478708)	('T1', 0.0036103116591582676)	('lSMA_to_lPTL_T2', 0.0032795493108122692)	('R_IFGorb_T1', -0.002735229397500693)	('L_SMA_T1', 0.0021911496603671207)	('lIFG_to_lPTL_T1', 0.0019014534586644794)	('lDLPFC_to_lPTL_T1', 0.0017499360780486866)	('L_PTL_T1', 0.0016265781855757003)	('rIFG_to_lIFG_T2', 0.0005528385273149465)	('rIFG_to_lIFG_T1', 0.00041819404469608336)	('L_IFGorb_T1', 0.0002912925062075376)	('rDLPFC_to_lIFG_T2', -0.00016307893413512574)	('R_IFGorb_T2', 0.0001114687199299125)	('L_DLPFC', -6.70282798932141e-05)	
