predictors	pearson_correlation	mean_squared_error	r2	
rois + act_t1 + act_t2 + conn_t1 + conn_t2 + age + T1 + T2	-0.15214572290746592	0.12060947541103083	-0.31418791735257834	('L_SMA_T2', 0.025163367510080407)	('rDLPFC_to_lIFG_T2', 0.02398193677436947)	('L_IFGorb_T1', 0.02071537346236649)	('L_DLPFC', 0.014137412340727488)	('rDLPFC_to_lIFG_T1', 0.012018663252422552)	('lSMA_to_lIFG_T2', 0.01149778923341561)	('Age', 0.011274499065416187)	('lDLPFC_to_lIFG_T2', -0.009621544844034073)	('R_IFGorb_T1', 0.009572926778639369)	('lPTL_to_lIFG_T1', 0.009333328245753114)	('lSMA_to_lPTL_T1', -0.008978090002548053)	('lSMA_to_lPTL_T2', 0.007430709057922306)	('lDLPFC_to_lIFG_T1', -0.007390795917176778)	('R_DLPFC_T2', 0.007198586745249488)	('L_PTL', 0.006238947865894791)	('L_SMA', 0.005941310559919219)	('L_PTL_T1', -0.0058058618579755975)	('lSMA_to_lIFG_T1', 0.005741445156917732)	('rIFG_to_lIFG_T2', 0.0053891392224444026)	('lDLPFC_to_lPTL_T2', -0.004034428696760291)	('rDLPFC_to_lPTL_T1', 0.003403526238780897)	('R_IFGorb_T2', -0.003382864021675322)	('T1', 0.0031470595572805743)	('rDLPFC_to_lPTL_T2', -0.002427067816845215)	('L_IFGorb_T2', 0.0020816793240457355)	('lPTL_to_lIFG_T2', 0.0020637656120879627)	('L_SMA_T1', 0.0015433668227224856)	('L_IFGorb', -0.0015075725647434278)	('L_DLPFC_T1', 0.001447835682292712)	('lDLPFC_to_lPTL_T1', -0.0013334017018636663)	('L_DLPFC_T2', -0.001256801536931757)	('lIFG_to_lPTL_T2', 0.001245180279529141)	('L_PTL_T2', -0.0009012159096221201)	('rIFG_to_lIFG_T1', 0.0007319987460487305)	('lIFG_to_lPTL_T1', 0.000623586792679283)	('T2', 0.00041472947916956906)	('R_DLPFC_T1', -0.00024803199212531263)	
