predictors	pearson_correlation	mean_squared_error	r2	
rois + act_t1 + act_t2 + conn_t1 + conn_t2 + age + T1 + T2	-0.13312393485485366	0.08844939017334189	-0.11967209291566827	('lDLPFC_to_lPTL_T2', -0.013285303174650969)	('lDLPFC_to_lIFG_T2', 0.012749196093660113)	('rDLPFC_to_lPTL_T1', 0.012709533107741715)	('R_IFGorb_T2', 0.011351054946358506)	('T2', 0.011137743415656433)	('lPTL_to_lIFG_T2', 0.010988964720855997)	('L_DLPFC_T2', 0.010979930630947626)	('rIFG_to_lIFG_T2', 0.010322255771393781)	('L_PTL', -0.01004078306436132)	('L_PTL_T1', 0.009648263253824103)	('lIFG_to_lPTL_T2', 0.008989044789227725)	('lIFG_to_lPTL_T1', 0.008670414884761975)	('rDLPFC_to_lIFG_T1', -0.0075078569158551775)	('L_DLPFC', 0.0074297428367882615)	('L_IFGorb', 0.006942436439956865)	('rDLPFC_to_lPTL_T2', 0.0049420483361366455)	('L_IFGorb_T1', 0.004590986019039704)	('L_DLPFC_T1', 0.004541325557717234)	('lSMA_to_lPTL_T1', 0.004228977611412584)	('R_DLPFC_T2', 0.004031340126968162)	('R_IFGorb_T1', 0.00379396734783292)	('lSMA_to_lIFG_T1', 0.003725105906161774)	('L_IFGorb_T2', -0.0035922612962580834)	('L_PTL_T2', 0.003234771160065026)	('lSMA_to_lPTL_T2', 0.0031931222723325034)	('lSMA_to_lIFG_T2', 0.0030288279677719984)	('T1', 0.0028002254970735385)	('rDLPFC_to_lIFG_T2', 0.0026458189725490967)	('R_DLPFC_T1', 0.0019243592049560845)	('lPTL_to_lIFG_T1', 0.0014808575614931626)	('L_SMA_T2', -0.001322661380024675)	('lDLPFC_to_lIFG_T1', 0.0012562526779498577)	('Age', -0.000888389628031144)	('rIFG_to_lIFG_T1', -0.0008617938652077932)	('L_SMA_T1', -0.0005768153043734775)	('lDLPFC_to_lPTL_T1', -0.0002760194307285211)	('L_SMA', 0.00026868896378686694)	
