predictors	pearson_correlation	mean_squared_error	r2	
rois + act_t1 + act_t2 + conn_t1 + conn_t2 + age + T1 + T2	-0.04213669660560572	0.09506441225226589	-0.03584317506057255	('T2', 0.012155098410056315)	('rDLPFC_to_lIFG_T1', -0.011593663221965611)	('R_IFGorb_T2', 0.010654910182409336)	('lSMA_to_lIFG_T2', 0.009821018742235278)	('lSMA_to_lPTL_T2', 0.009478505115561656)	('R_DLPFC_T2', 0.009290135592601547)	('L_PTL', 0.00917772120537321)	('L_DLPFC', 0.008697324758919307)	('rIFG_to_lIFG_T2', 0.008589838876584226)	('L_SMA', 0.008313187462350562)	('L_IFGorb', 0.008232212324040127)	('L_IFGorb_T2', 0.007075220791444657)	('lPTL_to_lIFG_T1', -0.00584570014046904)	('lPTL_to_lIFG_T2', -0.005579888318936237)	('rDLPFC_to_lPTL_T1', 0.004955729192386369)	('R_IFGorb_T1', 0.004698080838753256)	('T1', -0.004399878831701661)	('rDLPFC_to_lPTL_T2', 0.004368378999034349)	('lSMA_to_lIFG_T1', -0.004207918800396209)	('rDLPFC_to_lIFG_T2', -0.00408631231076815)	('lDLPFC_to_lIFG_T2', 0.003984610131898412)	('L_DLPFC_T1', -0.003814515653909954)	('lIFG_to_lPTL_T2', -0.0037622107060514593)	('lDLPFC_to_lPTL_T2', 0.003601835925255733)	('R_DLPFC_T1', 0.003183518536675138)	('lDLPFC_to_lPTL_T1', 0.002797532944631498)	('L_IFGorb_T1', -0.0026193856323353205)	('lSMA_to_lPTL_T1', 0.0026184466360274793)	('rIFG_to_lIFG_T1', 0.002285897022182595)	('L_SMA_T2', -0.0012740399189590022)	('Age', 0.0012401581318416265)	('L_PTL_T1', 0.0011432361152563478)	('lIFG_to_lPTL_T1', 0.0010746766611565868)	('L_PTL_T2', -0.0006196225313300171)	('lDLPFC_to_lIFG_T1', -0.0003860653263671477)	('L_DLPFC_T2', -0.0001164617417506733)	('L_SMA_T1', 3.79388303867364e-05)	
