predictors	pearson_correlation	mean_squared_error	r2	
rois + act_t1 + act_t2 + conn_t1 + conn_t2 + age + T1 + T2	0.15150221552711762	0.09320964971086872	-0.015633266069961183	('L_IFGorb_T2', 0.016976443192228335)	('R_IFGorb_T1', 0.015917362926712468)	('L_DLPFC_T2', 0.01500737110319604)	('L_PTL', 0.011060160255418418)	('lPTL_to_lIFG_T2', 0.0105220715837855)	('rIFG_to_lIFG_T1', 0.008505277802863292)	('lDLPFC_to_lIFG_T1', 0.007824494048889843)	('L_IFGorb_T1', 0.007010374914488034)	('lSMA_to_lIFG_T2', -0.006950088358611745)	('L_PTL_T2', 0.006440121382910581)	('T2', 0.005862681859403616)	('lSMA_to_lPTL_T1', -0.005674376849619367)	('lDLPFC_to_lIFG_T2', 0.005114518326951446)	('L_PTL_T1', 0.005063814164928024)	('L_SMA', 0.00405081765480058)	('rDLPFC_to_lIFG_T1', 0.004028921605895646)	('lDLPFC_to_lPTL_T2', 0.003881165320486539)	('L_DLPFC', -0.0033219217953634173)	('L_IFGorb', 0.0032880333136710597)	('rIFG_to_lIFG_T2', 0.0027534317671391788)	('R_IFGorb_T2', 0.0025501390821798748)	('lSMA_to_lPTL_T2', 0.001407609775150564)	('lDLPFC_to_lPTL_T1', -0.0014055259203503859)	('L_DLPFC_T1', -0.0013921254455038)	('L_SMA_T2', -0.0013463605162385777)	('R_DLPFC_T1', 0.0010930909120159464)	('R_DLPFC_T2', -0.0010766875289463938)	('rDLPFC_to_lPTL_T2', 0.0009044652420735624)	('rDLPFC_to_lPTL_T1', -0.0007954252434445366)	('lPTL_to_lIFG_T1', -0.0005967866029235199)	('T1', 0.0005907309658092726)	('lIFG_to_lPTL_T2', 0.00045003467535909746)	('rDLPFC_to_lIFG_T2', -0.00033291860376343944)	('lIFG_to_lPTL_T1', 0.00024915705589540686)	('lSMA_to_lIFG_T1', 0.00023134434217440502)	('Age', 0.0001462671534673324)	('L_SMA_T1', -0.00012111033640052699)	
