predictors	pearson_correlation	mean_squared_error	r2	
rois + act_t1 + act_t2 + conn_t1 + conn_t2 + age + T1 + T2	0.11553329041473967	0.08830380925799278	-0.11782919848917128	('lPTL_to_lIFG_T1', 0.029683718842847664)	('lDLPFC_to_lIFG_T2', 0.021940636414608233)	('L_PTL_T1', 0.017709397455990337)	('L_SMA', 0.01495556915060519)	('L_PTL_T2', 0.014549236009009061)	('L_SMA_T1', 0.014207898483550486)	('L_IFGorb', 0.013926457287238151)	('lDLPFC_to_lIFG_T1', 0.013572724869128774)	('L_IFGorb_T2', 0.012819327409067032)	('rDLPFC_to_lIFG_T2', 0.011433015779731838)	('rDLPFC_to_lIFG_T1', 0.011382824908115114)	('lSMA_to_lPTL_T2', 0.011190929584072105)	('R_IFGorb_T1', -0.01117607409093957)	('lDLPFC_to_lPTL_T2', 0.01069027945631882)	('lSMA_to_lPTL_T1', 0.010607058787935494)	('R_DLPFC_T1', -0.010397004759021103)	('R_IFGorb_T2', 0.01039442836050724)	('lIFG_to_lPTL_T2', 0.010295562475724026)	('rDLPFC_to_lPTL_T1', 0.007410321232350815)	('lDLPFC_to_lPTL_T1', 0.006739970321476023)	('L_IFGorb_T1', -0.00539956498589813)	('lSMA_to_lIFG_T2', 0.005337814927382671)	('L_PTL', -0.00508195652478568)	('L_DLPFC_T2', -0.005072145046713372)	('lPTL_to_lIFG_T2', -0.0046265011147116975)	('Age', 0.0037813119797171007)	('L_SMA_T2', -0.0025992655357343505)	('lIFG_to_lPTL_T1', -0.002595738569744641)	('T1', 0.0024888641277983556)	('rIFG_to_lIFG_T2', 0.0024102814986547297)	('T2', 0.002153262603929234)	('lSMA_to_lIFG_T1', -0.0021014791145761136)	('R_DLPFC_T2', 0.0019281506740220409)	('rDLPFC_to_lPTL_T2', 0.0012852449787231)	('L_DLPFC', -0.0008969902223578637)	('rIFG_to_lIFG_T1', -0.0008315078591080015)	('L_DLPFC_T1', 9.916703584537403e-05)	
