predictors	pearson_correlation	mean_squared_error	r2	
rois + act_t1 + act_t2 + conn_t1 + conn_t2 + age + T1 + T2	0.04758537336974174	0.09870123766715753	-0.07547084114139424	('R_DLPFC_T1', 0.021247798540465712)	('R_IFGorb_T1', 0.020239314125830316)	('L_DLPFC_T2', 0.019427425609050045)	('rDLPFC_to_lIFG_T2', 0.01855700029005818)	('lPTL_to_lIFG_T1', 0.01617902672912104)	('lPTL_to_lIFG_T2', 0.015986250219730755)	('lDLPFC_to_lPTL_T2', 0.013564174152959843)	('L_PTL_T2', 0.013127998412880683)	('lDLPFC_to_lIFG_T1', 0.012700735384776302)	('lDLPFC_to_lPTL_T1', 0.012356391115116213)	('lIFG_to_lPTL_T1', -0.011197526910574138)	('L_SMA', 0.01045295837720208)	('rIFG_to_lIFG_T2', -0.009890736767453808)	('lSMA_to_lIFG_T2', 0.00880722427905858)	('lSMA_to_lPTL_T1', 0.007820834899933016)	('L_PTL_T1', 0.007717046497395786)	('L_DLPFC_T1', 0.007585812511279706)	('L_IFGorb_T2', -0.007461433851960792)	('lDLPFC_to_lIFG_T2', -0.007118071163622926)	('Age', 0.006620619797028056)	('L_IFGorb_T1', 0.006329484187736591)	('lIFG_to_lPTL_T2', 0.006255293570335334)	('R_IFGorb_T2', -0.005268213822038639)	('L_DLPFC', -0.005133320822467405)	('rDLPFC_to_lPTL_T2', -0.00447664679710174)	('rIFG_to_lIFG_T1', -0.004206327910529231)	('T2', 0.0038095314120765375)	('T1', -0.003374814791474624)	('L_SMA_T1', -0.0031139764089639327)	('rDLPFC_to_lPTL_T1', -0.002409063973454374)	('lSMA_to_lIFG_T1', -0.00234235569263519)	('L_PTL', -0.0021499924293785938)	('R_DLPFC_T2', 0.001199599970288921)	('L_IFGorb', 0.0011854254353131709)	('L_SMA_T2', 0.0005129437952572852)	('lSMA_to_lPTL_T2', -0.0003055918126199592)	('rDLPFC_to_lIFG_T1', 1.822039712420685e-05)	
