predictors	pearson_correlation	mean_squared_error	r2	
rois + act_t1 + act_t2 + conn_t1 + conn_t2 + age + T1 + T2	0.10621040568210892	0.0783691647586867	0.007932484854392796	('lDLPFC_to_lPTL_T2', 0.020086913422244904)	('rIFG_to_lIFG_T1', -0.012513494303138204)	('rIFG_to_lIFG_T2', 0.011439704426260642)	('lSMA_to_lPTL_T1', 0.00969205364027176)	('lDLPFC_to_lPTL_T1', 0.009283904813986985)	('lDLPFC_to_lIFG_T2', 0.00919831996235926)	('rDLPFC_to_lIFG_T2', 0.008944173648900235)	('T1', 0.008638276797981091)	('L_IFGorb_T2', 0.008245914261784514)	('rDLPFC_to_lPTL_T2', 0.007282263467156146)	('lSMA_to_lIFG_T2', 0.007141839608663133)	('R_DLPFC_T2', 0.004429323233435896)	('rDLPFC_to_lIFG_T1', -0.004332623363189153)	('L_SMA_T1', 0.004332175762291038)	('R_IFGorb_T1', 0.003919303636204622)	('lDLPFC_to_lIFG_T1', 0.003911236962527778)	('lPTL_to_lIFG_T2', 0.0037631195929105007)	('lSMA_to_lIFG_T1', 0.003704820102933228)	('lIFG_to_lPTL_T2', 0.0032964920079398084)	('L_IFGorb', 0.003120701949980082)	('L_PTL_T2', 0.002760732850498254)	('lPTL_to_lIFG_T1', 0.0024658661824547164)	('L_PTL', 0.002435207296922124)	('lSMA_to_lPTL_T2', 0.002175012587376888)	('rDLPFC_to_lPTL_T1', -0.002172171752328487)	('L_PTL_T1', 0.0020309733973960437)	('L_DLPFC', -0.0019249725108701197)	('Age', 0.0013214269491381803)	('lIFG_to_lPTL_T1', -0.0012974330269450514)	('L_DLPFC_T1', -0.0012430705639338777)	('T2', -0.0011129536141528877)	('R_IFGorb_T2', 0.0007799281788390907)	('L_SMA', -0.0007376811340661205)	('L_SMA_T2', -0.0006701183881358457)	('L_DLPFC_T2', 0.000642691014934969)	('R_DLPFC_T1', 0.0005131116991381089)	('L_IFGorb_T1', 0.0001570837691752275)	
