predictors	pearson_correlation	mean_squared_error	r2	
rois + act_t1 + act_t2 + conn_t1 + conn_t2 + age + T1 + T2	0.12482703943585557	0.0782452500478285	0.009501108938490321	('L_IFGorb_T1', 0.014755491599890262)	('L_PTL_T1', 0.010476412313587976)	('rDLPFC_to_lIFG_T2', 0.009916292028924882)	('R_IFGorb_T1', 0.009157177157526522)	('L_SMA_T1', 0.008522668200723128)	('lPTL_to_lIFG_T2', 0.007903034262003587)	('lSMA_to_lIFG_T2', 0.007602849542994183)	('rDLPFC_to_lPTL_T1', -0.0074908959830539135)	('L_SMA', -0.007221117389163036)	('rIFG_to_lIFG_T1', 0.006779275476824688)	('T1', 0.005732024603251941)	('rDLPFC_to_lIFG_T1', 0.005101133153909768)	('L_SMA_T2', 0.004328739225777481)	('L_DLPFC', 0.004276915410509321)	('lDLPFC_to_lPTL_T1', 0.003890481616536916)	('lSMA_to_lPTL_T2', 0.0037275297111889084)	('lPTL_to_lIFG_T1', -0.0035898803310595744)	('rIFG_to_lIFG_T2', 0.0035311266948345565)	('lDLPFC_to_lPTL_T2', -0.0030217125060492353)	('T2', 0.0027772339382971544)	('L_DLPFC_T2', 0.002596981701891683)	('L_DLPFC_T1', -0.0024447788011517204)	('L_PTL_T2', 0.0022488192400258455)	('L_PTL', -0.0021910964162620413)	('L_IFGorb_T2', 0.0020922923550307803)	('lSMA_to_lIFG_T1', 0.0019518172604092085)	('Age', 0.0018435699518158377)	('L_IFGorb', 0.0017873047147161072)	('lIFG_to_lPTL_T1', -0.0016694444230256741)	('lDLPFC_to_lIFG_T1', -0.0015662543714680412)	('R_DLPFC_T2', 0.0013738571675258908)	('lIFG_to_lPTL_T2', 0.0013713849811435115)	('rDLPFC_to_lPTL_T2', -0.0012485594867169228)	('R_IFGorb_T2', -0.001207923279143615)	('lDLPFC_to_lIFG_T2', -0.0006924501968686328)	('lSMA_to_lPTL_T1', 0.0005478506821673664)	('R_DLPFC_T1', -0.0004169378207073243)	
