predictors	pearson_correlation	mean_squared_error	r2	
rois + act_t1 + act_t2 + conn_t1 + conn_t2 + age + T1 + T2	-0.12107472330836223	0.0861375841732822	-0.0904071691278503	('lDLPFC_to_lIFG_T2', 0.03542994782959549)	('rDLPFC_to_lIFG_T2', 0.022828756687612625)	('L_SMA_T1', -0.02264033710921523)	('R_DLPFC_T2', 0.022315266020079785)	('L_PTL_T1', 0.02200694902073373)	('L_DLPFC', 0.020150269797987102)	('L_PTL', -0.019275700234623105)	('lSMA_to_lIFG_T1', 0.017432903023974145)	('lPTL_to_lIFG_T2', 0.016578875982013384)	('lSMA_to_lPTL_T1', 0.016287505688935975)	('lPTL_to_lIFG_T1', 0.015860404101293243)	('rDLPFC_to_lIFG_T1', 0.01527363191717356)	('R_IFGorb_T1', 0.0148296085256244)	('lSMA_to_lIFG_T2', 0.012504430646234747)	('rIFG_to_lIFG_T2', 0.009685166773022615)	('lIFG_to_lPTL_T1', -0.009570011613807423)	('rIFG_to_lIFG_T1', 0.009466537085130183)	('lDLPFC_to_lPTL_T1', 0.009384790531213183)	('lDLPFC_to_lIFG_T1', -0.009276676694187566)	('L_SMA', -0.00897740250205928)	('L_SMA_T2', -0.008181982210005894)	('rDLPFC_to_lPTL_T1', -0.007869233670030272)	('L_DLPFC_T1', -0.007758160174598567)	('L_IFGorb_T2', 0.007479922543436223)	('Age', -0.0072748950835202905)	('L_DLPFC_T2', -0.007202471039798346)	('T2', 0.00671081761254327)	('lIFG_to_lPTL_T2', 0.006329903196706725)	('rDLPFC_to_lPTL_T2', 0.005945076531555268)	('R_DLPFC_T1', -0.00443387470190752)	('lDLPFC_to_lPTL_T2', -0.004308861519972286)	('lSMA_to_lPTL_T2', 0.0020301549716452054)	('L_PTL_T2', -0.0019650439546101276)	('R_IFGorb_T2', -0.0019183244207774505)	('T1', 0.0016187955638123695)	('L_IFGorb', 0.0012426463531395896)	('L_IFGorb_T1', -0.00021821221632474215)	
