predictors	pearson_correlation	mean_squared_error	r2	
rois + act_t1 + act_t2 + conn_t1 + conn_t2 + age + T1 + T2	0.21127345836964684	0.07588671492100645	0.0393575721259537	('rDLPFC_to_lPTL_T2', 0.028434799138333935)	('lIFG_to_lPTL_T2', 0.028339571183023795)	('lSMA_to_lIFG_T2', 0.017466470363029674)	('L_PTL_T1', -0.01506697635699825)	('L_IFGorb', 0.015055831187797658)	('Age', 0.014337490458113755)	('L_IFGorb_T1', 0.01298487444497446)	('R_IFGorb_T2', -0.011129752252607063)	('L_DLPFC_T1', 0.010787129450641473)	('R_DLPFC_T2', 0.00959397577993134)	('lSMA_to_lPTL_T1', 0.00955693899182781)	('L_SMA_T1', 0.009000310574649199)	('T2', 0.008894291718068834)	('L_PTL', 0.008658440532691753)	('L_SMA_T2', 0.008155475132969348)	('lDLPFC_to_lPTL_T2', 0.007303471543759014)	('rIFG_to_lIFG_T1', -0.007078055284053364)	('lDLPFC_to_lPTL_T1', 0.007063456057905999)	('lDLPFC_to_lIFG_T1', 0.00640621894656269)	('lSMA_to_lIFG_T1', -0.006005779266991429)	('T1', 0.005158495750468204)	('rIFG_to_lIFG_T2', 0.005004605141032233)	('R_DLPFC_T1', 0.003570487441192978)	('rDLPFC_to_lIFG_T1', 0.003569865616256397)	('L_SMA', 0.0034671689400437894)	('lIFG_to_lPTL_T1', 0.0033483883325177047)	('lPTL_to_lIFG_T1', 0.003318758393703734)	('L_PTL_T2', -0.0023569710800017732)	('R_IFGorb_T1', -0.002032238607108303)	('lSMA_to_lPTL_T2', 0.0018063487170648486)	('L_DLPFC', 0.0017581386700230022)	('L_IFGorb_T2', -0.0017027292762861626)	('rDLPFC_to_lIFG_T2', 0.001370605350769532)	('L_DLPFC_T2', 0.0013640383048280085)	('lDLPFC_to_lIFG_T2', -0.0009382934427709932)	('rDLPFC_to_lPTL_T1', -0.0006558373810556402)	('lPTL_to_lIFG_T2', 0.0003918171369635514)	
