predictors	pearson_correlation	mean_squared_error	r2	
rois + act_t1 + act_t2 + conn_t1 + conn_t2 + age + T1 + T2	0.35379717671900235	0.08252353323865234	0.10080505772963555	('lPTL_to_lIFG_T2', 0.013478947927955228)	('L_IFGorb', 0.011966255718901989)	('lDLPFC_to_lIFG_T1', 0.009161318903648416)	('R_IFGorb_T2', -0.00880134820871374)	('R_DLPFC_T1', 0.008501311071717161)	('L_IFGorb_T2', 0.008497829929904286)	('rDLPFC_to_lPTL_T1', 0.008233874426342231)	('lSMA_to_lIFG_T1', 0.008225098723637164)	('R_DLPFC_T2', -0.007907991951099444)	('rDLPFC_to_lIFG_T2', -0.00729873797462787)	('Age', 0.006623488596634165)	('lSMA_to_lPTL_T1', 0.006598107753688539)	('rDLPFC_to_lPTL_T2', 0.00566383493408741)	('lDLPFC_to_lIFG_T2', 0.00526726790805497)	('T1', -0.005079560922903358)	('lPTL_to_lIFG_T1', 0.004727615591752426)	('R_IFGorb_T1', 0.0046403147711913595)	('rIFG_to_lIFG_T2', 0.004597328606479722)	('rDLPFC_to_lIFG_T1', -0.004399050696324537)	('L_PTL_T1', 0.004027939725916796)	('lIFG_to_lPTL_T2', -0.004027495231795815)	('lDLPFC_to_lPTL_T2', 0.0025646535237213207)	('L_SMA_T1', -0.0022239326968672524)	('rIFG_to_lIFG_T1', 0.002148998628781718)	('lDLPFC_to_lPTL_T1', -0.0021240004684195857)	('L_DLPFC', 0.0018932769542281975)	('L_SMA_T2', -0.001448598495093546)	('L_PTL_T2', -0.0012539234920473518)	('lIFG_to_lPTL_T1', 0.0012373693478087615)	('T2', -0.0011067313456903385)	('L_DLPFC_T1', 0.0011066386526244604)	('L_DLPFC_T2', 0.0005599878077475745)	('lSMA_to_lPTL_T2', -0.0003876498834156664)	('L_SMA', -0.0002467290783564711)	('lSMA_to_lIFG_T2', 0.00023254581289332166)	('L_IFGorb_T1', -0.00016979344855235819)	('L_PTL', -0.000115170589098331)	
