predictors	pearson_correlation	mean_squared_error	r2	
rois + act_t1 + act_t2 + conn_t1 + conn_t2 + age + T1 + T2	-0.003226576404718476	0.09667201004798717	-0.05335992150109603	('L_SMA_T2', -0.016855593944864737)	('lSMA_to_lPTL_T1', -0.014444894261677428)	('R_IFGorb_T1', 0.013967891495612018)	('L_PTL', 0.013604178729181751)	('R_IFGorb_T2', 0.01281125404804917)	('T2', -0.011312469747324293)	('L_SMA_T1', 0.010978922549798962)	('lSMA_to_lIFG_T1', 0.010869771909144016)	('lDLPFC_to_lIFG_T1', 0.010382863930670044)	('L_PTL_T2', 0.010356396543005414)	('lPTL_to_lIFG_T1', 0.01005794477383758)	('T1', 0.009059199153404914)	('L_SMA', 0.009012379714138506)	('rDLPFC_to_lPTL_T2', 0.008002750025750105)	('L_IFGorb_T2', -0.00793972418572144)	('L_IFGorb_T1', 0.007438605537281595)	('lPTL_to_lIFG_T2', -0.00733949712911011)	('rIFG_to_lIFG_T2', 0.007335517855285708)	('L_DLPFC_T2', 0.0071592615683101785)	('R_DLPFC_T1', 0.007015889657212251)	('lDLPFC_to_lPTL_T1', -0.006505228136883437)	('L_DLPFC', -0.0064936509898876095)	('Age', -0.006211068270326907)	('rDLPFC_to_lIFG_T1', 0.005672585804459026)	('lSMA_to_lIFG_T2', 0.004916057119970675)	('rDLPFC_to_lIFG_T2', -0.0039005314947805508)	('lDLPFC_to_lIFG_T2', -0.003459400921276107)	('lIFG_to_lPTL_T1', 0.0033915168021922356)	('lDLPFC_to_lPTL_T2', 0.0029817539310172552)	('L_PTL_T1', -0.0029198088880845996)	('L_DLPFC_T1', 0.0028935199747928578)	('lSMA_to_lPTL_T2', 0.0026175159207836394)	('R_DLPFC_T2', 0.001671331208592058)	('L_IFGorb', 0.0011500843193554173)	('rDLPFC_to_lPTL_T1', -0.001130441806622478)	('lIFG_to_lPTL_T2', 0.0009990944892934801)	('rIFG_to_lIFG_T1', 3.3418038918448915e-07)	
