predictors	pearson_correlation	mean_squared_error	r2	
rois + act_t1 + act_t2 + conn_t1 + conn_t2 + age + T1 + T2	0.02823735322486509	0.08293273572176564	-0.04983730916437712	('T1', 0.011346484546277315)	('rIFG_to_lIFG_T2', 0.008689091051337007)	('lPTL_to_lIFG_T2', 0.008639478577443321)	('lPTL_to_lIFG_T1', 0.008419840512101703)	('R_DLPFC_T1', 0.007810326770491449)	('L_DLPFC_T2', 0.006864072976798538)	('L_PTL_T2', 0.0056927705125928655)	('R_IFGorb_T2', -0.005442707945000114)	('lDLPFC_to_lPTL_T1', 0.005206654777023065)	('L_PTL_T1', 0.004938229775513103)	('L_DLPFC', 0.0049240441813344395)	('R_IFGorb_T1', 0.004424443850866217)	('lDLPFC_to_lIFG_T1', 0.004226825283625076)	('lDLPFC_to_lIFG_T2', 0.003802114127445997)	('lIFG_to_lPTL_T2', -0.003597533352865449)	('rDLPFC_to_lPTL_T1', 0.003347594374465047)	('rDLPFC_to_lIFG_T1', 0.0030702347317980412)	('L_IFGorb', -0.003044047191886325)	('rIFG_to_lIFG_T1', -0.0027607881480810614)	('L_SMA_T2', -0.0026267396241818563)	('lIFG_to_lPTL_T1', 0.0025564289864860616)	('L_SMA_T1', 0.002270055474657523)	('T2', -0.002096370742824493)	('L_SMA', 0.0019848695796752932)	('R_DLPFC_T2', 0.0016955361149323602)	('L_PTL', -0.0016505424158023846)	('L_DLPFC_T1', 0.0015710730503939495)	('lDLPFC_to_lPTL_T2', 0.0015242799869717228)	('lSMA_to_lPTL_T1', 0.0010939095463589946)	('lSMA_to_lIFG_T2', 0.0010837306132336836)	('lSMA_to_lPTL_T2', 0.0010616615763401852)	('L_IFGorb_T2', 0.000980028735829903)	('rDLPFC_to_lIFG_T2', -0.0008216647397576986)	('L_IFGorb_T1', 0.0007883473165823873)	('Age', -0.0006279950554475692)	('lSMA_to_lIFG_T1', 0.00011169792224227513)	('rDLPFC_to_lPTL_T2', -5.812272143918571e-05)	
