predictors	pearson_correlation	mean_squared_error	r2	
rois + act_t1 + act_t2 + conn_t1 + conn_t2 + age + T1 + T2	-0.20751933060938352	0.08984811232511804	-0.1373783784651499	('L_DLPFC', 0.016582603766510703)	('rIFG_to_lIFG_T1', 0.01540189525894122)	('L_DLPFC_T2', 0.010785434158335787)	('L_SMA_T2', -0.009625813542228492)	('lPTL_to_lIFG_T1', 0.009494768599630152)	('L_DLPFC_T1', 0.006619027540376832)	('lDLPFC_to_lPTL_T2', 0.0063598140930105455)	('lSMA_to_lIFG_T2', 0.005719355337543699)	('T2', 0.005681369877005146)	('T1', 0.005675790271825061)	('lPTL_to_lIFG_T2', 0.005047066243086399)	('lSMA_to_lIFG_T1', 0.0049715426161124916)	('R_DLPFC_T1', 0.0046323301878916515)	('lSMA_to_lPTL_T1', 0.004439049764775509)	('L_PTL_T2', -0.004250328884725472)	('L_SMA', 0.004158675386494379)	('L_PTL_T1', -0.004043968205633008)	('lSMA_to_lPTL_T2', -0.003893931049295651)	('rDLPFC_to_lIFG_T1', 0.0038028592276431257)	('Age', 0.003617558065266343)	('L_IFGorb', 0.003603056474156182)	('R_IFGorb_T2', 0.0036013459337245826)	('L_PTL', 0.003445776506160929)	('rDLPFC_to_lPTL_T2', 0.002488846430304413)	('rDLPFC_to_lPTL_T1', -0.0023758037183418093)	('R_DLPFC_T2', 0.00190773591050992)	('lDLPFC_to_lIFG_T2', -0.0015304690039837118)	('L_IFGorb_T1', -0.0015252316824738814)	('L_SMA_T1', 0.0013179365422150919)	('lIFG_to_lPTL_T2', -0.0010736055011744095)	('lIFG_to_lPTL_T1', 0.0008952138294757468)	('rIFG_to_lIFG_T2', 0.0006792370825688685)	('rDLPFC_to_lIFG_T2', 0.00047856030116422686)	('lDLPFC_to_lIFG_T1', -0.0003030564215919978)	('L_IFGorb_T2', -0.00022062422330266452)	('lDLPFC_to_lPTL_T1', 0.00012807840978478383)	('R_IFGorb_T1', -4.231034481532908e-05)	
