predictors	pearson_correlation	mean_squared_error	r2	
rois + act_t1 + act_t2 + conn_t1 + conn_t2 + age + T1 + T2	-0.1258319972476587	0.09924087590804889	-0.08135086054703344	('rIFG_to_lIFG_T2', 0.009689959902543318)	('T2', 0.009521860863331278)	('lSMA_to_lIFG_T2', 0.009148722454863902)	('L_IFGorb_T1', 0.00855956874620684)	('rDLPFC_to_lIFG_T1', -0.007614114750719863)	('L_SMA_T1', -0.006911190258563575)	('L_SMA', 0.006725536340688666)	('lSMA_to_lPTL_T2', 0.006241551297654567)	('lIFG_to_lPTL_T1', 0.005465063822082424)	('R_IFGorb_T1', -0.005333287785396923)	('lDLPFC_to_lPTL_T2', 0.004964303103202277)	('R_DLPFC_T2', -0.004747351600957205)	('L_SMA_T2', -0.004479071479776307)	('R_IFGorb_T2', -0.004476836639877777)	('lPTL_to_lIFG_T2', 0.004405562352549858)	('lDLPFC_to_lIFG_T2', -0.0032860798961007152)	('lSMA_to_lIFG_T1', -0.003225288338053549)	('rDLPFC_to_lPTL_T2', 0.00315244771020933)	('lPTL_to_lIFG_T1', -0.0028859208462251426)	('L_PTL_T2', 0.0028686982998576346)	('L_DLPFC_T2', 0.0024017503723946627)	('Age', 0.0022304164699726973)	('R_DLPFC_T1', 0.0019416990751465431)	('L_DLPFC_T1', -0.0019198426468888246)	('L_DLPFC', 0.0018203325043326464)	('rDLPFC_to_lIFG_T2', -0.0016584714249157234)	('L_PTL_T1', 0.0015236995252727674)	('rDLPFC_to_lPTL_T1', -0.0012394816362661424)	('L_IFGorb_T2', 0.001122645543948494)	('L_PTL', -0.0010324934190062947)	('lSMA_to_lPTL_T1', -0.0009841763216703445)	('lIFG_to_lPTL_T2', 0.0007867799545398032)	('lDLPFC_to_lIFG_T1', 0.0004537587471688287)	('rIFG_to_lIFG_T1', -0.0003957803448161538)	('L_IFGorb', 0.00017458094267479822)	('T1', 0.0001254856963341039)	('lDLPFC_to_lPTL_T1', 7.391532647514045e-05)	
