predictors	pearson_correlation	mean_squared_error	r2	
rois + act_t1 + act_t2 + conn_t1 + conn_t2 + age + T1 + T2	-0.1474369809591156	0.09880297713004596	-0.2507371274430761	('lSMA_to_lIFG_T1', 0.028697033737793982)	('lDLPFC_to_lPTL_T1', 0.02569403167335288)	('rDLPFC_to_lIFG_T1', 0.021452520813779165)	('Age', 0.021206008706256115)	('L_PTL_T2', -0.020834239636667085)	('R_DLPFC_T1', 0.016474955668429995)	('L_DLPFC', 0.013345071379645267)	('lDLPFC_to_lIFG_T2', 0.012790935989224027)	('R_IFGorb_T2', 0.010703792275897727)	('lIFG_to_lPTL_T1', 0.010459167089925355)	('lIFG_to_lPTL_T2', 0.010063029201638094)	('L_SMA_T1', 0.010061554405665186)	('rDLPFC_to_lPTL_T1', 0.009935861404320385)	('rDLPFC_to_lIFG_T2', 0.009768165922097536)	('L_IFGorb', -0.009653819868741236)	('L_SMA', 0.00914273995597183)	('lSMA_to_lPTL_T1', 0.008938839995315822)	('rDLPFC_to_lPTL_T2', 0.008091142637807767)	('lDLPFC_to_lPTL_T2', 0.008005082532813339)	('L_IFGorb_T2', 0.007023979275327146)	('R_DLPFC_T2', -0.0068377392097972375)	('lSMA_to_lPTL_T2', -0.006747846485396879)	('L_PTL', 0.00619681044243454)	('L_DLPFC_T2', -0.005307720384278651)	('lPTL_to_lIFG_T1', 0.004972310936398548)	('lSMA_to_lIFG_T2', -0.00474046103494215)	('T1', 0.004428256869869837)	('lPTL_to_lIFG_T2', -0.0040862399717294445)	('L_IFGorb_T1', 0.0029400860656695915)	('rIFG_to_lIFG_T2', -0.0028095496185999084)	('R_IFGorb_T1', -0.002228480615632304)	('lDLPFC_to_lIFG_T1', -0.0014200013945168738)	('L_DLPFC_T1', -0.0012241201386061769)	('L_SMA_T2', -0.0011899103407480751)	('L_PTL_T1', -0.0008776305336018238)	('rIFG_to_lIFG_T1', 0.0005595101003239254)	('T2', 0.00013018867911975356)	
