predictors	pearson_correlation	mean_squared_error	r2	
rois + act_t1 + act_t2 + conn_t1 + conn_t2 + age + T1 + T2	-0.15342496747413564	0.08904681594999785	-0.12723484680689578	('rDLPFC_to_lIFG_T1', 0.0178833222259817)	('lIFG_to_lPTL_T2', 0.016972849420877702)	('T1', 0.012449623404226041)	('L_SMA', -0.012290223025252643)	('R_DLPFC_T1', 0.010929060067729115)	('rDLPFC_to_lPTL_T1', 0.010793554378967313)	('rIFG_to_lIFG_T2', 0.01003955021547994)	('lSMA_to_lIFG_T2', 0.009704442998689798)	('L_SMA_T1', 0.009058547305892811)	('lSMA_to_lPTL_T1', -0.008903503948157554)	('L_DLPFC_T2', 0.007686337577447476)	('L_PTL_T2', 0.0068877191207326)	('L_SMA_T2', 0.006397567428272585)	('lDLPFC_to_lIFG_T2', 0.006323897963251596)	('lDLPFC_to_lPTL_T2', 0.006314875432364166)	('R_DLPFC_T2', -0.006025240457841377)	('L_PTL', -0.005406518973226277)	('Age', 0.005053963943406713)	('lDLPFC_to_lIFG_T1', 0.0048443712101212625)	('lPTL_to_lIFG_T1', -0.004567359708662975)	('L_IFGorb_T2', 0.004117803232716107)	('R_IFGorb_T1', -0.003843925905587019)	('T2', 0.0037703793732472807)	('lSMA_to_lIFG_T1', 0.0037601163615295532)	('rDLPFC_to_lPTL_T2', 0.0034829556492472005)	('L_DLPFC_T1', 0.003331289209230958)	('L_IFGorb', 0.003278572747610332)	('lDLPFC_to_lPTL_T1', 0.002995480929966251)	('lIFG_to_lPTL_T1', 0.0029014342339729383)	('rIFG_to_lIFG_T1', -0.00274860172778173)	('L_PTL_T1', -0.0017932251538932875)	('L_IFGorb_T1', -0.0016663670243447957)	('lPTL_to_lIFG_T2', 0.0013744785792648053)	('L_DLPFC', 0.001140904898884642)	('R_IFGorb_T2', 0.00038204950323684345)	('rDLPFC_to_lIFG_T2', -0.00023438767066416802)	('lSMA_to_lPTL_T2', -5.576230938985133e-05)	
