predictors	pearson_correlation	mean_squared_error	r2	
rois + act_t1 + act_t2 + conn_t1 + conn_t2 + age + T1 + T2	-0.1876577269922869	0.10013169850071933	-0.267557280019459	('L_DLPFC_T2', 0.02529231606208991)	('lDLPFC_to_lPTL_T1', 0.01586033810932209)	('rDLPFC_to_lPTL_T1', 0.015562703692029941)	('lPTL_to_lIFG_T2', 0.014964420423922055)	('R_IFGorb_T1', 0.011490366812360335)	('Age', 0.010432070963599594)	('T1', 0.009809760191777834)	('L_DLPFC_T1', -0.009619291505469002)	('lDLPFC_to_lPTL_T2', 0.008919836630599417)	('lSMA_to_lPTL_T1', -0.008499420914974114)	('lSMA_to_lPTL_T2', 0.007971374076079356)	('L_PTL_T1', 0.007798119179141889)	('L_IFGorb_T2', 0.006943177983258183)	('lIFG_to_lPTL_T2', 0.006411262876775019)	('L_IFGorb', -0.0063659775853459446)	('lPTL_to_lIFG_T1', 0.006303861779678715)	('rIFG_to_lIFG_T2', -0.00518727461929358)	('lSMA_to_lIFG_T2', -0.005055130079625669)	('L_SMA_T1', 0.004780801990493289)	('rDLPFC_to_lIFG_T1', -0.004351627034461699)	('L_PTL', 0.003731490994084564)	('lDLPFC_to_lIFG_T1', -0.003611079534863932)	('T2', 0.0034333912196748877)	('lIFG_to_lPTL_T1', 0.003293762620374974)	('rIFG_to_lIFG_T1', 0.003202799535308309)	('L_SMA_T2', -0.0020360275069225458)	('R_DLPFC_T1', -0.001994834899495167)	('lDLPFC_to_lIFG_T2', 0.0019316837947294543)	('R_IFGorb_T2', 0.0018242517853865586)	('lSMA_to_lIFG_T1', -0.001725971871557724)	('L_SMA', 0.0014714018878432772)	('rDLPFC_to_lIFG_T2', -0.0014341467820906267)	('rDLPFC_to_lPTL_T2', -0.0013000005488435454)	('L_PTL_T2', -0.001170556357037518)	('L_DLPFC', 0.0010051521097172553)	('R_DLPFC_T2', 0.0008656942907891868)	('L_IFGorb_T1', 0.0006999839474323051)	
