predictors	pearson_correlation	mean_squared_error	r2	
rois + act_t1 + act_t2 + conn_t1 + conn_t2 + age + T1 + T2	0.08182349660938344	0.07923640068980449	-0.00304576912953336	('R_IFGorb_T1', -0.018149474897319294)	('L_DLPFC_T2', 0.015468665758449383)	('L_SMA', 0.012614167346791497)	('T2', 0.011405857257624033)	('lDLPFC_to_lIFG_T1', 0.009694311647599395)	('L_DLPFC_T1', 0.009467347214574364)	('L_IFGorb_T1', 0.009428286227432733)	('L_IFGorb_T2', 0.008302536048846013)	('rIFG_to_lIFG_T1', 0.008151693811451319)	('rDLPFC_to_lIFG_T1', 0.007392326311701799)	('T1', 0.007159907221732912)	('L_SMA_T1', 0.005984729243006806)	('lSMA_to_lPTL_T1', -0.0058684153392429975)	('L_DLPFC', 0.005599550381591664)	('lIFG_to_lPTL_T2', 0.005381865294898324)	('L_PTL_T2', 0.004943962218150481)	('rDLPFC_to_lPTL_T1', 0.0048718691961497996)	('L_PTL_T1', 0.0047187785747077595)	('rIFG_to_lIFG_T2', -0.004437022133875977)	('rDLPFC_to_lIFG_T2', 0.004209393683629137)	('lPTL_to_lIFG_T1', 0.003124864799924074)	('rDLPFC_to_lPTL_T2', -0.0031157400090336042)	('lDLPFC_to_lIFG_T2', 0.002490959809261701)	('R_DLPFC_T2', 0.002384812705109241)	('lDLPFC_to_lPTL_T1', 0.002112625096731823)	('lPTL_to_lIFG_T2', 0.0020151363098176588)	('lSMA_to_lIFG_T2', -0.0018974603633239646)	('lSMA_to_lIFG_T1', 0.0016106441932399929)	('R_DLPFC_T1', 0.0015738402823316084)	('L_PTL', 0.0012109481622634565)	('lDLPFC_to_lPTL_T2', 0.0009781836456094102)	('L_SMA_T2', -0.0009527375347224133)	('lIFG_to_lPTL_T1', -0.0006745418632414226)	('lSMA_to_lPTL_T2', -0.00035437667965515507)	('R_IFGorb_T2', -0.00032335133367298273)	('Age', 0.00020705470038680297)	('L_IFGorb', -0.00014947876452927843)	
