predictors	pearson_correlation	mean_squared_error	r2	
rois + act_t1 + act_t2 + conn_t1 + conn_t2 + age + T1 + T2	-0.04467914042847161	0.09440770072273405	-0.028687498822402624	('L_SMA_T1', 0.03184035926909988)	('lIFG_to_lPTL_T1', -0.023088689609421283)	('T2', 0.02188261352219876)	('L_SMA_T2', 0.02066484850780836)	('R_IFGorb_T1', 0.019734317736293458)	('R_IFGorb_T2', -0.014672500094721532)	('lDLPFC_to_lIFG_T2', -0.012916646216230697)	('L_IFGorb', -0.01185999721540944)	('L_IFGorb_T1', -0.01139879676894955)	('lSMA_to_lIFG_T2', 0.010157239555156879)	('lDLPFC_to_lPTL_T1', 0.009979141047456189)	('rDLPFC_to_lPTL_T2', 0.009621547125061271)	('lSMA_to_lPTL_T1', -0.009019328063491806)	('R_DLPFC_T2', 0.008533551195201874)	('rIFG_to_lIFG_T2', 0.00828882177752701)	('R_DLPFC_T1', -0.0072293351584583505)	('lDLPFC_to_lPTL_T2', 0.006555915244640143)	('lSMA_to_lPTL_T2', -0.005958000787461646)	('T1', 0.005245824744934712)	('L_DLPFC', 0.0048766343179192945)	('lPTL_to_lIFG_T2', 0.004847551657425629)	('lDLPFC_to_lIFG_T1', -0.004698636618761588)	('lIFG_to_lPTL_T2', -0.00423149487535744)	('Age', 0.004034549483779921)	('L_IFGorb_T2', 0.0038365333284941633)	('L_PTL_T1', 0.0036361536812918546)	('lPTL_to_lIFG_T1', 0.0035351386275534373)	('rDLPFC_to_lIFG_T2', 0.0035242715423254713)	('rDLPFC_to_lIFG_T1', -0.002816093357436787)	('L_PTL', -0.002495193950194443)	('rDLPFC_to_lPTL_T1', 0.0014453379033907633)	('L_SMA', -0.0011949638756231368)	('L_PTL_T2', 0.0010360222449321474)	('L_DLPFC_T2', 0.0007186071145717924)	('rIFG_to_lIFG_T1', 0.000601534022867061)	('lSMA_to_lIFG_T1', 0.00044077860484755313)	('L_DLPFC_T1', 0.00041175548654623893)	
