predictors	pearson_correlation	mean_squared_error	r2	
rois + act_t1 + act_t2 + conn_t1 + conn_t2 + age + T1 + T2	-0.1318468799793349	0.11580006519281892	-0.26178350404403616	('lDLPFC_to_lIFG_T1', 0.029766301270657818)	('R_IFGorb_T1', 0.02242479551890457)	('L_DLPFC_T1', -0.022064737801910317)	('L_DLPFC', -0.021347335419242917)	('T1', 0.014409213030418375)	('rDLPFC_to_lIFG_T2', -0.01405567694213358)	('lSMA_to_lIFG_T1', 0.0126596064487369)	('L_PTL_T2', -0.012247312691751904)	('R_IFGorb_T2', 0.011245570974178543)	('rDLPFC_to_lIFG_T1', -0.011193197712348222)	('T2', 0.009614786729626474)	('lDLPFC_to_lPTL_T2', 0.009557603637880116)	('L_DLPFC_T2', -0.009118834932604738)	('L_IFGorb_T1', 0.008855103941277646)	('L_PTL_T1', -0.008017246938262218)	('rDLPFC_to_lPTL_T2', 0.007636061345472603)	('lIFG_to_lPTL_T1', 0.006973547462638645)	('lDLPFC_to_lPTL_T1', -0.006718214622530817)	('L_SMA_T2', 0.0066235012226958405)	('lDLPFC_to_lIFG_T2', -0.006528223387267892)	('L_PTL', 0.006153995460583432)	('lIFG_to_lPTL_T2', 0.005014685914083603)	('L_SMA', -0.004852978132983141)	('lPTL_to_lIFG_T2', 0.004707242502494897)	('L_IFGorb_T2', 0.004122452082215882)	('R_DLPFC_T2', 0.003998557882337024)	('rIFG_to_lIFG_T1', -0.0034367239338483325)	('rDLPFC_to_lPTL_T1', -0.0033608039783782125)	('lSMA_to_lPTL_T2', 0.0033349250960022464)	('Age', -0.00306420341921467)	('lSMA_to_lPTL_T1', 0.0028546078499026616)	('lSMA_to_lIFG_T2', -0.002486650190487033)	('L_SMA_T1', -0.0014647837484402556)	('rIFG_to_lIFG_T2', -0.0012377628725036235)	('lPTL_to_lIFG_T1', 0.0010355272650118311)	('R_DLPFC_T1', 0.0009324021811266342)	('L_IFGorb', -8.290509992849331e-06)	
