predictors	pearson_correlation	mean_squared_error	r2	
rois + act_t1 + act_t2 + conn_t1 + conn_t2 + age + T1 + T2	-0.044805912657916974	0.09189502051331998	-0.16328998702003905	('R_IFGorb_T2', 0.0320873656708335)	('lSMA_to_lPTL_T2', 0.023134577452777944)	('L_DLPFC_T1', 0.022217863101847472)	('R_DLPFC_T2', 0.019768540792431885)	('lDLPFC_to_lIFG_T1', 0.019560677105664413)	('rDLPFC_to_lIFG_T1', -0.01533448604588449)	('lIFG_to_lPTL_T1', 0.015113858237238422)	('R_DLPFC_T1', 0.014884496137643706)	('T2', 0.013195150632807108)	('lDLPFC_to_lPTL_T2', 0.010286760554390388)	('lPTL_to_lIFG_T2', -0.009944720202551854)	('lSMA_to_lIFG_T2', -0.009421972888876062)	('lSMA_to_lIFG_T1', 0.008972676026284427)	('L_IFGorb_T1', 0.008922376819193435)	('rDLPFC_to_lPTL_T2', -0.006535083952281635)	('L_PTL', 0.006160939930815958)	('L_PTL_T2', 0.006146349946683968)	('Age', 0.005055135057799927)	('lDLPFC_to_lIFG_T2', -0.004906120967348811)	('lPTL_to_lIFG_T1', 0.0041221862575918375)	('L_IFGorb', -0.003645126098398487)	('L_IFGorb_T2', 0.003430851478044468)	('L_DLPFC', 0.003212105081347262)	('L_DLPFC_T2', -0.0026256813435649043)	('R_IFGorb_T1', 0.00231685136182496)	('L_SMA_T2', 0.0020800278927010185)	('rIFG_to_lIFG_T1', -0.0019092988116613916)	('rDLPFC_to_lPTL_T1', -0.0018840172531770336)	('lDLPFC_to_lPTL_T1', -0.0012179443293861142)	('T1', -0.0011360178183196503)	('lSMA_to_lPTL_T1', -0.0010681933716803003)	('L_SMA', -0.0010268536953586098)	('rDLPFC_to_lIFG_T2', 0.0006081191494292088)	('L_PTL_T1', 0.0005220354961552963)	('lIFG_to_lPTL_T2', -0.00028284287670899175)	('rIFG_to_lIFG_T2', 0.00026417261394760154)	('L_SMA_T1', 0.0002559984450949932)	
