predictors	pearson_correlation	mean_squared_error	r2	
rois + act_t1 + act_t2 + conn_t1 + conn_t2 + age + T1 + T2	0.05559903401389281	0.09198569803132986	-0.002296813828612132	('L_DLPFC_T1', 0.012230708653721025)	('lSMA_to_lIFG_T1', -0.010865402090158158)	('lSMA_to_lPTL_T2', 0.008874496427106079)	('lDLPFC_to_lIFG_T1', 0.008525092811083766)	('rIFG_to_lIFG_T2', 0.007414083747006902)	('L_IFGorb', 0.006727510673939058)	('L_IFGorb_T2', 0.006333076880916345)	('rDLPFC_to_lIFG_T2', 0.006209163635164207)	('rDLPFC_to_lPTL_T1', 0.005130040171756857)	('lSMA_to_lIFG_T2', -0.005096764095879217)	('lDLPFC_to_lPTL_T2', 0.00441030898933705)	('T2', 0.004263037463077365)	('L_PTL_T1', 0.004216752194530375)	('rDLPFC_to_lIFG_T1', 0.004071653165754244)	('L_IFGorb_T1', 0.004001782740249999)	('lDLPFC_to_lPTL_T1', -0.003670501733144242)	('R_DLPFC_T2', 0.003508007500006389)	('lIFG_to_lPTL_T1', -0.00331737394272632)	('rDLPFC_to_lPTL_T2', 0.0032798765391680138)	('R_IFGorb_T1', -0.0024897255190277825)	('L_DLPFC_T2', 0.0024276487196810623)	('lPTL_to_lIFG_T1', -0.0018820971159650623)	('Age', -0.0018558063628267543)	('L_DLPFC', -0.0017930102441933871)	('lPTL_to_lIFG_T2', 0.001779278770794074)	('L_PTL', 0.001772717421017633)	('lSMA_to_lPTL_T1', -0.0017226527005414652)	('L_SMA', 0.0017127352655809446)	('L_SMA_T1', -0.0015589793072103388)	('L_PTL_T2', -0.001546970950861031)	('L_SMA_T2', -0.001524210008561885)	('T1', 0.0010997931426536185)	('R_DLPFC_T1', 0.0007484635372654012)	('R_IFGorb_T2', 0.00047387547857073297)	('rIFG_to_lIFG_T1', 0.00046962225487262637)	('lIFG_to_lPTL_T2', -0.00040270436410923835)	('lDLPFC_to_lIFG_T2', 0.00035376531924080905)	
