predictors	pearson_correlation	mean_squared_error	r2	
rois + act_t1 + act_t2 + conn_t1 + conn_t2 + age + T1 + T2	-0.013624107656014394	0.09904661659193985	-0.07923416743321576	('rIFG_to_lIFG_T2', 0.020088449568106827)	('T2', 0.013759201874918699)	('lSMA_to_lIFG_T2', 0.01373236374939156)	('L_DLPFC', -0.013172928138109942)	('lDLPFC_to_lPTL_T1', 0.012327759986076952)	('L_SMA_T2', 0.012036230853206323)	('L_PTL', 0.011898888343929473)	('lPTL_to_lIFG_T1', 0.011877403446054187)	('R_DLPFC_T2', 0.01138669509431762)	('L_PTL_T1', 0.011169563261443038)	('lDLPFC_to_lPTL_T2', -0.011010228094491455)	('rIFG_to_lIFG_T1', 0.010945081985888436)	('lSMA_to_lPTL_T1', 0.009668199134346519)	('lSMA_to_lPTL_T2', -0.009075702016106453)	('L_SMA_T1', 0.008988125718817285)	('L_IFGorb_T2', -0.008926245364595254)	('lDLPFC_to_lIFG_T2', 0.008380839296171113)	('L_DLPFC_T2', 0.007011550339098123)	('lIFG_to_lPTL_T2', 0.006767439401086614)	('L_DLPFC_T1', 0.006058448866624842)	('lDLPFC_to_lIFG_T1', 0.005976886442383658)	('T1', -0.005963539442806613)	('rDLPFC_to_lPTL_T1', 0.005405643633187909)	('L_SMA', -0.00522914861414559)	('rDLPFC_to_lIFG_T1', -0.004715387073850106)	('R_IFGorb_T2', -0.003914571385241577)	('lSMA_to_lIFG_T1', 0.003557074806211884)	('L_PTL_T2', 0.003212771424042934)	('Age', 0.0030008254889298406)	('rDLPFC_to_lPTL_T2', -0.0026371978094912527)	('lPTL_to_lIFG_T2', 0.0024958121874424513)	('R_IFGorb_T1', 0.0024492767676334345)	('R_DLPFC_T1', -0.0020781682798074416)	('L_IFGorb', -0.0013736571932674553)	('rDLPFC_to_lIFG_T2', 0.0011703251816355946)	('lIFG_to_lPTL_T1', 0.0006603714654370459)	('L_IFGorb_T1', 0.0002841200869119475)	
