predictors	pearson_correlation	mean_squared_error	r2	
rois + act_t1 + act_t2 + conn_t1 + conn_t2 + age + T1 + T2	0.07621962472490856	0.0789597477385154	0.0004563532522501301	('L_DLPFC_T1', 0.017613521441917145)	('L_IFGorb_T1', 0.015023669713251003)	('R_IFGorb_T2', 0.014877657588419434)	('L_SMA_T1', 0.014536232379014465)	('lSMA_to_lIFG_T1', 0.011654359447309916)	('L_DLPFC', 0.010685737441173446)	('lDLPFC_to_lPTL_T2', 0.01064625947983882)	('L_PTL_T2', -0.010014993639063727)	('Age', 0.009968243514015278)	('rDLPFC_to_lIFG_T1', 0.009867319968279928)	('lPTL_to_lIFG_T2', 0.00982325212347594)	('L_IFGorb_T2', -0.007875705295251785)	('rIFG_to_lIFG_T2', 0.007834017015462182)	('lDLPFC_to_lIFG_T2', -0.006417734292599072)	('lIFG_to_lPTL_T2', -0.005816411593387591)	('L_IFGorb', 0.005404813550942835)	('rDLPFC_to_lIFG_T2', 0.0049523785356004645)	('rDLPFC_to_lPTL_T2', 0.004735911613957395)	('lPTL_to_lIFG_T1', -0.004400962560933866)	('R_DLPFC_T2', 0.004332623106919921)	('L_SMA_T2', -0.004327788124544186)	('T1', 0.004200084618978758)	('lIFG_to_lPTL_T1', 0.004165376892030074)	('R_DLPFC_T1', -0.003647331222619153)	('rDLPFC_to_lPTL_T1', 0.003549720227827688)	('lSMA_to_lIFG_T2', 0.0023868853913783603)	('L_DLPFC_T2', 0.002091182671410752)	('lSMA_to_lPTL_T1', -0.0020572459479772528)	('L_PTL', -0.0012681509121163057)	('rIFG_to_lIFG_T1', 0.001259960969371813)	('L_SMA', 0.0012314449996780209)	('lDLPFC_to_lIFG_T1', 0.001146277059640036)	('L_PTL_T1', -0.0009463803964520117)	('lSMA_to_lPTL_T2', 0.000882487605102289)	('R_IFGorb_T1', -0.00048229322625133864)	('lDLPFC_to_lPTL_T1', -0.00038143168278015945)	('T2', -3.932917907038153e-05)	
