predictors	pearson_correlation	mean_squared_error	r2	
rois + act_t1 + act_t2 + conn_t1 + conn_t2 + age + T1 + T2	-0.03438247463057852	0.10002465075127659	-0.08989104717320417	('R_DLPFC_T2', -0.025140367232478693)	('rDLPFC_to_lIFG_T1', 0.0243770181535474)	('L_PTL_T1', 0.020715992944739234)	('lIFG_to_lPTL_T1', -0.020681801688273806)	('T1', 0.020231528290441766)	('L_DLPFC_T1', 0.018390662131162028)	('lSMA_to_lPTL_T1', 0.016707665142828745)	('rIFG_to_lIFG_T2', 0.016642136626244246)	('L_SMA_T1', 0.01373704160428368)	('L_SMA_T2', 0.013370902830467568)	('lDLPFC_to_lPTL_T2', 0.012095926796445883)	('lDLPFC_to_lIFG_T2', 0.008854175155586695)	('lSMA_to_lPTL_T2', -0.008712542608200705)	('L_IFGorb', 0.008435223631246698)	('L_IFGorb_T1', 0.008302494262842837)	('lDLPFC_to_lIFG_T1', -0.007927143028760268)	('L_IFGorb_T2', 0.0075579441901740384)	('R_IFGorb_T2', -0.006865936883945644)	('lSMA_to_lIFG_T1', 0.00665745430197248)	('R_DLPFC_T1', 0.006327945862557883)	('rDLPFC_to_lPTL_T2', -0.006282049633282129)	('L_PTL', 0.006056544691089569)	('L_SMA', 0.00521372361500664)	('lDLPFC_to_lPTL_T1', 0.0050866745768095405)	('T2', 0.004677256842858846)	('lPTL_to_lIFG_T2', 0.004014687806302939)	('lSMA_to_lIFG_T2', 0.0037463693434284713)	('rDLPFC_to_lIFG_T2', -0.003115983942648493)	('rIFG_to_lIFG_T1', 0.002409881952393461)	('lIFG_to_lPTL_T2', 0.0023579679189834487)	('rDLPFC_to_lPTL_T1', -0.002344403600562383)	('L_PTL_T2', 0.0020207646146086704)	('R_IFGorb_T1', 0.0019385993360215821)	('L_DLPFC_T2', -0.0012141023705807051)	('Age', 0.0011379616390660688)	('lPTL_to_lIFG_T1', 0.0007481171463046292)	('L_DLPFC', 0.00016461947790205624)	
