predictors	pearson_correlation	mean_squared_error	r2	
rois + act_t1 + act_t2 + conn_t1 + conn_t2 + age + T1 + T2	0.23646568232720683	0.08866636550388848	0.033871378482751346	('lPTL_to_lIFG_T2', 0.017649654797325838)	('lDLPFC_to_lPTL_T1', 0.016672225816973828)	('Age', -0.014164003726349877)	('rDLPFC_to_lIFG_T1', 0.011848490379063282)	('lDLPFC_to_lPTL_T2', 0.0097560522152772)	('lPTL_to_lIFG_T1', 0.009383245669157885)	('L_DLPFC_T2', 0.009254759287427883)	('R_DLPFC_T2', -0.008537762557734176)	('R_DLPFC_T1', 0.008242041075544309)	('lSMA_to_lPTL_T2', -0.007955104960094127)	('lSMA_to_lIFG_T2', 0.007570685905885414)	('L_PTL', -0.006694076311129901)	('R_IFGorb_T1', 0.006588838038378532)	('L_SMA_T2', 0.00652835377554812)	('L_SMA_T1', 0.006386807022269347)	('L_DLPFC', 0.006369739058554086)	('rDLPFC_to_lIFG_T2', -0.00549227378215939)	('lIFG_to_lPTL_T2', 0.004975516012264126)	('L_IFGorb_T1', 0.004625032771112504)	('R_IFGorb_T2', 0.003978756417235427)	('rIFG_to_lIFG_T2', 0.003534912173859795)	('T1', -0.002842773749624559)	('rDLPFC_to_lPTL_T2', -0.0026247466456935996)	('lDLPFC_to_lIFG_T2', 0.0024909943753379793)	('L_DLPFC_T1', -0.0024893655424161137)	('L_PTL_T1', 0.002266943340320421)	('rDLPFC_to_lPTL_T1', -0.00187490299365917)	('lSMA_to_lIFG_T1', 0.0016717071557288837)	('L_IFGorb', 0.0012594185893091835)	('lSMA_to_lPTL_T1', 0.0008972061482905046)	('L_PTL_T2', 0.0006665518933328369)	('lDLPFC_to_lIFG_T1', -0.0005514733275767152)	('lIFG_to_lPTL_T1', 0.00048557066183059613)	('L_SMA', -0.0004684696347776284)	('T2', -0.00034290800166128364)	('L_IFGorb_T2', 0.0001769873746863958)	('rIFG_to_lIFG_T1', -3.2730808840593454e-05)	
