predictors	pearson_correlation	mean_squared_error	r2	
rois + act_t1 + act_t2 + conn_t1 + conn_t2 + age + T1 + T2	-0.09090712418086218	0.083465634362489	-0.05658322041601238	('L_PTL_T1', 0.020873986741082238)	('L_IFGorb_T1', 0.020263389941066082)	('lSMA_to_lIFG_T1', 0.017909080903302035)	('T2', 0.01709830353167433)	('lDLPFC_to_lPTL_T1', 0.01626192351099512)	('lIFG_to_lPTL_T1', 0.014272252992036601)	('T1', 0.01206472970092692)	('R_DLPFC_T1', 0.011752674229593401)	('Age', 0.011509952259549039)	('rDLPFC_to_lPTL_T1', 0.011504035443344952)	('rIFG_to_lIFG_T2', 0.010244401557539844)	('rIFG_to_lIFG_T1', -0.009455344616076397)	('R_DLPFC_T2', -0.008995588882629931)	('lSMA_to_lPTL_T2', -0.008895031500573441)	('L_IFGorb_T2', -0.008755886860987959)	('lDLPFC_to_lIFG_T2', 0.00796020401179672)	('lDLPFC_to_lIFG_T1', -0.006256325543911602)	('L_SMA_T1', -0.005916430961950972)	('L_PTL', 0.0050215205650334955)	('L_DLPFC_T2', 0.003979125815187968)	('lSMA_to_lIFG_T2', 0.0037557307057931562)	('lSMA_to_lPTL_T1', 0.0035157358345235907)	('L_PTL_T2', -0.0030197954014174674)	('rDLPFC_to_lIFG_T2', -0.0021977407777757823)	('lIFG_to_lPTL_T2', 0.002089232922472253)	('R_IFGorb_T1', 0.0018422235301893597)	('L_SMA', 0.0017109606826046665)	('lPTL_to_lIFG_T2', 0.0016961593635892783)	('L_DLPFC_T1', -0.0016188720718069965)	('R_IFGorb_T2', -0.0014987738596946788)	('rDLPFC_to_lIFG_T1', 0.001322309538512698)	('rDLPFC_to_lPTL_T2', 0.0010127511814031873)	('L_IFGorb', -0.000723952256728689)	('L_SMA_T2', 0.0004820860850118185)	('lPTL_to_lIFG_T1', 0.00032558879732659464)	('lDLPFC_to_lPTL_T2', 0.0002982007910142754)	('L_DLPFC', -0.00014396263112568928)	
