predictors	pearson_correlation	mean_squared_error	r2	
rois + act_t1 + act_t2 + conn_t1 + conn_t2 + age + T1 + T2	-0.08061432016789177	0.10493377819232788	-0.14338200172538307	('L_SMA_T2', -0.024188619685049675)	('R_IFGorb_T2', 0.018478521847834908)	('lDLPFC_to_lIFG_T2', 0.01760783072804418)	('lSMA_to_lPTL_T1', 0.01589724455559678)	('rDLPFC_to_lPTL_T1', -0.014726402290660183)	('rDLPFC_to_lIFG_T1', -0.01384180363751001)	('L_PTL_T1', 0.013647333896149534)	('rDLPFC_to_lIFG_T2', 0.012306300973121884)	('lSMA_to_lPTL_T2', 0.012168884058422738)	('L_DLPFC_T2', -0.010527793981141025)	('lDLPFC_to_lPTL_T2', 0.010439075031485194)	('L_IFGorb_T1', 0.010293491571659678)	('L_DLPFC_T1', 0.010183100683350108)	('lPTL_to_lIFG_T1', -0.009658453514842003)	('R_IFGorb_T1', 0.009192103591239302)	('lSMA_to_lIFG_T1', 0.008822150573786589)	('L_PTL_T2', 0.007614999363872893)	('rIFG_to_lIFG_T1', 0.007476537754905003)	('L_IFGorb', 0.007265064397068703)	('T1', 0.006348865884819876)	('lDLPFC_to_lIFG_T1', -0.005927731519494956)	('R_DLPFC_T2', 0.005921021614186248)	('lIFG_to_lPTL_T1', -0.0057132347423502145)	('L_PTL', -0.004887879572154896)	('T2', -0.0035942501988280606)	('L_SMA_T1', -0.002810999150894275)	('Age', -0.0027308038868214565)	('R_DLPFC_T1', 0.0026969714350863006)	('lPTL_to_lIFG_T2', 0.0025604567844690796)	('L_SMA', 0.0023017416798278853)	('lDLPFC_to_lPTL_T1', 0.0018872463146453527)	('lIFG_to_lPTL_T2', -0.0017376450156282352)	('rIFG_to_lIFG_T2', -0.0012513078800843011)	('L_IFGorb_T2', 0.001155918080740341)	('lSMA_to_lIFG_T2', -0.0008899107104561123)	('rDLPFC_to_lPTL_T2', 0.0007783658447612779)	('L_DLPFC', -0.00019698551372332552)	
