predictors	pearson_correlation	mean_squared_error	r2	
rois + act_t1 + act_t2 + conn_t1 + conn_t2 + age + T1 + T2	0.0502707766748434	0.09557462056841426	-0.04140251940006112	('Age', 0.017598919411970858)	('L_SMA_T1', 0.013560111125020733)	('lSMA_to_lPTL_T1', -0.01314849987436017)	('T1', 0.012054512896175274)	('rDLPFC_to_lPTL_T1', 0.010262066599340243)	('lDLPFC_to_lIFG_T2', 0.010249696556381395)	('L_IFGorb_T1', 0.008645185670144568)	('T2', -0.007766976429041785)	('L_DLPFC_T2', 0.0073754918523429806)	('rDLPFC_to_lPTL_T2', 0.007013215115913002)	('lPTL_to_lIFG_T1', -0.006970534629951428)	('R_DLPFC_T2', -0.006934659412117114)	('lDLPFC_to_lPTL_T2', 0.006541723977345646)	('lSMA_to_lIFG_T2', -0.006431200400869026)	('rIFG_to_lIFG_T2', -0.006256026683338433)	('L_PTL_T2', -0.006132405714069155)	('R_IFGorb_T1', -0.005904642562890885)	('lSMA_to_lIFG_T1', 0.005648046123892167)	('lSMA_to_lPTL_T2', -0.0044978971106497505)	('lIFG_to_lPTL_T2', -0.0037664773421370516)	('L_IFGorb', -0.003490256487528464)	('L_PTL_T1', 0.0032053937145646388)	('rDLPFC_to_lIFG_T1', 0.003152140091934242)	('L_DLPFC_T1', 0.002973796234071006)	('R_DLPFC_T1', 0.0029100143982562655)	('rDLPFC_to_lIFG_T2', 0.0026380693768929164)	('lPTL_to_lIFG_T2', -0.0025557928035508004)	('L_PTL', -0.002482069747960272)	('L_SMA_T2', 0.002307820548213823)	('L_DLPFC', 0.002155601263435504)	('lDLPFC_to_lIFG_T1', 0.0020860478598619682)	('lDLPFC_to_lPTL_T1', -0.0020739807320282653)	('L_SMA', 0.001284287662450963)	('L_IFGorb_T2', -0.0007921244604627558)	('rIFG_to_lIFG_T1', 0.0005770193525171198)	('R_IFGorb_T2', -0.00033239250822315305)	('lIFG_to_lPTL_T1', 0.0002941728311163447)	
