predictors	pearson_correlation	mean_squared_error	r2	
rois + act_t1 + act_t2 + conn_t1 + conn_t2 + age + T1 + T2	0.18555723202441401	0.07715915614591647	0.02324986435527221	('L_PTL_T2', 0.021401450234654874)	('lSMA_to_lPTL_T1', 0.020297305233736684)	('lPTL_to_lIFG_T2', 0.017719169034759244)	('L_IFGorb_T2', 0.01611650894713285)	('rDLPFC_to_lIFG_T2', 0.0159660273792204)	('R_DLPFC_T1', 0.014252474472863775)	('L_DLPFC', 0.013563201485734375)	('L_SMA', 0.012560988006356912)	('L_DLPFC_T2', 0.011149789002438487)	('rDLPFC_to_lPTL_T2', -0.010502877651150652)	('Age', -0.009974115092507112)	('L_SMA_T2', 0.009692147025776109)	('lDLPFC_to_lIFG_T1', 0.009518120548309174)	('lSMA_to_lPTL_T2', 0.009490672337920386)	('lDLPFC_to_lIFG_T2', -0.009216379683005016)	('rIFG_to_lIFG_T1', 0.009032841962441378)	('rDLPFC_to_lPTL_T1', 0.00838457933636032)	('L_DLPFC_T1', 0.0075454242201629515)	('T2', 0.006883429383721904)	('lDLPFC_to_lPTL_T1', 0.0065069311164667265)	('R_DLPFC_T2', 0.006230115450813825)	('L_IFGorb_T1', 0.0052665053283871294)	('lPTL_to_lIFG_T1', 0.004717372944722779)	('L_SMA_T1', -0.003740632814677519)	('lDLPFC_to_lPTL_T2', 0.003441944676708385)	('R_IFGorb_T1', -0.0028390110765636693)	('T1', 0.0027448289418578347)	('lIFG_to_lPTL_T2', 0.0027288711820723267)	('L_PTL_T1', -0.0024358306682696006)	('L_PTL', -0.0019475057990939635)	('rIFG_to_lIFG_T2', -0.0016827756409336621)	('lSMA_to_lIFG_T1', 0.0013857289018356748)	('R_IFGorb_T2', 0.0013306417786062628)	('lIFG_to_lPTL_T1', -0.0012731322670594205)	('lSMA_to_lIFG_T2', 0.0010485394627541965)	('L_IFGorb', -0.0007463241791580657)	('rDLPFC_to_lIFG_T1', 0.0004011742129316865)	
