predictors	pearson_correlation	mean_squared_error	r2	
rois + act_t1 + act_t2 + conn_t1 + conn_t2 + age + T1 + T2	-0.19387453407753785	0.08527791361732645	-0.07952468448077066	('lDLPFC_to_lPTL_T1', 0.015425389405985127)	('R_DLPFC_T1', 0.015399208615873771)	('L_IFGorb_T2', 0.01217592190070991)	('L_SMA_T2', 0.01165585914819743)	('lIFG_to_lPTL_T1', 0.01119198230634498)	('lPTL_to_lIFG_T2', 0.011038073921288943)	('rIFG_to_lIFG_T1', 0.010498262475838306)	('L_IFGorb_T1', -0.009400934194340762)	('rDLPFC_to_lPTL_T2', 0.009250120712094278)	('R_DLPFC_T2', -0.007991100500696659)	('lSMA_to_lPTL_T1', 0.00771151428020347)	('L_PTL', 0.007620026194536109)	('R_IFGorb_T1', 0.0068639873758977055)	('L_DLPFC_T1', 0.00683266999463379)	('rDLPFC_to_lIFG_T1', 0.006676290621551219)	('L_DLPFC', 0.006651754987159485)	('T1', 0.006322202797004789)	('lDLPFC_to_lPTL_T2', 0.005758874569921523)	('L_SMA', 0.005270128704169472)	('lPTL_to_lIFG_T1', 0.005154490443921755)	('rDLPFC_to_lPTL_T1', 0.004572348063355925)	('lSMA_to_lPTL_T2', -0.004286541721918389)	('lIFG_to_lPTL_T2', -0.003963590430915791)	('L_PTL_T1', -0.0036837500534442416)	('lDLPFC_to_lIFG_T2', 0.0035777260793307566)	('lDLPFC_to_lIFG_T1', -0.00350181709547486)	('lSMA_to_lIFG_T2', 0.0028900737156514577)	('lSMA_to_lIFG_T1', -0.0024571668888921042)	('Age', 0.002259782859322947)	('L_SMA_T1', -0.0020639201239530908)	('rDLPFC_to_lIFG_T2', -0.001891923069692457)	('R_IFGorb_T2', -0.0018598162850230768)	('T2', -0.0013701672408533516)	('L_PTL_T2', 0.0011615065116348637)	('L_DLPFC_T2', -0.0008357201343005782)	('L_IFGorb', 1.4693114382779449e-05)	('rIFG_to_lIFG_T2', -1.3672251632120093e-05)	
