predictors	pearson_correlation	mean_squared_error	r2	
rois + act_t1 + act_t2 + conn_t1 + conn_t2 + age + T1 + T2	-0.2813854557142292	0.10740795339425659	-0.1703411701050399	('L_PTL_T1', 0.01737817897167352)	('lDLPFC_to_lIFG_T1', -0.01584142055396647)	('rDLPFC_to_lPTL_T1', 0.015064332877809982)	('lDLPFC_to_lPTL_T2', 0.014701097201440536)	('rDLPFC_to_lIFG_T1', 0.011173771374352203)	('R_IFGorb_T2', -0.010510373142697314)	('lIFG_to_lPTL_T1', 0.010063514078294554)	('L_DLPFC_T1', 0.009082321609716684)	('lIFG_to_lPTL_T2', 0.00893225376905271)	('R_IFGorb_T1', 0.008073537543221139)	('L_DLPFC_T2', -0.007970360436782387)	('R_DLPFC_T2', 0.006750644579601156)	('lSMA_to_lPTL_T1', 0.006121951181431872)	('lSMA_to_lIFG_T1', 0.0057945334917797325)	('T2', 0.005636659305550223)	('L_DLPFC', 0.0056205144906907745)	('rDLPFC_to_lPTL_T2', 0.00518743264878643)	('L_IFGorb_T2', 0.0049871471987580135)	('lDLPFC_to_lIFG_T2', -0.0049363644534236445)	('L_PTL_T2', -0.004111639306812747)	('R_DLPFC_T1', 0.003774494067108663)	('lSMA_to_lIFG_T2', 0.0033485052964586284)	('lDLPFC_to_lPTL_T1', 0.003223901030986684)	('rIFG_to_lIFG_T2', 0.0030400230804998305)	('T1', 0.0028833043010992356)	('lSMA_to_lPTL_T2', -0.002781961587699531)	('L_IFGorb_T1', -0.0026276728320580177)	('Age', -0.002303081133320708)	('L_SMA', 0.00220569901349127)	('L_PTL', 0.001950704408281281)	('rDLPFC_to_lIFG_T2', -0.001459473221983027)	('lPTL_to_lIFG_T2', -0.0011620576760040036)	('L_IFGorb', -0.0007840532618732059)	('L_SMA_T2', -0.0007402220785571631)	('lPTL_to_lIFG_T1', 0.0006759527136201589)	('L_SMA_T1', -0.0005353815375993286)	('rIFG_to_lIFG_T1', -0.0005014339487395656)	
