predictors	pearson_correlation	mean_squared_error	r2	
rois + act_t1 + act_t2 + conn_t1 + conn_t2 + age + T1 + T2	0.2954862078239727	0.08405564723050292	0.0841107997599777	('lDLPFC_to_lIFG_T2', 0.025286275984523272)	('L_SMA_T2', 0.02105249266863558)	('lSMA_to_lIFG_T2', 0.017432532188104827)	('R_IFGorb_T2', 0.013440356625747761)	('lPTL_to_lIFG_T1', 0.010013186317479559)	('Age', 0.009243375712073336)	('lSMA_to_lIFG_T1', 0.00806186984414514)	('L_PTL', -0.007849430441262477)	('R_DLPFC_T1', 0.007776218734984422)	('rDLPFC_to_lPTL_T2', 0.006919262831952949)	('lDLPFC_to_lPTL_T2', -0.006823648153018246)	('lSMA_to_lPTL_T1', -0.006590527934895941)	('L_SMA_T1', 0.006372026927152371)	('lPTL_to_lIFG_T2', 0.005993990705027221)	('lIFG_to_lPTL_T2', 0.005789683000565392)	('T2', 0.005457517102486073)	('L_IFGorb_T1', 0.004707097373201704)	('R_IFGorb_T1', -0.004588224084219289)	('L_PTL_T1', 0.004459906733618872)	('rDLPFC_to_lPTL_T1', 0.004169074736677577)	('L_DLPFC_T1', 0.004149951161881622)	('lDLPFC_to_lPTL_T1', 0.003875345440871915)	('rDLPFC_to_lIFG_T2', 0.0037419353672820594)	('L_SMA', -0.0036540528271145198)	('rIFG_to_lIFG_T2', 0.003553632470472937)	('lSMA_to_lPTL_T2', 0.003297456835180621)	('L_DLPFC_T2', 0.003080503203181676)	('L_PTL_T2', 0.003021515580004943)	('lDLPFC_to_lIFG_T1', 0.0024235969918530494)	('rDLPFC_to_lIFG_T1', 0.0023677197938912747)	('L_IFGorb_T2', 0.002102479252970685)	('T1', 0.0015882924184806029)	('rIFG_to_lIFG_T1', 0.001569605916115192)	('L_DLPFC', 0.0014326363731281713)	('R_DLPFC_T2', -0.0012817631071335366)	('L_IFGorb', 6.561360048992017e-05)	('lIFG_to_lPTL_T1', 9.084855436416982e-06)	
