predictors	pearson_correlation	mean_squared_error	r2	
rois + act_t1 + act_t2 + conn_t1 + conn_t2 + age + T1 + T2	-0.15460834015019903	0.10519438583621413	-0.14622164111190594	('lSMA_to_lIFG_T1', 0.03827048957920369)	('lPTL_to_lIFG_T2', 0.020273035308982224)	('L_DLPFC_T1', -0.01960259576601944)	('lDLPFC_to_lIFG_T2', 0.017431884708136197)	('R_DLPFC_T1', 0.015415705578071454)	('T2', 0.013969001544314212)	('L_PTL_T2', 0.013787449793265754)	('rDLPFC_to_lIFG_T1', 0.013719570163583121)	('lIFG_to_lPTL_T2', -0.013267192652504776)	('L_DLPFC', 0.012367615970388369)	('rDLPFC_to_lPTL_T1', -0.012156522338322956)	('R_DLPFC_T2', -0.010469444737381999)	('L_PTL', 0.009826959124447754)	('lSMA_to_lPTL_T2', 0.009746983399601608)	('T1', 0.009242653579680108)	('lDLPFC_to_lIFG_T1', -0.008591089229699969)	('lDLPFC_to_lPTL_T2', 0.008080364549539793)	('rIFG_to_lIFG_T2', -0.0079974102605278)	('L_SMA_T2', -0.007959216156334568)	('R_IFGorb_T2', 0.007891647076096199)	('R_IFGorb_T1', 0.007554548244394272)	('L_IFGorb_T1', -0.006655384363672414)	('rDLPFC_to_lPTL_T2', -0.006607741368982671)	('L_PTL_T1', 0.006097478144766929)	('lSMA_to_lIFG_T2', -0.005917806717835642)	('lPTL_to_lIFG_T1', 0.0048999796225804)	('L_IFGorb_T2', -0.004737619499380745)	('lIFG_to_lPTL_T1', 0.003337081466415678)	('lSMA_to_lPTL_T1', 0.0032265755055577187)	('lDLPFC_to_lPTL_T1', -0.0030270479212990324)	('L_SMA_T1', -0.00163903986747607)	('L_DLPFC_T2', -0.001479308655980923)	('L_IFGorb', -0.0014126242762896664)	('rDLPFC_to_lIFG_T2', 0.0012243547855639513)	('rIFG_to_lIFG_T1', 0.0011017761960832764)	('Age', 0.00041273399500277324)	('L_SMA', 2.818890456754735e-05)	
