predictors	pearson_correlation	mean_squared_error	r2	
rois + act_t1 + act_t2 + conn_t1 + conn_t2 + age + T1 + T2	-0.024106846690293185	0.08344208572830494	-0.05628512058207935	('L_DLPFC', -0.024446263726956085)	('rDLPFC_to_lPTL_T2', 0.023276927404804963)	('lDLPFC_to_lPTL_T1', 0.020907866952187437)	('lDLPFC_to_lIFG_T1', 0.014406409982036477)	('lSMA_to_lIFG_T1', 0.011047709977693419)	('R_DLPFC_T2', 0.010699540266341654)	('L_SMA_T1', 0.010255397205600272)	('L_IFGorb_T2', -0.008688282812398756)	('L_PTL_T1', 0.008496086955718256)	('rIFG_to_lIFG_T2', 0.00836686273481102)	('rDLPFC_to_lIFG_T2', 0.007415250665110775)	('R_IFGorb_T2', -0.007411779525345523)	('lIFG_to_lPTL_T2', 0.007027960731158965)	('L_DLPFC_T2', -0.006611266852128799)	('L_PTL', 0.006391698482154197)	('lSMA_to_lPTL_T2', -0.006030221934450445)	('L_DLPFC_T1', -0.005380048922219471)	('L_IFGorb', -0.005379229676114526)	('lPTL_to_lIFG_T2', 0.004844889820621649)	('Age', -0.004284043576399728)	('L_SMA_T2', -0.004157226123151951)	('lDLPFC_to_lPTL_T2', -0.0041266962359343285)	('T1', 0.0037407771898812464)	('rIFG_to_lIFG_T1', 0.0034126441959830387)	('L_PTL_T2', 0.0033719842592494567)	('rDLPFC_to_lIFG_T1', 0.0031691647526548147)	('L_IFGorb_T1', 0.003141729196299403)	('R_DLPFC_T1', 0.0031129625634092246)	('lIFG_to_lPTL_T1', -0.00286188756856629)	('lPTL_to_lIFG_T1', -0.002633587208472518)	('L_SMA', 0.0025855969229500023)	('lDLPFC_to_lIFG_T2', 0.002434824547545576)	('lSMA_to_lPTL_T1', -0.002385867182870483)	('R_IFGorb_T1', -0.0017844452591063986)	('lSMA_to_lIFG_T2', 0.0016946227762757167)	('T2', -0.0015300446358356898)	('rDLPFC_to_lPTL_T1', 0.0013124344810750393)	
