predictors	pearson_correlation	mean_squared_error	r2	
rois + act_t1 + act_t2 + conn_t1 + conn_t2 + age + T1 + T2	0.03918311235609735	0.09794086320245977	-0.06718563029238123	('lSMA_to_lIFG_T1', 0.01935128407396098)	('L_PTL_T2', 0.019263473571654994)	('Age', 0.017045880632930846)	('rIFG_to_lIFG_T2', 0.015194408089839176)	('R_IFGorb_T2', 0.014475285273555174)	('L_PTL_T1', 0.013268246028370448)	('L_DLPFC_T2', 0.012933930551690185)	('L_PTL', -0.010183041269866737)	('R_DLPFC_T2', 0.009841658059735954)	('L_DLPFC', 0.009570603849892282)	('L_IFGorb', -0.008444828605697239)	('T2', -0.008263876022772272)	('lDLPFC_to_lIFG_T1', 0.00817882250757838)	('L_SMA_T2', 0.0075169215106883295)	('lDLPFC_to_lIFG_T2', 0.006848809882479343)	('lSMA_to_lIFG_T2', -0.006748040528895469)	('rDLPFC_to_lIFG_T2', 0.006679899780069563)	('lDLPFC_to_lPTL_T2', -0.0059237429581740775)	('lPTL_to_lIFG_T1', -0.005523769684718374)	('rDLPFC_to_lIFG_T1', 0.004777232636629342)	('rDLPFC_to_lPTL_T2', 0.004481050326501338)	('lIFG_to_lPTL_T2', 0.004209399068770597)	('lSMA_to_lPTL_T2', -0.003966719475700105)	('lDLPFC_to_lPTL_T1', 0.003853735527123768)	('lPTL_to_lIFG_T2', 0.0036468880449928745)	('L_IFGorb_T2', -0.003499083140458119)	('L_SMA', -0.003111065937614867)	('T1', 0.0030944992295879026)	('R_DLPFC_T1', -0.0028790980945872786)	('lSMA_to_lPTL_T1', 0.0028307361890161703)	('rDLPFC_to_lPTL_T1', 0.002812533651265143)	('L_IFGorb_T1', -0.002530709745038166)	('rIFG_to_lIFG_T1', -0.002377090169927046)	('L_SMA_T1', 0.002152028327342949)	('L_DLPFC_T1', -0.0010834732013705187)	('R_IFGorb_T1', -0.0010549578279083671)	('lIFG_to_lPTL_T1', -0.00030229369751702236)	
