predictors	pearson_correlation	mean_squared_error	r2	
rois + act_t1 + act_t2 + conn_t1 + conn_t2 + age + T1 + T2	0.25437481008116225	0.0742538931393201	0.06002730176542448	('lDLPFC_to_lIFG_T2', 0.023289602170728486)	('L_DLPFC', 0.02210961084086942)	('T1', 0.01451333183689212)	('lSMA_to_lPTL_T1', 0.013326404536479144)	('L_SMA_T2', 0.011380724982604683)	('L_DLPFC_T2', 0.01127165759024836)	('L_IFGorb_T1', 0.010862093191581027)	('lPTL_to_lIFG_T2', 0.009629740795930606)	('R_IFGorb_T2', 0.009418893354665562)	('L_SMA_T1', 0.009331153421015918)	('L_PTL_T1', 0.008945813647794794)	('R_IFGorb_T1', 0.008872860407431753)	('L_IFGorb', 0.008811490393949345)	('rDLPFC_to_lIFG_T1', 0.006746468645015109)	('L_IFGorb_T2', -0.0062874580149779044)	('rDLPFC_to_lIFG_T2', -0.005945845159570412)	('lDLPFC_to_lPTL_T2', -0.005018092975298115)	('L_SMA', -0.004697381179985084)	('lPTL_to_lIFG_T1', 0.0046331518210204195)	('R_DLPFC_T2', 0.004269807660321318)	('lSMA_to_lPTL_T2', 0.004062677016649224)	('R_DLPFC_T1', 0.003883611416275095)	('Age', 0.0030773912841802267)	('rDLPFC_to_lPTL_T1', -0.0030617956806088665)	('L_PTL', -0.0029386621238100263)	('T2', 0.0027450386686899346)	('lSMA_to_lIFG_T1', -0.00266666639288718)	('lDLPFC_to_lIFG_T1', 0.0024629297249074045)	('lSMA_to_lIFG_T2', -0.0021317934845903083)	('rIFG_to_lIFG_T2', 0.001165648636856983)	('L_DLPFC_T1', -0.0009409783958173208)	('rIFG_to_lIFG_T1', -0.0008995072489890363)	('lIFG_to_lPTL_T1', -0.0008965979518107309)	('lIFG_to_lPTL_T2', 0.0004644332492097083)	('rDLPFC_to_lPTL_T2', -0.0004082130183054794)	('lDLPFC_to_lPTL_T1', 0.0001633517942549028)	('L_PTL_T2', 0.0001272027677081439)	
