predictors	pearson_correlation	mean_squared_error	r2	
rois + act_t1 + act_t2 + conn_t1 + conn_t2 + age + T1 + T2	0.1960763366559223	0.07612841928010375	0.0362978605204024	('L_DLPFC_T1', 0.021331750707083357)	('lIFG_to_lPTL_T2', 0.019882962233620505)	('L_SMA_T2', 0.017806446340443916)	('rDLPFC_to_lIFG_T1', 0.015962740737505778)	('R_IFGorb_T1', 0.014423337757985308)	('L_IFGorb_T2', 0.013418346867382504)	('lSMA_to_lIFG_T1', 0.012535396230659525)	('T2', 0.011345801384449)	('Age', 0.009872646332950985)	('lPTL_to_lIFG_T1', -0.007476330454448925)	('lDLPFC_to_lPTL_T2', 0.006362926609019479)	('L_SMA', 0.0062552717419519345)	('lDLPFC_to_lIFG_T2', 0.006182365629630243)	('lSMA_to_lIFG_T2', -0.005900265185934932)	('lIFG_to_lPTL_T1', -0.005587275269569167)	('rDLPFC_to_lPTL_T2', -0.004858748665418805)	('L_DLPFC', 0.004328713653794853)	('L_PTL_T2', -0.0043044596055557445)	('rDLPFC_to_lIFG_T2', -0.004231571094090348)	('L_SMA_T1', 0.0036784525351157764)	('lDLPFC_to_lPTL_T1', 0.003480626528490891)	('rIFG_to_lIFG_T2', -0.003173728142400257)	('L_IFGorb_T1', 0.0023495959509743434)	('R_DLPFC_T2', 0.00218938120987079)	('L_PTL_T1', 0.0021372643702808856)	('R_IFGorb_T2', 0.002137039343669081)	('L_DLPFC_T2', 0.002038127571347469)	('rDLPFC_to_lPTL_T1', 0.0019085788373130977)	('L_IFGorb', -0.001773345786114354)	('lSMA_to_lPTL_T2', -0.0016690780415105036)	('L_PTL', -0.0016414855799367241)	('lSMA_to_lPTL_T1', -0.0015410231945440463)	('R_DLPFC_T1', -0.0010224856741091572)	('rIFG_to_lIFG_T1', -0.0005769559286587783)	('lPTL_to_lIFG_T2', -0.00048307994082924673)	('T1', -0.00048143261020686427)	('lDLPFC_to_lIFG_T1', -0.0004682726925840646)	
