predictors	pearson_correlation	mean_squared_error	r2	
rois + act_t1 + act_t2 + conn_t1 + conn_t2 + age + T1 + T2	-0.015491108074383017	0.08322491434766457	-0.05353596952737494	('lSMA_to_lIFG_T1', 0.017615320266411924)	('L_DLPFC_T2', 0.01735023944735194)	('L_DLPFC_T1', 0.01707744735619955)	('L_PTL_T2', -0.016115035300742788)	('L_SMA_T1', 0.013323935617696002)	('L_IFGorb_T2', 0.012298478591399521)	('R_DLPFC_T1', 0.011921709218979488)	('rDLPFC_to_lIFG_T1', -0.011402881463936193)	('L_SMA', 0.010974568670084167)	('R_DLPFC_T2', 0.010321589774648329)	('lSMA_to_lPTL_T1', -0.009847255480101787)	('lDLPFC_to_lIFG_T2', 0.009452685031749397)	('L_SMA_T2', 0.00900943391368303)	('lDLPFC_to_lPTL_T1', 0.00877792881892485)	('L_DLPFC', 0.00802087322289612)	('L_PTL', 0.007725750897142006)	('L_IFGorb', 0.007362740593758574)	('lSMA_to_lPTL_T2', 0.007219996662782427)	('rDLPFC_to_lPTL_T2', 0.006881711048810982)	('lPTL_to_lIFG_T2', 0.006848390910353243)	('lPTL_to_lIFG_T1', 0.006601458313021035)	('L_PTL_T1', -0.006384143351873124)	('lIFG_to_lPTL_T1', 0.005391674999034003)	('L_IFGorb_T1', 0.004742882355756214)	('lSMA_to_lIFG_T2', 0.004675751030003823)	('lDLPFC_to_lPTL_T2', -0.004606776546127417)	('T2', 0.004524865181922875)	('rDLPFC_to_lIFG_T2', -0.004365425534980451)	('rDLPFC_to_lPTL_T1', -0.0037638604276732015)	('T1', 0.0035822119202563413)	('lIFG_to_lPTL_T2', 0.002932744867196833)	('rIFG_to_lIFG_T1', 0.0017788767531314387)	('R_IFGorb_T1', 0.0012308763984122091)	('R_IFGorb_T2', 0.0008408492777532299)	('Age', -0.0006504680933221442)	('lDLPFC_to_lIFG_T1', -0.0006427261376828246)	('rIFG_to_lIFG_T2', 0.00024978462656580517)	
