predictors	pearson_correlation	mean_squared_error	r2	
rois + act_t1 + act_t2 + conn_t1 + conn_t2 + age + T1 + T2	0.007740965863625063	0.08423042773152066	-0.06626466412606535	('lDLPFC_to_lPTL_T2', 0.021392871017510782)	('R_IFGorb_T2', 0.019366950219700453)	('lIFG_to_lPTL_T1', 0.01734269859992901)	('T1', 0.015561190544080231)	('R_DLPFC_T2', 0.012390157399821985)	('lDLPFC_to_lPTL_T1', 0.011317737766839102)	('lSMA_to_lIFG_T2', 0.01053609199640172)	('L_DLPFC_T2', 0.01028989483055363)	('L_IFGorb_T2', 0.010004803798761995)	('L_DLPFC_T1', 0.009890940722019487)	('lIFG_to_lPTL_T2', 0.008928580536179953)	('lSMA_to_lPTL_T2', 0.008924228920856208)	('rDLPFC_to_lPTL_T1', 0.008868556808992347)	('rDLPFC_to_lIFG_T2', 0.00845023026525386)	('L_DLPFC', -0.007354874769219369)	('rDLPFC_to_lPTL_T2', 0.007093118379423369)	('lSMA_to_lIFG_T1', 0.00699647088867633)	('lDLPFC_to_lIFG_T1', 0.006930064556502776)	('L_PTL_T1', 0.005991139339811128)	('rDLPFC_to_lIFG_T1', 0.005906467831692534)	('R_DLPFC_T1', -0.005718670374486707)	('Age', -0.0056273141273390295)	('L_IFGorb_T1', -0.005371134212451687)	('rIFG_to_lIFG_T2', 0.004870408596230298)	('L_IFGorb', -0.0045854023273030516)	('lDLPFC_to_lIFG_T2', -0.004154466403023546)	('R_IFGorb_T1', 0.004001294929805701)	('L_SMA_T1', 0.003667398226680164)	('T2', -0.0034126529229224537)	('rIFG_to_lIFG_T1', 0.0024443012217482806)	('L_PTL', 0.0023569325605779286)	('L_SMA', -0.0022414523300935854)	('L_SMA_T2', -0.0017623149971038557)	('lPTL_to_lIFG_T2', 0.0014244392584718023)	('lSMA_to_lPTL_T1', -0.00135297142607221)	('L_PTL_T2', -0.0008655599139312371)	('lPTL_to_lIFG_T1', 0.0006902760605964454)	
