predictors	pearson_correlation	mean_squared_error	r2	
rois + act_t1 + act_t2 + conn_t1 + conn_t2 + age + T1 + T2	-0.05884661988672967	0.10712453225994453	-0.167252949805881	('lSMA_to_lPTL_T1', 0.022445690461955787)	('rDLPFC_to_lIFG_T1', 0.02070793465512311)	('lPTL_to_lIFG_T2', 0.01663440976952141)	('L_PTL', 0.01564489704935968)	('L_DLPFC', 0.015091533194972855)	('L_DLPFC_T2', -0.01477801261226084)	('rDLPFC_to_lPTL_T1', -0.01376824243861351)	('L_SMA_T2', 0.013475217931875392)	('rIFG_to_lIFG_T1', 0.011822509490797613)	('R_IFGorb_T1', 0.010319579402254244)	('L_IFGorb_T1', 0.010276039537454483)	('L_PTL_T2', 0.008914009284195109)	('lDLPFC_to_lIFG_T1', 0.008681815518872836)	('rDLPFC_to_lIFG_T2', 0.008482260819506171)	('L_SMA', 0.008267037370370822)	('R_DLPFC_T2', 0.008186909142887935)	('L_IFGorb_T2', 0.008005510324033476)	('lDLPFC_to_lPTL_T2', 0.007482369858230229)	('lSMA_to_lIFG_T2', 0.0072302955416867366)	('L_IFGorb', -0.006199348952718545)	('L_DLPFC_T1', 0.005803715831403694)	('rDLPFC_to_lPTL_T2', -0.005739470045253215)	('lSMA_to_lIFG_T1', -0.005481452704227227)	('rIFG_to_lIFG_T2', 0.00473440524137738)	('lIFG_to_lPTL_T2', 0.004678314233868006)	('L_SMA_T1', -0.0039671649241767755)	('lIFG_to_lPTL_T1', 0.0036266807140238836)	('lPTL_to_lIFG_T1', -0.0034268340867673833)	('T2', 0.0034263509917599414)	('lDLPFC_to_lIFG_T2', 0.002608371580341471)	('R_DLPFC_T1', 0.002308372939227827)	('L_PTL_T1', -0.0017627939261226674)	('T1', 0.0008049185719738226)	('R_IFGorb_T2', -0.0007531815201525763)	('Age', 0.000684122712158009)	('lDLPFC_to_lPTL_T1', 0.0005556444950742535)	('lSMA_to_lPTL_T2', -0.00030588120576123176)	
