predictors	pearson_correlation	mean_squared_error	r2	
rois + act_t1 + act_t2 + conn_t1 + conn_t2 + age + T1 + T2	-0.02978084211079496	0.0957863435263542	-0.04370950027534137	('L_PTL_T1', 0.013598880230249986)	('lIFG_to_lPTL_T1', 0.012053149961676916)	('rIFG_to_lIFG_T1', -0.011043373396211488)	('L_SMA', 0.010543934038648247)	('lDLPFC_to_lPTL_T2', -0.010520504327535872)	('R_IFGorb_T2', 0.008383074299866709)	('L_DLPFC_T1', 0.008305325651926015)	('lPTL_to_lIFG_T1', 0.0077105328773713734)	('R_DLPFC_T2', 0.00733157530562361)	('L_PTL_T2', -0.006577563527853684)	('rDLPFC_to_lIFG_T1', 0.006531919398224552)	('L_SMA_T1', 0.005945549778556946)	('rDLPFC_to_lPTL_T2', 0.0058802319225343715)	('L_IFGorb_T1', 0.004664100765742269)	('rDLPFC_to_lIFG_T2', -0.004575948360350407)	('T1', 0.004019175194730491)	('rIFG_to_lIFG_T2', 0.0039029440385611905)	('lDLPFC_to_lIFG_T2', 0.003587125871126343)	('R_IFGorb_T1', 0.003315660242394113)	('L_IFGorb', 0.0032579901620727095)	('L_PTL', -0.0031127509914062046)	('T2', 0.0030250768671106513)	('lDLPFC_to_lPTL_T1', -0.0028603096223644383)	('lSMA_to_lPTL_T1', 0.002752254251076318)	('Age', -0.0026844122154332066)	('R_DLPFC_T1', 0.002544546571376317)	('lSMA_to_lIFG_T2', 0.0025290095086372435)	('L_SMA_T2', -0.002309157456957464)	('L_IFGorb_T2', 0.0022262099003781)	('L_DLPFC', 0.0013844913343127136)	('lSMA_to_lPTL_T2', 0.0013828439201261495)	('lIFG_to_lPTL_T2', 0.0011045460859553599)	('lSMA_to_lIFG_T1', -0.000945589292069986)	('L_DLPFC_T2', 0.0007584031358331174)	('lPTL_to_lIFG_T2', 0.0007054030411436728)	('lDLPFC_to_lIFG_T1', 0.0005316155652636566)	('rDLPFC_to_lPTL_T1', -0.0003928776610860795)	
