predictors	pearson_correlation	mean_squared_error	r2	
rois + act_t1 + act_t2 + conn_t1 + conn_t2 + age + T1 + T2	0.03647842547030664	0.08135178034707584	-0.02982415124756055	('lIFG_to_lPTL_T1', 0.01918388246224403)	('T1', 0.016858654934258047)	('lSMA_to_lIFG_T2', -0.016194957113299418)	('lIFG_to_lPTL_T2', 0.015801551671099676)	('L_SMA', 0.01540692561050263)	('R_IFGorb_T2', 0.014000582490402591)	('rDLPFC_to_lIFG_T2', 0.012911184982698347)	('lDLPFC_to_lIFG_T1', 0.011246931437890786)	('R_DLPFC_T1', 0.007208540784713391)	('L_SMA_T2', -0.006930679822410885)	('L_DLPFC_T2', -0.006877121880338077)	('lDLPFC_to_lPTL_T1', 0.0068642389647143075)	('T2', -0.006855335927602708)	('L_SMA_T1', -0.006348344809067234)	('rDLPFC_to_lPTL_T1', -0.006292684557058957)	('lSMA_to_lPTL_T2', 0.00618464197555842)	('lPTL_to_lIFG_T2', -0.004752405960151749)	('L_IFGorb_T2', 0.004490040498639115)	('lPTL_to_lIFG_T1', -0.0041273909346719794)	('rIFG_to_lIFG_T2', 0.003974548417118117)	('R_IFGorb_T1', -0.003819011803904364)	('rDLPFC_to_lIFG_T1', -0.003294762900333389)	('L_IFGorb_T1', 0.0032042653680491875)	('L_IFGorb', -0.003170762910765875)	('L_PTL', -0.0029119768024688433)	('L_DLPFC_T1', 0.002151859491972087)	('L_PTL_T1', -0.002023226768164778)	('lDLPFC_to_lPTL_T2', -0.0017586061768543385)	('lSMA_to_lIFG_T1', 0.0016059636813052787)	('rIFG_to_lIFG_T1', -0.001478763803029562)	('Age', -0.0011910466753072997)	('L_PTL_T2', 0.0010998233493967385)	('lDLPFC_to_lIFG_T2', -0.0010866691485595685)	('rDLPFC_to_lPTL_T2', 0.000999513483733417)	('R_DLPFC_T2', 0.0006843482583304374)	('L_DLPFC', 0.0005864505170953366)	('lSMA_to_lPTL_T1', 0.00018773079809276917)	
