predictors	pearson_correlation	mean_squared_error	r2	
rois + act_t1 + act_t2 + conn_t1 + conn_t2 + age + T1 + T2	-0.037912337246696605	0.10687625525685324	-0.1645476678493254	('lSMA_to_lPTL_T1', 0.02537870400647823)	('R_DLPFC_T1', 0.022612221158741858)	('lDLPFC_to_lPTL_T2', -0.02154742552907909)	('R_IFGorb_T2', 0.018540972247368004)	('R_IFGorb_T1', 0.017575588806979726)	('L_SMA_T1', 0.017195889790055305)	('rDLPFC_to_lPTL_T1', 0.014892265025731223)	('lIFG_to_lPTL_T1', 0.014774824369800824)	('lPTL_to_lIFG_T2', 0.014660524567481868)	('L_IFGorb_T2', 0.014064515023088281)	('L_PTL', -0.013939272476623474)	('L_SMA', -0.013119805568625431)	('L_IFGorb_T1', -0.012872406146842439)	('lSMA_to_lIFG_T2', 0.012766186944576562)	('lDLPFC_to_lPTL_T1', 0.012466553604889342)	('L_SMA_T2', -0.011688503729319002)	('L_DLPFC_T2', -0.010271079635134647)	('lDLPFC_to_lIFG_T2', 0.009556665834309796)	('R_DLPFC_T2', 0.009205840915075971)	('lSMA_to_lIFG_T1', -0.007680912132571588)	('rIFG_to_lIFG_T2', -0.0073118888715718545)	('rDLPFC_to_lIFG_T2', 0.007162166234255078)	('Age', 0.006820216427012201)	('lPTL_to_lIFG_T1', -0.006193684365011851)	('T2', 0.006022256523091847)	('rIFG_to_lIFG_T1', 0.005739115896745153)	('rDLPFC_to_lPTL_T2', -0.004871323998643292)	('L_PTL_T2', 0.004770371985215496)	('L_PTL_T1', 0.004584756411364558)	('L_DLPFC_T1', 0.00378425128298899)	('T1', 0.0032265241969389423)	('lIFG_to_lPTL_T2', -0.0030506058885454456)	('L_DLPFC', -0.0027416271224463117)	('lDLPFC_to_lIFG_T1', -0.00264995591835132)	('rDLPFC_to_lIFG_T1', -0.0025533492800009893)	('L_IFGorb', -0.0025288367092928046)	('lSMA_to_lPTL_T2', 0.0014376148195038494)	
