predictors	pearson_correlation	mean_squared_error	r2	
rois + act_t1 + act_t2 + conn_t1 + conn_t2 + age + T1 + T2	-0.2866906787469723	0.10015121497106658	-0.09127011932197426	('rIFG_to_lIFG_T2', 0.009706353373885628)	('rIFG_to_lIFG_T1', 0.008950349652842861)	('R_IFGorb_T1', 0.008197867930379098)	('L_PTL', 0.008079000367026216)	('rDLPFC_to_lPTL_T2', 0.008002295415287674)	('L_SMA_T2', 0.0070869203554077)	('T1', 0.006679308785980124)	('lDLPFC_to_lPTL_T1', 0.006395933905064934)	('lSMA_to_lIFG_T1', 0.005501999615349164)	('L_IFGorb_T1', 0.005332630617401831)	('L_DLPFC_T2', 0.005133729242386405)	('R_IFGorb_T2', 0.005005341214612874)	('lDLPFC_to_lIFG_T2', 0.004650353442770962)	('L_DLPFC_T1', 0.004588464662940878)	('L_IFGorb_T2', -0.004319365029852045)	('Age', 0.004287839580026445)	('T2', 0.0035800867498777243)	('rDLPFC_to_lIFG_T1', -0.00356627167971006)	('L_SMA_T1', 0.0035001695080118353)	('L_IFGorb', 0.0029102659789737146)	('lSMA_to_lPTL_T1', 0.002338712536948188)	('lDLPFC_to_lPTL_T2', -0.0022237367696785106)	('L_PTL_T2', -0.002022014950249253)	('R_DLPFC_T2', 0.0017602200066527606)	('L_PTL_T1', 0.0017151802821612813)	('rDLPFC_to_lPTL_T1', -0.0016803736286400283)	('lSMA_to_lIFG_T2', 0.0015782187274254364)	('lPTL_to_lIFG_T2', -0.0012417310972657766)	('lDLPFC_to_lIFG_T1', 0.0011103017040979986)	('rDLPFC_to_lIFG_T2', -0.0006546499360444502)	('lIFG_to_lPTL_T2', -0.0005647132286378147)	('lIFG_to_lPTL_T1', -0.0004686150888207764)	('lSMA_to_lPTL_T2', 0.0004275336260490364)	('lPTL_to_lIFG_T1', -0.0003302254143375313)	('L_SMA', -0.00015921760406674136)	('R_DLPFC_T1', -0.00012102052696516609)	('L_DLPFC', -3.4373070240499877e-05)	
