predictors	pearson_correlation	mean_squared_error	r2	
rois + act_t1 + act_t2 + conn_t1 + conn_t2 + age + T1 + T2	-0.05147343408207203	0.08482859533081635	-0.07383680867680975	('L_DLPFC_T1', 0.019258731786961795)	('lIFG_to_lPTL_T2', 0.017017646871223164)	('lIFG_to_lPTL_T1', 0.016604477777608786)	('T2', 0.015148164397979542)	('lDLPFC_to_lPTL_T1', -0.014381690768124643)	('L_SMA_T2', 0.014359696466994058)	('lDLPFC_to_lPTL_T2', 0.010295713748849052)	('L_IFGorb', 0.010208263641565423)	('R_DLPFC_T2', -0.009478364830476326)	('L_DLPFC_T2', -0.008074929779710418)	('rIFG_to_lIFG_T2', 0.007736629482648013)	('R_DLPFC_T1', -0.007538919701388301)	('rDLPFC_to_lIFG_T2', 0.007277212004314659)	('L_PTL_T2', -0.0068903818942072145)	('rIFG_to_lIFG_T1', -0.006694842366619749)	('lSMA_to_lPTL_T2', -0.006405036638167714)	('T1', 0.006127822180867161)	('L_IFGorb_T2', -0.006126755322124142)	('L_SMA_T1', 0.00571407161377387)	('rDLPFC_to_lPTL_T1', 0.005011178266789364)	('R_IFGorb_T2', 0.005005516915903457)	('L_SMA', 0.004966829489204464)	('L_PTL_T1', -0.004608225951049407)	('lDLPFC_to_lIFG_T2', -0.004304527002338356)	('L_IFGorb_T1', 0.004226073754838768)	('lSMA_to_lPTL_T1', 0.003736757299253517)	('L_PTL', 0.0034328414999619432)	('lPTL_to_lIFG_T2', 0.0030517626922273795)	('rDLPFC_to_lPTL_T2', -0.0030255459139104696)	('lSMA_to_lIFG_T1', 0.0016263655847069422)	('lSMA_to_lIFG_T2', -0.0010461783818808642)	('Age', 0.0005150403143427102)	('L_DLPFC', -0.000513092094381671)	('R_IFGorb_T1', 0.00041945306193579576)	('lDLPFC_to_lIFG_T1', 0.00020323739902156893)	('rDLPFC_to_lIFG_T1', 0.00016626133792032555)	('lPTL_to_lIFG_T1', 0.00014745550773928484)	
