predictors	pearson_correlation	mean_squared_error	r2	
rois + act_t1 + act_t2 + conn_t1 + conn_t2 + age + T1 + T2	0.01286229893717367	0.08429226499286928	-0.0670474559090124	('L_DLPFC_T2', 0.01674702286079355)	('lPTL_to_lIFG_T2', 0.014911231217757856)	('rDLPFC_to_lPTL_T2', 0.012369394173346893)	('Age', 0.012343304002574426)	('lIFG_to_lPTL_T2', 0.011455628789044053)	('rDLPFC_to_lIFG_T1', 0.011368722014144106)	('lSMA_to_lIFG_T2', 0.01038372184213333)	('R_IFGorb_T2', 0.009701766020540962)	('L_SMA_T2', 0.008709429743503087)	('rIFG_to_lIFG_T1', 0.00849907635837114)	('lDLPFC_to_lPTL_T1', -0.007146817251062174)	('L_IFGorb_T2', -0.0068497313589219195)	('lDLPFC_to_lIFG_T2', -0.006651285137146355)	('lIFG_to_lPTL_T1', 0.0063298977318519845)	('R_IFGorb_T1', 0.006234176032255131)	('R_DLPFC_T2', 0.006227769303219325)	('L_SMA_T1', -0.005485120120100278)	('T2', 0.0048851912479295715)	('L_PTL_T1', 0.004709191545428403)	('lDLPFC_to_lIFG_T1', 0.004665515001254314)	('lPTL_to_lIFG_T1', 0.004456095105610565)	('rDLPFC_to_lIFG_T2', 0.0044428621306127946)	('rIFG_to_lIFG_T2', 0.0035173437278324293)	('L_IFGorb', 0.003111832334255855)	('L_IFGorb_T1', 0.0029252589638229945)	('L_PTL_T2', 0.0028997231904293614)	('L_PTL', 0.002686664158477705)	('rDLPFC_to_lPTL_T1', 0.0022121105551598246)	('L_SMA', 0.0021043933078271036)	('lDLPFC_to_lPTL_T2', -0.0020064027681390905)	('lSMA_to_lIFG_T1', 0.0018132606826625336)	('L_DLPFC_T1', -0.0017627000118419643)	('L_DLPFC', 0.0016437755721367584)	('T1', 0.0012714776075020602)	('lSMA_to_lPTL_T1', -0.0010150767492410177)	('R_DLPFC_T1', 0.0005920438990287567)	('lSMA_to_lPTL_T2', 0.00021763114147004112)	
