predictors	pearson_correlation	mean_squared_error	r2	
rois + act_t1 + act_t2 + conn_t1 + conn_t2 + age + T1 + T2	0.27421576513951146	0.0733599085373166	0.07134416453178116	('L_DLPFC_T2', 0.023903622058686045)	('R_IFGorb_T2', 0.022415120467864168)	('L_SMA', 0.02020464353954414)	('lIFG_to_lPTL_T1', 0.018277364164695522)	('L_IFGorb', 0.017598265006071808)	('lDLPFC_to_lIFG_T2', 0.016286889266846474)	('L_PTL_T2', 0.015840409484520833)	('L_IFGorb_T1', 0.014617842594058359)	('lIFG_to_lPTL_T2', -0.01350729954886449)	('L_DLPFC', 0.013069934805784715)	('R_DLPFC_T2', 0.01229959837456115)	('lSMA_to_lIFG_T1', 0.011994712527163059)	('L_IFGorb_T2', -0.01153425931945016)	('rDLPFC_to_lIFG_T1', 0.010374122399629614)	('lPTL_to_lIFG_T2', -0.009799522000210562)	('lSMA_to_lPTL_T1', 0.009430864679919382)	('rDLPFC_to_lPTL_T2', 0.008617070306066808)	('rDLPFC_to_lIFG_T2', -0.007769122473165529)	('L_DLPFC_T1', 0.007170242266635489)	('lDLPFC_to_lPTL_T2', 0.005841984647967941)	('rDLPFC_to_lPTL_T1', 0.004405733095391386)	('lDLPFC_to_lPTL_T1', -0.004375169619217795)	('lSMA_to_lPTL_T2', 0.004321801993417036)	('T2', -0.004004129117970241)	('lSMA_to_lIFG_T2', 0.003661495266888843)	('R_DLPFC_T1', -0.003503635810287406)	('L_SMA_T2', 0.0025347506272379357)	('Age', 0.0024665315369106957)	('L_PTL_T1', 0.002230514600814344)	('lPTL_to_lIFG_T1', -0.0020544555893379957)	('L_SMA_T1', 0.0020188973191238406)	('R_IFGorb_T1', 0.001654898684216608)	('lDLPFC_to_lIFG_T1', 0.001215031541796639)	('rIFG_to_lIFG_T2', -0.0012124659714215671)	('rIFG_to_lIFG_T1', 0.000871050993636858)	('L_PTL', 0.0008578461729818003)	('T1', 0.00035314161752597064)	
