predictors	pearson_correlation	mean_squared_error	r2	
rois + act_t1 + act_t2 + conn_t1 + conn_t2 + age + T1 + T2	-0.11759683177755392	0.10859549982797799	-0.18328094261605665	('rDLPFC_to_lPTL_T2', 0.019965216460934278)	('L_DLPFC_T1', -0.018465853860958937)	('L_SMA', 0.018435205227034727)	('lDLPFC_to_lPTL_T1', 0.01584391433030441)	('R_DLPFC_T2', 0.012717269235967605)	('lPTL_to_lIFG_T2', 0.011985776741780767)	('L_PTL', -0.009549214384597465)	('L_PTL_T1', -0.009394496647206175)	('lSMA_to_lIFG_T2', -0.00895911530110294)	('lIFG_to_lPTL_T2', 0.008934687244204542)	('L_IFGorb_T2', -0.007654791346012863)	('rDLPFC_to_lIFG_T2', 0.007298329303384988)	('rIFG_to_lIFG_T2', 0.006810642593154129)	('L_IFGorb', 0.006259182047038808)	('T1', -0.006103178802895911)	('T2', 0.005991966451000554)	('lDLPFC_to_lPTL_T2', -0.004375250539787883)	('L_DLPFC', 0.0039708621121742945)	('lDLPFC_to_lIFG_T2', -0.003888608178913233)	('L_IFGorb_T1', 0.003870387107130908)	('Age', -0.0037719111118103225)	('L_PTL_T2', -0.003588004680462574)	('L_DLPFC_T2', -0.0035183268885700587)	('rIFG_to_lIFG_T1', 0.003370681752876559)	('R_DLPFC_T1', -0.0033565395666454384)	('rDLPFC_to_lIFG_T1', 0.0025016211403794276)	('L_SMA_T2', -0.0023276411323679236)	('R_IFGorb_T2', -0.002265753465238297)	('lDLPFC_to_lIFG_T1', -0.0020823600492696297)	('lPTL_to_lIFG_T1', -0.002016058002940362)	('lSMA_to_lPTL_T1', 0.0018476635004169234)	('lIFG_to_lPTL_T1', -0.0015516788927283662)	('lSMA_to_lIFG_T1', -0.0013093244227424595)	('R_IFGorb_T1', 0.0005392933027032097)	('lSMA_to_lPTL_T2', 0.0005145056654302067)	('rDLPFC_to_lPTL_T1', 0.00038358282071911077)	('L_SMA_T1', -0.00019983427799611565)	
