predictors	pearson_correlation	mean_squared_error	r2	
rois + act_t1 + act_t2 + conn_t1 + conn_t2 + age + T1 + T2	0.0049978919968628605	0.09531769094547875	-0.038602956555424894	('L_IFGorb_T2', 0.017326658438529045)	('L_DLPFC_T2', -0.012950705494213965)	('rDLPFC_to_lIFG_T1', 0.010915346129027038)	('R_IFGorb_T2', 0.009098680567818035)	('lIFG_to_lPTL_T1', -0.00780047537031871)	('L_IFGorb_T1', -0.007320520666977243)	('L_IFGorb', -0.006050478607529942)	('L_SMA', 0.005993475822837147)	('T2', 0.005974528048129861)	('lIFG_to_lPTL_T2', 0.00596198695729511)	('rIFG_to_lIFG_T1', -0.00552006029653989)	('lDLPFC_to_lPTL_T1', -0.005136624199432124)	('L_SMA_T2', 0.004610318525959086)	('lSMA_to_lIFG_T2', 0.004422975840938309)	('R_DLPFC_T1', 0.0038875019407805258)	('L_PTL_T1', 0.0036352593501178306)	('lSMA_to_lIFG_T1', 0.003484200079243151)	('L_PTL_T2', 0.0031074707823582153)	('rDLPFC_to_lPTL_T1', -0.0028744027728930446)	('rDLPFC_to_lIFG_T2', 0.002784217748655853)	('R_IFGorb_T1', 0.00258279600530322)	('lPTL_to_lIFG_T1', -0.002261200522595487)	('lDLPFC_to_lIFG_T1', -0.0018435936286738742)	('rIFG_to_lIFG_T2', -0.0017565904197597655)	('L_DLPFC_T1', 0.0016009716576607918)	('T1', -0.0015926071976801208)	('L_PTL', -0.0014245783857584021)	('lDLPFC_to_lPTL_T2', -0.0014073934996553991)	('R_DLPFC_T2', 0.001159612336968064)	('L_SMA_T1', -0.001151996168103116)	('lSMA_to_lPTL_T2', 0.0011418826168062214)	('L_DLPFC', 0.0010105930108854368)	('lDLPFC_to_lIFG_T2', -0.0010087180440605222)	('lPTL_to_lIFG_T2', 0.0009067604963309176)	('lSMA_to_lPTL_T1', -0.00042159890330561984)	('rDLPFC_to_lPTL_T2', 0.0002521814317702856)	('Age', -9.103038584962277e-05)	
