predictors	pearson_correlation	mean_squared_error	r2	
rois + act_t1 + conn_t1 + age + T1	0.021432136711012847	0.06013204883087506	-0.009510920999548533	('L_PTL', -0.014361710386456743)	('L_SMA_T1', -0.008530297319145584)	('L_PTL_T1', -0.00836410225270947)	('L_DLPFC_T1', 0.0074958657485615)	('rDLPFC_to_lIFG_T1', -0.006818528278136461)	('lSMA_to_lIFG_T1', -0.006748606793489427)	('Age', -0.005825550446865891)	('L_SMA', -0.004966548324959782)	('lPTL_to_lIFG_T1', 0.00449623820203903)	('L_IFGorb', -0.00354310720306992)	('R_IFGorb_T1', -0.003329738355708376)	('L_DLPFC', -0.0026524482534296488)	('rIFG_to_lIFG_T1', 0.0023473908624514453)	('lDLPFC_to_lPTL_T1', 0.0021707637818672056)	('rDLPFC_to_lPTL_T1', -0.0018540050031311153)	('R_DLPFC_T1', 0.0017664252270123216)	('lSMA_to_lPTL_T1', -0.0015487935124556438)	('lIFG_to_lPTL_T1', 0.001523237318647622)	('lDLPFC_to_lIFG_T1', -0.0007426706477900198)	('T1', -0.0002870054395338831)	('L_IFGorb_T1', 9.777394260761596e-05)	
