predictors	pearson_correlation	mean_squared_error	r2	
rois + act_t1 + conn_t1 + age + T1	0.16803381090652714	0.059960989742572905	-0.006639140956547829	('L_IFGorb', -0.014109928504382205)	('L_DLPFC_T1', -0.01244051057228501)	('R_IFGorb_T1', -0.011102778318359414)	('rDLPFC_to_lIFG_T1', -0.010631273625230213)	('rDLPFC_to_lPTL_T1', -0.008314592756040188)	('L_PTL_T1', 0.008158828421257876)	('L_SMA_T1', -0.0070866036347074345)	('L_DLPFC', -0.006651648092912846)	('lSMA_to_lPTL_T1', -0.005942193697776944)	('R_DLPFC_T1', 0.005398467271405876)	('lDLPFC_to_lPTL_T1', -0.005200482450070678)	('rIFG_to_lIFG_T1', -0.0051316037584740225)	('lIFG_to_lPTL_T1', 0.0043671686764020674)	('lDLPFC_to_lIFG_T1', 0.004202201085649367)	('L_IFGorb_T1', -0.003716333595658027)	('T1', -0.003528043375977482)	('L_SMA', 0.0031823559610450443)	('Age', 0.0007854222998695859)	('lPTL_to_lIFG_T1', -0.0003446936456369615)	('lSMA_to_lIFG_T1', -0.00025396922647697866)	('L_PTL', 0.0001782062795011955)	
