predictors	pearson_correlation	mean_squared_error	r2	
rois + act_t1 + conn_t1 + age + T1	-0.05210977340489781	0.06129715426249449	-0.0290709838978509	('rDLPFC_to_lPTL_T1', -0.007942776214591893)	('rIFG_to_lIFG_T1', -0.007687136878141535)	('L_DLPFC_T1', -0.007310691605795621)	('L_DLPFC', -0.006850465086938786)	('lPTL_to_lIFG_T1', -0.00544887984321346)	('lDLPFC_to_lPTL_T1', -0.0050874406454697796)	('R_IFGorb_T1', 0.0045062899492971315)	('lDLPFC_to_lIFG_T1', -0.004107709611135482)	('lIFG_to_lPTL_T1', 0.0039310181938072225)	('L_PTL_T1', -0.0038281138680706264)	('L_SMA_T1', -0.0037762926050357386)	('rDLPFC_to_lIFG_T1', -0.003396226962134076)	('lSMA_to_lPTL_T1', -0.0032254420143196347)	('L_SMA', 0.0030324345981342826)	('Age', 0.002202274862934648)	('lSMA_to_lIFG_T1', -0.002017195819205146)	('L_IFGorb', -0.0017899398753868432)	('L_PTL', -0.0012275087681464425)	('T1', 0.0011095711505311819)	('L_IFGorb_T1', 0.0010415237191140898)	('R_DLPFC_T1', -0.0007321225774125685)	
