predictors	pearson_correlation	mean_squared_error	r2	
rois + act_t1 + conn_t1 + age + T1	0.13129831881732884	0.05921877952745693	0.0058212579888525795	('L_SMA_T1', -0.01488672078173408)	('lPTL_to_lIFG_T1', -0.013637132633410463)	('L_PTL', -0.012635978953562136)	('L_PTL_T1', 0.012480781824581138)	('lSMA_to_lIFG_T1', -0.011457883417899556)	('lDLPFC_to_lIFG_T1', -0.011348775455521133)	('rDLPFC_to_lIFG_T1', -0.007984563283245733)	('Age', -0.007260489065690079)	('lIFG_to_lPTL_T1', -0.00598878846598494)	('R_DLPFC_T1', 0.0055159728536124525)	('L_DLPFC_T1', 0.004470850339375174)	('rIFG_to_lIFG_T1', 0.003250028922902517)	('L_IFGorb_T1', -0.0030970655990290754)	('L_DLPFC', 0.0030839703383159778)	('lSMA_to_lPTL_T1', -0.00279453702654869)	('L_IFGorb', 0.0026010816474804706)	('rDLPFC_to_lPTL_T1', 0.002495174190401709)	('lDLPFC_to_lPTL_T1', -0.0018256079263724808)	('L_SMA', 0.0006416317889980001)	('R_IFGorb_T1', 0.0005237921690542721)	('T1', -0.00032839455566831824)	
