predictors	pearson_correlation	mean_squared_error	r2	
rois + act_t1 + conn_t1 + age + T1	-0.09140986126204549	0.06726260476610015	-0.1292203642891614	('rDLPFC_to_lPTL_T1', 0.009967844278438514)	('L_IFGorb', -0.00955315798875696)	('R_DLPFC_T1', -0.009531576059992993)	('L_DLPFC', -0.009431601733612861)	('rIFG_to_lIFG_T1', -0.008502352734339535)	('R_IFGorb_T1', -0.008146757600730511)	('L_PTL', -0.007444313917501089)	('L_DLPFC_T1', -0.006951900973082428)	('lDLPFC_to_lIFG_T1', -0.006693546658862642)	('Age', -0.006594297494794819)	('lIFG_to_lPTL_T1', 0.00621202763776491)	('L_IFGorb_T1', 0.006127368267097014)	('lDLPFC_to_lPTL_T1', -0.005841722331604701)	('lPTL_to_lIFG_T1', -0.005720267921019797)	('lSMA_to_lIFG_T1', -0.004871656156069777)	('rDLPFC_to_lIFG_T1', 0.004065460921511524)	('L_SMA', 0.0030763241218123454)	('T1', 0.0013622953457784802)	('lSMA_to_lPTL_T1', -0.0008249914750135253)	('L_PTL_T1', -0.00017685187480474582)	('L_SMA_T1', 2.444080992422819e-05)	
