predictors	pearson_correlation	mean_squared_error	r2	
rois + act_t1 + conn_t1 + age + T1	-0.052190027850743524	0.06308036523355845	-0.05900794737631765	('R_IFGorb_T1', -0.016941943118485896)	('L_SMA', -0.011411267089007556)	('lDLPFC_to_lPTL_T1', -0.008456960012308135)	('lDLPFC_to_lIFG_T1', 0.00835849439047214)	('L_IFGorb', -0.005626410257230745)	('lPTL_to_lIFG_T1', -0.00522332296180027)	('L_PTL', -0.004324354013796583)	('L_SMA_T1', 0.004320588406343474)	('lSMA_to_lIFG_T1', -0.004168582601244002)	('T1', -0.0033724353556506778)	('L_PTL_T1', -0.0028686986590642167)	('lSMA_to_lPTL_T1', -0.0026723162036340715)	('lIFG_to_lPTL_T1', -0.0017820923583648717)	('rDLPFC_to_lPTL_T1', 0.0016202729083994978)	('Age', 0.0012070974722052093)	('R_DLPFC_T1', -0.001169966907388673)	('L_IFGorb_T1', 0.0007537126967328767)	('L_DLPFC', -0.00014299242433712063)	('rDLPFC_to_lIFG_T1', 0.00010549815912556277)	('L_DLPFC_T1', 6.32855694762473e-05)	('rIFG_to_lIFG_T1', 4.168471742594368e-05)	
