predictors	pearson_correlation	mean_squared_error	r2	
rois + act_t1 + conn_t1 + age + T1	0.265395991888332	0.05612693482811758	0.05772787102970112	('L_IFGorb_T1', -0.011706633798813256)	('L_DLPFC_T1', 0.009518350465969213)	('lSMA_to_lIFG_T1', 0.006782995187672176)	('lDLPFC_to_lPTL_T1', 0.006761057678690256)	('L_PTL', -0.006757935794887061)	('Age', -0.0056896698500002495)	('L_IFGorb', -0.0055153838749012595)	('T1', -0.00548065489970535)	('R_IFGorb_T1', 0.004581479497394013)	('L_SMA', 0.004297321923416922)	('lDLPFC_to_lIFG_T1', -0.004018729948239697)	('lIFG_to_lPTL_T1', -0.003503018484896493)	('rIFG_to_lIFG_T1', 0.0032637315873925033)	('rDLPFC_to_lIFG_T1', -0.0029212095199312354)	('L_SMA_T1', 0.0028521706255214057)	('rDLPFC_to_lPTL_T1', -0.001921430866551674)	('L_PTL_T1', -0.0017865378566174937)	('L_DLPFC', -0.001654173352093449)	('lPTL_to_lIFG_T1', -0.001339900647222896)	('lSMA_to_lPTL_T1', -0.0008161255982086656)	('R_DLPFC_T1', -0.00060970415008851)	
