predictors	pearson_correlation	mean_squared_error	r2	
rois + act_t1 + conn_t1 + age + T1	0.17067585680349984	0.058064221802256726	0.025204243521112613	('R_IFGorb_T1', -0.008554564245153983)	('lDLPFC_to_lPTL_T1', -0.006851489548154035)	('rDLPFC_to_lPTL_T1', -0.006678708233442828)	('L_PTL_T1', -0.006501051741078606)	('lPTL_to_lIFG_T1', -0.0055778335834613625)	('lDLPFC_to_lIFG_T1', 0.004802955605983642)	('lSMA_to_lIFG_T1', 0.004274444527575811)	('Age', 0.003989773338323366)	('rDLPFC_to_lIFG_T1', -0.003984456281263474)	('R_DLPFC_T1', 0.003449732532331786)	('L_IFGorb_T1', -0.0033028201963334635)	('lSMA_to_lPTL_T1', -0.002738235647804314)	('L_SMA', 0.0023992171871336184)	('rIFG_to_lIFG_T1', 0.002090939532453576)	('T1', -0.0017783076705182722)	('L_DLPFC', -0.0014575219768328145)	('L_DLPFC_T1', -0.0013700135983288743)	('L_IFGorb', -0.0005939213451504666)	('L_SMA_T1', -0.0002760805385109915)	('L_PTL', -0.00018696808615283072)	('lIFG_to_lPTL_T1', 7.831319044983705e-05)	
