predictors	pearson_correlation	mean_squared_error	r2	
rois + act_t1 + conn_t1 + age + T1	0.16452843479344467	0.058803942784253604	0.01278563440438929	('Age', 0.017486351490526533)	('R_IFGorb_T1', -0.016824694716669697)	('rIFG_to_lIFG_T1', -0.014389117820379969)	('L_DLPFC_T1', -0.01141225989109382)	('lSMA_to_lPTL_T1', 0.009168001807723813)	('L_PTL', -0.008440031673601849)	('L_SMA_T1', 0.007650307738809742)	('L_IFGorb_T1', -0.006058679636932282)	('lIFG_to_lPTL_T1', -0.006015515050030459)	('L_DLPFC', -0.0033332462514213666)	('lDLPFC_to_lIFG_T1', -0.002696864233460137)	('L_PTL_T1', 0.002420875489910403)	('lSMA_to_lIFG_T1', 0.002312609571932007)	('T1', -0.0017647460344268654)	('rDLPFC_to_lPTL_T1', 0.0014611172315680252)	('lDLPFC_to_lPTL_T1', 0.0012195487341865785)	('R_DLPFC_T1', -0.0009481285826867241)	('rDLPFC_to_lIFG_T1', 0.000640417984602411)	('lPTL_to_lIFG_T1', -0.0003812552874094396)	('L_SMA', 0.00033367357264128784)	('L_IFGorb', -4.4927971464126785e-05)	
