predictors	pearson_correlation	mean_squared_error	r2	
rois + act_t1 + conn_t1 + age + T1	0.015335500554969761	0.06016172100807864	-0.010009064460801742	('lDLPFC_to_lPTL_T1', -0.010577923412427293)	('L_DLPFC_T1', 0.010283131814883936)	('T1', -0.008738485296597081)	('L_IFGorb', -0.008490336172526538)	('lPTL_to_lIFG_T1', -0.007921092470834386)	('R_IFGorb_T1', -0.007590858901294843)	('L_PTL', 0.006925791238212399)	('rDLPFC_to_lIFG_T1', 0.006578806135842116)	('R_DLPFC_T1', 0.006515536637938862)	('lDLPFC_to_lIFG_T1', 0.006506790070119783)	('lSMA_to_lPTL_T1', 0.0050607690290405604)	('L_SMA_T1', -0.004697605935200114)	('rDLPFC_to_lPTL_T1', 0.0038710681073983806)	('lSMA_to_lIFG_T1', -0.0035668567701651805)	('Age', -0.0024967844066378893)	('rIFG_to_lIFG_T1', 0.0020057673539247024)	('L_SMA', -0.0014556149366726158)	('lIFG_to_lPTL_T1', 0.001441879074275414)	('L_DLPFC', 0.0010502874700130905)	('L_IFGorb_T1', -0.0004238003167876147)	('L_PTL_T1', 0.0002468506175518892)	
