predictors	pearson_correlation	mean_squared_error	r2	
rois + act_t1 + conn_t1 + age + T1	0.18851703349153573	0.058032200206362884	0.025741829573661446	('R_IFGorb_T1', -0.015012840657506845)	('R_DLPFC_T1', -0.01035403875784364)	('rIFG_to_lIFG_T1', -0.010186923619067378)	('lSMA_to_lPTL_T1', -0.009956566435382218)	('L_PTL_T1', 0.008174158446113654)	('L_PTL', 0.007998479965703955)	('L_IFGorb', 0.006087743836009418)	('L_IFGorb_T1', -0.0051887607846948505)	('L_SMA', 0.004867570180030367)	('lIFG_to_lPTL_T1', 0.004864751240976821)	('rDLPFC_to_lPTL_T1', -0.004643516087841547)	('L_DLPFC', -0.00445145224061087)	('lDLPFC_to_lIFG_T1', -0.0042474059143969)	('lSMA_to_lIFG_T1', -0.00384243083446804)	('lDLPFC_to_lPTL_T1', 0.003546190604433223)	('lPTL_to_lIFG_T1', 0.0027822942167496562)	('T1', 0.002740397876115228)	('L_SMA_T1', -0.0014481410254269887)	('L_DLPFC_T1', 0.000634534243256421)	('Age', -0.00037420156131774354)	('rDLPFC_to_lIFG_T1', -0.0002802664061635158)	
