predictors	pearson_correlation	mean_squared_error	r2	
rois + act_t1 + conn_t1 + age + T1	0.01688322809333199	0.06094854158224879	-0.02321839256345659	('Age', -0.014185460526624973)	('L_PTL_T1', -0.009388095021514263)	('R_DLPFC_T1', 0.008172119015133315)	('lPTL_to_lIFG_T1', -0.007682859287899661)	('L_PTL', -0.0075911634647181795)	('L_SMA', -0.006668908821137778)	('L_SMA_T1', 0.0037210408046561803)	('rIFG_to_lIFG_T1', -0.0036107837228949655)	('lSMA_to_lPTL_T1', 0.0030842668525162577)	('L_IFGorb_T1', 0.0028559940586284182)	('R_IFGorb_T1', -0.002772418102307581)	('L_DLPFC', -0.002597689619025599)	('lIFG_to_lPTL_T1', 0.0025463929416564414)	('lDLPFC_to_lPTL_T1', 0.001969475946045318)	('lSMA_to_lIFG_T1', 0.0019248648723268946)	('rDLPFC_to_lPTL_T1', -0.0018680016948747612)	('L_IFGorb', -0.0016292701847927377)	('rDLPFC_to_lIFG_T1', -0.0013591265807106712)	('lDLPFC_to_lIFG_T1', 0.0013504031831207811)	('T1', -0.0008980027315492681)	('L_DLPFC_T1', 0.00022080978217389272)	
