predictors	pearson_correlation	mean_squared_error	r2	
rois + act_t1 + conn_t1 + age + T1	-0.2898704972022622	0.06284738290664885	-0.055096585498783046	('lIFG_to_lPTL_T1', 0.006483333625285123)	('R_IFGorb_T1', -0.0049194421246737015)	('lDLPFC_to_lPTL_T1', 0.004412083989422517)	('L_IFGorb', -0.004175684523217407)	('lPTL_to_lIFG_T1', -0.0038838036141996125)	('lSMA_to_lIFG_T1', -0.0030937491105107353)	('rDLPFC_to_lPTL_T1', -0.002701413208619478)	('L_DLPFC', 0.0022583775762930755)	('Age', -0.0020887695181552313)	('rDLPFC_to_lIFG_T1', 0.001678338021510879)	('L_PTL', 0.0016236219259339487)	('T1', -0.0014991685768504007)	('rIFG_to_lIFG_T1', -0.0010187156353302302)	('L_SMA', 0.0009877392459794283)	('L_DLPFC_T1', 0.0005768272045218426)	('L_IFGorb_T1', 0.0005289662498392948)	('L_PTL_T1', 0.0004932170912169635)	('L_SMA_T1', 0.0003553208498897534)	('lDLPFC_to_lIFG_T1', 0.00032430342818330426)	('R_DLPFC_T1', -0.0003093170368040786)	('lSMA_to_lPTL_T1', 0.00011251239100880993)	
