predictors	pearson_correlation	mean_squared_error	r2	
rois + act_t1 + conn_t1 + age + T1	0.23301399020354394	0.056632630799249455	0.04923812861299204	('R_IFGorb_T1', -0.014486583029775506)	('L_PTL', -0.011870353445769628)	('rDLPFC_to_lPTL_T1', -0.011542907905505996)	('R_DLPFC_T1', -0.006771503049824478)	('rDLPFC_to_lIFG_T1', 0.00627280636950895)	('rIFG_to_lIFG_T1', -0.0061378504190185545)	('L_DLPFC_T1', 0.006107633603784846)	('L_SMA_T1', 0.005779483830474443)	('lDLPFC_to_lIFG_T1', -0.005511636607903524)	('L_PTL_T1', 0.004991048207649124)	('L_IFGorb', 0.004344803922261333)	('lIFG_to_lPTL_T1', 0.0035197692452023695)	('T1', -0.003397921184297368)	('lDLPFC_to_lPTL_T1', -0.0032879738376131594)	('lSMA_to_lPTL_T1', -0.002626402242146781)	('Age', -0.002437582131633963)	('lPTL_to_lIFG_T1', -0.0017050213252051676)	('L_IFGorb_T1', -0.001674099544283354)	('L_SMA', 0.0015520300428456975)	('lSMA_to_lIFG_T1', -0.0010082170464572756)	('L_DLPFC', 0.0003693317845541566)	
