predictors	pearson_correlation	mean_squared_error	r2	
rois + act_t1 + conn_t1 + age + T1	0.09352285593757588	0.06017750284750175	-0.010274013677747496	('L_PTL_T1', -0.016802199923649966)	('rIFG_to_lIFG_T1', -0.01574654569441965)	('lIFG_to_lPTL_T1', 0.01481813414445441)	('L_PTL', 0.01357247746476723)	('lDLPFC_to_lPTL_T1', -0.010709873279583787)	('T1', 0.009615995043002841)	('L_SMA', -0.009610296284744958)	('lPTL_to_lIFG_T1', 0.004567819102950803)	('R_IFGorb_T1', -0.003646593767063234)	('lSMA_to_lPTL_T1', 0.00331924928873408)	('rDLPFC_to_lPTL_T1', -0.0032242864072180586)	('L_SMA_T1', 0.003210464320422494)	('L_IFGorb', -0.003182580222081082)	('L_DLPFC_T1', -0.0031526934611826865)	('lSMA_to_lIFG_T1', 0.0025465136219598133)	('L_IFGorb_T1', -0.0014885061263025289)	('rDLPFC_to_lIFG_T1', -0.0013459916700157071)	('R_DLPFC_T1', 0.0011806701716407632)	('L_DLPFC', -0.0007509653488964593)	('lDLPFC_to_lIFG_T1', 0.0007197446257328833)	('Age', 0.0005882313471789874)	
