predictors	pearson_correlation	mean_squared_error	r2	
rois + act_t1 + conn_t1 + age + T1	-0.15115050190120516	0.06642909834128072	-0.11522726319019383	('lDLPFC_to_lPTL_T1', 0.018570877695779132)	('rDLPFC_to_lIFG_T1', -0.01507236631555911)	('lDLPFC_to_lIFG_T1', -0.012382934453034145)	('lSMA_to_lIFG_T1', 0.010142009293720947)	('L_DLPFC', -0.009319741208759271)	('L_IFGorb_T1', -0.008009165099520961)	('rDLPFC_to_lPTL_T1', -0.00791906148277718)	('lPTL_to_lIFG_T1', -0.007209553025413685)	('L_IFGorb', 0.007137299186776305)	('R_IFGorb_T1', 0.005955558715894129)	('rIFG_to_lIFG_T1', -0.005515795203289749)	('L_PTL_T1', -0.005487837653049542)	('T1', -0.0050650839043237484)	('L_SMA', -0.004230821305608073)	('Age', -0.00408367620481123)	('R_DLPFC_T1', 0.00368620910107948)	('L_PTL', -0.0021907643962865036)	('lIFG_to_lPTL_T1', -0.0019975731189346155)	('L_DLPFC_T1', -0.001971560197164519)	('lSMA_to_lPTL_T1', -0.0009322585266742762)	('L_SMA_T1', 0.0008190542725837949)	
