predictors	pearson_correlation	mean_squared_error	r2	
rois + act_t1 + conn_t1 + age + T1	-0.08567420678808288	0.061735038377986065	-0.0364222849979392	('rDLPFC_to_lPTL_T1', -0.010302800172863365)	('lSMA_to_lIFG_T1', 0.0069116003267456864)	('lSMA_to_lPTL_T1', -0.0066349944197330885)	('L_IFGorb_T1', -0.005828808249806179)	('L_SMA_T1', -0.0048237941599766744)	('rIFG_to_lIFG_T1', -0.004685624468972498)	('L_PTL', -0.004458051703540807)	('lDLPFC_to_lPTL_T1', 0.00407495824664123)	('L_PTL_T1', -0.002872672858565996)	('L_IFGorb', -0.002844091204220484)	('Age', -0.0025157788874202)	('L_SMA', -0.0022245149118390924)	('T1', 0.0020867388354248477)	('R_IFGorb_T1', -0.0015310994268891026)	('L_DLPFC', 0.0013276823048260767)	('rDLPFC_to_lIFG_T1', -0.0011750397886957716)	('L_DLPFC_T1', -0.0011589450207298263)	('lIFG_to_lPTL_T1', -0.0008746367286224832)	('lDLPFC_to_lIFG_T1', 0.000712769889180354)	('lPTL_to_lIFG_T1', -0.0005406518213365879)	('R_DLPFC_T1', 0.0003462548682298005)	
