predictors	pearson_correlation	mean_squared_error	r2	
rois + act_t1 + conn_t1 + age + T1	0.10856661547976043	0.05926243015607218	0.005088441011012135	('L_DLPFC', 0.012127223016451211)	('lDLPFC_to_lIFG_T1', -0.011291632739173689)	('L_PTL_T1', -0.008955870940214121)	('lIFG_to_lPTL_T1', -0.008548991648955435)	('L_PTL', 0.008053835978645089)	('lSMA_to_lIFG_T1', -0.006742557843560296)	('lSMA_to_lPTL_T1', -0.006410458879725136)	('L_SMA', -0.00589946965276557)	('L_IFGorb', -0.004667337041835218)	('rIFG_to_lIFG_T1', -0.0039500808929354555)	('Age', -0.003437108652142465)	('lDLPFC_to_lPTL_T1', -0.003403437808715979)	('L_IFGorb_T1', 0.0023265092524180544)	('R_DLPFC_T1', 0.0022562649281101205)	('R_IFGorb_T1', -0.0021650414356696374)	('L_SMA_T1', -0.0020547929440797802)	('L_DLPFC_T1', -0.001467860796408311)	('rDLPFC_to_lIFG_T1', 0.0010060483108349026)	('rDLPFC_to_lPTL_T1', 0.0007978877986019139)	('lPTL_to_lIFG_T1', 0.0006367128027222833)	('T1', -0.00022293888761475516)	
