predictors	pearson_correlation	mean_squared_error	r2	
rois + act_t1 + conn_t1 + age + T1	-0.10900305693196992	0.06575857720415909	-0.10397039727848778	('L_PTL_T1', -0.00896644355679206)	('T1', -0.0075357470738552194)	('L_DLPFC_T1', -0.006364010025251238)	('lPTL_to_lIFG_T1', -0.005978101608385043)	('L_IFGorb', -0.005817956244644439)	('L_SMA', -0.005379782665401279)	('lIFG_to_lPTL_T1', -0.005030114424255533)	('L_PTL', 0.0038738397662592366)	('rDLPFC_to_lIFG_T1', -0.003522037014645089)	('R_DLPFC_T1', 0.002939734990208892)	('rIFG_to_lIFG_T1', -0.0027087564642359263)	('L_DLPFC', -0.002180219424891292)	('lSMA_to_lIFG_T1', 0.0021505621201693536)	('lSMA_to_lPTL_T1', 0.0018151452918956682)	('R_IFGorb_T1', -0.001503363535324149)	('L_IFGorb_T1', -0.001185944378484599)	('L_SMA_T1', -0.001119237410578435)	('Age', -0.0008330318868041115)	('lDLPFC_to_lIFG_T1', -0.0003857755481732999)	('rDLPFC_to_lPTL_T1', 0.00021359019750669066)	('lDLPFC_to_lPTL_T1', 0.0)	
