predictors	pearson_correlation	mean_squared_error	r2	
rois + act_t1 + conn_t1 + age + T1	-0.3596252469268035	0.07122237095786368	-0.19569784664525236	('L_DLPFC', -0.009133641791812688)	('lDLPFC_to_lPTL_T1', 0.009112380164622602)	('L_SMA', -0.007733886758552637)	('L_PTL_T1', -0.007456110068140926)	('R_IFGorb_T1', -0.00682249478174822)	('lSMA_to_lIFG_T1', -0.005800647386304019)	('L_PTL', -0.005413550486180886)	('T1', 0.004256059557694678)	('lIFG_to_lPTL_T1', 0.0030640157743997494)	('Age', -0.00286510893801924)	('R_DLPFC_T1', -0.002732557427347259)	('L_DLPFC_T1', 0.0025797451995415574)	('L_SMA_T1', -0.0019392112477992932)	('lDLPFC_to_lIFG_T1', 0.0017139823791615606)	('lPTL_to_lIFG_T1', -0.0015773228509938075)	('rDLPFC_to_lPTL_T1', 0.0010752740865373272)	('rDLPFC_to_lIFG_T1', -0.0007460672728370407)	('rIFG_to_lIFG_T1', 0.0006596624225080276)	('L_IFGorb', -0.00046359890653062836)	('lSMA_to_lPTL_T1', 0.00012456821528992787)	('L_IFGorb_T1', -2.5538208452379088e-05)	
