predictors	pearson_correlation	mean_squared_error	r2	
rois + act_t1 + conn_t1 + age + T1	0.43483640684149644	0.049467567243727216	0.16952689391515874	('L_DLPFC', -0.017438986933729375)	('L_SMA', -0.015538584322953988)	('L_DLPFC_T1', -0.01429902786476131)	('lPTL_to_lIFG_T1', -0.01359367474278816)	('lSMA_to_lPTL_T1', -0.01301135809418573)	('L_IFGorb', -0.011954619658795185)	('R_IFGorb_T1', 0.011533724723126087)	('rIFG_to_lIFG_T1', 0.007602938539666896)	('rDLPFC_to_lIFG_T1', 0.006894702999594833)	('L_PTL', -0.005607498794110216)	('lDLPFC_to_lIFG_T1', -0.005539111482638376)	('lSMA_to_lIFG_T1', -0.004058941416907994)	('lIFG_to_lPTL_T1', -0.0038583220394291552)	('Age', -0.003145448261746802)	('L_PTL_T1', -0.0024816504823007833)	('T1', -0.0022599250108117867)	('L_IFGorb_T1', 0.0020081544052155055)	('rDLPFC_to_lPTL_T1', -0.0006465203405505903)	('R_DLPFC_T1', -0.0003543982334284593)	('L_SMA_T1', -0.00024588355273903674)	('lDLPFC_to_lPTL_T1', 8.570686804050373e-06)	
