predictors	pearson_correlation	mean_squared_error	r2	
rois + act_t1 + conn_t1 + age + T1	0.1622209374282921	0.0580032571290907	0.02622773273448309	('L_PTL', -0.01111105967111317)	('lDLPFC_to_lPTL_T1', -0.008017368128184857)	('lPTL_to_lIFG_T1', 0.00792490700810358)	('rDLPFC_to_lPTL_T1', -0.007785266213065225)	('lDLPFC_to_lIFG_T1', -0.00771730822089301)	('R_IFGorb_T1', -0.007072659055238879)	('L_SMA', 0.006292728435923079)	('L_DLPFC', -0.005840852518631)	('rDLPFC_to_lIFG_T1', -0.004815443634650961)	('lSMA_to_lIFG_T1', 0.004118893545306557)	('rIFG_to_lIFG_T1', -0.0037189351619672122)	('L_SMA_T1', -0.0032204451475130506)	('L_DLPFC_T1', 0.0029130533138725556)	('L_IFGorb', -0.00273119211949311)	('lIFG_to_lPTL_T1', 0.0025893677001853016)	('Age', 0.0021971358576420496)	('lSMA_to_lPTL_T1', -0.0017380463790302295)	('L_IFGorb_T1', -0.0009492156627097135)	('L_PTL_T1', -0.0008543571591874359)	('R_DLPFC_T1', 0.0007166001626838728)	('T1', 0.0006158167727905404)	
