predictors	pearson_correlation	mean_squared_error	r2	
rois + act_t1 + conn_t1 + age + T1	-0.2300588123498983	0.06800264158356026	-0.14164427572562222	('L_PTL_T1', -0.010188581928881571)	('L_SMA', 0.007791294040728223)	('L_SMA_T1', 0.007781396984148378)	('L_DLPFC_T1', 0.0077560054758886955)	('rIFG_to_lIFG_T1', -0.007304159030859308)	('lPTL_to_lIFG_T1', -0.00729841707866337)	('lSMA_to_lPTL_T1', -0.006925209567814378)	('lSMA_to_lIFG_T1', 0.006582283970755966)	('L_IFGorb_T1', -0.006265468760971077)	('lDLPFC_to_lIFG_T1', -0.006089234304783397)	('rDLPFC_to_lPTL_T1', 0.004037921077573674)	('L_IFGorb', 0.0038858398703272255)	('T1', -0.003613366667241893)	('Age', -0.002532763570340193)	('L_PTL', 0.00236804187172069)	('L_DLPFC', -0.0017597467707466301)	('R_IFGorb_T1', -0.001606832636249161)	('lDLPFC_to_lPTL_T1', 0.0007838541403571177)	('rDLPFC_to_lIFG_T1', -0.0004786986289594302)	('lIFG_to_lPTL_T1', 0.0004736050658168343)	('R_DLPFC_T1', -0.0002206257704304708)	
