predictors	pearson_correlation	mean_squared_error	r2	
rois + act_t1 + conn_t1 + age + T1	-0.1925153530582334	0.06498788823828199	-0.09103189039449622	('rIFG_to_lIFG_T1', 0.0073842125003059575)	('T1', -0.00722376400288636)	('lSMA_to_lIFG_T1', -0.007183532737332704)	('R_DLPFC_T1', -0.007116030204361861)	('L_SMA', -0.006516629191384918)	('lDLPFC_to_lPTL_T1', 0.006103358594783012)	('lPTL_to_lIFG_T1', -0.005036161468773849)	('L_DLPFC', -0.005024717615169482)	('L_SMA_T1', -0.0043677200408183915)	('lDLPFC_to_lIFG_T1', -0.0043427339788992166)	('L_DLPFC_T1', 0.0030967101413010493)	('L_PTL_T1', -0.0029005240636473225)	('Age', -0.0023056539542614)	('L_IFGorb', -0.0017617888074441764)	('R_IFGorb_T1', 0.0008981648937498628)	('rDLPFC_to_lPTL_T1', 0.0007871381037493115)	('lSMA_to_lPTL_T1', 0.0006620698049334117)	('L_IFGorb_T1', -0.0006029933951623186)	('rDLPFC_to_lIFG_T1', -0.0005345569864983528)	('lIFG_to_lPTL_T1', 0.00026282891852301746)	('L_PTL', 0.00012464102918907936)	
