predictors	pearson_correlation	mean_squared_error	r2	
rois + act_t1 + conn_t1 + age + T1	-0.2023089890393892	0.06899668336954082	-0.1583324820712877	('T1', -0.01182129418915311)	('L_IFGorb_T1', -0.009741482868208287)	('L_PTL_T1', -0.009576407831832164)	('lSMA_to_lPTL_T1', -0.008672324471576117)	('Age', -0.007893477668829602)	('R_DLPFC_T1', -0.0058372790910270434)	('L_SMA_T1', 0.00462099968184898)	('L_DLPFC', 0.004556422640146839)	('rDLPFC_to_lPTL_T1', -0.0041525228254110595)	('L_PTL', -0.00360174264979276)	('lDLPFC_to_lPTL_T1', 0.0036012453460970042)	('lSMA_to_lIFG_T1', 0.003362477981316743)	('lIFG_to_lPTL_T1', -0.003299792647217919)	('lPTL_to_lIFG_T1', 0.0027984388401618193)	('rDLPFC_to_lIFG_T1', -0.0018843263069120587)	('L_DLPFC_T1', 0.0018014889319956252)	('L_IFGorb', -0.0013697775783660857)	('R_IFGorb_T1', 0.0005409421279095256)	('lDLPFC_to_lIFG_T1', 0.000384836090350341)	('rIFG_to_lIFG_T1', -0.00016909864339560945)	('L_SMA', 8.597729156128473e-05)	
