predictors	pearson_correlation	mean_squared_error	r2	
rois + act_t1 + conn_t1 + age + T1	0.06087344100245527	0.06093112478700573	-0.022925995325236093	('L_DLPFC', -0.009112533280299364)	('L_SMA', 0.008188904576354187)	('rDLPFC_to_lPTL_T1', 0.00666058817253577)	('R_IFGorb_T1', -0.006470579575169173)	('L_DLPFC_T1', 0.005972398737627526)	('L_IFGorb_T1', 0.005859361541644011)	('rIFG_to_lIFG_T1', -0.005708379343015787)	('L_PTL', 0.004864115307991596)	('Age', -0.004854768443961741)	('lSMA_to_lPTL_T1', -0.003839655809561215)	('lSMA_to_lIFG_T1', -0.0033321792512234316)	('L_IFGorb', -0.003287999735793891)	('L_SMA_T1', -0.0029796713618416137)	('rDLPFC_to_lIFG_T1', -0.0028341748977272966)	('lIFG_to_lPTL_T1', -0.002241055060475881)	('lDLPFC_to_lIFG_T1', -0.001960829705823177)	('lDLPFC_to_lPTL_T1', -0.0019576166410091955)	('L_PTL_T1', -0.001875969540099103)	('R_DLPFC_T1', 0.0011189196249221575)	('T1', 0.0009376955582998409)	('lPTL_to_lIFG_T1', 0.00021367012947723937)	
