predictors	pearson_correlation	mean_squared_error	r2	
rois + act_t1 + conn_t1 + age + T1	-0.04362715023042557	0.06221378165485548	-0.04445953927001778	('L_DLPFC', -0.013238861520971031)	('lSMA_to_lPTL_T1', -0.012864903500456307)	('lSMA_to_lIFG_T1', -0.012855600516304229)	('L_PTL_T1', -0.011023236623805995)	('L_SMA', 0.0067992569321885625)	('rDLPFC_to_lPTL_T1', -0.00657256337843762)	('L_PTL', -0.0064622921359750495)	('L_DLPFC_T1', -0.0057656115617807325)	('L_IFGorb', -0.0047778102889680955)	('lPTL_to_lIFG_T1', 0.004198407203008393)	('T1', -0.0028622029567845955)	('rDLPFC_to_lIFG_T1', 0.002599223742395577)	('rIFG_to_lIFG_T1', 0.002555673229499014)	('L_IFGorb_T1', -0.0021636013545253785)	('Age', -0.002116557834963676)	('R_DLPFC_T1', -0.002073269296076951)	('R_IFGorb_T1', -0.0020413559382588035)	('lIFG_to_lPTL_T1', -0.0013516024721059322)	('lDLPFC_to_lPTL_T1', 0.0011958991284736532)	('L_SMA_T1', 0.001189599995200865)	('lDLPFC_to_lIFG_T1', -0.0007144000507349963)	
