predictors	pearson_correlation	mean_squared_error	r2	
rois + act_t1 + conn_t1 + age + T1	0.22820217006124063	0.05677974530908826	0.04676833576197059	('rIFG_to_lIFG_T1', -0.011599330054079097)	('rDLPFC_to_lIFG_T1', -0.01150466613147159)	('L_IFGorb_T1', 0.009334017242026529)	('Age', -0.007212943459977841)	('rDLPFC_to_lPTL_T1', 0.00664887223780995)	('L_DLPFC_T1', -0.005217104607939217)	('lSMA_to_lIFG_T1', -0.0045688264226337585)	('lIFG_to_lPTL_T1', -0.003843210234561398)	('lDLPFC_to_lPTL_T1', -0.0038403076680846534)	('lSMA_to_lPTL_T1', 0.0036240115906629204)	('L_IFGorb', -0.003381660374313651)	('lPTL_to_lIFG_T1', -0.003113419900945526)	('L_SMA_T1', -0.002603178334274622)	('T1', 0.002258325403954293)	('L_PTL', 0.001954383738084154)	('L_DLPFC', -0.0010480628869961462)	('R_IFGorb_T1', -0.0010129757978462233)	('R_DLPFC_T1', -0.0008809400842874451)	('lDLPFC_to_lIFG_T1', -0.00027971529134876845)	('L_PTL_T1', -0.0001235059043246516)	('L_SMA', -7.349250629960385e-05)	
