predictors	pearson_correlation	mean_squared_error	r2	
rois + act_t1 + conn_t1 + age + T1	-0.05463540716715583	0.06228061304497093	-0.04558152030174467	('lSMA_to_lIFG_T1', 0.012730033365992616)	('lPTL_to_lIFG_T1', -0.012204759607852224)	('L_IFGorb_T1', -0.011681495801435553)	('L_SMA', -0.01097357791357318)	('L_IFGorb', -0.007894104111467229)	('L_DLPFC', -0.007507265301145533)	('lDLPFC_to_lIFG_T1', 0.006700073687061274)	('R_DLPFC_T1', 0.006319178608955654)	('rDLPFC_to_lPTL_T1', -0.005111925596763009)	('L_SMA_T1', 0.004975731358930321)	('L_DLPFC_T1', -0.004612320053184462)	('T1', 0.0041112405705290445)	('L_PTL_T1', -0.004081793266669786)	('rDLPFC_to_lIFG_T1', 0.0037428456155443575)	('R_IFGorb_T1', -0.0021834280447384246)	('lIFG_to_lPTL_T1', 0.0017661036441186419)	('rIFG_to_lIFG_T1', -0.0012930010502421273)	('Age', -0.0007034536136575441)	('L_PTL', -0.0005718429139625994)	('lSMA_to_lPTL_T1', -0.0005146200920332724)	('lDLPFC_to_lPTL_T1', -0.0002846373824110322)	
