predictors	pearson_correlation	mean_squared_error	r2	
rois + act_t1 + conn_t1 + age + T1	-0.41560981303196987	0.07450041463695507	-0.2507304117731042	('rDLPFC_to_lIFG_T1', 0.017570775735223566)	('R_IFGorb_T1', -0.011907999419515897)	('lDLPFC_to_lPTL_T1', -0.011663299548150985)	('L_DLPFC', -0.009476686223488504)	('L_PTL', -0.009024614942495084)	('L_IFGorb_T1', -0.007719905640735173)	('L_PTL_T1', -0.007710482218284909)	('L_SMA_T1', -0.00689689314791911)	('lSMA_to_lPTL_T1', 0.006686345230334411)	('T1', -0.004983707316825438)	('lSMA_to_lIFG_T1', -0.004740277714749127)	('rIFG_to_lIFG_T1', -0.003471441538650621)	('L_SMA', -0.0029990882323467517)	('R_DLPFC_T1', 0.0025533496654662163)	('L_DLPFC_T1', -0.002522032981335173)	('lDLPFC_to_lIFG_T1', -0.002361653159799492)	('lIFG_to_lPTL_T1', -0.0021080065415489545)	('lPTL_to_lIFG_T1', -0.0010247113000851947)	('Age', -0.0005778242276896932)	('rDLPFC_to_lPTL_T1', -0.00042887532136944755)	('L_IFGorb', -0.00014913513279427086)	
