predictors	pearson_correlation	mean_squared_error	r2	
rois + act_t1 + conn_t1 + age + T1	-0.3773474691234571	0.06814840017055822	-0.14409130502638257	('Age', -0.009639885401274525)	('lIFG_to_lPTL_T1', -0.009524403212090199)	('L_IFGorb_T1', 0.007392375090131115)	('L_DLPFC_T1', -0.007209523785685443)	('L_IFGorb', -0.006858021685749441)	('lPTL_to_lIFG_T1', 0.006618217931414908)	('L_SMA', -0.00652554970899131)	('lSMA_to_lPTL_T1', 0.005923772778640185)	('L_SMA_T1', 0.00450229689608797)	('rDLPFC_to_lIFG_T1', -0.00429623210747742)	('L_PTL', 0.0041205001444419185)	('rDLPFC_to_lPTL_T1', -0.003907346677915856)	('L_PTL_T1', -0.0038891910210372147)	('lDLPFC_to_lPTL_T1', -0.003202825012842327)	('R_DLPFC_T1', 0.0026048317751322203)	('T1', -0.0021156347202231393)	('L_DLPFC', -0.0017614910880851143)	('lDLPFC_to_lIFG_T1', -0.0012054100156044163)	('lSMA_to_lIFG_T1', 0.0006336448732276206)	('rIFG_to_lIFG_T1', -0.00041515913063626945)	('R_IFGorb_T1', 0.00013988742644487293)	
