predictors	pearson_correlation	mean_squared_error	r2	
rois + act_t1 + conn_t1 + age + T1	-0.10294084610172599	0.06039079837513302	-0.013854868957595468	('L_PTL', -0.0061501763827344555)	('lIFG_to_lPTL_T1', -0.004244875847535656)	('lPTL_to_lIFG_T1', -0.0025823164252775747)	('L_IFGorb_T1', -0.002074939848413816)	('rDLPFC_to_lIFG_T1', 0.0018025375468159878)	('rDLPFC_to_lPTL_T1', 0.0016574148026079736)	('L_IFGorb', -0.0015019096030270927)	('lSMA_to_lPTL_T1', -0.0013420046703691297)	('R_IFGorb_T1', -0.0012914878487960467)	('L_SMA_T1', 0.0012768563581833372)	('lDLPFC_to_lIFG_T1', 0.0011143383681698072)	('L_DLPFC_T1', 0.0010802469563169134)	('Age', -0.001050546079789225)	('lSMA_to_lIFG_T1', -0.0009979875620974316)	('T1', -0.0007119317411146)	('R_DLPFC_T1', 0.0006506265949239541)	('L_DLPFC', 0.0006135022430840569)	('rIFG_to_lIFG_T1', -0.0005873884608582307)	('L_PTL_T1', -0.0005774771525986771)	('lDLPFC_to_lPTL_T1', 0.0004227022361340171)	('L_SMA', -0.0002581191511050574)	
