predictors	pearson_correlation	mean_squared_error	r2	
rois + act_t1 + conn_t1 + age + T1	-0.11417025338050465	0.06625924978427587	-0.11237580583016493	('L_SMA_T1', -0.011488588004949759)	('L_DLPFC', -0.011170198854590047)	('L_SMA', 0.009809479514799244)	('L_DLPFC_T1', -0.009594058690667153)	('lDLPFC_to_lPTL_T1', -0.00833149281874977)	('L_PTL', -0.0071749823022102316)	('lIFG_to_lPTL_T1', -0.006315965947486766)	('R_IFGorb_T1', -0.005959291271591453)	('lSMA_to_lPTL_T1', 0.005565718672975067)	('rDLPFC_to_lIFG_T1', 0.0050513584869355975)	('rDLPFC_to_lPTL_T1', 0.0039136728400208055)	('T1', 0.003837459042022973)	('lDLPFC_to_lIFG_T1', -0.0037209433346469525)	('rIFG_to_lIFG_T1', -0.003646649740935177)	('lPTL_to_lIFG_T1', -0.0033371511252549436)	('lSMA_to_lIFG_T1', -0.0028446399676302324)	('R_DLPFC_T1', 0.0018151543291144393)	('L_IFGorb_T1', -0.0012647852920169113)	('Age', 0.0012120241629776153)	('L_IFGorb', -0.000789197518015522)	('L_PTL_T1', 0.0005939678378837921)	
