predictors	pearson_correlation	mean_squared_error	r2	
rois + act_t1 + conn_t1 + age + T1	-0.1672546350364337	0.06427000519855922	-0.07897990176795222	('rDLPFC_to_lIFG_T1', -0.01004658963865091)	('Age', -0.009605603758778824)	('rDLPFC_to_lPTL_T1', -0.009587474955352051)	('lIFG_to_lPTL_T1', -0.00840088278980004)	('lPTL_to_lIFG_T1', -0.007082637240741545)	('L_DLPFC_T1', -0.006749720980356001)	('L_IFGorb', 0.005870817922312485)	('lSMA_to_lIFG_T1', -0.00475783026304003)	('L_SMA_T1', -0.004738297550236197)	('L_PTL_T1', -0.004693243933859079)	('L_DLPFC', 0.004346764530888914)	('L_IFGorb_T1', -0.004194037351199459)	('rIFG_to_lIFG_T1', -0.0037797717241171364)	('lDLPFC_to_lPTL_T1', -0.0031214716801326076)	('R_DLPFC_T1', 0.0022445185576620372)	('L_PTL', 0.0019053552443546993)	('R_IFGorb_T1', -0.0013512017003155794)	('lSMA_to_lPTL_T1', -0.0011490140315431304)	('L_SMA', 0.0009854744032167927)	('T1', -0.0007837522827735509)	('lDLPFC_to_lIFG_T1', 9.54133123010869e-05)	
