predictors	pearson_correlation	mean_squared_error	r2	
rois + act_t1 + conn_t1 + age + T1	0.22237669774205268	0.05668541344966968	0.048352001114020826	('L_DLPFC', -0.009455899941480876)	('L_SMA_T1', -0.009433622028278932)	('T1', 0.00761123258179823)	('L_IFGorb_T1', -0.007420218418868395)	('rDLPFC_to_lPTL_T1', -0.007326996259742221)	('lSMA_to_lIFG_T1', -0.005879276115717096)	('lDLPFC_to_lIFG_T1', 0.005549447352838632)	('rIFG_to_lIFG_T1', 0.0047299561062886415)	('lSMA_to_lPTL_T1', -0.00424623170909433)	('L_IFGorb', -0.003690058409540995)	('Age', -0.003397920291506348)	('lDLPFC_to_lPTL_T1', -0.003099217707538103)	('L_PTL', -0.0030633985146213674)	('L_PTL_T1', -0.0029029783074280965)	('lPTL_to_lIFG_T1', -0.002623024655288959)	('L_DLPFC_T1', 0.0016140223824810977)	('lIFG_to_lPTL_T1', -0.0015289240866169472)	('R_IFGorb_T1', -0.0011926952138586887)	('R_DLPFC_T1', 0.00080379152599037)	('rDLPFC_to_lIFG_T1', 0.000680286632861589)	('L_SMA', 0.000536189291845743)	
