predictors	pearson_correlation	mean_squared_error	r2	
rois + act_t1 + conn_t1 + age + T1	0.010707644785584015	0.06127359247012035	-0.028675423008400314	('lPTL_to_lIFG_T1', -0.01508471451843078)	('L_PTL_T1', -0.013166937968350145)	('rDLPFC_to_lPTL_T1', -0.010623156920180772)	('lSMA_to_lPTL_T1', 0.010379959962640706)	('R_DLPFC_T1', -0.00929536114610788)	('lIFG_to_lPTL_T1', -0.007431083568543888)	('rIFG_to_lIFG_T1', 0.006255587441663822)	('L_SMA_T1', -0.0055265487362691846)	('Age', 0.005265496952447932)	('rDLPFC_to_lIFG_T1', 0.004547545678754468)	('R_IFGorb_T1', -0.003613067974375823)	('lDLPFC_to_lIFG_T1', -0.003583393403979752)	('lSMA_to_lIFG_T1', 0.002944711802937126)	('lDLPFC_to_lPTL_T1', -0.0019147907488370759)	('L_SMA', -0.0018379913200640568)	('L_IFGorb_T1', -0.0007323345930476318)	('L_PTL', -0.000667188762334399)	('L_IFGorb', 0.0005724552863551166)	('L_DLPFC_T1', -0.0004994469036865617)	('T1', 0.0004898112087293326)	('L_DLPFC', -0.0003615049478879686)	
