predictors	pearson_correlation	mean_squared_error	r2	
rois + act_t1 + conn_t1 + age + T1	0.21912296045778837	0.05765684151076376	0.03204343927874931	('rDLPFC_to_lPTL_T1', -0.022499710792633607)	('L_SMA', -0.009937664571128657)	('T1', 0.0080532074108391)	('lSMA_to_lIFG_T1', 0.006136272718559736)	('lDLPFC_to_lIFG_T1', -0.00591378284998544)	('L_PTL', -0.005630772120969666)	('L_IFGorb', -0.005214078491353179)	('L_IFGorb_T1', -0.005015429238958532)	('L_DLPFC_T1', -0.0048368206930834295)	('Age', -0.004149417230643297)	('rIFG_to_lIFG_T1', -0.0039137810258760165)	('L_SMA_T1', -0.0031949291930588684)	('R_IFGorb_T1', 0.0031491955508192245)	('lSMA_to_lPTL_T1', -0.0029944865927149767)	('lPTL_to_lIFG_T1', 0.002736175312216562)	('R_DLPFC_T1', -0.0022253063378148627)	('L_DLPFC', -0.0017007305363294137)	('lDLPFC_to_lPTL_T1', 0.0012822802248726522)	('lIFG_to_lPTL_T1', 0.0011623361335169416)	('L_PTL_T1', 0.0010089212508753286)	('rDLPFC_to_lIFG_T1', 0.00027465404932050654)	
