predictors	pearson_correlation	mean_squared_error	r2	
rois + act_t1 + conn_t1 + age + T1	0.021317783606383308	0.06597935342775645	-0.10767684023447988	('T1', 0.015389946275485194)	('L_SMA_T1', -0.01026555021630472)	('lDLPFC_to_lIFG_T1', -0.01022504120130043)	('Age', -0.009985447140909983)	('R_DLPFC_T1', -0.009518817284316224)	('L_SMA', 0.00775072528896702)	('L_PTL_T1', 0.0073244477185802695)	('L_DLPFC', 0.0065586948396108204)	('lDLPFC_to_lPTL_T1', -0.005093688741310086)	('lSMA_to_lIFG_T1', -0.005012837100642777)	('lSMA_to_lPTL_T1', -0.004861794515273192)	('lPTL_to_lIFG_T1', 0.0032973086700066085)	('rIFG_to_lIFG_T1', 0.003016874690680538)	('L_IFGorb', 0.00284032055796574)	('L_IFGorb_T1', -0.002406574223721668)	('rDLPFC_to_lIFG_T1', -0.002360475982540147)	('rDLPFC_to_lPTL_T1', -0.0022840618216363267)	('R_IFGorb_T1', 0.002097574691412867)	('L_DLPFC_T1', -0.0014716685758682947)	('L_PTL', -0.0008587988087503771)	('lIFG_to_lPTL_T1', -0.000302535685304178)	
