predictors	pearson_correlation	mean_squared_error	r2	
rois + act_t1 + conn_t1 + age + T1	0.12467984311292317	0.058643871955271674	0.01547294097605123	('rIFG_to_lIFG_T1', -0.016390484700229323)	('R_IFGorb_T1', -0.010270365942253097)	('L_SMA_T1', -0.007389209969261411)	('lSMA_to_lIFG_T1', -0.006585690168562877)	('L_DLPFC_T1', 0.005827291316327024)	('lDLPFC_to_lPTL_T1', 0.005532346588101284)	('R_DLPFC_T1', -0.005327871326214942)	('L_DLPFC', -0.004995609484723275)	('lPTL_to_lIFG_T1', -0.004587590639789336)	('rDLPFC_to_lPTL_T1', -0.004498011307141402)	('L_PTL_T1', -0.0028941944772381354)	('L_PTL', -0.00271957541284704)	('rDLPFC_to_lIFG_T1', -0.0013200556973530576)	('L_SMA', 0.0012409243081112082)	('Age', -0.0009750721216981341)	('lSMA_to_lPTL_T1', 0.0009715024193257023)	('T1', -0.000904762217301084)	('L_IFGorb_T1', -0.0007330079023957064)	('lIFG_to_lPTL_T1', -0.0006445929522214848)	('L_IFGorb', -0.0002508627189123227)	('lDLPFC_to_lIFG_T1', -0.00024674270076714753)	
