predictors	pearson_correlation	mean_squared_error	r2	
rois + act_t1 + conn_t1 + age + T1	0.043204099754229584	0.059581602923479214	-0.0002699061706925576	('lPTL_to_lIFG_T1', -0.017932234959506955)	('L_PTL', -0.009446169892141181)	('lSMA_to_lIFG_T1', -0.008055894664329492)	('L_SMA_T1', -0.006837745735736883)	('R_DLPFC_T1', -0.006836110549300334)	('R_IFGorb_T1', 0.006245461116349501)	('L_DLPFC', -0.0052970216765534294)	('L_IFGorb', -0.005253055593500519)	('rDLPFC_to_lPTL_T1', -0.004935345734186766)	('lIFG_to_lPTL_T1', 0.00451636436569461)	('rDLPFC_to_lIFG_T1', -0.004433279593881328)	('L_IFGorb_T1', 0.004152732832835796)	('rIFG_to_lIFG_T1', -0.003714118107382887)	('lDLPFC_to_lPTL_T1', -0.003456987766340535)	('lDLPFC_to_lIFG_T1', -0.002642880319547286)	('L_SMA', 0.002359531071724568)	('Age', 0.0022714233296224507)	('T1', -0.0015732746588624526)	('L_PTL_T1', -0.000842371342471365)	('lSMA_to_lPTL_T1', 0.0002274263310355895)	('L_DLPFC_T1', -0.0002021733176182857)	
