predictors	pearson_correlation	mean_squared_error	r2	
rois + act_t1 + conn_t1 + age + T1	0.10981566838778703	0.05904930684078704	0.008666405149654888	('R_DLPFC_T1', 0.013937151031541709)	('lPTL_to_lIFG_T1', -0.010189011039814067)	('L_PTL_T1', -0.009737635493129036)	('lSMA_to_lIFG_T1', -0.007133440414460621)	('rDLPFC_to_lPTL_T1', -0.006889616485649783)	('T1', 0.005908112155416205)	('lDLPFC_to_lIFG_T1', -0.005495381780140013)	('R_IFGorb_T1', -0.004472349690185965)	('Age', 0.003991702713348216)	('lIFG_to_lPTL_T1', -0.0039144004983172045)	('rDLPFC_to_lIFG_T1', -0.0038801033218257095)	('L_SMA', -0.003404170990943383)	('L_IFGorb_T1', -0.003252003207798005)	('lDLPFC_to_lPTL_T1', 0.003193137647644722)	('L_PTL', -0.002899133123767637)	('L_SMA_T1', 0.0027519190111448275)	('lSMA_to_lPTL_T1', -0.002083218442476202)	('L_IFGorb', -0.002044160535169219)	('L_DLPFC_T1', 0.0017812879080776906)	('L_DLPFC', -0.0007290989167371599)	('rIFG_to_lIFG_T1', -0.0001371391428912297)	
