predictors	pearson_correlation	mean_squared_error	r2	
rois + act_t1 + conn_t1 + age + T1	0.22645616202096144	0.05731465576735829	0.037788133692035486	('L_DLPFC_T1', -0.011799672193158745)	('lPTL_to_lIFG_T1', -0.007657850077439142)	('R_DLPFC_T1', -0.006921022269242746)	('rIFG_to_lIFG_T1', -0.006646956846468759)	('L_IFGorb_T1', -0.006380009948114356)	('lSMA_to_lPTL_T1', -0.005496165040337214)	('Age', 0.005048017290787303)	('L_DLPFC', -0.005017161664478459)	('T1', -0.004625859155881298)	('rDLPFC_to_lPTL_T1', 0.00450769669204644)	('lSMA_to_lIFG_T1', 0.0031440880641496324)	('L_PTL_T1', 0.0028627953980895)	('lDLPFC_to_lPTL_T1', -0.001854718429042699)	('R_IFGorb_T1', 0.0014586177708512558)	('lIFG_to_lPTL_T1', -0.001395359240358868)	('rDLPFC_to_lIFG_T1', 0.0013604813227370877)	('L_IFGorb', 0.0006013783271120797)	('L_SMA', 0.000538345066435246)	('L_SMA_T1', -0.00041554101761201884)	('lDLPFC_to_lIFG_T1', 0.00039873277736799913)	('L_PTL', -0.00014199499893534514)	
