predictors	pearson_correlation	mean_squared_error	r2	
rois + act_t1 + conn_t1 + age + T1	0.2226761594950846	0.056628488969998454	0.04930766261263286	('L_SMA', -0.01307989366226726)	('lDLPFC_to_lIFG_T1', -0.010431653368989397)	('lPTL_to_lIFG_T1', 0.009891109443867004)	('lIFG_to_lPTL_T1', 0.00936948318907741)	('L_SMA_T1', -0.008716139488424453)	('lSMA_to_lIFG_T1', -0.008641442433139405)	('lDLPFC_to_lPTL_T1', -0.00626231211923265)	('T1', 0.004928435821679452)	('rDLPFC_to_lPTL_T1', -0.0046981642790949445)	('L_PTL', 0.004432731727784305)	('R_IFGorb_T1', 0.0035889760529526585)	('L_PTL_T1', -0.0033905636671831343)	('L_DLPFC', 0.0024096786788232096)	('rIFG_to_lIFG_T1', -0.0018162706523258735)	('R_DLPFC_T1', -0.0017511589662406772)	('rDLPFC_to_lIFG_T1', -0.0010479381049767627)	('lSMA_to_lPTL_T1', -0.000982330597132055)	('L_DLPFC_T1', -0.0007880937293409183)	('L_IFGorb_T1', -0.0006808822833180948)	('L_IFGorb', -0.0004757514704357715)	('Age', -0.00035406710664314886)	
