predictors	pearson_correlation	mean_squared_error	r2	
rois + act_t1 + conn_t1 + age + T1	-0.03718129276152081	0.060467552381540446	-0.015143433195888845	('L_IFGorb', -0.010395164306226574)	('lIFG_to_lPTL_T1', -0.007123858295091181)	('L_SMA_T1', -0.006229741157579765)	('lPTL_to_lIFG_T1', 0.005258636808273438)	('L_DLPFC', -0.005160414636015724)	('lSMA_to_lPTL_T1', -0.004735128008149598)	('L_PTL_T1', 0.004070972087686057)	('rIFG_to_lIFG_T1', 0.0035156070781297896)	('L_PTL', -0.0028674349088121756)	('R_IFGorb_T1', -0.002805953880255584)	('lSMA_to_lIFG_T1', -0.002777281472692123)	('T1', -0.0026076555817213477)	('L_IFGorb_T1', -0.002490224486403454)	('rDLPFC_to_lPTL_T1', -0.002281577679755536)	('L_DLPFC_T1', 0.0022064533493295346)	('L_SMA', -0.002194454328830878)	('Age', 0.0018712180816730741)	('lDLPFC_to_lPTL_T1', -0.0013559778401267722)	('rDLPFC_to_lIFG_T1', -0.0006810674240821304)	('R_DLPFC_T1', -0.0006079709327900333)	('lDLPFC_to_lIFG_T1', 0.0001721877588367187)	
