predictors	pearson_correlation	mean_squared_error	r2	
rois + act_t1 + conn_t1 + age + T1	-0.1559452262455422	0.06490798991801597	-0.08969053867862642	('rDLPFC_to_lPTL_T1', 0.009066298511959463)	('lDLPFC_to_lIFG_T1', -0.008019491004840732)	('T1', -0.007997820139123828)	('lIFG_to_lPTL_T1', -0.007827939246166522)	('L_SMA', -0.007574823684971148)	('rIFG_to_lIFG_T1', 0.006616016089326423)	('lPTL_to_lIFG_T1', -0.005381334716697304)	('L_PTL', -0.005011911203564474)	('lSMA_to_lPTL_T1', -0.003256255274250058)	('rDLPFC_to_lIFG_T1', -0.003253440895862764)	('L_DLPFC', 0.0027111937045112174)	('lDLPFC_to_lPTL_T1', -0.0021222275514200272)	('L_DLPFC_T1', -0.0020387485846232382)	('Age', -0.001975163625208824)	('R_IFGorb_T1', -0.00180149072507623)	('L_IFGorb', 0.001320934011759777)	('lSMA_to_lIFG_T1', 0.001090594312703922)	('L_PTL_T1', -0.0006230566805193902)	('L_SMA_T1', -0.0004996012583696058)	('R_DLPFC_T1', 0.0001975501292198903)	('L_IFGorb_T1', -0.0001974017388068859)	
