predictors	pearson_correlation	mean_squared_error	r2	
rois + act_t1 + conn_t1 + age + T1	0.04586742731195907	0.05970139742398816	-0.0022810443056926477	('rDLPFC_to_lPTL_T1', -0.01130609292369604)	('R_DLPFC_T1', 0.010589734615181753)	('L_IFGorb', 0.009459947267530916)	('T1', -0.009371873734874473)	('rIFG_to_lIFG_T1', -0.008758749043934429)	('L_SMA_T1', -0.006583992339913572)	('rDLPFC_to_lIFG_T1', 0.005648347234799096)	('lPTL_to_lIFG_T1', -0.005647153429008323)	('L_SMA', -0.004544342243433897)	('L_DLPFC_T1', -0.004181417100113337)	('L_PTL_T1', -0.0031702480212590298)	('lSMA_to_lPTL_T1', -0.0026734443463775556)	('R_IFGorb_T1', -0.002575881542963054)	('Age', -0.0024385756274595874)	('L_PTL', -0.002317753117515095)	('lDLPFC_to_lPTL_T1', 0.0020457412690415)	('L_DLPFC', -0.0011394114578657565)	('lIFG_to_lPTL_T1', 0.0008978930520420278)	('L_IFGorb_T1', -0.0008461140923542099)	('lDLPFC_to_lIFG_T1', -0.0002983202303598074)	('lSMA_to_lIFG_T1', 0.0001719964515074058)	
