predictors	pearson_correlation	mean_squared_error	r2	
rois + act_t1 + conn_t1 + age + T1	0.12948760552357164	0.05880142654067463	0.012827877690993583	('T1', -0.013592263689549427)	('L_IFGorb_T1', -0.007640540227223134)	('lIFG_to_lPTL_T1', -0.006179034179931053)	('L_DLPFC', 0.00514715975908302)	('L_IFGorb', -0.004652352556813853)	('L_SMA_T1', -0.004583509404735078)	('R_IFGorb_T1', -0.004152424529537103)	('Age', -0.0036898746967736463)	('L_DLPFC_T1', -0.002636944720304952)	('lDLPFC_to_lPTL_T1', -0.0021910704568272057)	('L_PTL', -0.0014054500844961166)	('rDLPFC_to_lPTL_T1', 0.0009275774591883197)	('lSMA_to_lPTL_T1', -0.0008227373879072858)	('rIFG_to_lIFG_T1', 0.0008177174626455042)	('L_PTL_T1', -0.0004463075668709524)	('L_SMA', -0.00041013653280782663)	('lPTL_to_lIFG_T1', -0.0003479190794768958)	('lDLPFC_to_lIFG_T1', -0.00011247386673322182)	('lSMA_to_lIFG_T1', -8.859939466749856e-05)	('rDLPFC_to_lIFG_T1', -3.613072196098033e-05)	('R_DLPFC_T1', 0.0)	
