predictors	pearson_correlation	mean_squared_error	r2	
rois + act_t1 + conn_t1 + age + T1	-0.20266449462054834	0.06920813419990886	-0.16188236814138213	('lDLPFC_to_lPTL_T1', -0.019151276755933585)	('rDLPFC_to_lIFG_T1', -0.016356583832522358)	('Age', -0.016124755793459275)	('L_IFGorb_T1', -0.01219265582247054)	('lDLPFC_to_lIFG_T1', 0.01154524046118946)	('L_DLPFC', -0.011413713602477877)	('lSMA_to_lPTL_T1', 0.01003567337348544)	('L_PTL_T1', -0.009363196073107889)	('T1', -0.00926878653188088)	('lPTL_to_lIFG_T1', -0.008264643832420298)	('rIFG_to_lIFG_T1', 0.0077672812167120615)	('R_IFGorb_T1', -0.005611377766087621)	('L_SMA', -0.004019889124416874)	('L_IFGorb', -0.0039300109950872915)	('L_DLPFC_T1', 0.0038953267535739417)	('lIFG_to_lPTL_T1', 0.0021054804777270904)	('L_PTL', 0.0020699785279198043)	('rDLPFC_to_lPTL_T1', -0.0015302498984058894)	('lSMA_to_lIFG_T1', -0.0014922478797176314)	('L_SMA_T1', 0.0006694910116670979)	('R_DLPFC_T1', -0.0004627043853057857)	
