predictors	pearson_correlation	mean_squared_error	r2	
rois + act_t1 + conn_t1 + age + T1	0.07281959261690003	0.060857836068952446	-0.021695607159535557	('L_PTL_T1', -0.01970393012239899)	('L_PTL', -0.018391524764510305)	('L_IFGorb', -0.014234931143917495)	('lIFG_to_lPTL_T1', 0.008688504697494985)	('Age', 0.007900443010796673)	('lSMA_to_lPTL_T1', 0.007087426224188199)	('rDLPFC_to_lIFG_T1', 0.006086475634205059)	('L_SMA_T1', -0.005324297272788349)	('L_DLPFC', -0.004887823774461569)	('R_DLPFC_T1', 0.0038561028246313304)	('R_IFGorb_T1', -0.0038543376496670487)	('L_IFGorb_T1', -0.0037244694170454886)	('rIFG_to_lIFG_T1', -0.00368259378522585)	('L_SMA', -0.00349638796380082)	('lDLPFC_to_lIFG_T1', -0.0025049171366016603)	('lSMA_to_lIFG_T1', 0.002362325737933908)	('T1', -0.001991247848250875)	('lPTL_to_lIFG_T1', 0.0018539288135427446)	('L_DLPFC_T1', 0.0017282259145254772)	('rDLPFC_to_lPTL_T1', 0.0014805785045867612)	('lDLPFC_to_lPTL_T1', 0.0011044047160799649)	
