predictors	pearson_correlation	mean_squared_error	r2	
rois + act_t1 + conn_t1 + age + T1	-0.20841054237881745	0.07259219980147201	-0.2186948541380811	('Age', 0.014228215342886097)	('lSMA_to_lPTL_T1', -0.011082142524424968)	('lSMA_to_lIFG_T1', -0.009953035285244707)	('L_PTL', 0.009266027393720455)	('T1', -0.0081805677679035)	('lPTL_to_lIFG_T1', 0.00808358908668299)	('lDLPFC_to_lIFG_T1', -0.005965079772167491)	('L_PTL_T1', -0.005835543760912978)	('R_IFGorb_T1', -0.005107822776339923)	('L_SMA', 0.004728902411158702)	('L_DLPFC', -0.004648169890357133)	('L_DLPFC_T1', 0.00403840627392969)	('rIFG_to_lIFG_T1', -0.0037652808330655226)	('rDLPFC_to_lPTL_T1', -0.003721057226076291)	('L_IFGorb', 0.0036125610251160995)	('lIFG_to_lPTL_T1', 0.003051353005544885)	('rDLPFC_to_lIFG_T1', -0.0018317977379879386)	('L_SMA_T1', -0.0015433786226035616)	('R_DLPFC_T1', 0.0012409316597289945)	('L_IFGorb_T1', -0.0004978798628482291)	('lDLPFC_to_lPTL_T1', 0.00029068003498701917)	
