predictors	pearson_correlation	mean_squared_error	r2	
rois + act_t1 + conn_t1 + age + T1	-0.34381782551629225	0.07140656511863899	-0.19879014136166884	('L_PTL_T1', -0.011635601172897199)	('L_PTL', -0.011332498998968)	('R_IFGorb_T1', 0.008350869138687878)	('lDLPFC_to_lPTL_T1', -0.008223258620443551)	('lPTL_to_lIFG_T1', -0.005437593298048001)	('lSMA_to_lIFG_T1', 0.0050272500940555555)	('rDLPFC_to_lPTL_T1', -0.004221999739082692)	('Age', -0.003920090751779886)	('rIFG_to_lIFG_T1', 0.0038279465924615577)	('lIFG_to_lPTL_T1', 0.003426283287571976)	('R_DLPFC_T1', -0.003008549624442844)	('rDLPFC_to_lIFG_T1', -0.00280098437685903)	('L_SMA', -0.002263989348008499)	('L_IFGorb_T1', -0.00222342526757014)	('L_SMA_T1', 0.0016327994742372377)	('lSMA_to_lPTL_T1', -0.0015687701103957723)	('L_DLPFC_T1', -0.001457103110135676)	('L_DLPFC', -0.0012453388722160367)	('T1', -0.0009547797891823737)	('L_IFGorb', -0.0003714938270231001)	('lDLPFC_to_lIFG_T1', 8.288448195694255e-05)	
