predictors	pearson_correlation	mean_squared_error	r2	
rois + act_t1 + conn_t1 + age + T1	0.14730835676209883	0.058339468763576985	0.020583333061097275	('Age', 0.012910079514996512)	('lDLPFC_to_lIFG_T1', -0.012067551034157195)	('T1', -0.010419157708194638)	('L_IFGorb_T1', -0.007188498609912948)	('L_PTL', -0.006601262218142033)	('rDLPFC_to_lPTL_T1', -0.005077730684548965)	('R_DLPFC_T1', -0.0048694220938232296)	('lSMA_to_lPTL_T1', 0.004632140747522596)	('rDLPFC_to_lIFG_T1', -0.0038060196921944583)	('rIFG_to_lIFG_T1', 0.00375757390699385)	('lPTL_to_lIFG_T1', 0.0034725128947655746)	('L_IFGorb', 0.0027619889789210726)	('L_SMA_T1', 0.002705957604178416)	('L_PTL_T1', -0.002667815704750369)	('R_IFGorb_T1', -0.0025924396563886073)	('lIFG_to_lPTL_T1', 0.0016711482794847206)	('L_SMA', 0.0015692895683259362)	('lDLPFC_to_lPTL_T1', 0.0008200286841346893)	('L_DLPFC', 0.0004683907132189285)	('lSMA_to_lIFG_T1', 0.00040041537518355566)	('L_DLPFC_T1', 0.00019542085506637968)	
