predictors	pearson_correlation	mean_squared_error	r2	
rois + act_t1 + conn_t1 + age + T1	-0.28901080304931676	0.072826215670204	-0.22262356735782496	('rIFG_to_lIFG_T1', -0.015035227799789575)	('lSMA_to_lIFG_T1', -0.013443891383930203)	('lIFG_to_lPTL_T1', 0.013247924669298642)	('rDLPFC_to_lIFG_T1', 0.01012882707248945)	('L_DLPFC_T1', -0.008598069687974)	('lSMA_to_lPTL_T1', -0.008049216147880286)	('R_DLPFC_T1', -0.0065005576886439115)	('L_PTL_T1', -0.006256556526755294)	('lPTL_to_lIFG_T1', -0.005516754778304627)	('lDLPFC_to_lIFG_T1', 0.005048572240649815)	('L_IFGorb', -0.0036554804655177203)	('Age', 0.003437383793460257)	('R_IFGorb_T1', 0.0028398217216305975)	('T1', 0.002691527868669272)	('rDLPFC_to_lPTL_T1', 0.0023736794537985257)	('lDLPFC_to_lPTL_T1', -0.0017583368350818731)	('L_SMA_T1', -0.0017493264093797196)	('L_DLPFC', -0.0015964460018528066)	('L_PTL', 0.001383148774747746)	('L_SMA', -0.001141287794037943)	('L_IFGorb_T1', 0.0003219895999130672)	
