predictors	pearson_correlation	mean_squared_error	r2	
rois + act_t1 + conn_t1 + age + T1	-0.2273335724203446	0.06255139262151188	-0.050127431259652466	('L_IFGorb_T1', -0.006430875840799761)	('lSMA_to_lPTL_T1', -0.006138953448338102)	('rDLPFC_to_lPTL_T1', -0.0060592124590471245)	('L_DLPFC_T1', -0.005030347017275682)	('R_IFGorb_T1', 0.004964640331389738)	('lIFG_to_lPTL_T1', 0.004277032442974724)	('lDLPFC_to_lIFG_T1', 0.0033949386959719837)	('L_PTL', -0.003349249558268383)	('L_SMA', -0.003336598109383391)	('rDLPFC_to_lIFG_T1', -0.00290329799861676)	('L_IFGorb', 0.0020402598575977268)	('rIFG_to_lIFG_T1', 0.00201860722490507)	('L_PTL_T1', 0.0017386534394571115)	('Age', -0.0015556231148837203)	('lSMA_to_lIFG_T1', -0.0013963729697675144)	('R_DLPFC_T1', -0.0013941394684232635)	('lDLPFC_to_lPTL_T1', -0.0012901111143582048)	('lPTL_to_lIFG_T1', 0.0009355380246324211)	('L_DLPFC', -0.000930838203369039)	('T1', 0.0007479752984692756)	('L_SMA_T1', -2.3594579253513467e-05)	
