predictors	pearson_correlation	mean_squared_error	r2	
rois + act_t1 + conn_t1 + age + T1	0.17927821894966534	0.058597057115450636	0.016258879472793586	('L_DLPFC_T1', -0.013751421923914335)	('rIFG_to_lIFG_T1', -0.01164461764474929)	('R_DLPFC_T1', -0.009635889607394347)	('lDLPFC_to_lPTL_T1', -0.008386136071649935)	('L_PTL', 0.005716467691378177)	('lSMA_to_lIFG_T1', 0.005577024563721724)	('L_IFGorb', 0.005197231259475286)	('R_IFGorb_T1', -0.0049101586803575225)	('lSMA_to_lPTL_T1', -0.004807680180415075)	('rDLPFC_to_lPTL_T1', 0.004702504318032581)	('lDLPFC_to_lIFG_T1', -0.004442774802685246)	('L_SMA', 0.003939143631574733)	('rDLPFC_to_lIFG_T1', -0.003762093614398448)	('T1', 0.0036560578623393)	('L_DLPFC', 0.0026225622184664417)	('Age', -0.0025356792280762474)	('lPTL_to_lIFG_T1', -0.0020723130629594685)	('L_SMA_T1', -0.0011953885678131528)	('lIFG_to_lPTL_T1', 0.0005727231721847068)	('L_IFGorb_T1', 0.00024103469884065385)	('L_PTL_T1', -6.279770644253076e-05)	
