predictors	pearson_correlation	mean_squared_error	r2	
rois + act_t1 + conn_t1 + age + T1	-0.08995125884433126	0.06324815250774113	-0.0618247994374963	('lPTL_to_lIFG_T1', -0.01287205794651486)	('L_SMA_T1', -0.009994305095428379)	('L_PTL', 0.008810135479526119)	('lSMA_to_lIFG_T1', -0.008488648171462554)	('rIFG_to_lIFG_T1', -0.006001198148831675)	('R_IFGorb_T1', -0.005190394993374507)	('L_SMA', -0.00404481955749634)	('Age', 0.0035682648178732216)	('rDLPFC_to_lPTL_T1', 0.00356334910452553)	('L_IFGorb_T1', -0.003294417515748311)	('T1', -0.0030882861760832122)	('lDLPFC_to_lPTL_T1', -0.0025158682858133874)	('L_DLPFC_T1', -0.001892879431738415)	('rDLPFC_to_lIFG_T1', 0.0017830288055356743)	('R_DLPFC_T1', -0.0015008706545541959)	('lDLPFC_to_lIFG_T1', 0.001132689215635345)	('lIFG_to_lPTL_T1', -0.0006044485374395877)	('L_PTL_T1', 0.0005074667259298174)	('L_DLPFC', -0.00035640275361826054)	('lSMA_to_lPTL_T1', 0.0002664466675953308)	('L_IFGorb', 0.00023794393634424276)	
