predictors	pearson_correlation	mean_squared_error	r2	
rois + act_t1 + conn_t1 + age + T1	-0.027253193216088472	0.062132654378954634	-0.04309755555908179	('lIFG_to_lPTL_T1', 0.0121604502294145)	('L_IFGorb_T1', 0.0112613423826136)	('L_DLPFC_T1', -0.010009331067605874)	('Age', -0.009622166999024323)	('rDLPFC_to_lIFG_T1', 0.007259182898241131)	('L_IFGorb', 0.006885136871271922)	('rDLPFC_to_lPTL_T1', -0.005952712464827054)	('R_IFGorb_T1', -0.005929188182824602)	('L_PTL', -0.0057155827354181035)	('L_DLPFC', -0.004906572830754714)	('L_SMA_T1', 0.0048101858031571205)	('lSMA_to_lIFG_T1', -0.003187949405491416)	('lDLPFC_to_lIFG_T1', 0.002896877381476924)	('R_DLPFC_T1', -0.002843165862691528)	('lPTL_to_lIFG_T1', 0.0027721151465747123)	('rIFG_to_lIFG_T1', -0.0026840947057981193)	('lSMA_to_lPTL_T1', -0.0020634903533701576)	('T1', -0.0019868924033766538)	('L_PTL_T1', 0.0016145910084683296)	('lDLPFC_to_lPTL_T1', -0.0007401925409604344)	('L_SMA', -0.0003664593121391999)	
