predictors	pearson_correlation	mean_squared_error	r2	
rois + act_t1 + conn_t1 + age + T1	0.005313376023657805	0.06125069420808234	-0.028291001621657097	('L_PTL_T1', -0.017174434533919244)	('L_DLPFC', 0.013263177793215262)	('R_DLPFC_T1', 0.013211573284909107)	('Age', -0.013027218221226404)	('rIFG_to_lIFG_T1', -0.01287356546228253)	('lSMA_to_lIFG_T1', -0.010799665021159699)	('T1', 0.009494628317918403)	('rDLPFC_to_lPTL_T1', -0.008761974944317514)	('lDLPFC_to_lPTL_T1', -0.008034862869618187)	('L_PTL', -0.006761362562310646)	('rDLPFC_to_lIFG_T1', -0.00658399079857867)	('L_IFGorb_T1', 0.004593031975532086)	('L_DLPFC_T1', 0.004364680691008698)	('L_IFGorb', -0.004051957634521423)	('lIFG_to_lPTL_T1', -0.0037343594743675995)	('L_SMA', -0.003504001632096553)	('R_IFGorb_T1', -0.0021773313342777685)	('lDLPFC_to_lIFG_T1', 0.002149471355168767)	('lPTL_to_lIFG_T1', 0.0019539128384269775)	('L_SMA_T1', 0.001924740467703961)	('lSMA_to_lPTL_T1', -0.0007704075434343301)	
