predictors	pearson_correlation	mean_squared_error	r2	
rois + act_t1 + conn_t1 + age + T1	-0.09958028478102628	0.06664321398501245	-0.11882188677123895	('R_DLPFC_T1', -0.012553284086995936)	('lDLPFC_to_lIFG_T1', -0.00977511172661608)	('rDLPFC_to_lPTL_T1', 0.009619305863380874)	('rDLPFC_to_lIFG_T1', -0.00872674861605867)	('L_PTL', 0.007942027088183964)	('T1', -0.007832325228113036)	('lPTL_to_lIFG_T1', -0.0038322875682159615)	('L_SMA', -0.0025782255622977834)	('Age', -0.002118672216933613)	('L_PTL_T1', -0.0019059108150889883)	('L_SMA_T1', 0.001860656636905497)	('lDLPFC_to_lPTL_T1', 0.001802187059876543)	('lIFG_to_lPTL_T1', 0.0017738187089314957)	('L_DLPFC', 0.00146990371533637)	('L_IFGorb_T1', 0.0013728191668770703)	('L_DLPFC_T1', 0.001202668970668445)	('rIFG_to_lIFG_T1', -0.0011440362699512538)	('lSMA_to_lIFG_T1', 0.0011225612714529539)	('lSMA_to_lPTL_T1', -0.000866385216464059)	('L_IFGorb', 0.0007536253127449343)	('R_IFGorb_T1', 0.00046186996380457164)	
