predictors	pearson_correlation	mean_squared_error	r2	
rois + act_t1 + conn_t1 + age + T1	-0.2491103882646744	0.06564207239821036	-0.10201448730633689	('lDLPFC_to_lPTL_T1', -0.01658615329755386)	('L_SMA_T1', 0.016011817930946737)	('lDLPFC_to_lIFG_T1', -0.012347301584625284)	('R_DLPFC_T1', -0.00932532617355688)	('lSMA_to_lPTL_T1', -0.00919258677547673)	('lIFG_to_lPTL_T1', -0.009028159249618655)	('rIFG_to_lIFG_T1', -0.007630554539377703)	('L_PTL_T1', 0.007628108829339294)	('L_SMA', -0.00760292018979327)	('L_IFGorb_T1', 0.006592777482982976)	('T1', -0.004446522281682607)	('R_IFGorb_T1', -0.003002417499756634)	('rDLPFC_to_lPTL_T1', -0.0027035045906169492)	('lPTL_to_lIFG_T1', 0.0025719257052213536)	('lSMA_to_lIFG_T1', 0.0022570111643466203)	('rDLPFC_to_lIFG_T1', -0.002116813074646258)	('L_IFGorb', -0.0020824390045164273)	('L_PTL', -0.0018500180339446972)	('L_DLPFC_T1', -0.0013038231787855434)	('Age', -0.0001270199905821399)	('L_DLPFC', -5.883329336981727e-05)	
