predictors	pearson_correlation	mean_squared_error	r2	
rois + act_t1 + conn_t1 + age + T1	-0.09436434181757097	0.06246607635700854	-0.048695121826836774	('lSMA_to_lIFG_T1', -0.010256486893492789)	('L_DLPFC_T1', 0.00872891437145317)	('lIFG_to_lPTL_T1', -0.007612397474915308)	('rDLPFC_to_lIFG_T1', -0.007321975551976339)	('L_IFGorb', -0.00603347024877279)	('rDLPFC_to_lPTL_T1', 0.00563876956258002)	('L_SMA', 0.005600224697969822)	('L_PTL', -0.005355217006036645)	('lPTL_to_lIFG_T1', -0.005242699008014334)	('R_IFGorb_T1', 0.004317754417163522)	('L_DLPFC', -0.0037275494046252237)	('rIFG_to_lIFG_T1', -0.0036565847884552855)	('L_PTL_T1', -0.003307570219045895)	('Age', -0.0026294933681660884)	('lDLPFC_to_lIFG_T1', -0.002329892417284373)	('T1', 0.0019876136293552685)	('L_IFGorb_T1', -0.0017293547325833826)	('lSMA_to_lPTL_T1', 0.0015509594608249402)	('L_SMA_T1', 0.0007968760852537887)	('lDLPFC_to_lPTL_T1', -0.00012382206956774652)	('R_DLPFC_T1', -3.511588019374e-05)	
