predictors	pearson_correlation	mean_squared_error	r2	
rois + act_t1 + conn_t1 + age + T1	-0.004496716699360822	0.06144379584133143	-0.031532837072434594	('L_PTL_T1', -0.011701318559302652)	('L_IFGorb', -0.009777719103539645)	('rDLPFC_to_lIFG_T1', -0.007553181056115425)	('L_DLPFC', -0.0072726251355586975)	('lSMA_to_lPTL_T1', 0.007271840016443374)	('rDLPFC_to_lPTL_T1', 0.00674313173306972)	('lSMA_to_lIFG_T1', -0.005778105984129784)	('lDLPFC_to_lPTL_T1', 0.0057526758033842555)	('R_DLPFC_T1', 0.0046496567825929725)	('T1', -0.004620995190234128)	('L_SMA', -0.004421211559408746)	('Age', -0.004335923770536335)	('L_DLPFC_T1', -0.0039809789360958974)	('L_SMA_T1', 0.003588566599112176)	('L_IFGorb_T1', -0.0031582802253770324)	('lIFG_to_lPTL_T1', 0.0023294277783847813)	('rIFG_to_lIFG_T1', -0.0022929055618823237)	('R_IFGorb_T1', -0.0011545167566406253)	('lDLPFC_to_lIFG_T1', -0.0007022056933280647)	('lPTL_to_lIFG_T1', -0.00038933770679059937)	('L_PTL', -6.950942074516374e-05)	
