predictors	pearson_correlation	mean_squared_error	r2	
rois + act_t1 + conn_t1 + age + T1	-0.040471689097628695	0.061215641793878846	-0.02770253348139229	('L_SMA', -0.008973444606867621)	('rDLPFC_to_lPTL_T1', -0.008459563542956147)	('L_PTL', -0.007991566430030798)	('lPTL_to_lIFG_T1', 0.005094880758799549)	('lIFG_to_lPTL_T1', -0.004451003706062292)	('L_SMA_T1', 0.0035457237925016)	('L_IFGorb_T1', -0.003299644650538558)	('lDLPFC_to_lPTL_T1', 0.003196780046424383)	('lSMA_to_lIFG_T1', -0.003177288002562032)	('lSMA_to_lPTL_T1', -0.003019416638538919)	('rIFG_to_lIFG_T1', -0.0028064052476078852)	('lDLPFC_to_lIFG_T1', -0.0018589907348674237)	('L_PTL_T1', -0.0017343245072556827)	('Age', 0.0015445680468265032)	('rDLPFC_to_lIFG_T1', -0.0011467291334184312)	('L_DLPFC_T1', -0.0011183117039623412)	('T1', -0.0011004441983652117)	('L_DLPFC', -0.0006544372744514371)	('L_IFGorb', -0.0003603910722888816)	('R_DLPFC_T1', 0.0003510649901484296)	('R_IFGorb_T1', 0.0)	
