predictors	pearson_correlation	mean_squared_error	r2	
rois + act_t1 + conn_t1 + age + T1	-0.2641745252194961	0.0652977466441614	-0.09623386589309546	('L_DLPFC', -0.012181659695580306)	('L_IFGorb', 0.00938414830371967)	('L_SMA_T1', 0.005533006263505402)	('Age', -0.004963680264070601)	('L_PTL_T1', -0.003858804700376586)	('rIFG_to_lIFG_T1', -0.0037645714989045895)	('L_IFGorb_T1', 0.003693250275329215)	('rDLPFC_to_lIFG_T1', 0.0033033578430537894)	('lIFG_to_lPTL_T1', 0.002766019778055908)	('L_SMA', 0.0024376104773298794)	('lSMA_to_lIFG_T1', 0.0022991487494547756)	('rDLPFC_to_lPTL_T1', 0.0022289992202866125)	('lPTL_to_lIFG_T1', -0.0018887293445820357)	('lDLPFC_to_lIFG_T1', 0.0017681990181517807)	('lDLPFC_to_lPTL_T1', -0.0016248036024988854)	('R_DLPFC_T1', -0.0013726564881459285)	('R_IFGorb_T1', 0.001280151980464307)	('lSMA_to_lPTL_T1', -0.0009519324001279069)	('L_DLPFC_T1', -0.0004691078539640517)	('T1', 0.00042717357282469863)	('L_PTL', -0.00042119183221853124)	
