predictors	pearson_correlation	mean_squared_error	r2	
rois + act_t1 + conn_t1 + age + T1	-0.22168193968664807	0.06592475741777169	-0.10676026963038088	('lPTL_to_lIFG_T1', -0.01390798956508651)	('Age', -0.013556098626211708)	('L_DLPFC', 0.01190086533530173)	('L_PTL', -0.009860326209325788)	('rIFG_to_lIFG_T1', -0.006405995850752565)	('lDLPFC_to_lPTL_T1', -0.006190050280753609)	('L_DLPFC_T1', -0.004367249106667095)	('R_IFGorb_T1', 0.004314322478519716)	('L_PTL_T1', 0.004092399698257622)	('rDLPFC_to_lIFG_T1', 0.0040863182013222915)	('L_SMA_T1', -0.0038575254659150965)	('rDLPFC_to_lPTL_T1', -0.003750247543748126)	('L_IFGorb_T1', 0.0036583851924388636)	('R_DLPFC_T1', -0.0034055311868654535)	('lDLPFC_to_lIFG_T1', -0.0032442096438135924)	('lSMA_to_lIFG_T1', -0.002817749267967696)	('lIFG_to_lPTL_T1', 0.0024401750953442812)	('lSMA_to_lPTL_T1', -0.002216576243233408)	('L_IFGorb', -0.001773990087163072)	('T1', 0.0017241637607661223)	('L_SMA', 0.0017133752316834648)	
