predictors	pearson_correlation	mean_squared_error	r2	
rois + act_t1 + conn_t1 + age + T1	-0.0516336520288967	0.061837585644653026	-0.038143872531237966	('L_SMA_T1', -0.010953982917417409)	('lSMA_to_lPTL_T1', -0.006847010771035344)	('R_DLPFC_T1', -0.006445591456440795)	('L_SMA', 0.005123878882392652)	('lIFG_to_lPTL_T1', -0.0048631301787125285)	('L_IFGorb_T1', 0.004631708565168305)	('lPTL_to_lIFG_T1', -0.004596774441942885)	('lDLPFC_to_lIFG_T1', -0.004204542384413449)	('R_IFGorb_T1', -0.0037565994412116646)	('T1', -0.003696899211255071)	('Age', -0.0036538352639468464)	('rIFG_to_lIFG_T1', -0.003465915726573251)	('L_DLPFC_T1', -0.0031198845905906695)	('rDLPFC_to_lPTL_T1', -0.003102149540119093)	('rDLPFC_to_lIFG_T1', 0.0017924916959481917)	('L_PTL_T1', -0.0014534247124678636)	('L_IFGorb', -0.0007770422554520322)	('lSMA_to_lIFG_T1', -0.00059954563826453)	('L_DLPFC', -0.0005794331607999127)	('lDLPFC_to_lPTL_T1', -0.00040358482300777897)	('L_PTL', -0.0001833800758465422)	
