predictors	pearson_correlation	mean_squared_error	r2	
rois + act_t1 + conn_t1 + age + T1	-0.1438629206363503	0.06481097618015698	-0.08806184932312	('L_PTL_T1', -0.008349289868893585)	('lIFG_to_lPTL_T1', -0.007634405007537014)	('rDLPFC_to_lPTL_T1', -0.006990779371421065)	('L_IFGorb_T1', 0.0061922575914913425)	('Age', -0.006178498821961123)	('L_PTL', 0.0054580201708636)	('T1', 0.005337549780294154)	('L_SMA', -0.004798197297563946)	('lSMA_to_lPTL_T1', -0.004671348544712449)	('lPTL_to_lIFG_T1', -0.003463935448507118)	('L_IFGorb', -0.003326520226463034)	('rIFG_to_lIFG_T1', 0.0031702831552255506)	('lDLPFC_to_lIFG_T1', 0.002331678507427797)	('lSMA_to_lIFG_T1', 0.002272163330443034)	('lDLPFC_to_lPTL_T1', 0.0019729582840537895)	('L_DLPFC', -0.0019546538493035435)	('R_DLPFC_T1', 0.0012390122629108973)	('R_IFGorb_T1', 0.0012384490234800102)	('rDLPFC_to_lIFG_T1', -0.0009036224044732243)	('L_DLPFC_T1', -0.0008969762513913994)	('L_SMA_T1', -0.00019109802063174924)	
