predictors	pearson_correlation	mean_squared_error	r2	
rois + act_t1 + conn_t1 + age + T1	0.1334866788117023	0.05960396523696423	-0.0006453299275883673	('lSMA_to_lPTL_T1', -0.012338355710255143)	('L_DLPFC', -0.010458972715617089)	('lSMA_to_lIFG_T1', -0.00987453376443357)	('L_SMA', 0.008955675649714775)	('T1', 0.006909768102871788)	('lDLPFC_to_lPTL_T1', -0.006200693021367718)	('L_SMA_T1', -0.005757409742782794)	('rIFG_to_lIFG_T1', -0.00535951229618276)	('rDLPFC_to_lIFG_T1', -0.004508625052266382)	('lPTL_to_lIFG_T1', 0.0038748482274947316)	('L_IFGorb', -0.0037283162751065094)	('R_DLPFC_T1', 0.002751088851647263)	('L_PTL', 0.002700338790031604)	('R_IFGorb_T1', 0.0026788913128279104)	('L_IFGorb_T1', -0.002556618675490439)	('L_DLPFC_T1', 0.0023903569446426447)	('lDLPFC_to_lIFG_T1', -0.002095331684641937)	('L_PTL_T1', -0.0014112691655397927)	('lIFG_to_lPTL_T1', 0.001310055488923587)	('rDLPFC_to_lPTL_T1', -0.0011603830363695346)	('Age', 8.367974044450631e-05)	
