predictors	pearson_correlation	mean_squared_error	r2	
rois + act_t1 + conn_t1 + age + T1	-0.044075077574798845	0.06191367418358885	-0.039421264745739926	('L_IFGorb_T1', -0.011673080680901312)	('L_PTL', 0.00800515109019839)	('R_IFGorb_T1', -0.007354873367065808)	('lSMA_to_lPTL_T1', 0.006168567295899312)	('lDLPFC_to_lPTL_T1', -0.0054910888189421084)	('lPTL_to_lIFG_T1', 0.0037269837116681807)	('L_SMA', 0.0029738385063174857)	('rDLPFC_to_lIFG_T1', 0.002862787017746958)	('L_DLPFC_T1', 0.00244005774198375)	('rIFG_to_lIFG_T1', -0.0020495178170940437)	('rDLPFC_to_lPTL_T1', 0.0017123235324107626)	('lDLPFC_to_lIFG_T1', -0.001659676354870149)	('L_SMA_T1', -0.0012306675958421508)	('lIFG_to_lPTL_T1', -0.001192612077189807)	('lSMA_to_lIFG_T1', -0.0011109680234952255)	('Age', 0.000789895961855714)	('T1', -0.0005582882462991468)	('L_IFGorb', -0.0004985749098611173)	('L_PTL_T1', -0.00028296563639344596)	('L_DLPFC', 0.00020209184453386572)	('R_DLPFC_T1', 5.322883601675444e-05)	
