predictors	pearson_correlation	mean_squared_error	r2	
rois + act_t1 + conn_t1 + age + T1	-0.27867759703781225	0.06604084444059634	-0.10870916576158396	('L_SMA', -0.015166496175655651)	('lDLPFC_to_lPTL_T1', -0.01189851000937052)	('L_PTL', -0.00893933374719688)	('L_DLPFC_T1', -0.008041869745058827)	('lDLPFC_to_lIFG_T1', -0.007560117449100922)	('L_IFGorb', 0.007273260686560727)	('lIFG_to_lPTL_T1', 0.007183057670494715)	('L_SMA_T1', 0.006803603880735989)	('T1', -0.0065153290981471495)	('R_DLPFC_T1', -0.004662713682482652)	('rIFG_to_lIFG_T1', 0.004591126041180116)	('lPTL_to_lIFG_T1', 0.0034307845759570413)	('Age', 0.002932814697903207)	('R_IFGorb_T1', -0.002349383537618645)	('L_DLPFC', -0.002033912620837842)	('L_IFGorb_T1', -0.0018362157897131564)	('rDLPFC_to_lPTL_T1', -0.0013963228082480806)	('rDLPFC_to_lIFG_T1', -0.001262474482894033)	('lSMA_to_lPTL_T1', 0.00044500599938727975)	('L_PTL_T1', 0.00038617554529331256)	('lSMA_to_lIFG_T1', 6.500858908291908e-05)	
