predictors	pearson_correlation	mean_squared_error	r2	
rois + act_t1 + conn_t1 + age + T1	-0.2159575955095735	0.07018174894082412	-0.17822764046969564	('lSMA_to_lIFG_T1', 0.013826047660450433)	('L_PTL_T1', -0.010178812554313592)	('lPTL_to_lIFG_T1', 0.007410143920143252)	('lDLPFC_to_lIFG_T1', -0.007406416630450369)	('L_PTL', -0.006520140695088168)	('lDLPFC_to_lPTL_T1', -0.005968910027406277)	('L_SMA', -0.0057644905339368484)	('R_DLPFC_T1', 0.005753398071845431)	('R_IFGorb_T1', -0.005708501497513107)	('L_IFGorb', 0.0051712460044047535)	('L_DLPFC', 0.004746461122055643)	('L_DLPFC_T1', -0.003924263997831126)	('Age', -0.0035078744198612736)	('L_IFGorb_T1', -0.0033201076526740004)	('rDLPFC_to_lPTL_T1', 0.0032334237788422824)	('rDLPFC_to_lIFG_T1', 0.0030894603547872218)	('lSMA_to_lPTL_T1', -0.001789629353015423)	('lIFG_to_lPTL_T1', -0.0014772565686592622)	('rIFG_to_lIFG_T1', 0.0012633847726612722)	('L_SMA_T1', 0.0010111008729039256)	('T1', 0.0008111702002729)	
