predictors	pearson_correlation	mean_squared_error	r2	
rois + act_t1 + conn_t1 + age + T1	-0.017053940747584786	0.061017078927260195	-0.02436901356557697	('lIFG_to_lPTL_T1', -0.023267362969254315)	('R_IFGorb_T1', -0.014996333008561683)	('rIFG_to_lIFG_T1', -0.013924875030838177)	('lPTL_to_lIFG_T1', -0.01162874613618503)	('lDLPFC_to_lPTL_T1', -0.010653436420919307)	('L_SMA_T1', -0.008891990647150856)	('L_PTL', -0.00881678380621398)	('T1', 0.0074968570007011535)	('lDLPFC_to_lIFG_T1', -0.007146517812318951)	('L_SMA', 0.006348853123596705)	('L_DLPFC', 0.0051987618443826294)	('lSMA_to_lIFG_T1', -0.004328330770910089)	('L_IFGorb', -0.004102776830350795)	('L_IFGorb_T1', -0.0029333522488850785)	('lSMA_to_lPTL_T1', -0.002474668289736983)	('rDLPFC_to_lPTL_T1', 0.0021544247440923514)	('Age', 0.0021361025113152)	('L_DLPFC_T1', -0.0016982573295049538)	('rDLPFC_to_lIFG_T1', -0.001661297787346771)	('L_PTL_T1', -0.0015686499181081907)	('R_DLPFC_T1', 0.0012910776221842968)	
