predictors	pearson_correlation	mean_squared_error	r2	
rois + act_t1 + conn_t1 + age + T1	0.06336569576744816	0.06096694596005508	-0.023527369569078083	('lIFG_to_lPTL_T1', -0.01512583761909487)	('Age', -0.012060052780198203)	('lDLPFC_to_lPTL_T1', -0.011295353449198443)	('lPTL_to_lIFG_T1', 0.009626811221990998)	('L_PTL', -0.008917063126098643)	('lDLPFC_to_lIFG_T1', 0.006863325510349253)	('L_IFGorb', -0.005079758193286591)	('T1', -0.004265458949634696)	('L_DLPFC_T1', -0.004247644640317675)	('lSMA_to_lPTL_T1', -0.004218480871592648)	('rIFG_to_lIFG_T1', 0.0036481975763343727)	('L_DLPFC', -0.0030125532410516637)	('lSMA_to_lIFG_T1', -0.0028773236929750027)	('R_IFGorb_T1', -0.002873124383516668)	('rDLPFC_to_lIFG_T1', -0.0027564990029535132)	('R_DLPFC_T1', -0.002033281377689935)	('L_SMA_T1', -0.001813668037726012)	('rDLPFC_to_lPTL_T1', 0.001687024167593426)	('L_PTL_T1', -0.001394724017178169)	('L_SMA', -0.0007495258289339354)	('L_IFGorb_T1', -0.0003457120418041395)	
