predictors	pearson_correlation	mean_squared_error	r2	
rois + act_t1 + conn_t1 + age + T1	0.14592354337387814	0.058362681811703676	0.02019362697176219	('rDLPFC_to_lIFG_T1', -0.01606193848148926)	('lDLPFC_to_lIFG_T1', -0.01186777358731991)	('L_DLPFC_T1', -0.011793858851063274)	('lDLPFC_to_lPTL_T1', -0.008833022390018475)	('L_SMA_T1', -0.008300921427585007)	('T1', -0.007959791052089084)	('lPTL_to_lIFG_T1', -0.007203045946171751)	('R_IFGorb_T1', 0.006225099283897562)	('L_DLPFC', 0.005806969023637145)	('L_PTL_T1', -0.005698951481754699)	('L_IFGorb_T1', -0.005270498080566219)	('rIFG_to_lIFG_T1', 0.005264364054162814)	('L_IFGorb', -0.005183794081421369)	('Age', 0.004108731504978178)	('lSMA_to_lIFG_T1', 0.003914727999227799)	('L_PTL', -0.0036157426350676846)	('R_DLPFC_T1', 0.002844198625660879)	('lSMA_to_lPTL_T1', -0.002061043747413786)	('rDLPFC_to_lPTL_T1', -0.00107074063022886)	('L_SMA', -0.0010661016137630452)	('lIFG_to_lPTL_T1', -0.000348276879283149)	
