predictors	pearson_correlation	mean_squared_error	r2	
rois + act_t1 + conn_t1 + age + T1	-0.058511948941322826	0.06317785869753417	-0.06064469048624188	('lDLPFC_to_lPTL_T1', -0.012526941345138196)	('lIFG_to_lPTL_T1', -0.006200407507998293)	('rDLPFC_to_lPTL_T1', -0.005343031904406614)	('R_IFGorb_T1', -0.004867614884167469)	('L_IFGorb', 0.004663584742310112)	('L_IFGorb_T1', 0.0037716713215351734)	('lDLPFC_to_lIFG_T1', -0.0035442717902700277)	('Age', -0.0033233105341318684)	('L_SMA_T1', -0.003214394493371516)	('lPTL_to_lIFG_T1', 0.0029789039800699846)	('L_SMA', 0.0025723492409330745)	('lSMA_to_lPTL_T1', -0.002507900458230381)	('lSMA_to_lIFG_T1', -0.0022017373271395997)	('T1', -0.0021292545885043582)	('rIFG_to_lIFG_T1', 0.0017528536524724116)	('L_DLPFC_T1', 0.0012255912340855637)	('L_PTL_T1', 0.0011393047395686104)	('L_PTL', -0.0008750610266758461)	('L_DLPFC', -0.0008211634617774905)	('R_DLPFC_T1', -0.00041741009089038143)	('rDLPFC_to_lIFG_T1', 0.00014527811814867364)	
