predictors	pearson_correlation	mean_squared_error	r2	
rois + act_t1 + conn_t1 + age + T1	-0.3058049284419176	0.07463522053955704	-0.25299356484268665	('Age', 0.016533279909300935)	('rDLPFC_to_lIFG_T1', -0.015991750328781088)	('lDLPFC_to_lPTL_T1', -0.013703763200749277)	('rIFG_to_lIFG_T1', -0.013063865123421012)	('rDLPFC_to_lPTL_T1', -0.010862253015736166)	('L_PTL_T1', 0.008310053046303759)	('lSMA_to_lIFG_T1', 0.006335465905367326)	('L_IFGorb', 0.005357300287879121)	('L_SMA_T1', 0.005030778476011797)	('T1', -0.00475202253346236)	('L_IFGorb_T1', -0.004708591005484625)	('lPTL_to_lIFG_T1', 0.004390060838046123)	('L_DLPFC', -0.003995048888017842)	('L_DLPFC_T1', -0.0035749737585662627)	('L_SMA', 0.0029243445291010986)	('R_IFGorb_T1', 0.002881068889017047)	('lSMA_to_lPTL_T1', -0.0026942319020796376)	('lIFG_to_lPTL_T1', -0.0009763563204389125)	('lDLPFC_to_lIFG_T1', -0.000758104813434438)	('L_PTL', 0.0005053100938149447)	('R_DLPFC_T1', 0.00035243222772864396)	
