predictors	pearson_correlation	mean_squared_error	r2	
rois + act_t1 + conn_t1 + age + T1	0.11414183316005758	0.060807920509606504	-0.020857613057101654	('L_IFGorb_T1', -0.012729515061833792)	('R_IFGorb_T1', -0.01062132380934697)	('R_DLPFC_T1', -0.01032155843067224)	('Age', -0.00813048432800004)	('lPTL_to_lIFG_T1', -0.00800661989948629)	('lSMA_to_lIFG_T1', 0.006660788030436716)	('L_SMA', 0.006343670842686331)	('L_DLPFC', -0.005859547982608426)	('lDLPFC_to_lIFG_T1', -0.005533669073719438)	('L_DLPFC_T1', 0.005345838902366138)	('lDLPFC_to_lPTL_T1', 0.005060231436186317)	('lSMA_to_lPTL_T1', -0.0045623390467382325)	('T1', -0.002855188906131228)	('L_PTL', 0.0015770047797947352)	('L_IFGorb', -0.0015409042971046257)	('rIFG_to_lIFG_T1', -0.0013383185353137996)	('L_PTL_T1', 0.0013073084308580635)	('L_SMA_T1', 0.0011635446718128723)	('rDLPFC_to_lIFG_T1', -0.0008828052811261928)	('lIFG_to_lPTL_T1', -0.0005828077124748138)	('rDLPFC_to_lPTL_T1', -1.2205557041709734e-06)	
