predictors	pearson_correlation	mean_squared_error	r2	
rois + act_t1 + conn_t1 + age + T1	0.12263055827103442	0.05893371383543265	0.010607007599849338	('L_DLPFC', -0.013309080276887876)	('L_SMA', 0.011469959882247706)	('L_IFGorb_T1', -0.009947448388415388)	('rDLPFC_to_lIFG_T1', 0.00646176527173348)	('lDLPFC_to_lIFG_T1', -0.005764292125479681)	('L_PTL', 0.005698738475114452)	('L_PTL_T1', 0.005661187479445678)	('Age', -0.005379785399699432)	('L_SMA_T1', 0.00534130251288849)	('rIFG_to_lIFG_T1', -0.004738036536630323)	('L_IFGorb', -0.004722660472694474)	('lSMA_to_lIFG_T1', -0.004503070160709035)	('lDLPFC_to_lPTL_T1', -0.003906482255602992)	('L_DLPFC_T1', -0.003904305770618417)	('T1', 0.003320869550839738)	('R_IFGorb_T1', 0.002476698803022528)	('lPTL_to_lIFG_T1', -0.0023507378315763953)	('rDLPFC_to_lPTL_T1', 0.0018003784023266892)	('lSMA_to_lPTL_T1', 0.0017972760222806652)	('lIFG_to_lPTL_T1', 0.0010909985830604367)	('R_DLPFC_T1', -0.0009010240485416046)	
