predictors	pearson_correlation	mean_squared_error	r2	
rois + act_t1 + conn_t1 + age + T1	-0.05055850703360711	0.06546356426229344	-0.09901765090712722	('L_SMA', -0.01645263680911708)	('L_DLPFC', 0.01271414828604475)	('lSMA_to_lIFG_T1', -0.010567032457745075)	('R_DLPFC_T1', 0.00906018554509539)	('rDLPFC_to_lIFG_T1', 0.008938962448103072)	('T1', -0.008583472376859814)	('R_IFGorb_T1', -0.007407041246251875)	('L_DLPFC_T1', 0.006695327594173218)	('lDLPFC_to_lPTL_T1', 0.006023813193413138)	('lPTL_to_lIFG_T1', -0.005773625156213255)	('lDLPFC_to_lIFG_T1', 0.005417159902490401)	('L_PTL_T1', -0.005330698861876006)	('rIFG_to_lIFG_T1', -0.004598041309331683)	('lSMA_to_lPTL_T1', -0.004553919514664464)	('Age', 0.003111861135358636)	('L_IFGorb', -0.0031109934100960242)	('L_SMA_T1', -0.0025044437224981692)	('rDLPFC_to_lPTL_T1', -0.0021898818348771634)	('L_PTL', -0.0016195434006104463)	('lIFG_to_lPTL_T1', 0.000553098992237597)	('L_IFGorb_T1', -0.0002576052464614192)	
