predictors	pearson_correlation	mean_squared_error	r2	
rois + act_t1 + conn_t1 + age + T1	-0.2609185676575705	0.06846876053822568	-0.14946958991944093	('L_PTL', -0.009012280067980247)	('L_DLPFC', -0.007285337479113892)	('R_DLPFC_T1', -0.006327830646811479)	('Age', 0.006127224651583205)	('lIFG_to_lPTL_T1', -0.006081745097842949)	('rDLPFC_to_lPTL_T1', 0.005319088926968678)	('L_SMA_T1', 0.0047669443280391145)	('L_PTL_T1', 0.004578906146937701)	('rDLPFC_to_lIFG_T1', 0.004105550240987245)	('rIFG_to_lIFG_T1', 0.0033381319859175133)	('lPTL_to_lIFG_T1', -0.0028106035757068898)	('lDLPFC_to_lIFG_T1', -0.0021903431844007026)	('L_SMA', 0.0019071254135595193)	('L_IFGorb', -0.0013877719402654316)	('L_DLPFC_T1', 0.0011874731482769746)	('T1', -0.000912982755691096)	('L_IFGorb_T1', 0.0008057692390317739)	('lSMA_to_lPTL_T1', 0.0005286255412971616)	('lSMA_to_lIFG_T1', 0.0002741459174484238)	('R_IFGorb_T1', -0.00026221010681260235)	('lDLPFC_to_lPTL_T1', 0.00011338664694633395)	
