predictors	pearson_correlation	mean_squared_error	r2	
rois + act_t1 + conn_t1 + age + T1	-0.036249572324237644	0.06421282495177602	-0.07801994639115417	('R_DLPFC_T1', -0.013103108574632072)	('L_PTL', -0.01190224377245967)	('L_SMA', 0.011028573043192633)	('R_IFGorb_T1', -0.010863701835476232)	('L_DLPFC', -0.010247426915953803)	('rDLPFC_to_lIFG_T1', -0.008255638045621997)	('lPTL_to_lIFG_T1', -0.007380750573118364)	('L_PTL_T1', 0.007278174766188725)	('L_IFGorb_T1', -0.005184028719505199)	('lSMA_to_lIFG_T1', 0.004674668434111948)	('L_SMA_T1', 0.004580878073092004)	('T1', -0.004375850203114327)	('lDLPFC_to_lPTL_T1', -0.0042082004076968976)	('rDLPFC_to_lPTL_T1', -0.0036051575287984667)	('L_DLPFC_T1', 0.003117724567843326)	('rIFG_to_lIFG_T1', 0.0026509788231372042)	('lIFG_to_lPTL_T1', -0.0026333926267028554)	('L_IFGorb', -0.0012145357529328004)	('lDLPFC_to_lIFG_T1', 0.0008526955402192388)	('Age', -0.0007608366160661512)	('lSMA_to_lPTL_T1', 0.0)	
