predictors	pearson_correlation	mean_squared_error	r2	
rois + act_t1 + conn_t1 + age + T1	0.050487705305835365	0.06206765037139966	-0.042006253053822995	('L_PTL', -0.01346260172601286)	('L_SMA', -0.012668478736605406)	('R_IFGorb_T1', 0.012302383306000515)	('lDLPFC_to_lPTL_T1', -0.011209313370050782)	('L_SMA_T1', 0.011075293663085581)	('lPTL_to_lIFG_T1', 0.009665605296652634)	('lSMA_to_lIFG_T1', -0.008153413531253725)	('L_IFGorb', -0.007981966598651509)	('lSMA_to_lPTL_T1', -0.006933960466722223)	('lIFG_to_lPTL_T1', -0.005878187264521455)	('L_IFGorb_T1', -0.004132759651010912)	('L_DLPFC', -0.003764215665484486)	('R_DLPFC_T1', -0.0032997387732436683)	('rDLPFC_to_lPTL_T1', -0.0031477050066513854)	('L_PTL_T1', -0.0028189923652260232)	('Age', 0.0027477593862994774)	('L_DLPFC_T1', 0.0024875180559047944)	('lDLPFC_to_lIFG_T1', 0.002306572665850199)	('rIFG_to_lIFG_T1', -0.0018013471454715446)	('rDLPFC_to_lIFG_T1', 0.0015553026774516533)	('T1', -0.0003013757149409996)	
