predictors	pearson_correlation	mean_squared_error	r2	
rois + act_t1 + conn_t1 + age + T1	0.26934701552663665	0.055589196551896564	0.0667555471697806	('R_DLPFC_T1', 0.017291434599280606)	('rIFG_to_lIFG_T1', -0.012425424710886156)	('Age', 0.011645743389409425)	('lIFG_to_lPTL_T1', -0.011523652061852163)	('lDLPFC_to_lIFG_T1', -0.009226511843875287)	('L_PTL', -0.005698508434085469)	('L_IFGorb', 0.005102706911181317)	('L_DLPFC', -0.005086345948589518)	('L_DLPFC_T1', -0.004897916554488637)	('lSMA_to_lPTL_T1', 0.004525407996446014)	('R_IFGorb_T1', -0.004467285434734726)	('T1', 0.003983652535068829)	('lDLPFC_to_lPTL_T1', -0.0034756665291530717)	('rDLPFC_to_lPTL_T1', 0.0031907602563911643)	('L_SMA_T1', -0.0028318395936714523)	('L_IFGorb_T1', -0.0024119795538539686)	('lSMA_to_lIFG_T1', -0.00201873204309663)	('lPTL_to_lIFG_T1', -0.0017490375655322972)	('L_PTL_T1', -0.0012747573757727327)	('rDLPFC_to_lIFG_T1', 0.0009323261757584896)	('L_SMA', -0.0004790809188503838)	
