predictors	pearson_correlation	mean_squared_error	r2	
rois + act_t1 + conn_t1 + age + T1	-0.20320084728098697	0.06502134841667176	-0.091593627706958	('T1', -0.013106194817982432)	('R_IFGorb_T1', -0.011056481837899743)	('Age', -0.008812216560147456)	('lDLPFC_to_lPTL_T1', -0.0079614671244159)	('L_PTL', -0.007642540028932959)	('rDLPFC_to_lIFG_T1', -0.007577776849506444)	('rDLPFC_to_lPTL_T1', -0.006954604970727119)	('rIFG_to_lIFG_T1', 0.005369836680635148)	('lDLPFC_to_lIFG_T1', -0.0037897570420221877)	('L_SMA_T1', 0.0036448023807856616)	('L_SMA', 0.0032043611673195156)	('lSMA_to_lPTL_T1', -0.0026047387445348263)	('L_PTL_T1', 0.00219581741047598)	('lSMA_to_lIFG_T1', 0.0010957979692691345)	('lPTL_to_lIFG_T1', -0.0010108171258959716)	('L_DLPFC', -0.0009936644676223404)	('L_IFGorb', -0.0009826478792453349)	('L_IFGorb_T1', -0.0006917276824254952)	('lIFG_to_lPTL_T1', -0.0005056801913319951)	('L_DLPFC_T1', 0.00047475859278037165)	('R_DLPFC_T1', 0.0002696823828655932)	
