predictors	pearson_correlation	mean_squared_error	r2	
rois + act_t1 + conn_t1 + age + T1	0.10179211571186281	0.06208462098137868	-0.04229115962931718	('lDLPFC_to_lIFG_T1', -0.012502879947513167)	('Age', -0.011644276735745987)	('lPTL_to_lIFG_T1', -0.010691136466218693)	('L_SMA', -0.010679057649491366)	('T1', -0.010344311677282388)	('lDLPFC_to_lPTL_T1', -0.010148748474436775)	('lSMA_to_lIFG_T1', -0.009084085684969233)	('L_PTL', 0.00901959433093407)	('R_IFGorb_T1', 0.009009452215129372)	('L_IFGorb_T1', 0.008960247689255407)	('lIFG_to_lPTL_T1', 0.008464877417922624)	('rDLPFC_to_lPTL_T1', -0.007902108435670506)	('R_DLPFC_T1', -0.005374114030526701)	('L_SMA_T1', 0.005033676562006884)	('L_DLPFC', 0.0043371285811629745)	('lSMA_to_lPTL_T1', -0.004002369101012523)	('rDLPFC_to_lIFG_T1', 0.0033533504242244465)	('L_PTL_T1', 0.0016423319058674038)	('L_IFGorb', -0.0014085463795032382)	('L_DLPFC_T1', -0.0006400178058032244)	('rIFG_to_lIFG_T1', 0.00042741412183187785)	
