predictors	pearson_correlation	mean_squared_error	r2	
rois + act_t1 + conn_t1 + age + T1	-0.08771854993529082	0.0663033306782291	-0.11311584620328397	('R_IFGorb_T1', -0.016134051230943018)	('rIFG_to_lIFG_T1', -0.008475568470442526)	('L_DLPFC_T1', -0.008325200339084871)	('lDLPFC_to_lPTL_T1', 0.00815399218419613)	('lPTL_to_lIFG_T1', -0.007794546350545012)	('L_IFGorb_T1', -0.006573212452966509)	('L_SMA', 0.005984230819042331)	('R_DLPFC_T1', -0.00560402148764051)	('L_PTL', -0.005497638028575396)	('lSMA_to_lPTL_T1', 0.0046095510407651264)	('L_IFGorb', -0.004180892120938566)	('L_DLPFC', -0.003651868184267495)	('Age', 0.0035019307904329035)	('T1', -0.003476166308587956)	('rDLPFC_to_lIFG_T1', -0.002962401763775994)	('lDLPFC_to_lIFG_T1', -0.002567021221411448)	('L_SMA_T1', -0.0023569833511011633)	('lSMA_to_lIFG_T1', 0.0009492379878125003)	('rDLPFC_to_lPTL_T1', -0.0008314973807903056)	('L_PTL_T1', -0.0007650126283387941)	('lIFG_to_lPTL_T1', 0.0006979260984322713)	
