predictors	pearson_correlation	mean_squared_error	r2	
rois + act_t1 + conn_t1 + age + T1	-0.1446449486733504	0.061856995017298994	-0.03846972162563622	('lDLPFC_to_lIFG_T1', 0.008879398721568493)	('L_DLPFC', -0.00817593218097024)	('rDLPFC_to_lPTL_T1', -0.007888202696443258)	('R_IFGorb_T1', -0.0069605430682522585)	('rDLPFC_to_lIFG_T1', -0.006638069779674008)	('L_IFGorb_T1', -0.0065717043315808125)	('L_SMA_T1', 0.006044429525784482)	('lSMA_to_lIFG_T1', 0.005801087800109726)	('L_IFGorb', -0.005620205865583309)	('L_PTL_T1', -0.005459636787840802)	('R_DLPFC_T1', -0.005327884491899384)	('L_DLPFC_T1', -0.005210882970984338)	('L_PTL', -0.005113288141285093)	('lSMA_to_lPTL_T1', 0.004517151719411635)	('lIFG_to_lPTL_T1', 0.003606895016815621)	('lPTL_to_lIFG_T1', -0.003465720427960057)	('Age', 0.003298066202776559)	('lDLPFC_to_lPTL_T1', 0.001928838783315457)	('L_SMA', -0.0016853391862711436)	('T1', -0.0010888803893045911)	('rIFG_to_lIFG_T1', 0.0010840406906399377)	
