predictors	pearson_correlation	mean_squared_error	r2	
rois + act_t1 + conn_t1 + age + T1	-0.32494977633065364	0.07088807057848083	-0.19008553357023183	('lSMA_to_lIFG_T1', -0.018577313721939645)	('lDLPFC_to_lPTL_T1', -0.010223670967845128)	('lDLPFC_to_lIFG_T1', -0.010067902537323346)	('lIFG_to_lPTL_T1', 0.00961593286139951)	('L_IFGorb', -0.009433588244499344)	('rDLPFC_to_lIFG_T1', 0.009341373966031472)	('T1', -0.008090822935639091)	('lPTL_to_lIFG_T1', 0.007720727643814712)	('L_PTL_T1', -0.007350352675190394)	('L_DLPFC_T1', 0.006131651519687844)	('R_IFGorb_T1', -0.0057504912767214)	('Age', -0.005609674135476481)	('rDLPFC_to_lPTL_T1', -0.00466942568983765)	('rIFG_to_lIFG_T1', -0.0041929575778389796)	('L_PTL', -0.003221214009099745)	('R_DLPFC_T1', -0.0024725031907685954)	('L_DLPFC', -0.002413699794191184)	('L_SMA', -0.0022637910402335624)	('lSMA_to_lPTL_T1', -0.0012394875540189991)	('L_IFGorb_T1', -0.001032644546230003)	('L_SMA_T1', 0.00011603784820631927)	
