predictors	pearson_correlation	mean_squared_error	r2	
rois + act_t1 + conn_t1 + age + T1	0.010875406458453097	0.07201184617202247	-0.20895174146585482	('rDLPFC_to_lPTL_T1', -0.007875089454176016)	('lSMA_to_lPTL_T1', -0.007514366542270496)	('L_DLPFC', -0.007489521078638302)	('lIFG_to_lPTL_T1', 0.006520302808773417)	('L_DLPFC_T1', 0.005359444336138961)	('lDLPFC_to_lIFG_T1', -0.005283644572601741)	('rIFG_to_lIFG_T1', -0.004846685089511553)	('L_IFGorb_T1', 0.004724631600021697)	('L_IFGorb', -0.00472337261265756)	('R_IFGorb_T1', -0.004348794189665685)	('L_SMA_T1', -0.004176792660367325)	('lSMA_to_lIFG_T1', 0.0030840147626921663)	('lPTL_to_lIFG_T1', 0.0030537432993221533)	('T1', 0.0023468271981591507)	('lDLPFC_to_lPTL_T1', -0.0020854326444414034)	('rDLPFC_to_lIFG_T1', -0.0017489839750872427)	('L_SMA', -0.0016871055551454202)	('R_DLPFC_T1', -0.0010980211129306948)	('L_PTL_T1', -0.0007296702629292431)	('L_PTL', 0.0004639749090624105)	('Age', -0.00027725719399882237)	
