predictors	pearson_correlation	mean_squared_error	r2	
rois + act_t1 + conn_t1 + age + T1	-0.026824123013178103	0.06362607447075341	-0.06816944187633167	('rDLPFC_to_lIFG_T1', -0.01607358843974486)	('L_DLPFC', 0.013360548254711991)	('L_IFGorb', -0.008853628125632717)	('lDLPFC_to_lIFG_T1', -0.007333372651080112)	('lPTL_to_lIFG_T1', -0.006832837652364992)	('L_PTL_T1', -0.006782345289271605)	('rDLPFC_to_lPTL_T1', 0.006634530843631485)	('lSMA_to_lIFG_T1', 0.005798732280452991)	('L_PTL', -0.005776565540962674)	('R_DLPFC_T1', -0.00570724948936952)	('L_SMA_T1', -0.0054566619038496815)	('lIFG_to_lPTL_T1', -0.005398092087542002)	('R_IFGorb_T1', 0.0030145500165857596)	('L_DLPFC_T1', -0.0024654496090862296)	('lDLPFC_to_lPTL_T1', -0.0024379540083064957)	('rIFG_to_lIFG_T1', 0.002284011606310997)	('L_IFGorb_T1', -0.0019896791445431447)	('L_SMA', -0.001976657235855617)	('lSMA_to_lPTL_T1', 0.0017787313878613222)	('T1', 0.000960426332766046)	('Age', -0.00031859834274914126)	
