predictors	pearson_correlation	mean_squared_error	r2	
rois + act_t1 + conn_t1 + age + T1	0.014445095234874692	0.06325755594832781	-0.06198266660071128	('L_SMA', 0.016540294753414113)	('L_PTL_T1', -0.014151945592235251)	('R_DLPFC_T1', -0.013949271296559346)	('lSMA_to_lIFG_T1', 0.00733935757282521)	('lIFG_to_lPTL_T1', -0.007194251601358142)	('rDLPFC_to_lPTL_T1', -0.006537761798061843)	('lDLPFC_to_lPTL_T1', -0.00648853893951956)	('L_DLPFC', 0.005773539787637095)	('L_SMA_T1', 0.005718509920017075)	('L_IFGorb_T1', 0.005104108501189043)	('Age', -0.0049102543837348045)	('lSMA_to_lPTL_T1', -0.0038107104557282075)	('rDLPFC_to_lIFG_T1', -0.0032599347772415094)	('R_IFGorb_T1', 0.0031054988987665793)	('lDLPFC_to_lIFG_T1', -0.0029912789781415313)	('lPTL_to_lIFG_T1', -0.002803343599881269)	('L_DLPFC_T1', 0.0023013994804608234)	('L_IFGorb', -0.0018882867713238417)	('T1', -0.0010701934712734128)	('L_PTL', 0.000359967393113621)	('rIFG_to_lIFG_T1', 0.00011899469832495589)	
