predictors	pearson_correlation	mean_squared_error	r2	
rois + act_t1 + conn_t1 + age + T1	0.18669053255157758	0.05766413548493934	0.03192098633176199	('L_DLPFC_T1', -0.00843653230878336)	('L_IFGorb', -0.006775959419124658)	('T1', -0.006071795956773895)	('L_PTL_T1', 0.005844097878979507)	('lDLPFC_to_lIFG_T1', 0.005310392036885887)	('Age', -0.00458215449403499)	('rIFG_to_lIFG_T1', -0.004111674282973568)	('rDLPFC_to_lPTL_T1', -0.003646881734803285)	('lDLPFC_to_lPTL_T1', -0.003529146933782388)	('L_DLPFC', 0.003015977847663891)	('L_PTL', 0.002946911117858376)	('rDLPFC_to_lIFG_T1', -0.0028473729792450396)	('L_SMA_T1', -0.0026232060860999916)	('lSMA_to_lPTL_T1', -0.0020527556946925794)	('L_SMA', 0.0013121318322627347)	('lPTL_to_lIFG_T1', -0.0008961291277100961)	('R_IFGorb_T1', 0.0005457414380504326)	('lIFG_to_lPTL_T1', 0.00037075083802203825)	('lSMA_to_lIFG_T1', -0.0003265873736976028)	('R_DLPFC_T1', -0.0003124016343785965)	('L_IFGorb_T1', 0.00010833439825411625)	
