predictors	pearson_correlation	mean_squared_error	r2	
rois + act_t1 + conn_t1 + age + T1	0.1413270034361543	0.05844558741312102	0.01880178831550361	('T1', -0.012206221675771133)	('lIFG_to_lPTL_T1', 0.011565283435362063)	('R_DLPFC_T1', -0.010693603962826446)	('rDLPFC_to_lPTL_T1', -0.010651759112611656)	('lDLPFC_to_lIFG_T1', -0.010104867974514726)	('R_IFGorb_T1', -0.008874825107548927)	('rIFG_to_lIFG_T1', -0.008399274128248676)	('L_PTL', -0.008224942292876763)	('L_IFGorb', -0.00719152188256826)	('rDLPFC_to_lIFG_T1', 0.006414482858204604)	('L_PTL_T1', -0.006223892965605359)	('L_IFGorb_T1', -0.004926510482865456)	('lPTL_to_lIFG_T1', 0.0038646986373708186)	('lDLPFC_to_lPTL_T1', 0.003564079643144465)	('L_SMA', -0.0029225880020160434)	('lSMA_to_lIFG_T1', 0.0026858071679598974)	('L_SMA_T1', 0.002073006943609615)	('Age', -0.0019798604526761695)	('lSMA_to_lPTL_T1', -0.0016767835288993094)	('L_DLPFC_T1', 0.0016075282845471285)	('L_DLPFC', 0.001137354011460515)	
