predictors	pearson_correlation	mean_squared_error	r2	
rois + act_t1 + conn_t1 + age + T1	0.01950747314450711	0.06306406476214692	-0.05873429124406648	('R_DLPFC_T1', -0.010905494235829191)	('lSMA_to_lIFG_T1', -0.009902472264981659)	('rDLPFC_to_lPTL_T1', -0.009703835137362865)	('Age', 0.00818736462056985)	('lDLPFC_to_lPTL_T1', -0.007363192324106287)	('L_DLPFC_T1', -0.007345092638570343)	('L_SMA', 0.005764418659202247)	('L_PTL', 0.005235856692854742)	('lSMA_to_lPTL_T1', -0.004682403237166733)	('lIFG_to_lPTL_T1', 0.004051082157585865)	('L_IFGorb', -0.00346303715473408)	('T1', 0.003405916590240972)	('L_PTL_T1', -0.0030969315397028846)	('R_IFGorb_T1', -0.002978783983246142)	('L_SMA_T1', -0.0029712332290474366)	('rIFG_to_lIFG_T1', -0.0022588209763424946)	('lPTL_to_lIFG_T1', 0.001869573739731567)	('rDLPFC_to_lIFG_T1', -0.0011790774438631998)	('L_DLPFC', 0.0005840075959157793)	('lDLPFC_to_lIFG_T1', -0.0001668207957306935)	('L_IFGorb_T1', 9.945915070508408e-05)	
