predictors	pearson_correlation	mean_squared_error	r2	
rois + act_t1 + conn_t1 + age + T1	-0.1762267429573002	0.0691612060644277	-0.1610945276105593	('L_DLPFC', -0.0124779765027778)	('L_IFGorb_T1', 0.006739312125604701)	('L_SMA', -0.006021941631907571)	('lPTL_to_lIFG_T1', -0.005657041497913117)	('R_DLPFC_T1', -0.004786544523388542)	('rDLPFC_to_lPTL_T1', 0.004409698843799108)	('L_DLPFC_T1', -0.0038540400419712468)	('T1', -0.0035291994846543056)	('R_IFGorb_T1', -0.003500227647578248)	('lSMA_to_lPTL_T1', -0.0034124039172857517)	('L_PTL', -0.0033945010915929458)	('lDLPFC_to_lIFG_T1', -0.003065825904970777)	('lIFG_to_lPTL_T1', -0.0028450902021048383)	('Age', 0.0021531135203954597)	('L_IFGorb', 0.0021180528191283754)	('L_SMA_T1', -0.0015579103925349453)	('rDLPFC_to_lIFG_T1', -0.0014847020842561562)	('lDLPFC_to_lPTL_T1', -0.0005449537735267939)	('rIFG_to_lIFG_T1', 0.0003733260914148136)	('lSMA_to_lIFG_T1', 0.0002723431607644666)	('L_PTL_T1', -4.155645997542514e-05)	
