predictors	pearson_correlation	mean_squared_error	r2	
rois + act_t1 + conn_t1 + age + T1	-0.0006125664944869021	0.061849610600652194	-0.0383457503092568	('L_PTL', -0.011820795465471259)	('rIFG_to_lIFG_T1', -0.009538958202035205)	('lSMA_to_lPTL_T1', 0.008958727385731221)	('T1', -0.008689911011650463)	('lDLPFC_to_lPTL_T1', -0.008164279702599933)	('rDLPFC_to_lIFG_T1', 0.006921875585890747)	('Age', -0.005400053364719232)	('L_PTL_T1', -0.005379935238163421)	('L_DLPFC_T1', 0.003931171993848459)	('lSMA_to_lIFG_T1', -0.0036962993737283787)	('L_SMA_T1', -0.003540335340529441)	('L_IFGorb', -0.003121005047111296)	('lDLPFC_to_lIFG_T1', -0.0030179318545284772)	('L_IFGorb_T1', 0.0017322191381589757)	('rDLPFC_to_lPTL_T1', 0.0015051300782339162)	('L_SMA', -0.0012194993700366439)	('R_IFGorb_T1', -0.001165104362026335)	('lPTL_to_lIFG_T1', -0.001070313541397245)	('lIFG_to_lPTL_T1', -0.000905299802866585)	('L_DLPFC', -0.00025794865166225506)	('R_DLPFC_T1', -0.00024509013018868915)	
