predictors	pearson_correlation	mean_squared_error	r2	
rois + act_t1 + conn_t1 + age + T1	-0.028015219204519597	0.06146962919616242	-0.031966533484497406	('R_IFGorb_T1', -0.006420889433508676)	('L_DLPFC', -0.005607493804718863)	('L_IFGorb', 0.005431890532557184)	('rDLPFC_to_lPTL_T1', 0.004127169823266554)	('L_SMA', -0.0039203475353344714)	('Age', -0.003818564556736426)	('L_SMA_T1', 0.003787193904902327)	('rIFG_to_lIFG_T1', -0.003294739777468118)	('T1', -0.002926811105143576)	('L_PTL', -0.0029193294295388698)	('R_DLPFC_T1', 0.002912923752090509)	('lIFG_to_lPTL_T1', -0.0028318358790031476)	('lSMA_to_lIFG_T1', -0.0025312940557766185)	('rDLPFC_to_lIFG_T1', 0.0022958786486830134)	('lDLPFC_to_lIFG_T1', 0.0016054739334752438)	('lDLPFC_to_lPTL_T1', 0.001028770052128557)	('L_IFGorb_T1', 0.0008555469987810339)	('lPTL_to_lIFG_T1', -0.0008262219728032063)	('lSMA_to_lPTL_T1', -0.0004775404186244513)	('L_DLPFC_T1', -0.00037401529313918426)	('L_PTL_T1', -0.0002886420902037251)	
