predictors	pearson_correlation	mean_squared_error	r2	
rois + act_t1 + conn_t1 + age + T1	0.2860570632492052	0.054765405530975565	0.08058554379238225	('L_IFGorb', -0.013506017445712854)	('rDLPFC_to_lIFG_T1', -0.013484639868446276)	('lSMA_to_lIFG_T1', -0.009911635694644034)	('rDLPFC_to_lPTL_T1', -0.008280081655390637)	('rIFG_to_lIFG_T1', -0.00785321009556293)	('T1', 0.006700480021956296)	('L_SMA_T1', -0.006642746170792466)	('L_PTL', 0.006567409512670807)	('lIFG_to_lPTL_T1', 0.00632282037533529)	('lDLPFC_to_lIFG_T1', -0.006082985126147144)	('lSMA_to_lPTL_T1', -0.005487187476541183)	('L_PTL_T1', -0.00526077500565152)	('lDLPFC_to_lPTL_T1', -0.005029289406288783)	('L_DLPFC', -0.0038106956128390454)	('lPTL_to_lIFG_T1', -0.0035377691263954805)	('R_DLPFC_T1', 0.002598622611662087)	('L_SMA', 0.002304941372253005)	('L_DLPFC_T1', 0.001983217385925834)	('R_IFGorb_T1', 0.0017689262815088547)	('Age', 0.0012581795118608006)	('L_IFGorb_T1', 0.0005097080219452232)	
