predictors	pearson_correlation	mean_squared_error	r2	
rois + act_t1 + conn_t1 + age + T1	0.06637460666658256	0.05972214453380381	-0.002629351645044853	('lIFG_to_lPTL_T1', -0.010346489842366568)	('L_DLPFC', -0.006846375515605475)	('T1', -0.0045376823801061865)	('lDLPFC_to_lIFG_T1', -0.004349912261601864)	('L_DLPFC_T1', -0.003899162902726615)	('L_PTL', 0.0036742669188134488)	('L_IFGorb', -0.003547901751858843)	('lSMA_to_lPTL_T1', -0.00282409408428636)	('lSMA_to_lIFG_T1', -0.0027588453904705676)	('lDLPFC_to_lPTL_T1', -0.0023014532244819597)	('Age', -0.002129054223615441)	('lPTL_to_lIFG_T1', -0.0020227879193290177)	('rIFG_to_lIFG_T1', -0.0018167525930414892)	('R_IFGorb_T1', 0.0017253769315560467)	('L_SMA_T1', 0.0014666672070817648)	('L_SMA', 0.001339559462192971)	('rDLPFC_to_lPTL_T1', -0.0011137169845662214)	('R_DLPFC_T1', -0.001069384613302236)	('L_PTL_T1', 0.00037714789396293865)	('L_IFGorb_T1', 0.00023407079335764736)	('rDLPFC_to_lIFG_T1', -0.00015599639396961527)	
