predictors	pearson_correlation	mean_squared_error	r2	
rois + act_t1 + conn_t1 + age + T1	-0.005177785906356203	0.061164530927900064	-0.02684447229121978	('lDLPFC_to_lIFG_T1', -0.012608274000445334)	('L_DLPFC', -0.01050276939473842)	('rDLPFC_to_lPTL_T1', -0.008941719459278666)	('Age', -0.008407493674227513)	('L_SMA', 0.004957091199800511)	('rDLPFC_to_lIFG_T1', 0.00485924877848853)	('lSMA_to_lIFG_T1', 0.0046655466646984825)	('lPTL_to_lIFG_T1', -0.004210312537662502)	('L_DLPFC_T1', -0.0041740940333791976)	('L_IFGorb_T1', 0.002662667977877995)	('lDLPFC_to_lPTL_T1', -0.001987734625446064)	('lIFG_to_lPTL_T1', -0.001858552275127133)	('R_DLPFC_T1', 0.0017830416058196093)	('L_SMA_T1', -0.0012613875745525864)	('rIFG_to_lIFG_T1', -0.0012509811734646046)	('R_IFGorb_T1', -0.0007885139777247499)	('T1', 0.0006928364846644051)	('L_PTL_T1', 0.0005816491968932906)	('L_PTL', 0.00023084112301623478)	('lSMA_to_lPTL_T1', -9.040599280591239e-05)	('L_IFGorb', 4.765613038549585e-05)	
