predictors	pearson_correlation	mean_squared_error	r2	
rois + act_t1 + conn_t1 + age + T1	0.2617055645039894	0.055782849905667856	0.06350444930564259	('lSMA_to_lPTL_T1', -0.012609768367505304)	('R_DLPFC_T1', -0.010252426850841698)	('L_DLPFC', -0.008947911814966056)	('lIFG_to_lPTL_T1', -0.007629842289899862)	('rIFG_to_lIFG_T1', -0.007025302803409406)	('rDLPFC_to_lPTL_T1', 0.004818340574250282)	('L_IFGorb', 0.004687346586018167)	('L_PTL_T1', -0.004177380771572054)	('Age', -0.0034252997097264084)	('rDLPFC_to_lIFG_T1', 0.0031093936967420883)	('L_PTL', 0.0025957379073750114)	('L_DLPFC_T1', 0.002316769805134766)	('lSMA_to_lIFG_T1', 0.0021154125569380323)	('L_SMA_T1', -0.002009495004642519)	('lDLPFC_to_lIFG_T1', -0.0018796010038799624)	('lPTL_to_lIFG_T1', 0.0014474328299695894)	('R_IFGorb_T1', -0.001317424496924478)	('L_SMA', -0.001239609482092511)	('T1', 0.0009413945084677223)	('lDLPFC_to_lPTL_T1', 0.000788777713133093)	('L_IFGorb_T1', -0.0006669813656670722)	
