predictors	pearson_correlation	mean_squared_error	r2	
rois + act_t1 + conn_t1 + age + T1	-0.10416619435889132	0.06361653562599347	-0.06800930151613938	('lDLPFC_to_lIFG_T1', -0.01670120131450326)	('L_DLPFC', -0.009445660401288879)	('lDLPFC_to_lPTL_T1', -0.006294166096159083)	('L_PTL', 0.0059861973498691)	('rDLPFC_to_lPTL_T1', -0.005308953379605149)	('Age', -0.005237954371906185)	('L_IFGorb_T1', 0.005207940448378437)	('lSMA_to_lIFG_T1', 0.0040275747744886545)	('L_SMA', -0.004010581141926991)	('T1', -0.004006834045971196)	('R_DLPFC_T1', 0.0034076697595012504)	('L_IFGorb', -0.003347560336557794)	('rDLPFC_to_lIFG_T1', -0.0024300156526499005)	('R_IFGorb_T1', -0.0019014356954973979)	('rIFG_to_lIFG_T1', 0.0018939107272990807)	('L_DLPFC_T1', 0.0013031049483856413)	('L_SMA_T1', 0.0011291002421914072)	('lIFG_to_lPTL_T1', 0.0009832162012741728)	('lPTL_to_lIFG_T1', 0.000656071376757788)	('lSMA_to_lPTL_T1', -0.0006135223748544863)	('L_PTL_T1', 0.00043078122253675967)	
