predictors	pearson_correlation	mean_squared_error	r2	
rois + act_t1 + conn_t1 + age + T1	0.19999334792575546	0.05731151380825463	0.03784088163743471	('L_SMA_T1', -0.011379797712223179)	('R_IFGorb_T1', -0.00896846903490262)	('L_DLPFC_T1', -0.008715692323273187)	('L_PTL', 0.007814150491991561)	('Age', 0.007441053099868501)	('lSMA_to_lPTL_T1', -0.007395161996083007)	('rIFG_to_lIFG_T1', 0.006099388135481684)	('L_PTL_T1', -0.005263233755746054)	('L_DLPFC', 0.004585205005012902)	('L_SMA', -0.004076197270979501)	('R_DLPFC_T1', -0.004004522343876656)	('lDLPFC_to_lPTL_T1', 0.0034248867142485043)	('lDLPFC_to_lIFG_T1', -0.0030639676334193694)	('L_IFGorb', -0.0029747778881197276)	('lSMA_to_lIFG_T1', -0.00288946094180235)	('rDLPFC_to_lIFG_T1', 0.0022222968166375223)	('lIFG_to_lPTL_T1', -0.0020564509971473977)	('rDLPFC_to_lPTL_T1', 0.001930890120829185)	('T1', 0.000977213533034149)	('L_IFGorb_T1', -0.0008070204005455648)	('lPTL_to_lIFG_T1', 0.00016406285369590095)	
