predictors	pearson_correlation	mean_squared_error	r2	
rois + act_t1 + conn_t1 + age + T1	-0.05036185979891683	0.0618059519201635	-0.037612798154678995	('lDLPFC_to_lPTL_T1', -0.018294129860851348)	('T1', -0.010978504351035884)	('L_IFGorb', 0.010006136642207234)	('lSMA_to_lIFG_T1', 0.009934447158449461)	('L_DLPFC', -0.009214920339373506)	('rDLPFC_to_lPTL_T1', -0.009074103696613742)	('L_PTL', -0.007181585217003432)	('rIFG_to_lIFG_T1', -0.006709405379407445)	('L_PTL_T1', 0.006033224702218742)	('L_SMA', -0.005456196720273518)	('Age', 0.004508923903067722)	('rDLPFC_to_lIFG_T1', -0.003636199260344605)	('L_IFGorb_T1', -0.0033471680081238802)	('R_DLPFC_T1', 0.0025358197485266013)	('lDLPFC_to_lIFG_T1', -0.0019095526576482637)	('lIFG_to_lPTL_T1', 0.001672599818725814)	('L_DLPFC_T1', 0.0013659176283665703)	('lPTL_to_lIFG_T1', -0.0012005301311520092)	('R_IFGorb_T1', 0.001194450576558623)	('L_SMA_T1', 0.0011517070410774508)	('lSMA_to_lPTL_T1', 0.0001551150458019166)	
