predictors	pearson_correlation	mean_squared_error	r2	
rois + act_t1 + conn_t1 + age + T1	-0.2544711424717178	0.06470257865403424	-0.086242046263723	('R_IFGorb_T1', -0.009288103704116006)	('L_SMA_T1', 0.008283578791261795)	('L_PTL_T1', -0.007329887823769795)	('L_DLPFC_T1', -0.006830486131700247)	('lSMA_to_lPTL_T1', 0.006651074954694829)	('lDLPFC_to_lIFG_T1', 0.0052357155264385075)	('lIFG_to_lPTL_T1', -0.004904455290731118)	('T1', -0.004794539262438457)	('L_IFGorb_T1', 0.003558397786487509)	('L_SMA', -0.0032916929212367025)	('rIFG_to_lIFG_T1', -0.002493110825900326)	('L_PTL', -0.0023947075983652005)	('Age', -0.0022333284965063865)	('lSMA_to_lIFG_T1', 0.00199989397023083)	('rDLPFC_to_lIFG_T1', -0.0011206796081543078)	('R_DLPFC_T1', 0.0009840959409302642)	('lDLPFC_to_lPTL_T1', -0.0008809966086671461)	('L_IFGorb', -0.0005840769363620744)	('lPTL_to_lIFG_T1', 0.00023532432844410066)	('L_DLPFC', 0.0001206869588019871)	('rDLPFC_to_lPTL_T1', -7.009397591860548e-05)	
