predictors	pearson_correlation	mean_squared_error	r2	
rois + act_t1 + conn_t1 + age + T1	-0.014013704489465569	0.06129145166361485	-0.028975247332092557	('L_PTL_T1', -0.021372606974235854)	('L_SMA_T1', -0.011835620234767976)	('rDLPFC_to_lIFG_T1', 0.008887834495710152)	('lDLPFC_to_lPTL_T1', -0.008497308828943355)	('R_DLPFC_T1', -0.008443253695499586)	('L_IFGorb_T1', -0.006442517215472611)	('lIFG_to_lPTL_T1', -0.005884574319312923)	('lDLPFC_to_lIFG_T1', 0.005321893704376517)	('T1', 0.0036841661176355684)	('L_SMA', -0.003446812491587647)	('lPTL_to_lIFG_T1', -0.003259792226126898)	('L_PTL', -0.0031552208723080394)	('L_IFGorb', -0.002628611988215444)	('Age', 0.002527297222430727)	('L_DLPFC_T1', -0.002102329096992182)	('lSMA_to_lPTL_T1', -0.0017723210164069404)	('lSMA_to_lIFG_T1', -0.0017382562641746454)	('L_DLPFC', 0.0015443225302013547)	('R_IFGorb_T1', 0.0010182664551566835)	('rDLPFC_to_lPTL_T1', 0.0006262697105288352)	('rIFG_to_lIFG_T1', -0.0004690410704172987)	
