predictors	pearson_correlation	mean_squared_error	r2	
rois + act_t1 + conn_t1 + age + T1	-0.2181592787409436	0.06267340998598633	-0.05217588735558554	('lSMA_to_lPTL_T1', -0.012546755487289282)	('L_DLPFC_T1', -0.009331211570608643)	('Age', -0.0076108565330725905)	('rIFG_to_lIFG_T1', 0.00633553337611782)	('rDLPFC_to_lPTL_T1', -0.006096485536208148)	('R_DLPFC_T1', 0.006095920044303916)	('lIFG_to_lPTL_T1', -0.005613737660332437)	('L_DLPFC', -0.005296804646329454)	('T1', -0.005029182882942399)	('lPTL_to_lIFG_T1', 0.004153164431019481)	('L_SMA_T1', 0.004060691424939407)	('R_IFGorb_T1', 0.004032143295762115)	('L_PTL_T1', -0.0034603588600130588)	('lDLPFC_to_lIFG_T1', -0.002176795923688603)	('lSMA_to_lIFG_T1', -0.002125536866046442)	('L_IFGorb', -0.001513134830500618)	('rDLPFC_to_lIFG_T1', 0.0011535964654554739)	('lDLPFC_to_lPTL_T1', 0.0010353674981488819)	('L_SMA', 0.0009988214709864725)	('L_PTL', 0.0005367977944664028)	('L_IFGorb_T1', 0.0001541540994154927)	
