predictors	pearson_correlation	mean_squared_error	r2	
rois + act_t1 + conn_t1 + age + T1	0.0805528747653753	0.059246823143698155	0.00535045519050692	('rDLPFC_to_lPTL_T1', 0.01675061628791424)	('L_PTL', -0.012736448439510576)	('T1', -0.011549580864079624)	('L_IFGorb', -0.008800860360169645)	('lPTL_to_lIFG_T1', -0.006385297887645292)	('rIFG_to_lIFG_T1', 0.00628474376885437)	('lDLPFC_to_lPTL_T1', 0.006175207795175393)	('L_SMA_T1', -0.005123790739091233)	('L_SMA', 0.004726242291623462)	('lSMA_to_lIFG_T1', -0.004339635414866446)	('lSMA_to_lPTL_T1', 0.004087268862678216)	('rDLPFC_to_lIFG_T1', -0.0037807190140798906)	('lDLPFC_to_lIFG_T1', 0.003717946180978947)	('R_IFGorb_T1', -0.0036804752516380918)	('lIFG_to_lPTL_T1', -0.003597232778097292)	('L_DLPFC', -0.0029629255948267754)	('Age', 0.002232278238070419)	('L_IFGorb_T1', 0.0012091999749345033)	('L_DLPFC_T1', 0.0010027464945000211)	('L_PTL_T1', -0.0009223112718841849)	('R_DLPFC_T1', 0.0002211674298365593)	
