predictors	pearson_correlation	mean_squared_error	r2	
rois + act_t1 + conn_t1 + age + T1	-0.06138871552142449	0.0650132392500856	-0.09145748911883245	('L_SMA', -0.011720930958169831)	('L_DLPFC_T1', 0.011636110255552045)	('rDLPFC_to_lIFG_T1', 0.011485956676413046)	('L_IFGorb_T1', -0.010937136559212314)	('lSMA_to_lIFG_T1', 0.009336109625701194)	('L_IFGorb', -0.008468012341752618)	('rIFG_to_lIFG_T1', 0.007972356933137326)	('rDLPFC_to_lPTL_T1', -0.007410592624089171)	('L_DLPFC', -0.007010833776764591)	('R_DLPFC_T1', 0.006768781527465423)	('lSMA_to_lPTL_T1', -0.0057903066191878115)	('T1', 0.005671167206599133)	('lDLPFC_to_lIFG_T1', -0.004959855394965008)	('lDLPFC_to_lPTL_T1', -0.004319632767864131)	('lIFG_to_lPTL_T1', 0.004187084099332546)	('R_IFGorb_T1', -0.003987539166973347)	('L_SMA_T1', 0.0033253666906357914)	('Age', -0.001910917758186017)	('L_PTL_T1', -0.0015021622415486878)	('L_PTL', -0.0012898989770641087)	('lPTL_to_lIFG_T1', -0.0010366467059958447)	
