predictors	pearson_correlation	mean_squared_error	r2	
rois + act_t1 + conn_t1 + age + T1	-0.15382179397762213	0.0752972490271001	-0.2641078541639641	('T1', -0.016254105530692547)	('R_IFGorb_T1', -0.016144153084631598)	('L_DLPFC', -0.016098469144187322)	('L_DLPFC_T1', 0.012870441797750392)	('L_IFGorb_T1', -0.011278313579993737)	('lIFG_to_lPTL_T1', -0.011075129183756376)	('lDLPFC_to_lPTL_T1', -0.008616826705123024)	('lDLPFC_to_lIFG_T1', 0.008000342788536017)	('rIFG_to_lIFG_T1', -0.00633673973611763)	('L_PTL', 0.0046633409978887016)	('lSMA_to_lPTL_T1', 0.004262438637752625)	('Age', 0.003780574079640691)	('L_SMA', -0.003251842171104818)	('L_IFGorb', -0.0031467340971257254)	('lSMA_to_lIFG_T1', -0.002848963372658731)	('lPTL_to_lIFG_T1', 0.0023118844427724447)	('L_PTL_T1', 0.0019239994256882635)	('R_DLPFC_T1', -0.0017658068285324037)	('L_SMA_T1', -0.0012595165996559551)	('rDLPFC_to_lPTL_T1', -0.0010608272511901777)	('rDLPFC_to_lIFG_T1', -0.00017773187578600164)	
