predictors	pearson_correlation	mean_squared_error	r2	
rois + act_t1 + conn_t1 + age + T1	-0.1894670652751806	0.06292397424398104	-0.05638241881053796	('Age', -0.012877522180313144)	('L_IFGorb', -0.012067048791064815)	('lSMA_to_lPTL_T1', 0.01126960308634199)	('rDLPFC_to_lPTL_T1', -0.006823075038049001)	('L_DLPFC_T1', -0.006230862187733927)	('lPTL_to_lIFG_T1', -0.006204393654432138)	('R_IFGorb_T1', 0.00576519797543471)	('L_PTL', -0.005747873527100722)	('rIFG_to_lIFG_T1', 0.0050132658297102105)	('lSMA_to_lIFG_T1', -0.004781663740759635)	('lIFG_to_lPTL_T1', -0.0038884786094004592)	('L_PTL_T1', 0.0036771026277632748)	('rDLPFC_to_lIFG_T1', -0.003366846396395324)	('lDLPFC_to_lPTL_T1', 0.0026217449966659833)	('L_IFGorb_T1', 0.00210099664069654)	('lDLPFC_to_lIFG_T1', -0.002024990611366206)	('T1', 0.0019726254527747053)	('L_SMA', -0.0018359085732311553)	('L_DLPFC', -0.0018308550624386698)	('L_SMA_T1', -0.0016145517843703082)	('R_DLPFC_T1', -0.0009622704393505755)	
