predictors	pearson_correlation	mean_squared_error	r2	
rois + act_t1 + conn_t1 + age + T1	-0.03932901174539108	0.06211514405445374	-0.04280358812977281	('lSMA_to_lPTL_T1', -0.012781771060779022)	('L_DLPFC_T1', -0.008467884912623406)	('L_IFGorb_T1', -0.007855195609316471)	('lSMA_to_lIFG_T1', -0.0071803334352512245)	('rDLPFC_to_lIFG_T1', -0.0066008289187252656)	('R_DLPFC_T1', -0.005596359528376576)	('lDLPFC_to_lIFG_T1', -0.005300065748635163)	('L_SMA_T1', -0.004524779333032502)	('L_DLPFC', -0.003726092301248394)	('lDLPFC_to_lPTL_T1', -0.003584951552580302)	('Age', 0.0033070204430195173)	('R_IFGorb_T1', -0.0030050460740033125)	('lIFG_to_lPTL_T1', -0.002351666372308529)	('L_PTL', 0.002330565388582659)	('L_PTL_T1', -0.0016852147580747353)	('rDLPFC_to_lPTL_T1', 0.0012837507776409748)	('L_SMA', 0.0010092898985867927)	('L_IFGorb', -0.0009054156125118964)	('rIFG_to_lIFG_T1', 0.000827794444179124)	('lPTL_to_lIFG_T1', -0.0007020955926393947)	('T1', 0.0005064807107234052)	
