predictors	pearson_correlation	mean_squared_error	r2	
rois + act_t1 + conn_t1 + age + T1	-0.005275115179467196	0.0694300401894677	-0.1656077778729701	('Age', 0.01893493249301072)	('T1', -0.010889603565933952)	('L_DLPFC', -0.010668212126321007)	('lSMA_to_lPTL_T1', -0.010578130367449463)	('lDLPFC_to_lIFG_T1', -0.010069216063826748)	('lDLPFC_to_lPTL_T1', -0.008964807661100048)	('R_DLPFC_T1', -0.007830868026808303)	('rIFG_to_lIFG_T1', -0.007800229609077464)	('lIFG_to_lPTL_T1', 0.006980499745598747)	('L_PTL', -0.005926366785075793)	('R_IFGorb_T1', -0.005924722436628924)	('L_SMA_T1', 0.004575765653473825)	('lPTL_to_lIFG_T1', 0.004069763878637556)	('rDLPFC_to_lIFG_T1', 0.00363564936146668)	('L_IFGorb_T1', -0.003603716082752115)	('L_PTL_T1', -0.0032840787297695523)	('L_DLPFC_T1', 0.0030575549167215594)	('lSMA_to_lIFG_T1', 0.001948699057154838)	('L_IFGorb', 0.0017275449685282178)	('L_SMA', 0.0008310668217350955)	('rDLPFC_to_lPTL_T1', -0.0004421140835834341)	
