predictors	pearson_correlation	mean_squared_error	r2	
rois + act_t1 + conn_t1 + age + T1	-0.17298847754536056	0.06149360546809624	-0.03236905275388291	('lSMA_to_lIFG_T1', 0.010089510295002742)	('lDLPFC_to_lIFG_T1', -0.00908010612098996)	('lDLPFC_to_lPTL_T1', -0.00695748877280258)	('R_IFGorb_T1', -0.006916256026774717)	('rIFG_to_lIFG_T1', 0.006093408841359264)	('Age', -0.0060026700008835605)	('L_SMA', 0.005875832101911902)	('T1', -0.004410496936059288)	('R_DLPFC_T1', 0.0043528729890340975)	('lPTL_to_lIFG_T1', -0.004000405743064058)	('lIFG_to_lPTL_T1', 0.00353209557939124)	('L_IFGorb_T1', 0.0033290643791322426)	('L_PTL', -0.0032402909543764397)	('L_IFGorb', -0.003043784227847504)	('L_DLPFC', -0.0015711802729743206)	('L_PTL_T1', 0.0012049526698817412)	('rDLPFC_to_lPTL_T1', -0.001147430148648853)	('L_SMA_T1', -0.0005782137911352875)	('lSMA_to_lPTL_T1', -0.00046741376215756755)	('rDLPFC_to_lIFG_T1', 0.00022620202323083354)	('L_DLPFC_T1', 0.0001046853219934966)	
