predictors	pearson_correlation	mean_squared_error	r2	
rois + act_t1 + conn_t1 + age + T1	0.011525730969161496	0.06031190715321987	-0.012530424644774607	('lIFG_to_lPTL_T1', -0.009401190821801776)	('L_DLPFC_T1', -0.00915916839652806)	('lSMA_to_lPTL_T1', -0.008390564142112252)	('R_IFGorb_T1', 0.0082026464289998)	('L_SMA', -0.008197481070475687)	('L_PTL', -0.007232228257666816)	('lSMA_to_lIFG_T1', -0.007048633081457488)	('L_SMA_T1', -0.006934349058805108)	('lPTL_to_lIFG_T1', -0.0066114095689597755)	('lDLPFC_to_lIFG_T1', 0.006444455155314846)	('rIFG_to_lIFG_T1', -0.006284825876600796)	('L_PTL_T1', 0.005705548183926593)	('T1', -0.005159934857491147)	('L_DLPFC', 0.004970284681629998)	('L_IFGorb_T1', 0.0043023537700634315)	('L_IFGorb', -0.0034084874350599195)	('R_DLPFC_T1', -0.0028445434251821427)	('Age', -0.002842120027858706)	('rDLPFC_to_lPTL_T1', -0.002143999534463565)	('rDLPFC_to_lIFG_T1', 0.0009243708907510944)	('lDLPFC_to_lPTL_T1', 0.000259394037880462)	
