predictors	pearson_correlation	mean_squared_error	r2	
rois + act_t1 + conn_t1 + age + T1	0.11753002462681995	0.05885782455099357	0.011881054683187009	('L_SMA_T1', 0.007806144443960023)	('L_SMA', -0.006813691085165521)	('L_IFGorb', -0.0062151667576321595)	('R_IFGorb_T1', 0.005549492360412207)	('rIFG_to_lIFG_T1', 0.005238473430148187)	('lSMA_to_lPTL_T1', -0.005087389236017602)	('L_DLPFC', -0.004763261865399661)	('T1', -0.004404557397536095)	('lSMA_to_lIFG_T1', 0.004118039633884929)	('lDLPFC_to_lPTL_T1', -0.0040102175963070315)	('Age', -0.00360143889630034)	('L_PTL_T1', 0.003113051049817598)	('R_DLPFC_T1', 0.0019022952611998636)	('L_IFGorb_T1', -0.0016895740713934666)	('rDLPFC_to_lIFG_T1', -0.0014589542315022344)	('lPTL_to_lIFG_T1', 0.0013748392250960452)	('lIFG_to_lPTL_T1', -0.0010282157022051494)	('L_DLPFC_T1', -0.0010056054982329758)	('L_PTL', -0.0006839916839421113)	('rDLPFC_to_lPTL_T1', -0.0006075760391267515)	('lDLPFC_to_lIFG_T1', -0.00023096358277210007)	
