predictors	pearson_correlation	mean_squared_error	r2	
rois + act_t1 + conn_t1 + age + T1	0.006938000419037365	0.06431733350150837	-0.07977446040396208	('L_DLPFC_T1', 0.028954447808362267)	('L_DLPFC', -0.020581422852824535)	('T1', -0.016437378063683995)	('lIFG_to_lPTL_T1', -0.013502081161549388)	('rDLPFC_to_lPTL_T1', -0.011995682814316039)	('lPTL_to_lIFG_T1', -0.01121558279109165)	('Age', -0.00995309081971454)	('L_IFGorb', -0.009546651244726144)	('rDLPFC_to_lIFG_T1', -0.00924898763437189)	('lDLPFC_to_lPTL_T1', -0.007538428514105799)	('L_PTL', 0.005069792607814425)	('L_PTL_T1', 0.004832486572091002)	('lSMA_to_lPTL_T1', -0.0046075549637617326)	('L_IFGorb_T1', 0.004330138471656362)	('lDLPFC_to_lIFG_T1', -0.0027487225337380376)	('R_DLPFC_T1', -0.0027363894265320975)	('rIFG_to_lIFG_T1', -0.002518009287748053)	('L_SMA_T1', 0.002284959730127976)	('R_IFGorb_T1', -0.001833152620312597)	('L_SMA', 0.0004945620262887016)	('lSMA_to_lIFG_T1', -0.0003349765128680528)	
