predictors	pearson_correlation	mean_squared_error	r2	
rois + act_t1 + conn_t1 + age + T1	0.33251559680187776	0.05485052372292179	0.07915655964805135	('rDLPFC_to_lPTL_T1', -0.011881192690302723)	('R_IFGorb_T1', -0.008382886681440343)	('lSMA_to_lPTL_T1', 0.008157569643299)	('R_DLPFC_T1', -0.007483688306304409)	('rIFG_to_lIFG_T1', -0.006368924026093119)	('L_DLPFC_T1', 0.005142795012287004)	('T1', -0.005110749847665683)	('lSMA_to_lIFG_T1', 0.004822144216897286)	('lPTL_to_lIFG_T1', -0.004611513742519075)	('lDLPFC_to_lIFG_T1', 0.003944793568438843)	('Age', -0.0035852351196993077)	('L_IFGorb', 0.003239663286219549)	('L_DLPFC', -0.0025904089279773163)	('rDLPFC_to_lIFG_T1', -0.0023164134435352235)	('L_IFGorb_T1', -0.0011413785937678716)	('L_SMA_T1', 0.0009745743578443921)	('lIFG_to_lPTL_T1', 0.0007609416128713195)	('lDLPFC_to_lPTL_T1', -0.0006527532649048387)	('L_PTL_T1', -0.0005342146669180042)	('L_PTL', 0.0002837795139401215)	('L_SMA', 0.00023919516939749263)	
