predictors	pearson_correlation	mean_squared_error	r2	
rois + act_t1 + conn_t1 + age + T1	0.0713059841723859	0.061016199466746	-0.024354248976461434	('T1', -0.012419488917623938)	('rDLPFC_to_lIFG_T1', -0.010482772985548394)	('R_IFGorb_T1', -0.009733067315020785)	('Age', 0.009565916817375862)	('L_SMA', 0.007161111553168203)	('L_PTL_T1', -0.006898874465646453)	('lDLPFC_to_lPTL_T1', 0.0061469208327216895)	('L_DLPFC_T1', -0.004235778468272076)	('lDLPFC_to_lIFG_T1', -0.003993774336896321)	('L_IFGorb_T1', -0.0038489591297380687)	('rIFG_to_lIFG_T1', -0.003747144194873678)	('lPTL_to_lIFG_T1', 0.003656694685217182)	('lIFG_to_lPTL_T1', -0.003449461793355405)	('R_DLPFC_T1', 0.0033491964767546336)	('L_PTL', -0.002995563564570057)	('lSMA_to_lPTL_T1', -0.0017255272642301344)	('L_IFGorb', -0.0017072904321785696)	('lSMA_to_lIFG_T1', -0.0017011260621050757)	('rDLPFC_to_lPTL_T1', -0.0016182668185990216)	('L_SMA_T1', -0.0015928537902421844)	('L_DLPFC', 0.0012319531592548756)	
