predictors	pearson_correlation	mean_squared_error	r2	
rois + act_t1 + conn_t1 + age + T1	0.0011664879622576025	0.0637595101445747	-0.07040959122418444	('L_IFGorb', -0.014189841353699682)	('lSMA_to_lPTL_T1', 0.011034677944113403)	('lIFG_to_lPTL_T1', 0.010245917776464648)	('L_PTL', -0.009847311900661418)	('lDLPFC_to_lPTL_T1', -0.009744598353616787)	('L_SMA', -0.009654116966985227)	('lPTL_to_lIFG_T1', -0.008270092051831143)	('L_DLPFC', -0.007460944226628569)	('R_DLPFC_T1', -0.0072457930655860925)	('rDLPFC_to_lIFG_T1', -0.006749103058474918)	('L_DLPFC_T1', -0.006731165264400268)	('R_IFGorb_T1', 0.004632769711435981)	('Age', -0.004537246493073131)	('L_PTL_T1', 0.0031186821687289954)	('T1', -0.002909464566104244)	('rIFG_to_lIFG_T1', -0.0010956735192715458)	('lDLPFC_to_lIFG_T1', -0.0008735730114569966)	('L_SMA_T1', -0.0005154881390595294)	('L_IFGorb_T1', 0.00047559430137473927)	('lSMA_to_lIFG_T1', 0.00015774147959197373)	('rDLPFC_to_lPTL_T1', 7.704985422490297e-05)	
