predictors	pearson_correlation	mean_squared_error	r2	
rois + act_t1 + conn_t1 + age + T1	-0.3019183410358117	0.06639014339412523	-0.11457327841260811	('lIFG_to_lPTL_T1', -0.012776161150266812)	('L_PTL_T1', -0.012640948864860268)	('lDLPFC_to_lPTL_T1', -0.009346885587221708)	('lDLPFC_to_lIFG_T1', 0.008626478101241385)	('rDLPFC_to_lPTL_T1', -0.008604570947167711)	('L_SMA', -0.008428567847202025)	('R_DLPFC_T1', 0.006643027351643158)	('lPTL_to_lIFG_T1', -0.005931205006764808)	('lSMA_to_lPTL_T1', -0.0052508406621126925)	('L_IFGorb_T1', -0.004660937879765819)	('lSMA_to_lIFG_T1', -0.004457430281147471)	('L_SMA_T1', 0.0035572538012406904)	('rIFG_to_lIFG_T1', 0.0035128657810749656)	('rDLPFC_to_lIFG_T1', 0.0034452334818869507)	('L_IFGorb', -0.0030261878994693337)	('L_DLPFC', 0.0028875040341109328)	('Age', 0.0024771887650556065)	('T1', -0.00192015378812753)	('L_DLPFC_T1', 0.0014248031446336476)	('R_IFGorb_T1', 0.0010719459419816424)	('L_PTL', 0.0010190791044087824)	
