predictors	pearson_correlation	mean_squared_error	r2	
rois + act_t1 + conn_t1 + age + T1	-0.04970765606490912	0.06099673343473999	-0.024027448671454676	('lSMA_to_lPTL_T1', 0.01544215926804313)	('Age', -0.011678885869901604)	('lIFG_to_lPTL_T1', -0.009219572739165313)	('L_IFGorb_T1', -0.007258756690082455)	('L_SMA_T1', -0.006550500753426424)	('lSMA_to_lIFG_T1', -0.006429853798298908)	('L_DLPFC_T1', -0.004382908036770484)	('lDLPFC_to_lIFG_T1', -0.004215418709771517)	('L_DLPFC', -0.004103399119191422)	('L_PTL', -0.003481113675283839)	('L_IFGorb', 0.003150045798211376)	('T1', -0.002105611474637752)	('lPTL_to_lIFG_T1', 0.0020622131485572254)	('rDLPFC_to_lIFG_T1', -0.002003633713385307)	('rIFG_to_lIFG_T1', 0.0019998164921930877)	('L_PTL_T1', -0.0018413152065845137)	('L_SMA', -0.0016784538108774727)	('R_DLPFC_T1', 0.0013107920800625563)	('rDLPFC_to_lPTL_T1', -0.0013101456620680514)	('lDLPFC_to_lPTL_T1', 0.0012568402081350022)	('R_IFGorb_T1', 0.00037361786784980604)	
