predictors	pearson_correlation	mean_squared_error	r2	
rois + act_t1 + conn_t1 + age + T1	-0.17467043526485637	0.07392454257882375	-0.24106253676992329	('lIFG_to_lPTL_T1', -0.026232694091695676)	('L_IFGorb_T1', -0.02092385425698052)	('L_PTL_T1', -0.01606413299673837)	('R_DLPFC_T1', -0.014197429074190028)	('L_PTL', -0.01381092424450866)	('T1', -0.010572245672393668)	('L_DLPFC', 0.00914678908410076)	('R_IFGorb_T1', -0.008576872403016154)	('lDLPFC_to_lPTL_T1', 0.00658579551800374)	('rDLPFC_to_lPTL_T1', 0.00638081495062117)	('L_DLPFC_T1', -0.006179748920352562)	('Age', 0.006162877638421105)	('lPTL_to_lIFG_T1', -0.005631623752907658)	('lDLPFC_to_lIFG_T1', 0.005544357704180926)	('L_SMA_T1', -0.0055022753075964085)	('L_IFGorb', 0.005339086633383127)	('lSMA_to_lPTL_T1', -0.0039949814115082)	('rIFG_to_lIFG_T1', 0.00303696267401599)	('L_SMA', 0.0010775759604325782)	('lSMA_to_lIFG_T1', 0.00046403157623937187)	('rDLPFC_to_lIFG_T1', 0.00010717679611584719)	
