predictors	pearson_correlation	mean_squared_error	r2	
rois + act_t1 + conn_t1 + age + T1	0.02259803971531761	0.0600703344768627	-0.008474845968525768	('L_DLPFC', 0.009531712540780245)	('L_PTL_T1', -0.008415191600257433)	('Age', -0.006920386875833013)	('lPTL_to_lIFG_T1', -0.006106303846318797)	('lIFG_to_lPTL_T1', -0.0059880347211394135)	('rDLPFC_to_lPTL_T1', -0.005686902782206559)	('L_PTL', -0.005189962097258757)	('L_SMA_T1', 0.004717570162474933)	('rDLPFC_to_lIFG_T1', 0.004572910272408816)	('rIFG_to_lIFG_T1', -0.003810789316961828)	('L_IFGorb', -0.003772410955638327)	('L_IFGorb_T1', 0.0036605569378772643)	('lDLPFC_to_lIFG_T1', -0.002843903394206806)	('lSMA_to_lIFG_T1', -0.0026696435943015357)	('lSMA_to_lPTL_T1', -0.002422661176585686)	('T1', 0.0022642775112574134)	('L_SMA', -0.0017854090524505927)	('R_DLPFC_T1', 0.0012096494034318863)	('L_DLPFC_T1', -0.0010367353328609623)	('R_IFGorb_T1', 0.0009239016836044878)	('lDLPFC_to_lPTL_T1', -0.0007630772603292476)	
