predictors	pearson_correlation	mean_squared_error	r2	
rois + act_t1 + conn_t1 + age + T1	-0.034886700265153	0.060447431186553435	-0.014805633861292966	('lSMA_to_lPTL_T1', 0.01432570803221389)	('lSMA_to_lIFG_T1', 0.007041891152346904)	('L_SMA', 0.0053508978466069845)	('R_DLPFC_T1', -0.0047838630182305865)	('lPTL_to_lIFG_T1', -0.0043305408938352176)	('rDLPFC_to_lPTL_T1', -0.004157517991107529)	('L_PTL_T1', -0.003773465713056702)	('R_IFGorb_T1', -0.00368966052308325)	('L_IFGorb_T1', -0.0036775054740277773)	('T1', 0.003386493491878876)	('L_IFGorb', 0.0027095339739774426)	('lDLPFC_to_lIFG_T1', -0.0024389828527231075)	('rDLPFC_to_lIFG_T1', -0.0022134908037959892)	('lDLPFC_to_lPTL_T1', -0.0018123568545782352)	('L_PTL', -0.0014961449617555648)	('rIFG_to_lIFG_T1', -0.0012154453092091885)	('L_DLPFC_T1', 0.001000313286839865)	('L_DLPFC', -0.0009901806420499716)	('L_SMA_T1', -0.000945824149764847)	('Age', -0.00018914176419825655)	('lIFG_to_lPTL_T1', 9.057201124284572e-05)	
