predictors	pearson_correlation	mean_squared_error	r2	
rois + act_t1 + conn_t1 + age + T1	0.06633707812222796	0.06001235689809474	-0.007501504795601743	('R_DLPFC_T1', -0.008882677751860324)	('L_PTL', -0.008609023099062746)	('rIFG_to_lIFG_T1', 0.008512037833441212)	('L_PTL_T1', -0.008096262294277332)	('L_IFGorb', -0.007791175389777445)	('L_DLPFC_T1', -0.0073298602703184895)	('lIFG_to_lPTL_T1', -0.006166936921515197)	('R_IFGorb_T1', 0.005802372241349862)	('Age', 0.005762252306254193)	('rDLPFC_to_lIFG_T1', -0.005371294185924505)	('L_SMA_T1', -0.004149706122651827)	('lSMA_to_lPTL_T1', -0.0039020888902508303)	('L_DLPFC', 0.0038181795451393734)	('L_SMA', 0.003176612396637566)	('rDLPFC_to_lPTL_T1', -0.002982714168545473)	('lSMA_to_lIFG_T1', 0.0017075866410949418)	('lPTL_to_lIFG_T1', 0.0010741272668072178)	('L_IFGorb_T1', 0.0005127835912661752)	('lDLPFC_to_lIFG_T1', -0.0003951109402974937)	('T1', -7.891959981645082e-05)	('lDLPFC_to_lPTL_T1', 1.3495647814731622e-05)	
