predictors	pearson_correlation	mean_squared_error	r2	
rois + act_t1 + conn_t1 + age + T1	0.254987330660353	0.05570040957212945	0.06488847693576605	('L_IFGorb_T1', -0.012583669580566588)	('rDLPFC_to_lPTL_T1', 0.012580575856534014)	('Age', -0.012402586193650018)	('lDLPFC_to_lPTL_T1', -0.010467605263383984)	('lSMA_to_lIFG_T1', -0.007636245678008987)	('lDLPFC_to_lIFG_T1', -0.007602610249418934)	('T1', -0.006432194638064632)	('lPTL_to_lIFG_T1', 0.006229298447352826)	('rIFG_to_lIFG_T1', 0.005313367412326694)	('L_PTL_T1', 0.005083771929403972)	('R_IFGorb_T1', 0.0045685762983605945)	('L_DLPFC_T1', -0.004415602883202249)	('L_IFGorb', -0.0040428492098941535)	('lSMA_to_lPTL_T1', -0.003910475235952134)	('lIFG_to_lPTL_T1', -0.0037394881232854105)	('R_DLPFC_T1', 0.003468624283751306)	('L_DLPFC', -0.0021905146609092893)	('L_SMA', -0.0011383728280280057)	('L_SMA_T1', 0.0005800887595968962)	('rDLPFC_to_lIFG_T1', -0.00036804297286241596)	('L_PTL', 4.402334923742834e-05)	
