predictors	pearson_correlation	mean_squared_error	r2	
rois + act_t1 + conn_t1 + age + T1	-0.32396836061080303	0.06718744141006519	-0.12795850426191246	('L_IFGorb_T1', -0.012420698736717884)	('L_DLPFC_T1', 0.008586532650284244)	('rDLPFC_to_lIFG_T1', -0.00852778299606872)	('Age', 0.007444852109191419)	('lDLPFC_to_lIFG_T1', -0.006437723683694913)	('R_DLPFC_T1', 0.0055918392055405745)	('T1', -0.0055693260619717865)	('L_SMA_T1', -0.004978550604082094)	('L_DLPFC', -0.004090662599055937)	('L_PTL_T1', -0.003618576049457049)	('lSMA_to_lIFG_T1', -0.0034968526529093025)	('lSMA_to_lPTL_T1', 0.003473863292651253)	('lPTL_to_lIFG_T1', -0.003098532501715651)	('L_PTL', 0.0028103227541051217)	('lIFG_to_lPTL_T1', -0.0026939173811157476)	('lDLPFC_to_lPTL_T1', 0.002399590612851837)	('R_IFGorb_T1', -0.002091852516090522)	('L_IFGorb', -0.0010093674759789086)	('rIFG_to_lIFG_T1', 0.0009193139489889412)	('L_SMA', -0.0005517220910941015)	('rDLPFC_to_lPTL_T1', -0.00012902101737252364)	
