predictors	pearson_correlation	mean_squared_error	r2	
rois + act_t1 + conn_t1 + age + T1	-0.032731572772283835	0.06104555452856211	-0.024847068630308833	('L_DLPFC', -0.013072491123181347)	('lPTL_to_lIFG_T1', -0.008069982349263904)	('R_IFGorb_T1', -0.007173301321507728)	('lDLPFC_to_lPTL_T1', -0.00666812513507494)	('T1', -0.006037957826404798)	('rDLPFC_to_lPTL_T1', 0.0059441763066993974)	('L_SMA_T1', 0.005054266217576573)	('lSMA_to_lPTL_T1', -0.004399622624876605)	('L_IFGorb_T1', 0.004325621736576745)	('rIFG_to_lIFG_T1', -0.003715719468018478)	('R_DLPFC_T1', 0.003303444479043506)	('L_IFGorb', -0.0024973239517134755)	('L_DLPFC_T1', 0.002495767857728173)	('lSMA_to_lIFG_T1', 0.002138160825376308)	('rDLPFC_to_lIFG_T1', -0.001630449286531514)	('lIFG_to_lPTL_T1', 0.0016249301880044294)	('Age', -0.00148545264482608)	('L_PTL_T1', 0.0010412892481987967)	('L_SMA', 0.0004992269040077313)	('L_PTL', 0.0001382944100757992)	('lDLPFC_to_lIFG_T1', -5.105096895069735e-05)	
