predictors	pearson_correlation	mean_squared_error	r2	
rois + act_t1 + conn_t1 + age + T1	0.13363132397085914	0.058533304573790954	0.017329172075461252	('L_PTL', -0.015223433543107661)	('rIFG_to_lIFG_T1', -0.010527409625585888)	('R_DLPFC_T1', -0.01044751913716127)	('R_IFGorb_T1', -0.009205985660066822)	('lDLPFC_to_lIFG_T1', -0.00859630982345129)	('lDLPFC_to_lPTL_T1', -0.006337366760861733)	('L_SMA', 0.005966445792692407)	('L_SMA_T1', -0.005943374441421094)	('lIFG_to_lPTL_T1', -0.004577491019672422)	('T1', -0.0036639863780534056)	('Age', 0.0029357710337698205)	('lSMA_to_lIFG_T1', -0.002809058638949308)	('L_IFGorb', 0.0023676944622086134)	('L_PTL_T1', -0.0023172096410793057)	('rDLPFC_to_lIFG_T1', -0.0022464370752715633)	('L_DLPFC_T1', -0.0017939886932204026)	('rDLPFC_to_lPTL_T1', 0.0012931792056418933)	('L_IFGorb_T1', -0.001288439191730338)	('lSMA_to_lPTL_T1', -0.0009246313572864519)	('lPTL_to_lIFG_T1', 0.0008856906152187002)	('L_DLPFC', 0.00011572381006156136)	
