predictors	pearson_correlation	mean_squared_error	r2	
rois + act_t1 + conn_t1 + age + T1	0.19179738750795672	0.058059866232450165	0.025277365847266253	('lIFG_to_lPTL_T1', -0.00903917818309455)	('Age', 0.006140814042665697)	('lDLPFC_to_lPTL_T1', -0.0056670725016549645)	('L_PTL_T1', 0.0052980753438164685)	('L_SMA', -0.005150097365925161)	('R_DLPFC_T1', -0.0038298384663576573)	('lSMA_to_lIFG_T1', -0.0034708340245911784)	('lDLPFC_to_lIFG_T1', 0.003340851868168364)	('rIFG_to_lIFG_T1', -0.0031349863700937727)	('rDLPFC_to_lIFG_T1', 0.002696892235774599)	('L_IFGorb', -0.002409250484152663)	('R_IFGorb_T1', -0.0013386734163484434)	('L_SMA_T1', -0.001306479259681745)	('L_IFGorb_T1', -0.0011780735138381265)	('T1', -0.0011541491512840523)	('L_PTL', 0.0008210460299156913)	('lSMA_to_lPTL_T1', -0.0007910803132669412)	('L_DLPFC', -0.0004646622047124246)	('rDLPFC_to_lPTL_T1', 0.0002998236969978367)	('lPTL_to_lIFG_T1', 0.00022221735832201383)	('L_DLPFC_T1', 0.00017407220245110855)	
