predictors	pearson_correlation	mean_squared_error	r2	
rois + act_t1 + conn_t1 + age + T1	-0.114604360583959	0.06421382430579545	-0.07803672378051929	('L_PTL', -0.010713251551920499)	('L_IFGorb_T1', 0.008073176745116293)	('L_DLPFC_T1', -0.007146809994956593)	('L_SMA', -0.006983320162586606)	('L_SMA_T1', -0.005874372575530569)	('lDLPFC_to_lIFG_T1', -0.004968482761840384)	('L_IFGorb', -0.0042532375211277555)	('lSMA_to_lIFG_T1', 0.0034877778572583126)	('rIFG_to_lIFG_T1', -0.003339867890785169)	('Age', 0.0029914640237037556)	('rDLPFC_to_lIFG_T1', 0.002899024996904926)	('L_DLPFC', 0.0027037957669506603)	('R_DLPFC_T1', -0.002532591519126293)	('lDLPFC_to_lPTL_T1', 0.002478425591428815)	('lSMA_to_lPTL_T1', -0.0024492641135790334)	('lIFG_to_lPTL_T1', -0.002336548681451524)	('R_IFGorb_T1', -0.001626128889057057)	('T1', 0.0011560958015372975)	('lPTL_to_lIFG_T1', -0.0006060033497242016)	('rDLPFC_to_lPTL_T1', -0.00043927694386920377)	('L_PTL_T1', 0.00013214738921951346)	
