predictors	pearson_correlation	mean_squared_error	r2	
rois + act_t1 + conn_t1 + age + T1	0.07489098412032133	0.05984361172758581	-0.004668571346521766	('lIFG_to_lPTL_T1', -0.013154504744178341)	('rDLPFC_to_lPTL_T1', -0.01069352656833039)	('Age', -0.009697176984695802)	('L_SMA_T1', -0.008063894987129021)	('L_PTL', -0.005499588266953449)	('T1', 0.00514567798690773)	('L_DLPFC', -0.003925578809612674)	('R_IFGorb_T1', -0.0037353480947347265)	('lDLPFC_to_lIFG_T1', 0.003122563708460665)	('L_DLPFC_T1', 0.003095143588025591)	('L_SMA', -0.0026618143066456617)	('L_PTL_T1', -0.0021267688875968266)	('rIFG_to_lIFG_T1', -0.001798363426061089)	('lSMA_to_lPTL_T1', 0.0012178379115107404)	('L_IFGorb', 0.0011783068338584537)	('R_DLPFC_T1', -0.0011642264161334712)	('L_IFGorb_T1', 0.0010798445785967841)	('rDLPFC_to_lIFG_T1', 0.0007862687332607841)	('lSMA_to_lIFG_T1', 0.0007207761182015948)	('lPTL_to_lIFG_T1', -0.0004150928886349533)	('lDLPFC_to_lPTL_T1', -0.00017045112805398288)	
