predictors	pearson_correlation	mean_squared_error	r2	
rois + act_t1 + conn_t1 + age + T1	0.08084850513239658	0.06442988039728223	-0.08166392405300349	('rDLPFC_to_lPTL_T1', -0.016284951732903223)	('lSMA_to_lIFG_T1', 0.016255562410083454)	('R_IFGorb_T1', -0.014805746062389684)	('lSMA_to_lPTL_T1', -0.01075295152805068)	('lDLPFC_to_lIFG_T1', -0.0104844779211423)	('T1', -0.01027922742004745)	('L_IFGorb_T1', 0.009447493351920525)	('rIFG_to_lIFG_T1', 0.00843430900508492)	('L_DLPFC_T1', -0.007750317290990895)	('Age', -0.007347398683926471)	('L_IFGorb', -0.007204546223258535)	('lIFG_to_lPTL_T1', -0.006940692580757513)	('L_PTL_T1', -0.004794366112417479)	('rDLPFC_to_lIFG_T1', 0.0042991296530946275)	('R_DLPFC_T1', -0.00398182788051146)	('L_SMA', -0.003503055461578764)	('L_PTL', 0.003465513205700802)	('lPTL_to_lIFG_T1', -0.0032127852593555823)	('L_DLPFC', 0.0030668323053720885)	('lDLPFC_to_lPTL_T1', 0.0018895036717923573)	('L_SMA_T1', -0.0008427219939984871)	
