predictors	pearson_correlation	mean_squared_error	r2	
rois + act_t1 + conn_t1 + age + T1	0.014816547577850201	0.06143151583693465	-0.03132667748217455	('R_IFGorb_T1', 0.011348872613088682)	('R_DLPFC_T1', 0.008243603712198323)	('lDLPFC_to_lIFG_T1', -0.00691902231060708)	('rDLPFC_to_lPTL_T1', -0.006350878379973619)	('L_IFGorb_T1', -0.005910311818410563)	('L_PTL', -0.005514430571410917)	('L_DLPFC_T1', -0.004379384152988933)	('T1', -0.0037409474753628087)	('L_PTL_T1', 0.0036093882422859303)	('rDLPFC_to_lIFG_T1', 0.0034900319983927875)	('lPTL_to_lIFG_T1', -0.0034677443785775903)	('rIFG_to_lIFG_T1', -0.003386362980912571)	('L_SMA_T1', -0.002197377522605365)	('L_IFGorb', 0.0020488666591451567)	('L_SMA', -0.001974819929232631)	('lIFG_to_lPTL_T1', -0.001857973712000457)	('lSMA_to_lIFG_T1', -0.001014018485089278)	('lDLPFC_to_lPTL_T1', 0.0009672422248256931)	('Age', 0.0007427940871551393)	('L_DLPFC', 0.0005933002992290572)	('lSMA_to_lPTL_T1', -4.6456449579781196e-05)	
