predictors	pearson_correlation	mean_squared_error	r2	
rois + act_t1 + conn_t1 + age + T1	0.013562359332227457	0.06220771792577668	-0.044357739965885434	('lDLPFC_to_lPTL_T1', -0.016798756797827726)	('Age', 0.01084026455214842)	('lDLPFC_to_lIFG_T1', -0.01033712693408151)	('L_SMA', -0.007742382953138285)	('rIFG_to_lIFG_T1', -0.007629613573458103)	('L_PTL', -0.007266115429459987)	('L_SMA_T1', 0.006479106009518992)	('lIFG_to_lPTL_T1', -0.006063337578599736)	('R_IFGorb_T1', 0.0052958083973087865)	('lSMA_to_lIFG_T1', -0.005168786963555498)	('lSMA_to_lPTL_T1', 0.004789887844751016)	('R_DLPFC_T1', 0.004458998082299182)	('T1', -0.003997449218467966)	('rDLPFC_to_lIFG_T1', -0.003916567273127412)	('rDLPFC_to_lPTL_T1', -0.003692987168518792)	('L_DLPFC', 0.0029683015836704392)	('L_IFGorb', -0.002655559151952239)	('lPTL_to_lIFG_T1', 0.0013361187203015975)	('L_DLPFC_T1', 0.0012611197012660823)	('L_PTL_T1', -0.0010059345057157664)	('L_IFGorb_T1', 6.01657145270399e-05)	
