predictors	pearson_correlation	mean_squared_error	r2	
rois + act_t1 + conn_t1 + age + T1	0.09968969818782171	0.05998604964966997	-0.007059852546882572	('Age', -0.013096375946847465)	('rDLPFC_to_lIFG_T1', 0.012789139824477302)	('lIFG_to_lPTL_T1', -0.012784382126175851)	('lPTL_to_lIFG_T1', -0.009875735489978879)	('lDLPFC_to_lIFG_T1', -0.00972791012959905)	('R_DLPFC_T1', -0.009022915919520475)	('rDLPFC_to_lPTL_T1', 0.008534596218175424)	('L_IFGorb', -0.00715205398497783)	('lSMA_to_lPTL_T1', -0.006891343852567105)	('L_PTL_T1', 0.0067966214458353375)	('lDLPFC_to_lPTL_T1', -0.005134698555935625)	('L_DLPFC', -0.005122009288553456)	('rIFG_to_lIFG_T1', 0.0035801339870840314)	('L_DLPFC_T1', -0.0035704088189665744)	('lSMA_to_lIFG_T1', -0.0034651321095861376)	('L_IFGorb_T1', 0.0031242216532585145)	('T1', 0.002818207889231179)	('L_SMA_T1', -0.002480250630104477)	('L_SMA', -0.002118701768082384)	('R_IFGorb_T1', 0.00027571881805785046)	('L_PTL', 0.0002599996714965382)	
