predictors	pearson_correlation	mean_squared_error	r2	
rois + act_t1 + conn_t1 + age + T1	-0.06963833821488048	0.06517941313094851	-0.0942472551550404	('lDLPFC_to_lIFG_T1', -0.015416137356977647)	('Age', -0.00870568038924798)	('L_PTL', -0.007894248065147196)	('L_IFGorb_T1', -0.007732945515066384)	('L_SMA_T1', -0.007070559791364885)	('R_IFGorb_T1', -0.007042406076961475)	('L_IFGorb', -0.006578488152656142)	('rDLPFC_to_lPTL_T1', 0.006404847498974399)	('lSMA_to_lIFG_T1', -0.006231006920813245)	('lPTL_to_lIFG_T1', 0.004775718121269807)	('T1', -0.004111083325686991)	('lIFG_to_lPTL_T1', 0.0037475007674504074)	('lSMA_to_lPTL_T1', -0.0036753444170338997)	('rIFG_to_lIFG_T1', -0.003291330136803937)	('lDLPFC_to_lPTL_T1', -0.0027624107436512338)	('L_SMA', 0.002425663009578178)	('rDLPFC_to_lIFG_T1', -0.002374895304517292)	('L_PTL_T1', 0.002036268296056704)	('L_DLPFC_T1', -0.0018858914792678815)	('L_DLPFC', -0.0011481294811332258)	('R_DLPFC_T1', -0.0008532939911629348)	
