predictors	pearson_correlation	mean_squared_error	r2	
rois + act_t1 + conn_t1 + age + T1	-0.0798946856750287	0.06421481958521352	-0.07805343276452237	('L_PTL_T1', -0.012667689112339977)	('L_IFGorb', -0.009671906073894853)	('L_IFGorb_T1', -0.009103512642699131)	('lDLPFC_to_lPTL_T1', 0.008472390030307279)	('lSMA_to_lIFG_T1', -0.007451709120281731)	('lIFG_to_lPTL_T1', -0.007165793179257047)	('lPTL_to_lIFG_T1', 0.006958923043351312)	('L_SMA_T1', 0.006824293116985129)	('L_SMA', 0.0068098775343890935)	('R_IFGorb_T1', 0.005615849467174432)	('L_DLPFC', -0.004576412333584719)	('lSMA_to_lPTL_T1', -0.0042033089757517695)	('T1', -0.004172169598569731)	('L_PTL', -0.0037392560519844686)	('rDLPFC_to_lIFG_T1', -0.0035445003118406244)	('L_DLPFC_T1', -0.0026313269766241603)	('rIFG_to_lIFG_T1', -0.0017785886169882623)	('R_DLPFC_T1', -0.0017000907095568905)	('rDLPFC_to_lPTL_T1', 0.0010010295865009117)	('Age', -0.0009079446208814448)	('lDLPFC_to_lIFG_T1', 0.0004580827499530941)	
