predictors	pearson_correlation	mean_squared_error	r2	
rois + act_t1 + conn_t1 + age + T1	0.0964557029506412	0.08206239271869085	-0.3776826711139136	('L_PTL', -0.022032109084010515)	('L_PTL_T1', 0.01798020718697577)	('R_DLPFC_T1', -0.013560729187885494)	('L_SMA_T1', -0.013498016924319902)	('lDLPFC_to_lPTL_T1', 0.012455712357937004)	('rDLPFC_to_lPTL_T1', 0.010214095311163256)	('rDLPFC_to_lIFG_T1', 0.009996106393762704)	('L_IFGorb_T1', -0.009990678044376734)	('R_IFGorb_T1', 0.009602246685866662)	('rIFG_to_lIFG_T1', -0.009105180994246313)	('L_DLPFC', -0.008117989088038615)	('L_SMA', -0.007923079766173319)	('L_DLPFC_T1', -0.0069605372375481)	('lSMA_to_lPTL_T1', -0.006194387317495024)	('lIFG_to_lPTL_T1', -0.005908289019528691)	('Age', 0.005704999604676868)	('L_IFGorb', 0.0033606574693735435)	('lSMA_to_lIFG_T1', 0.0033132813611535905)	('T1', 0.0024875852422077925)	('lPTL_to_lIFG_T1', -0.001370409558510361)	('lDLPFC_to_lIFG_T1', 8.145093236084641e-05)	
