predictors	pearson_correlation	mean_squared_error	r2	
rois + act_t1 + conn_t1 + age + T1	0.03840747927233532	0.0633644059970109	-0.06377649024637311	('L_IFGorb_T1', 0.021348091310825792)	('L_SMA', -0.0174701692500703)	('L_PTL_T1', -0.015123738305072406)	('lSMA_to_lPTL_T1', -0.012544506227803585)	('lDLPFC_to_lPTL_T1', -0.01215281321360816)	('L_IFGorb', -0.010683241137999702)	('rIFG_to_lIFG_T1', 0.010578278716576031)	('lPTL_to_lIFG_T1', -0.010391852937784812)	('lIFG_to_lPTL_T1', 0.010059467996204323)	('L_DLPFC', -0.008318485541589036)	('L_PTL', -0.007827650423767905)	('lSMA_to_lIFG_T1', 0.006362296405735757)	('Age', -0.003983177963250441)	('L_SMA_T1', -0.0037784535016372237)	('L_DLPFC_T1', -0.003473899542394914)	('R_IFGorb_T1', -0.0030820014428024427)	('rDLPFC_to_lPTL_T1', -0.003060734008092875)	('rDLPFC_to_lIFG_T1', 0.002019520254493207)	('R_DLPFC_T1', -0.0014752915300172101)	('T1', -0.001039524863952588)	('lDLPFC_to_lIFG_T1', -0.00031095668966938387)	
