predictors	pearson_correlation	mean_squared_error	r2	
rois + act_t1 + conn_t1 + age + T1	0.014342467581984817	0.0619202858219433	-0.03953226247913322	('L_IFGorb', 0.01052533538843897)	('lSMA_to_lPTL_T1', -0.007893487456696026)	('R_IFGorb_T1', -0.00783274132919623)	('T1', 0.007795953342736052)	('L_PTL_T1', -0.007321468608010727)	('rDLPFC_to_lIFG_T1', -0.0050643011449806275)	('R_DLPFC_T1', 0.0050237111261316894)	('lSMA_to_lIFG_T1', -0.004874668098230499)	('L_DLPFC_T1', -0.004832999734428817)	('L_PTL', -0.004677596694568611)	('L_SMA_T1', -0.004079392473841851)	('L_DLPFC', -0.003708195609383114)	('rIFG_to_lIFG_T1', -0.0031290336101921453)	('lIFG_to_lPTL_T1', -0.0023953399617813367)	('lDLPFC_to_lIFG_T1', 0.001928385119777272)	('rDLPFC_to_lPTL_T1', -0.0016206574064853996)	('lDLPFC_to_lPTL_T1', 0.0014553133200174838)	('L_SMA', 0.0013968024620740719)	('lPTL_to_lIFG_T1', 0.0011348799075186387)	('Age', -0.0003135672412810805)	('L_IFGorb_T1', 0.00018109866899898068)	
