predictors	pearson_correlation	mean_squared_error	r2	
rois + act_t1 + conn_t1 + age + T1	-0.1612240461555165	0.06723570601802288	-0.12876878180572415	('R_IFGorb_T1', -0.012871969529241495)	('L_SMA_T1', -0.009816436689234435)	('L_DLPFC_T1', -0.009741216543060288)	('L_IFGorb_T1', -0.008350104847333846)	('R_DLPFC_T1', -0.007187567120513115)	('L_DLPFC', 0.007049570140365818)	('L_IFGorb', 0.006498425973947515)	('lIFG_to_lPTL_T1', 0.006154838021261448)	('L_PTL', -0.006101309822495625)	('lSMA_to_lIFG_T1', 0.005233362494589809)	('rDLPFC_to_lPTL_T1', 0.004493747195148634)	('lDLPFC_to_lPTL_T1', -0.004062767796557097)	('rIFG_to_lIFG_T1', -0.0029545966845530482)	('lPTL_to_lIFG_T1', -0.0028899785707309934)	('lDLPFC_to_lIFG_T1', -0.0025831107121855124)	('L_SMA', -0.001910586763286141)	('Age', 0.0018963709198300122)	('T1', 0.0014264919570869082)	('lSMA_to_lPTL_T1', -0.001211389217337459)	('L_PTL_T1', -0.00025890246425517535)	('rDLPFC_to_lIFG_T1', 3.368092495028551e-05)	
