predictors	pearson_correlation	mean_squared_error	r2	
rois + act_t1 + conn_t1 + age + T1	0.1152426079414016	0.060683093929085885	-0.018761995184159774	('L_PTL_T1', -0.020178212717702374)	('lDLPFC_to_lIFG_T1', 0.016310194023742165)	('L_PTL', -0.01320479998552267)	('L_SMA', -0.010858730637190379)	('lPTL_to_lIFG_T1', 0.009143759630065746)	('L_IFGorb', -0.008780125144092876)	('rIFG_to_lIFG_T1', -0.008694143513278792)	('lSMA_to_lPTL_T1', -0.007136213070810447)	('L_IFGorb_T1', -0.007052132254677019)	('L_DLPFC', -0.00599147569012622)	('rDLPFC_to_lPTL_T1', 0.0059659783990011605)	('T1', -0.005791288679109585)	('R_IFGorb_T1', 0.004339744085667983)	('lDLPFC_to_lPTL_T1', -0.00388025096880094)	('Age', -0.0019335874089142183)	('lSMA_to_lIFG_T1', -0.00168676123846966)	('rDLPFC_to_lIFG_T1', 0.0016722791394630876)	('L_SMA_T1', -0.001639581349616448)	('lIFG_to_lPTL_T1', -0.0007970620195740806)	('R_DLPFC_T1', -0.000524708927130053)	('L_DLPFC_T1', 0.0002752542933042109)	
