predictors	pearson_correlation	mean_squared_error	r2	
rois + act_t1 + conn_t1 + age + T1	-0.2716534387538923	0.06423004755369473	-0.07830908346635801	('L_SMA_T1', -0.011953944559456614)	('L_IFGorb', -0.007906270255583834)	('rDLPFC_to_lPTL_T1', -0.007851634798730385)	('L_PTL', -0.007465932579784492)	('rDLPFC_to_lIFG_T1', 0.007262576277832958)	('L_SMA', 0.007251550512119834)	('L_IFGorb_T1', 0.006139992631881877)	('Age', 0.005404576826116832)	('L_PTL_T1', -0.005184141129396251)	('lSMA_to_lPTL_T1', 0.0044289064781838925)	('L_DLPFC', -0.002887495904514405)	('lPTL_to_lIFG_T1', -0.0024739554118007796)	('lIFG_to_lPTL_T1', 0.002246843757643023)	('T1', -0.002115067509523681)	('R_IFGorb_T1', -0.0020672806348259382)	('lDLPFC_to_lPTL_T1', -0.0020067438078806297)	('lSMA_to_lIFG_T1', 0.0015568927252299165)	('rIFG_to_lIFG_T1', -0.0006374024746525188)	('L_DLPFC_T1', -0.0004083749182333428)	('lDLPFC_to_lIFG_T1', 0.0001331440014716306)	('R_DLPFC_T1', 8.62319448091186e-05)	
