predictors	pearson_correlation	mean_squared_error	r2	
rois + act_t1 + conn_t1 + age + T1	-0.055148680383434505	0.0744053796913876	-0.24913494284609627	('L_IFGorb_T1', -0.019109786730970225)	('L_SMA', 0.01428979384430703)	('lPTL_to_lIFG_T1', -0.013313344609420588)	('lSMA_to_lIFG_T1', -0.013186786632007834)	('Age', -0.010664566574530241)	('T1', -0.00881335451272846)	('L_PTL_T1', 0.007623099079485955)	('L_DLPFC_T1', -0.006572738246261775)	('L_IFGorb', -0.005714624571658177)	('R_DLPFC_T1', 0.004820894115651566)	('rDLPFC_to_lIFG_T1', 0.0035097303011194427)	('R_IFGorb_T1', -0.003479202367337708)	('L_SMA_T1', 0.003375751330981681)	('lIFG_to_lPTL_T1', -0.002687152099319059)	('L_DLPFC', -0.002261703113079402)	('rDLPFC_to_lPTL_T1', -0.002100909321060657)	('rIFG_to_lIFG_T1', -0.0020789713993667135)	('lSMA_to_lPTL_T1', -0.002030720143322245)	('lDLPFC_to_lPTL_T1', 0.0009827120225637126)	('L_PTL', 0.00011622405577005064)	('lDLPFC_to_lIFG_T1', 7.793450624394483e-05)	
