predictors	pearson_correlation	mean_squared_error	r2	
rois + act_t1 + conn_t1 + age + T1	0.2525912481320355	0.05711379322498027	0.04116026110317117	('L_PTL_T1', -0.017496705940564454)	('L_PTL', -0.014493252537305585)	('R_DLPFC_T1', 0.012216262186180786)	('lSMA_to_lIFG_T1', -0.010580135575883378)	('rDLPFC_to_lIFG_T1', -0.009682356376364285)	('lIFG_to_lPTL_T1', -0.009417219715015576)	('lDLPFC_to_lPTL_T1', 0.008632878395321883)	('T1', -0.008196741290127593)	('R_IFGorb_T1', -0.007720181566573285)	('L_SMA_T1', -0.006675439108723823)	('L_IFGorb_T1', 0.005976629875272278)	('lPTL_to_lIFG_T1', 0.005416757914935731)	('L_SMA', -0.005251948242622865)	('L_DLPFC_T1', -0.0045484010034708465)	('L_DLPFC', 0.004287353540542942)	('rIFG_to_lIFG_T1', -0.003678923799576633)	('lSMA_to_lPTL_T1', 0.0035356702249949336)	('Age', 0.0029956957928373366)	('lDLPFC_to_lIFG_T1', 0.002734653697334531)	('L_IFGorb', -0.0020800812242790017)	('rDLPFC_to_lPTL_T1', 0.0007923252676411557)	
