predictors	pearson_correlation	mean_squared_error	r2	
rois + act_t1 + conn_t1 + age + T1	0.015186516855248154	0.06639781066483252	-0.11470199834921035	('T1', -0.008401326521121062)	('lSMA_to_lIFG_T1', -0.007200230517020591)	('R_IFGorb_T1', -0.006667178981780688)	('lSMA_to_lPTL_T1', -0.005489189095522781)	('lDLPFC_to_lPTL_T1', -0.0040994354335119375)	('Age', -0.0038204694698636423)	('L_PTL', -0.003609743710222045)	('lPTL_to_lIFG_T1', -0.003609285682558637)	('lIFG_to_lPTL_T1', 0.003387053589128277)	('L_DLPFC_T1', 0.0028043209800593404)	('L_PTL_T1', -0.0025813551647564143)	('L_IFGorb_T1', 0.0019670510096895396)	('rDLPFC_to_lPTL_T1', 0.0017332570382264023)	('L_SMA', 0.0016905396796233658)	('R_DLPFC_T1', 0.0014447608081162048)	('L_DLPFC', 0.0012928351547148351)	('rDLPFC_to_lIFG_T1', -0.0009449433668181885)	('L_SMA_T1', 0.0008140103132672494)	('L_IFGorb', -0.0007745452618450843)	('lDLPFC_to_lIFG_T1', 0.0004006921851128232)	('rIFG_to_lIFG_T1', -0.0003833684954866691)	
