predictors	pearson_correlation	mean_squared_error	r2	
rois + act_t1 + conn_t1 + age + T1	0.009592191293804807	0.06244210995496199	-0.04829276825543061	('rDLPFC_to_lIFG_T1', -0.018415333990267693)	('R_DLPFC_T1', -0.015574122289092655)	('L_PTL_T1', -0.014717299302473005)	('lSMA_to_lIFG_T1', -0.01133446892046662)	('lDLPFC_to_lPTL_T1', -0.00965123449048154)	('L_DLPFC', 0.0066197012505602)	('T1', 0.0065482742984042394)	('rIFG_to_lIFG_T1', -0.006180611604329295)	('L_IFGorb_T1', 0.005412609765770334)	('L_SMA', 0.004866059128324233)	('L_DLPFC_T1', -0.004702097050408307)	('lDLPFC_to_lIFG_T1', -0.0037101622293431733)	('L_SMA_T1', 0.0031092158724034752)	('Age', 0.0029337959505419805)	('rDLPFC_to_lPTL_T1', 0.0027676488054291367)	('L_PTL', -0.0014036149004744178)	('lSMA_to_lPTL_T1', -0.0013178963702835274)	('L_IFGorb', 0.0012451585113826304)	('lIFG_to_lPTL_T1', 0.0008403329547705453)	('lPTL_to_lIFG_T1', -0.00025553289219962857)	('R_IFGorb_T1', -0.0001657156162308464)	
