predictors	pearson_correlation	mean_squared_error	r2	
rois + act_t1 + conn_t1 + age + T1	-0.07076503956114018	0.061189508849779944	-0.027263807494524395	('L_SMA', -0.008359853072909732)	('L_DLPFC_T1', -0.007526000394412074)	('lSMA_to_lPTL_T1', -0.006584665140278093)	('Age', -0.00630664532028009)	('lSMA_to_lIFG_T1', -0.005433386249653578)	('L_IFGorb', 0.004902831300932034)	('lDLPFC_to_lPTL_T1', 0.00476692380922057)	('rDLPFC_to_lPTL_T1', -0.004717377720333467)	('L_DLPFC', 0.0036772259002282046)	('T1', -0.0028212480760210403)	('lPTL_to_lIFG_T1', 0.0025628906118587216)	('L_IFGorb_T1', -0.002278429839276533)	('L_SMA_T1', -0.001547481375161476)	('R_IFGorb_T1', -0.001475256453006671)	('lDLPFC_to_lIFG_T1', -0.0013515707670123122)	('R_DLPFC_T1', 0.0010494012815821258)	('lIFG_to_lPTL_T1', 0.001006039975625907)	('L_PTL_T1', 0.0009561645494163197)	('L_PTL', 0.0008028327919718069)	('rDLPFC_to_lIFG_T1', -0.0007187902015292621)	('rIFG_to_lIFG_T1', 0.0006828909904017616)	
