predictors	pearson_correlation	mean_squared_error	r2	
rois + act_t1 + conn_t1 + age + T1	0.038447461207377964	0.059817406354499766	-0.0042286294048521356	('L_IFGorb_T1', -0.014578368657743708)	('L_DLPFC_T1', -0.011140290863190065)	('lSMA_to_lIFG_T1', -0.010762351905669458)	('R_DLPFC_T1', 0.009392972317574877)	('L_IFGorb', -0.008362286772766918)	('lSMA_to_lPTL_T1', 0.008238185578220304)	('L_SMA', -0.007951958333391133)	('L_SMA_T1', 0.004818069151633357)	('L_PTL', -0.0048082265800569205)	('lDLPFC_to_lIFG_T1', -0.004780964060835481)	('L_PTL_T1', 0.003246478168314038)	('L_DLPFC', -0.003022134799562467)	('lDLPFC_to_lPTL_T1', -0.002939416951300863)	('Age', 0.002878527438510224)	('T1', -0.0023913605144988727)	('R_IFGorb_T1', -0.0017846175921658305)	('rIFG_to_lIFG_T1', 0.0017816177165872159)	('lPTL_to_lIFG_T1', -0.0015942652697967692)	('lIFG_to_lPTL_T1', 0.0014887580370865584)	('rDLPFC_to_lIFG_T1', -0.0002452595057639829)	('rDLPFC_to_lPTL_T1', -2.054954225384967e-05)	
