predictors	pearson_correlation	mean_squared_error	r2	
rois + act_t1 + conn_t1 + age + T1	-0.23560264764353647	0.06161054914470847	-0.03433233058953289	('R_DLPFC_T1', -0.017434270286932944)	('T1', 0.008478112775608797)	('lIFG_to_lPTL_T1', -0.0068793535314345304)	('L_SMA_T1', -0.005288033919667255)	('lPTL_to_lIFG_T1', -0.003928999866760419)	('rIFG_to_lIFG_T1', -0.003712489276669402)	('lSMA_to_lPTL_T1', -0.0035070307172911583)	('R_IFGorb_T1', 0.003481564669102739)	('lDLPFC_to_lPTL_T1', -0.0030193833732022977)	('L_PTL_T1', -0.0029035692583571724)	('lDLPFC_to_lIFG_T1', -0.0026650410899865767)	('lSMA_to_lIFG_T1', -0.002617902948913554)	('rDLPFC_to_lIFG_T1', -0.00243416043500552)	('L_IFGorb', 0.0019461315031682929)	('L_PTL', -0.001425268669781064)	('L_DLPFC', -0.0013306255062718608)	('L_DLPFC_T1', -0.0012157968977783056)	('rDLPFC_to_lPTL_T1', -0.000618023571323322)	('L_IFGorb_T1', 0.0003224080681435856)	('L_SMA', -0.00023751972328485508)	('Age', -0.0001654431734352919)	
