predictors	pearson_correlation	mean_squared_error	r2	
rois + act_t1 + conn_t1 + age + T1	0.03215718016597853	0.062188048112706194	-0.044027518536635224	('L_SMA', -0.016671263043145534)	('T1', -0.01449916829063471)	('R_IFGorb_T1', 0.011375571663644968)	('rIFG_to_lIFG_T1', -0.01090350384223965)	('L_DLPFC_T1', -0.010774493707926434)	('lDLPFC_to_lPTL_T1', -0.00710587114188876)	('R_DLPFC_T1', 0.006731043517962478)	('lDLPFC_to_lIFG_T1', -0.005942794730840499)	('L_PTL', -0.005504255845785979)	('lPTL_to_lIFG_T1', -0.005276112866223107)	('L_SMA_T1', 0.0051823794672907235)	('lSMA_to_lIFG_T1', -0.0047628698697856076)	('lSMA_to_lPTL_T1', -0.0038787427085319745)	('L_DLPFC', 0.0030358502524055124)	('L_IFGorb_T1', -0.0027852404252341222)	('lIFG_to_lPTL_T1', 0.002693657331462308)	('L_IFGorb', -0.0024845606094047587)	('rDLPFC_to_lIFG_T1', 0.00197353154263992)	('L_PTL_T1', -0.001242676143272333)	('Age', 0.0012377297267228743)	('rDLPFC_to_lPTL_T1', 0.0010984291872813124)	
