predictors	pearson_correlation	mean_squared_error	r2	
rois + act_t1 + conn_t1 + age + T1	0.15930303436277077	0.058753930420414054	0.013625253683337002	('lDLPFC_to_lPTL_T1', -0.018158291571882455)	('L_PTL_T1', -0.015938028094092848)	('rDLPFC_to_lPTL_T1', -0.014927403287824095)	('L_DLPFC', -0.013020148806162275)	('lDLPFC_to_lIFG_T1', -0.012209930347144925)	('R_IFGorb_T1', -0.00928711026902866)	('rDLPFC_to_lIFG_T1', 0.009208158050466937)	('lPTL_to_lIFG_T1', 0.00801694720925202)	('L_IFGorb', -0.007904756716982965)	('T1', -0.005369290409431192)	('Age', -0.005284242338821653)	('L_SMA_T1', -0.005114221734176999)	('L_SMA', -0.004857945816377424)	('L_PTL', 0.0034161911523949793)	('L_IFGorb_T1', -0.0023902009199157303)	('R_DLPFC_T1', 0.0021654303269647425)	('rIFG_to_lIFG_T1', 0.0017014784821334308)	('lSMA_to_lPTL_T1', 0.0013202709990092715)	('L_DLPFC_T1', -0.0008298267631960161)	('lSMA_to_lIFG_T1', -0.0006365019461763824)	('lIFG_to_lPTL_T1', 0.0002410248416703397)	
