predictors	pearson_correlation	mean_squared_error	r2	
rois + act_t1 + conn_t1 + age + T1	-0.10320904430292446	0.06061888619516418	-0.017684060707173987	('rDLPFC_to_lPTL_T1', -0.008584964108301106)	('L_PTL', -0.005922501543263816)	('lDLPFC_to_lIFG_T1', -0.005787655477344258)	('rIFG_to_lIFG_T1', 0.004942525092493208)	('lSMA_to_lPTL_T1', -0.0049136484535389265)	('L_PTL_T1', -0.0041157893959035486)	('rDLPFC_to_lIFG_T1', -0.0031264300872131884)	('L_IFGorb_T1', -0.0030789683814675156)	('T1', -0.002900270107532116)	('lIFG_to_lPTL_T1', -0.0025426819025953216)	('L_SMA', -0.002541126745874602)	('Age', 0.0020015732042852822)	('R_IFGorb_T1', 0.0016039606488394693)	('lDLPFC_to_lPTL_T1', 0.001411109956361444)	('R_DLPFC_T1', 0.0013228719915549772)	('L_SMA_T1', -0.001236748050059896)	('lSMA_to_lIFG_T1', -0.001043981309098002)	('L_IFGorb', -0.0006169381756051076)	('L_DLPFC', -0.0006081405418909243)	('lPTL_to_lIFG_T1', 0.00030868554921223396)	('L_DLPFC_T1', 0.00027030035126334074)	
