predictors	pearson_correlation	mean_squared_error	r2	
rois + act_t1 + conn_t1 + age + T1	0.11368520890163053	0.058819696892861456	0.012521150738865505	('lSMA_to_lPTL_T1', -0.011603186387082326)	('Age', -0.006879296252550873)	('R_DLPFC_T1', -0.006297129205495144)	('lIFG_to_lPTL_T1', -0.0058248418065856965)	('L_PTL', -0.005587806060631321)	('rDLPFC_to_lIFG_T1', 0.005544427500087348)	('L_IFGorb', 0.005070839038521026)	('rDLPFC_to_lPTL_T1', -0.0039445845645044875)	('lDLPFC_to_lIFG_T1', 0.003823265710488192)	('L_PTL_T1', 0.003591156076509604)	('L_SMA_T1', -0.00316128538214364)	('L_DLPFC_T1', 0.003137554067109479)	('L_DLPFC', -0.002942976366519439)	('L_SMA', -0.002859490228062377)	('R_IFGorb_T1', -0.0025847861918991424)	('lPTL_to_lIFG_T1', -0.002268625808313582)	('L_IFGorb_T1', 0.0015202337173114702)	('rIFG_to_lIFG_T1', -0.001470957214709509)	('lDLPFC_to_lPTL_T1', 0.0014563730763535645)	('lSMA_to_lIFG_T1', 0.0007633466410883343)	('T1', 0.0004295529075521651)	
