predictors	pearson_correlation	mean_squared_error	r2	
rois + act_t1 + conn_t1 + age + T1	-0.30546827290119877	0.07368411830501946	-0.227276612632773	('T1', 0.024884110535638777)	('L_IFGorb', 0.013044904135618294)	('lDLPFC_to_lPTL_T1', 0.01192717157223374)	('L_DLPFC_T1', 0.011675959203742616)	('lDLPFC_to_lIFG_T1', -0.009424588804421326)	('lSMA_to_lIFG_T1', 0.009161433001980928)	('lIFG_to_lPTL_T1', 0.008356579910193515)	('rDLPFC_to_lPTL_T1', 0.007999863946330853)	('L_SMA_T1', 0.005917605762364465)	('L_DLPFC', 0.005348270938478157)	('L_PTL', 0.005207399827412228)	('L_IFGorb_T1', 0.005164374941522842)	('L_SMA', -0.004948859398483003)	('R_IFGorb_T1', -0.004849700485779907)	('lPTL_to_lIFG_T1', -0.003947102458911883)	('R_DLPFC_T1', 0.00383104345865743)	('rDLPFC_to_lIFG_T1', -0.0030154780636426092)	('Age', -0.0025361779400793955)	('lSMA_to_lPTL_T1', -0.0021435892848640113)	('rIFG_to_lIFG_T1', -0.001142772802258056)	('L_PTL_T1', -0.0004286889320521965)	
