predictors	pearson_correlation	mean_squared_error	r2	
rois + act_t1 + conn_t1 + age + T1	0.028773391754700613	0.06124390549685039	-0.020073451533123565	('lSMA_to_lPTL_T1', 0.01696700305402524)	('lIFG_to_lPTL_T1', 0.01682038856170591)	('rDLPFC_to_lPTL_T1', 0.011940222720217152)	('rIFG_to_lIFG_T1', 0.009248956839647002)	('lPTL_to_lIFG_T1', -0.007512800475090962)	('T1', 0.0072403303084016685)	('L_PTL_T1', 0.007177997963434563)	('L_SMA', -0.0030934920137220463)	('lDLPFC_to_lIFG_T1', 0.0028585661969282453)	('L_IFGorb_T1', 0.002540722311757977)	('L_DLPFC', -0.002244896737638798)	('lDLPFC_to_lPTL_T1', 0.0016862192801899041)	('Age', -0.0016180373511012216)	('L_IFGorb', 0.00154252140959811)	('L_DLPFC_T1', 0.0011588151507501332)	('R_DLPFC_T1', 0.0007345351765197438)	('rDLPFC_to_lIFG_T1', -0.0005858281191043744)	('L_PTL', -0.00040876387648965964)	('L_SMA_T1', -0.0003763999829828732)	('R_IFGorb_T1', -0.0003534214824562211)	('lSMA_to_lIFG_T1', 0.0)	
