predictors	pearson_correlation	mean_squared_error	r2	
rois + act_t1 + conn_t1 + age + T1	0.27992977042116846	0.0564960087471814	0.05900712612871106	('rDLPFC_to_lIFG_T1', 0.014268010953204876)	('Age', 0.013661399630298453)	('L_PTL_T1', 0.012496759070700908)	('L_SMA', 0.008756695326786032)	('L_SMA_T1', 0.008288189592209493)	('R_IFGorb_T1', -0.007909033664327055)	('rIFG_to_lIFG_T1', 0.007876968302928979)	('rDLPFC_to_lPTL_T1', 0.007876423792272881)	('L_PTL', -0.007635336438089832)	('lSMA_to_lIFG_T1', 0.0068781064645431645)	('L_DLPFC_T1', 0.005930796743230469)	('lDLPFC_to_lIFG_T1', -0.005607656360829067)	('lIFG_to_lPTL_T1', 0.005454379053371847)	('T1', 0.003976755198915716)	('L_DLPFC', 0.003531034436880255)	('L_IFGorb_T1', 0.0033174272512646948)	('lDLPFC_to_lPTL_T1', -0.0033079432796939835)	('R_DLPFC_T1', 0.00257377242724098)	('lPTL_to_lIFG_T1', -0.0013967648132155296)	('L_IFGorb', -0.0011256650388828185)	('lSMA_to_lPTL_T1', 0.0003875931461154515)	
