predictors	pearson_correlation	mean_squared_error	r2	
rois + act_t1 + conn_t1 + age + T1	-0.08145711795158662	0.06880581118121172	-0.14602393050790274	('L_SMA', 0.020459834724431324)	('L_PTL_T1', 0.020280133033335715)	('L_SMA_T1', 0.017977271464808944)	('rDLPFC_to_lPTL_T1', 0.017249500771032978)	('L_DLPFC_T1', 0.015378879985099299)	('L_PTL', 0.013733125703037995)	('lDLPFC_to_lPTL_T1', 0.011258199299574638)	('rIFG_to_lIFG_T1', -0.008596940031483057)	('lIFG_to_lPTL_T1', 0.006377006453773249)	('lDLPFC_to_lIFG_T1', 0.006169061088869339)	('rDLPFC_to_lIFG_T1', 0.005598047730488632)	('lSMA_to_lIFG_T1', -0.005186640907667773)	('L_IFGorb', 0.004965249544829562)	('L_IFGorb_T1', -0.004800740494741369)	('R_DLPFC_T1', 0.0037815611196439173)	('R_IFGorb_T1', 0.0036373024082326896)	('Age', 0.0033064823039339725)	('lPTL_to_lIFG_T1', -0.002743952741711904)	('L_DLPFC', 0.002278381114584089)	('lSMA_to_lPTL_T1', -0.0016274277669051096)	('T1', -0.0005967820483338935)	
