predictors	pearson_correlation	mean_squared_error	r2	
rois + act_t1 + conn_t1 + age + T1	0.057714884966955066	0.061603956923530455	-0.026070438475144453	('L_DLPFC', 0.01650117107268744)	('lIFG_to_lPTL_T1', 0.012149716261182992)	('L_IFGorb_T1', 0.011425093543855994)	('rIFG_to_lIFG_T1', 0.011025809869935439)	('lSMA_to_lPTL_T1', 0.010217817122119116)	('rDLPFC_to_lIFG_T1', -0.008679905471754115)	('L_PTL_T1', 0.008373542193450708)	('rDLPFC_to_lPTL_T1', 0.00793484174104644)	('lDLPFC_to_lIFG_T1', 0.006294003387163669)	('T1', 0.00530001390110429)	('L_SMA_T1', 0.0049187818542745145)	('lDLPFC_to_lPTL_T1', 0.004660226373135814)	('R_IFGorb_T1', 0.004408562757822055)	('R_DLPFC_T1', 0.004302809151921224)	('L_IFGorb', 0.004208695205927511)	('lPTL_to_lIFG_T1', -0.0037635133274188212)	('lSMA_to_lIFG_T1', 0.002464110044600424)	('Age', -0.0013668838923766532)	('L_DLPFC_T1', 0.0013401147078201097)	('L_PTL', -0.0007281838752635552)	('L_SMA', 2.526293949688694e-05)	
