predictors	pearson_correlation	mean_squared_error	r2	
rois + act_t1 + conn_t1 + age + T1	-0.02920837759879521	0.06095513952467708	-0.015263789256845461	('lSMA_to_lIFG_T1', 0.009707101461649749)	('lIFG_to_lPTL_T1', 0.0069018820002025305)	('L_SMA', 0.005123302325920982)	('L_SMA_T1', 0.004604845629242758)	('L_PTL_T1', 0.004503979649856602)	('L_DLPFC_T1', 0.0038905528289308058)	('rDLPFC_to_lIFG_T1', 0.003466243276657866)	('T1', -0.00318832053771873)	('rIFG_to_lIFG_T1', -0.0031597800642901392)	('rDLPFC_to_lPTL_T1', 0.003009832713954361)	('L_IFGorb', -0.0026006904043680734)	('L_IFGorb_T1', 0.002499546852459026)	('lSMA_to_lPTL_T1', 0.0018161269119220899)	('lDLPFC_to_lPTL_T1', 0.0017127665471306773)	('R_IFGorb_T1', -0.0016146520249815677)	('R_DLPFC_T1', 0.0013031792381699063)	('lDLPFC_to_lIFG_T1', 0.0010388644428875314)	('Age', 0.0009096125478182058)	('lPTL_to_lIFG_T1', 0.0008235800379438568)	('L_DLPFC', -0.0006677949965105414)	('L_PTL', -0.00013859460736633425)	
