predictors	pearson_correlation	mean_squared_error	r2	
rois + act_t1 + conn_t1 + age + T1	0.23983731225031385	0.056847480992554704	0.05315303332474253	('L_SMA_T1', 0.020694146447089688)	('lDLPFC_to_lPTL_T1', 0.01512593486236347)	('lIFG_to_lPTL_T1', 0.010478468064765628)	('lSMA_to_lIFG_T1', 0.008567974673582097)	('L_PTL', 0.008025974186129136)	('Age', -0.006942608667320951)	('rDLPFC_to_lPTL_T1', 0.006844247426392275)	('lSMA_to_lPTL_T1', 0.00650608160741547)	('T1', 0.00596937745641336)	('L_PTL_T1', -0.0054893332244600026)	('L_IFGorb_T1', 0.005172769741874813)	('rDLPFC_to_lIFG_T1', -0.0051149877461900565)	('L_DLPFC_T1', 0.00461218387924954)	('rIFG_to_lIFG_T1', 0.0032097968659032905)	('lDLPFC_to_lIFG_T1', -0.0028268185584692)	('lPTL_to_lIFG_T1', -0.0019368604830029671)	('R_DLPFC_T1', 0.001418479633624752)	('L_IFGorb', -0.0009906183634850118)	('L_SMA', -0.0008791785053569523)	('L_DLPFC', 0.0004398806255780925)	('R_IFGorb_T1', -1.1087269434463632e-05)	
