predictors	pearson_correlation	mean_squared_error	r2	
rois + act_t1 + conn_t1 + age + T1	-0.020036467048243228	0.061156812939646386	-0.018622845065276783	('lSMA_to_lPTL_T1', 0.007514928628094092)	('T1', 0.005499141692823259)	('R_DLPFC_T1', 0.004825274351383578)	('lDLPFC_to_lIFG_T1', -0.0034839202534127887)	('L_DLPFC', -0.0025661777671020167)	('L_SMA_T1', -0.002284706235252616)	('L_IFGorb_T1', 0.0020725345722480723)	('lIFG_to_lPTL_T1', 0.0019496130444789338)	('L_DLPFC_T1', 0.0015350806094210708)	('lDLPFC_to_lPTL_T1', 0.0012920792733870385)	('lPTL_to_lIFG_T1', 0.0010760395732757227)	('L_PTL', -0.0007454124123005717)	('R_IFGorb_T1', 0.0007438432359458484)	('rDLPFC_to_lIFG_T1', -0.00048131623662237184)	('L_IFGorb', 0.0003727465740995765)	('lSMA_to_lIFG_T1', -0.00023980631936783292)	('rDLPFC_to_lPTL_T1', 0.00022641117716921887)	('rIFG_to_lIFG_T1', -7.357207185877046e-05)	('L_SMA', -5.573283330160225e-05)	('L_PTL_T1', -3.275388173812383e-05)	('Age', 0.0)	
