predictors	pearson_correlation	mean_squared_error	r2	
rois + act_t1 + conn_t1 + age + T1	-0.2386832646127339	0.08289941795158959	-0.38076588542044987	('L_PTL', 0.013768042620177428)	('T1', 0.010620073737644163)	('Age', 0.010569061098159178)	('L_DLPFC', 0.010281335950075878)	('lDLPFC_to_lIFG_T1', 0.01012865229883891)	('rDLPFC_to_lPTL_T1', -0.00957435953184587)	('lSMA_to_lPTL_T1', 0.009197152990545208)	('L_IFGorb', -0.007997231435034897)	('lSMA_to_lIFG_T1', 0.005700119388236127)	('L_PTL_T1', -0.00414482740122794)	('lIFG_to_lPTL_T1', 0.004038451151626699)	('rDLPFC_to_lIFG_T1', 0.0031309120311623943)	('R_IFGorb_T1', 0.0026602124658905734)	('lPTL_to_lIFG_T1', -0.002288849436432094)	('rIFG_to_lIFG_T1', -0.00209267919335656)	('lDLPFC_to_lPTL_T1', 0.0020141030295418175)	('L_SMA', 0.0017680997511209263)	('L_SMA_T1', 0.0015394644342415708)	('L_IFGorb_T1', 0.0010573765344089373)	('R_DLPFC_T1', 0.0007914159664962777)	('L_DLPFC_T1', -0.00027502498414278817)	
