predictors	pearson_correlation	mean_squared_error	r2	
rois + act_t1 + conn_t1 + age + T1	-0.07769789843172883	0.06865930589567773	-0.14358375052476635	('rDLPFC_to_lIFG_T1', 0.019835939405712204)	('L_PTL_T1', 0.018108826163611758)	('R_IFGorb_T1', 0.016149446230837996)	('L_IFGorb', -0.014717802660441712)	('Age', 0.012654674204699557)	('rDLPFC_to_lPTL_T1', 0.011984591453686968)	('lPTL_to_lIFG_T1', 0.011190847266302536)	('L_PTL', -0.010781102600498523)	('L_SMA', 0.010470397698597245)	('L_SMA_T1', 0.009980671652998412)	('L_DLPFC', -0.008075939974950704)	('L_IFGorb_T1', 0.007179083584779427)	('lSMA_to_lIFG_T1', 0.006273600277342558)	('rIFG_to_lIFG_T1', 0.005435057046602327)	('lDLPFC_to_lIFG_T1', 0.0052068950790537675)	('lDLPFC_to_lPTL_T1', -0.004193703872421522)	('T1', 0.004000087890783067)	('R_DLPFC_T1', -0.003747818410020991)	('L_DLPFC_T1', 0.0028289981231507002)	('lSMA_to_lPTL_T1', -0.002411692301021546)	('lIFG_to_lPTL_T1', -0.0003484862619011818)	
