predictors	pearson_correlation	mean_squared_error	r2	
rois + act_t1 + conn_t1 + age + T1	0.019651043118333454	0.06015795272247978	-0.0019859114625255803	('L_IFGorb_T1', -0.010068977297990021)	('L_DLPFC_T1', 0.007466853706220177)	('L_SMA_T1', -0.006603757032016494)	('Age', 0.006587658501104849)	('lPTL_to_lIFG_T1', 0.006139426481755692)	('L_PTL_T1', 0.005785660778064167)	('lSMA_to_lPTL_T1', -0.005583688433084935)	('lSMA_to_lIFG_T1', 0.004769254847337659)	('rIFG_to_lIFG_T1', -0.0047220647959612715)	('R_IFGorb_T1', -0.004272520674120397)	('L_SMA', 0.003799353864842523)	('rDLPFC_to_lPTL_T1', -0.003539156049481098)	('lDLPFC_to_lPTL_T1', 0.0016718827457298663)	('rDLPFC_to_lIFG_T1', -0.0015288283634688397)	('T1', 0.0010944088460630753)	('R_DLPFC_T1', 0.0010150171511266028)	('lDLPFC_to_lIFG_T1', 0.0007910144736462511)	('L_IFGorb', -0.0007550977564130405)	('L_DLPFC', -0.0005320952085484357)	('lIFG_to_lPTL_T1', 0.00042180847308904014)	('L_PTL', 1.0146245547223649e-06)	
