predictors	pearson_correlation	mean_squared_error	r2	
rois + act_t1 + conn_t1 + age + T1	-0.1907844167979673	0.06314780684740326	-0.051784675797502455	('T1', 0.020151722556705762)	('lDLPFC_to_lIFG_T1', 0.017908295635705278)	('rIFG_to_lIFG_T1', 0.011018332748092425)	('rDLPFC_to_lIFG_T1', 0.01059691642101081)	('lSMA_to_lIFG_T1', -0.008932913956018702)	('R_DLPFC_T1', -0.008365122907377136)	('L_PTL_T1', 0.007833974808527907)	('L_DLPFC_T1', 0.007237797040853781)	('lSMA_to_lPTL_T1', -0.006696688763481804)	('L_IFGorb_T1', -0.006269420707630477)	('L_SMA', 0.005347622390275039)	('Age', 0.00371816653417336)	('L_PTL', -0.0036372924611242966)	('lIFG_to_lPTL_T1', -0.0024738161948206546)	('R_IFGorb_T1', -0.002396749429329891)	('lPTL_to_lIFG_T1', 0.0020535440476344563)	('rDLPFC_to_lPTL_T1', 0.0017730514390140166)	('L_SMA_T1', -0.0016320856872812377)	('L_IFGorb', 0.0014413221351298703)	('L_DLPFC', 0.0009962985363278973)	('lDLPFC_to_lPTL_T1', -0.0008839186586132193)	
