predictors	pearson_correlation	mean_squared_error	r2	
rois + act_t1 + conn_t1 + age + T1	0.4342807400906231	0.052686800301798696	0.12245298861849774	('lPTL_to_lIFG_T1', 0.012254365510115293)	('lSMA_to_lIFG_T1', 0.011499552773382441)	('L_SMA', 0.011246729663703442)	('R_IFGorb_T1', 0.010251841486982844)	('L_PTL', 0.008842634055675501)	('L_IFGorb_T1', 0.00880267405873218)	('L_DLPFC', 0.007224629067457391)	('lIFG_to_lPTL_T1', 0.004411249838424522)	('L_SMA_T1', 0.0043036284929807754)	('rDLPFC_to_lIFG_T1', 0.004116626725004602)	('rDLPFC_to_lPTL_T1', 0.0036190419244096226)	('T1', 0.0035089941922746937)	('L_DLPFC_T1', 0.0026735795433066806)	('Age', 0.0020248279801838155)	('lDLPFC_to_lIFG_T1', -0.0013102380419138544)	('L_IFGorb', 0.0012553264128792028)	('rIFG_to_lIFG_T1', -0.0008990390420548183)	('lDLPFC_to_lPTL_T1', -0.0008499436214495108)	('R_DLPFC_T1', -0.0008443713097805795)	('L_PTL_T1', 0.000671741186976804)	('lSMA_to_lPTL_T1', 0.00040345105539812086)	
