predictors	pearson_correlation	mean_squared_error	r2	
rois + act_t1 + conn_t1 + age + T1	0.10629643635472301	0.059382682680865766	0.010926922570570263	('lSMA_to_lIFG_T1', -0.009532653559690348)	('L_DLPFC_T1', 0.008269082454830332)	('R_IFGorb_T1', 0.00680850568287552)	('R_DLPFC_T1', 0.006182835938758547)	('lSMA_to_lPTL_T1', 0.0051752537409490845)	('L_PTL', 0.004171373476457533)	('Age', 0.004012159672086953)	('rDLPFC_to_lPTL_T1', -0.003886477749761549)	('lIFG_to_lPTL_T1', 0.0036676040702841067)	('rDLPFC_to_lIFG_T1', 0.0035494320890454728)	('lDLPFC_to_lIFG_T1', 0.003496825743359191)	('rIFG_to_lIFG_T1', 0.0034766842039414283)	('L_IFGorb_T1', -0.003310782930551912)	('lPTL_to_lIFG_T1', 0.003173129638384781)	('L_SMA_T1', 0.0024572863181346796)	('lDLPFC_to_lPTL_T1', -0.0023511775194305622)	('L_DLPFC', -0.0017866544125095356)	('L_IFGorb', -0.0017151492943393793)	('L_SMA', 0.0013929103094198637)	('T1', 0.0010627713314774996)	('L_PTL_T1', 0.0009635979395156707)	
