predictors	pearson_correlation	mean_squared_error	r2	
rois + act_t1 + conn_t1 + age + T1	0.18022347250251253	0.05817883608797792	0.0309780923834857	('R_IFGorb_T1', 0.011813191566371907)	('lSMA_to_lIFG_T1', 0.010259119606037868)	('lSMA_to_lPTL_T1', 0.00911383733131522)	('lDLPFC_to_lIFG_T1', -0.009068730731150169)	('R_DLPFC_T1', -0.008535407134639343)	('rDLPFC_to_lIFG_T1', 0.008307154344113003)	('Age', 0.007421866333381635)	('lIFG_to_lPTL_T1', 0.006004032932541226)	('L_IFGorb_T1', -0.005748039309533999)	('rIFG_to_lIFG_T1', -0.0041041882095459)	('L_DLPFC', 0.0031244239793329367)	('lPTL_to_lIFG_T1', -0.0030831741944541543)	('L_IFGorb', 0.002928883199891212)	('L_PTL', -0.002406250446379883)	('T1', 0.0018129727122200943)	('L_DLPFC_T1', 0.0012042785869056467)	('L_SMA_T1', -0.0007903264138537864)	('rDLPFC_to_lPTL_T1', 0.0007814248326585327)	('L_SMA', -0.0006183915314586049)	('lDLPFC_to_lPTL_T1', 0.00029692883748540607)	('L_PTL_T1', -5.9826970533351466e-05)	
