predictors	pearson_correlation	mean_squared_error	r2	
rois + act_t1 + conn_t1 + age + T1	0.11982165988014518	0.059181027185946616	0.014285679904120219	('rIFG_to_lIFG_T1', 0.00774113606514485)	('L_DLPFC', 0.0074788491180418125)	('rDLPFC_to_lPTL_T1', 0.0066088460754436815)	('Age', 0.00654849769725208)	('L_PTL_T1', -0.0051783738445109395)	('L_DLPFC_T1', -0.003235949886001668)	('lSMA_to_lIFG_T1', 0.0028177167563969785)	('rDLPFC_to_lIFG_T1', -0.0027668934365423004)	('L_SMA_T1', -0.0026313212221611634)	('lIFG_to_lPTL_T1', 0.0025358396168993712)	('lPTL_to_lIFG_T1', 0.0025274572286048272)	('lDLPFC_to_lIFG_T1', -0.0021988138098982097)	('T1', 0.0018245922984217898)	('L_IFGorb_T1', 0.0013843443625573344)	('R_IFGorb_T1', 0.0011343066211528102)	('R_DLPFC_T1', -0.0009824882090965618)	('lSMA_to_lPTL_T1', 0.0009164613572613434)	('L_IFGorb', -0.000499601811938779)	('lDLPFC_to_lPTL_T1', 0.0004249467515133677)	('L_PTL', 0.00010561522350482691)	('L_SMA', -5.425763297032331e-06)	
