predictors	pearson_correlation	mean_squared_error	r2	
rois + act_t1 + conn_t1 + age + T1	0.33937325558932974	0.055621559559814814	0.07357187985417757	('L_IFGorb', 0.010196333812815353)	('L_DLPFC_T1', 0.008789011558237768)	('Age', -0.007308069003498296)	('lSMA_to_lIFG_T1', 0.006494054628575633)	('L_SMA', 0.005939048959347118)	('L_IFGorb_T1', 0.005773204912072023)	('lDLPFC_to_lIFG_T1', 0.005213569194240763)	('lIFG_to_lPTL_T1', 0.004818902880776135)	('lPTL_to_lIFG_T1', 0.004585710065446744)	('L_SMA_T1', 0.004223873294815715)	('L_DLPFC', 0.0035842116134723483)	('L_PTL_T1', 0.0034784552055446235)	('L_PTL', 0.0032849802109342283)	('rDLPFC_to_lPTL_T1', -0.002534577539677127)	('R_IFGorb_T1', -0.0023535872922208112)	('rIFG_to_lIFG_T1', 0.0018463969865041955)	('lSMA_to_lPTL_T1', -0.0006733531276918779)	('lDLPFC_to_lPTL_T1', 0.0004479872119378436)	('R_DLPFC_T1', 0.00033691776499175197)	('rDLPFC_to_lIFG_T1', 0.00019616803728983716)	('T1', -6.08129551224263e-05)	
