predictors	pearson_correlation	mean_squared_error	r2	
rois + act_t1 + conn_t1 + age + T1	-0.006207614718809401	0.061489976401569786	-0.024171988278333334	('L_SMA_T1', 0.013577618385572221)	('rDLPFC_to_lIFG_T1', 0.012800817294259564)	('L_PTL_T1', 0.010433867916607118)	('R_DLPFC_T1', -0.006060967476085152)	('rIFG_to_lIFG_T1', 0.005797516749892559)	('rDLPFC_to_lPTL_T1', 0.005505242529227982)	('R_IFGorb_T1', -0.005093100768603756)	('T1', -0.0038224046735743766)	('L_PTL', -0.003334510436828949)	('L_IFGorb_T1', 0.002955267910689929)	('lIFG_to_lPTL_T1', -0.002551942892650169)	('L_DLPFC_T1', 0.0018863409695085629)	('lPTL_to_lIFG_T1', 0.0018192238877758765)	('lDLPFC_to_lIFG_T1', 0.0015778498871140128)	('Age', 0.0015601026368649911)	('lSMA_to_lPTL_T1', 0.0012257718245158452)	('lSMA_to_lIFG_T1', 0.0010906227075610714)	('L_SMA', -0.0005231788177381602)	('L_DLPFC', 0.00036392884394836086)	('L_IFGorb', -0.00027867897666409956)	('lDLPFC_to_lPTL_T1', 1.9821493166733253e-05)	
