predictors	pearson_correlation	mean_squared_error	r2	
rois + act_t1 + conn_t1 + age + T1	-0.014628448241903269	0.062391405623497626	-0.0391861192398546	('R_IFGorb_T1', 0.021739196788658807)	('L_SMA_T1', 0.017963860864617157)	('L_IFGorb_T1', 0.016756333116614647)	('L_DLPFC', 0.012369178100528256)	('lSMA_to_lIFG_T1', 0.008306148786675672)	('T1', 0.0080367301334678)	('L_IFGorb', 0.00797680370002023)	('R_DLPFC_T1', -0.007207198085332666)	('L_PTL', -0.006068490777729972)	('rDLPFC_to_lPTL_T1', -0.005987593541354148)	('lSMA_to_lPTL_T1', -0.005694097424125061)	('L_PTL_T1', -0.005319851376302817)	('rIFG_to_lIFG_T1', -0.0051570641168858875)	('Age', 0.00506522303966168)	('L_SMA', 0.0049599381862879465)	('rDLPFC_to_lIFG_T1', 0.004682240343559837)	('L_DLPFC_T1', 0.0020234141333933565)	('lDLPFC_to_lPTL_T1', 0.0019383716360910068)	('lDLPFC_to_lIFG_T1', 0.0009174382363140183)	('lPTL_to_lIFG_T1', 0.00025404472405897335)	('lIFG_to_lPTL_T1', -0.00019562203122168193)	
