predictors	pearson_correlation	mean_squared_error	r2	
rois + act_t1 + conn_t1 + age + T1	-0.11927161786547305	0.06518382413667043	-0.0856964122681736	('lIFG_to_lPTL_T1', 0.019627479780211406)	('lSMA_to_lPTL_T1', 0.015695041168730255)	('L_DLPFC', 0.01286552447281545)	('L_IFGorb_T1', 0.012528084691225369)	('L_PTL', 0.01240047048336285)	('R_DLPFC_T1', 0.010133128354140496)	('lDLPFC_to_lIFG_T1', 0.008574687667231868)	('L_IFGorb', -0.006816245602192893)	('rDLPFC_to_lIFG_T1', -0.006344867347752937)	('rDLPFC_to_lPTL_T1', 0.005907721705146887)	('L_SMA', -0.0054052567797744705)	('R_IFGorb_T1', -0.004627791586402691)	('L_PTL_T1', 0.003962057514391117)	('lDLPFC_to_lPTL_T1', -0.0036294185486744263)	('lPTL_to_lIFG_T1', -0.003291078345315657)	('rIFG_to_lIFG_T1', -0.0027714613811631885)	('lSMA_to_lIFG_T1', -0.00255907873711159)	('L_DLPFC_T1', 0.0023221972054685265)	('L_SMA_T1', 0.0012037066324238417)	('Age', -0.0008505032261106022)	('T1', -0.0006879881073104509)	
