predictors	pearson_correlation	mean_squared_error	r2	
rois + act_t1 + conn_t1 + age + T1	0.05165727675277463	0.06138668605304406	-0.022451592730794	('L_SMA', 0.01687249595709983)	('L_PTL', 0.014821654909756031)	('lDLPFC_to_lIFG_T1', 0.014456489745835925)	('Age', 0.013342443813345102)	('R_IFGorb_T1', 0.012184569162696442)	('L_IFGorb', -0.0098968888082284)	('lIFG_to_lPTL_T1', 0.0089238181480302)	('lSMA_to_lIFG_T1', 0.008287444298983449)	('lSMA_to_lPTL_T1', -0.007240579967321006)	('L_SMA_T1', 0.006173715320700703)	('rIFG_to_lIFG_T1', -0.0059290157699996935)	('R_DLPFC_T1', -0.005580887670116772)	('rDLPFC_to_lIFG_T1', -0.005318141435698339)	('rDLPFC_to_lPTL_T1', 0.004509980432107636)	('lPTL_to_lIFG_T1', -0.004348621825165095)	('lDLPFC_to_lPTL_T1', -0.004041031332059717)	('L_DLPFC', -0.0033618156549761733)	('L_IFGorb_T1', 0.0029947561359861853)	('L_PTL_T1', 0.002410649436822363)	('L_DLPFC_T1', -0.002321634608655907)	('T1', 0.0012110880839344364)	
