predictors	pearson_correlation	mean_squared_error	r2	
rois + act_t1 + conn_t1 + age + T1	0.08460823204901828	0.061605476202396744	-0.026095743458953047	('lSMA_to_lIFG_T1', 0.016259711764672193)	('L_DLPFC_T1', 0.015108622525741975)	('lDLPFC_to_lIFG_T1', 0.014717301345330346)	('L_SMA', -0.013037141553333497)	('lIFG_to_lPTL_T1', 0.012323285643255692)	('lPTL_to_lIFG_T1', 0.010849235143214156)	('T1', 0.009586640276359717)	('R_DLPFC_T1', 0.008604345009065276)	('lSMA_to_lPTL_T1', -0.008470818348445928)	('L_IFGorb_T1', -0.006152514065882445)	('L_IFGorb', 0.005873021380860722)	('lDLPFC_to_lPTL_T1', 0.005247172980779509)	('R_IFGorb_T1', 0.005148494544558243)	('L_DLPFC', 0.00505994099166644)	('rIFG_to_lIFG_T1', 0.004530614964184453)	('L_PTL', 0.004485369903352781)	('Age', 0.0034387635513963032)	('rDLPFC_to_lPTL_T1', -0.003295539175841401)	('L_PTL_T1', 0.0026598584868926696)	('L_SMA_T1', 0.0003354899581779138)	('rDLPFC_to_lIFG_T1', 3.817584254712595e-05)	
