predictors	pearson_correlation	mean_squared_error	r2	
rois + act_t1 + conn_t1 + age + T1	-0.007718726879317427	0.06322039203924781	-0.052993648781416214	('lDLPFC_to_lPTL_T1', 0.011995844591529655)	('L_IFGorb_T1', 0.010397315961450005)	('L_SMA_T1', 0.009598533256303513)	('L_DLPFC', -0.008988157922986392)	('lDLPFC_to_lIFG_T1', 0.008647115862942156)	('L_PTL', -0.007338016392380233)	('lSMA_to_lIFG_T1', -0.007234338901861896)	('rDLPFC_to_lPTL_T1', -0.006508173360507593)	('Age', 0.006259331149297148)	('rIFG_to_lIFG_T1', 0.0057552522916081)	('L_DLPFC_T1', 0.005654477490130022)	('T1', 0.00551550840260422)	('lSMA_to_lPTL_T1', 0.005295790656212174)	('lPTL_to_lIFG_T1', -0.0038236757999081648)	('lIFG_to_lPTL_T1', 0.0030787715678071265)	('L_IFGorb', 0.0007932355477178393)	('L_PTL_T1', 0.000787055786547729)	('R_DLPFC_T1', 0.0007868593898046106)	('rDLPFC_to_lIFG_T1', 0.0007835990968866559)	('L_SMA', 0.00029645061542569713)	('R_IFGorb_T1', -3.8381256304600445e-05)	
