predictors	pearson_correlation	mean_squared_error	r2	
rois + act_t1 + conn_t1 + age + T1	0.04436629185007029	0.06063617519383517	-0.009951145602946188	('L_IFGorb', -0.013462301376388567)	('lSMA_to_lPTL_T1', 0.00933378359202211)	('L_SMA_T1', 0.008903441445327776)	('rDLPFC_to_lPTL_T1', 0.008318176138402474)	('rDLPFC_to_lIFG_T1', -0.006716285065126518)	('lDLPFC_to_lIFG_T1', 0.0057621388819637884)	('lSMA_to_lIFG_T1', 0.005618072659918227)	('T1', -0.004092744659511252)	('lDLPFC_to_lPTL_T1', 0.0035104360991565736)	('L_DLPFC', 0.0031861943344730142)	('rIFG_to_lIFG_T1', 0.002810257511980733)	('L_IFGorb_T1', -0.002355475360639982)	('L_PTL', 0.002068157469126878)	('L_SMA', 0.001997558665560038)	('Age', 0.0018241850540475905)	('lIFG_to_lPTL_T1', -0.001431958888603229)	('lPTL_to_lIFG_T1', -0.001380215614335748)	('L_DLPFC_T1', -0.0012393997691163235)	('L_PTL_T1', -0.0008349665228693985)	('R_DLPFC_T1', 0.0005514477721186041)	('R_IFGorb_T1', 0.0004284979987924108)	
