predictors	pearson_correlation	mean_squared_error	r2	
rois + act_t1 + conn_t1 + age + T1	0.144343722108051	0.06475278660939068	-0.07851708667445934	('lIFG_to_lPTL_T1', 0.01837413612362389)	('rDLPFC_to_lIFG_T1', 0.012897827636232831)	('lDLPFC_to_lPTL_T1', -0.01167513747428039)	('L_PTL', 0.011351145442238097)	('lPTL_to_lIFG_T1', -0.011167347563616687)	('L_SMA', 0.011069878124116741)	('R_IFGorb_T1', 0.00884028004477672)	('L_IFGorb_T1', 0.008741638275328398)	('L_SMA_T1', 0.007966487987607462)	('L_DLPFC_T1', -0.007192921583425634)	('T1', 0.006528805375833094)	('L_IFGorb', 0.005544976370692534)	('lSMA_to_lIFG_T1', -0.005326894564861081)	('Age', 0.004598554085380219)	('lSMA_to_lPTL_T1', 0.003710768873883112)	('R_DLPFC_T1', 0.0022094348088818813)	('L_DLPFC', 0.0019058411145212457)	('rIFG_to_lIFG_T1', 0.0013482125289880655)	('L_PTL_T1', -0.0013385626574326413)	('lDLPFC_to_lIFG_T1', -0.0005782354751380559)	('rDLPFC_to_lPTL_T1', -0.0003746626873910203)	
