predictors	pearson_correlation	mean_squared_error	r2	
rois + act_t1 + conn_t1 + age + T1	0.20553845775401533	0.05820004410244714	0.03062485343923038	('L_IFGorb_T1', -0.024148512271794605)	('lSMA_to_lIFG_T1', 0.015285649107758459)	('rDLPFC_to_lPTL_T1', 0.014252974114945251)	('rDLPFC_to_lIFG_T1', 0.012475234653061383)	('R_IFGorb_T1', -0.00978209118718286)	('lIFG_to_lPTL_T1', 0.008493592639933463)	('R_DLPFC_T1', 0.008233465610585237)	('lDLPFC_to_lPTL_T1', 0.007525370471260096)	('lPTL_to_lIFG_T1', 0.004335611917059616)	('lDLPFC_to_lIFG_T1', -0.004302020519184518)	('Age', 0.004198231300591965)	('L_IFGorb', -0.003910898455156503)	('L_SMA', 0.0036693544088247185)	('lSMA_to_lPTL_T1', -0.0027204065898154264)	('L_DLPFC', 0.002715644274126772)	('L_PTL_T1', 0.0024362763666198857)	('L_SMA_T1', 0.00211993883988929)	('L_PTL', -0.0012867245216726159)	('rIFG_to_lIFG_T1', 0.0012794634438185132)	('T1', 0.000895260215082064)	('L_DLPFC_T1', -0.0005393168626439214)	
