predictors	pearson_correlation	mean_squared_error	r2	
rois + act_t1 + conn_t1 + age + T1	0.18142462786777142	0.05810455387753196	0.032215330769614026	('R_IFGorb_T1', 0.013312776550999982)	('L_DLPFC_T1', 0.007059997729706954)	('rDLPFC_to_lIFG_T1', -0.005556097950306746)	('L_PTL', 0.00496695698362447)	('lDLPFC_to_lIFG_T1', 0.004897000295976229)	('L_PTL_T1', 0.004592339437834854)	('L_IFGorb_T1', -0.004360936691234075)	('L_IFGorb', 0.0035582314326837016)	('lPTL_to_lIFG_T1', 0.003421111313912456)	('Age', 0.003419756333110639)	('lSMA_to_lPTL_T1', -0.0027415952627961844)	('L_DLPFC', 0.0025686978774079328)	('lSMA_to_lIFG_T1', 0.0024366396867426944)	('lDLPFC_to_lPTL_T1', 0.0023834454204178135)	('rDLPFC_to_lPTL_T1', 0.0016389144915005755)	('lIFG_to_lPTL_T1', 0.001483549795315882)	('L_SMA', 0.0012130369237124605)	('L_SMA_T1', 0.0007580490912552526)	('rIFG_to_lIFG_T1', -0.0006366305139498045)	('T1', -0.00019357836187424514)	('R_DLPFC_T1', 8.864350571039569e-05)	
