predictors	pearson_correlation	mean_squared_error	r2	
rois + act_t1 + conn_t1 + age + T1	-0.020958211945428403	0.06376802984484436	-0.062115059018286845	('L_IFGorb', 0.01614256345689244)	('R_IFGorb_T1', 0.015814532164783894)	('L_IFGorb_T1', 0.010863852948549768)	('Age', 0.009009834737015313)	('T1', 0.007697040941037522)	('L_SMA_T1', 0.006930153243208841)	('L_PTL_T1', 0.006857449946598733)	('L_DLPFC', -0.006371656967427518)	('rDLPFC_to_lIFG_T1', -0.006357020044132204)	('lDLPFC_to_lIFG_T1', 0.00491877448299579)	('lDLPFC_to_lPTL_T1', 0.004824477238748223)	('L_DLPFC_T1', 0.00398739600412663)	('L_PTL', 0.003541673862874008)	('R_DLPFC_T1', 0.0035150872242189937)	('lSMA_to_lPTL_T1', 0.0033384787379814587)	('L_SMA', -0.00320120536755402)	('lPTL_to_lIFG_T1', -0.0022341017528955637)	('rDLPFC_to_lPTL_T1', -0.0017478089694012591)	('lIFG_to_lPTL_T1', 0.0012692571897343762)	('rIFG_to_lIFG_T1', -0.00024704559733844915)	('lSMA_to_lIFG_T1', -0.0001903885027825184)	
