predictors	pearson_correlation	mean_squared_error	r2	
rois + act_t1 + conn_t1 + age + T1	0.04627676981614602	0.06303319599153777	-0.04987572681102903	('rDLPFC_to_lIFG_T1', 0.015419947485893627)	('L_PTL_T1', 0.013887862339622315)	('lPTL_to_lIFG_T1', 0.005767844472509776)	('R_IFGorb_T1', 0.005181753806700971)	('L_DLPFC_T1', -0.004817274547191945)	('L_SMA', 0.004367149832030991)	('L_IFGorb', 0.0040803233686333845)	('L_SMA_T1', 0.0028084224267636753)	('rDLPFC_to_lPTL_T1', -0.0026036659253989474)	('lDLPFC_to_lPTL_T1', 0.0022623481892642223)	('lDLPFC_to_lIFG_T1', -0.0022425851469619123)	('L_DLPFC', 0.0020997541255297447)	('lIFG_to_lPTL_T1', 0.0016316781911968233)	('lSMA_to_lIFG_T1', 0.0012867312536129815)	('R_DLPFC_T1', -0.0011934547358088043)	('lSMA_to_lPTL_T1', -0.0011325467705554039)	('rIFG_to_lIFG_T1', -0.0010472948320170699)	('Age', 0.0010394771862162098)	('T1', -0.0005492442705344964)	('L_PTL', -0.0002131961071701801)	('L_IFGorb_T1', -0.00013972133289133764)	
