predictors	pearson_correlation	mean_squared_error	r2	
rois + act_t1 + conn_t1 + age + T1	0.26366034315427483	0.05646699948988365	0.059490301931724665	('rIFG_to_lIFG_T1', 0.013784176080392271)	('Age', 0.01210921755278892)	('lDLPFC_to_lIFG_T1', -0.010650863565866513)	('R_DLPFC_T1', 0.009833904429346759)	('L_IFGorb', -0.009305435557866839)	('lSMA_to_lIFG_T1', -0.008747679701265592)	('lSMA_to_lPTL_T1', -0.008556568248956906)	('lPTL_to_lIFG_T1', 0.006833688317627096)	('L_IFGorb_T1', -0.006496888217786668)	('R_IFGorb_T1', 0.0061897223898441335)	('L_DLPFC_T1', 0.005587074941798401)	('rDLPFC_to_lIFG_T1', 0.0055854618052924)	('lDLPFC_to_lPTL_T1', 0.005114745569071296)	('T1', 0.002691008215224693)	('rDLPFC_to_lPTL_T1', -0.0024918796116180156)	('L_DLPFC', 0.0020418045481623856)	('L_SMA_T1', -0.0018447380599178446)	('L_PTL', 0.0013700737395858557)	('L_SMA', -0.001171201342266645)	('lIFG_to_lPTL_T1', -0.001009786531074803)	('L_PTL_T1', 9.118271043889381e-05)	
