predictors	pearson_correlation	mean_squared_error	r2	
rois + act_t1 + conn_t1 + age + T1	0.0635067972093431	0.05989777748418878	0.002347545902315451	('T1', 0.009226380959781939)	('L_PTL_T1', 0.005233788857093676)	('lDLPFC_to_lIFG_T1', 0.005086471958863875)	('L_DLPFC_T1', 0.004862798937906689)	('lDLPFC_to_lPTL_T1', 0.003891776640717519)	('Age', -0.0037947676696782895)	('L_PTL', -0.003491117903757697)	('L_IFGorb', 0.003158258429471142)	('L_SMA_T1', -0.002963913662079583)	('L_DLPFC', 0.002879754167430147)	('rIFG_to_lIFG_T1', -0.0020378796449895134)	('rDLPFC_to_lIFG_T1', -0.0017496002586707773)	('rDLPFC_to_lPTL_T1', -0.0013985223367571228)	('lIFG_to_lPTL_T1', 0.0013336794631012934)	('lSMA_to_lIFG_T1', -0.00123649023201832)	('L_SMA', -0.0008655918948162191)	('R_DLPFC_T1', 0.0007833647071573488)	('R_IFGorb_T1', 0.0007417020178882476)	('L_IFGorb_T1', 0.0006224686821214105)	('lSMA_to_lPTL_T1', 0.0005110004068985134)	('lPTL_to_lIFG_T1', -0.0001160192247782127)	
