predictors	pearson_correlation	mean_squared_error	r2	
rois + act_t1 + conn_t1 + age + T1	0.0941371911961072	0.061963030921769094	-0.032051145449455865	('L_PTL_T1', 0.01939204667653191)	('R_DLPFC_T1', 0.015892205646476885)	('L_IFGorb_T1', 0.014327834477775676)	('T1', -0.01086453402126592)	('lIFG_to_lPTL_T1', -0.009554850806567445)	('rDLPFC_to_lPTL_T1', 0.00944627215012573)	('R_IFGorb_T1', 0.009289925807488764)	('Age', 0.0076483257684298485)	('L_PTL', 0.007623562708844055)	('L_SMA_T1', -0.005775552622336031)	('L_DLPFC_T1', -0.0053945385119154015)	('L_SMA', 0.0051589052560999)	('lSMA_to_lPTL_T1', -0.0049762657411927735)	('lSMA_to_lIFG_T1', 0.004716670829771392)	('L_DLPFC', -0.004559487647235678)	('lDLPFC_to_lPTL_T1', -0.00432064819964977)	('lDLPFC_to_lIFG_T1', 0.0033560154963730112)	('L_IFGorb', 0.002866062393434765)	('lPTL_to_lIFG_T1', -0.001383477105449401)	('rIFG_to_lIFG_T1', 0.0013307691090726915)	('rDLPFC_to_lIFG_T1', -0.00023937251834123664)	
