predictors	pearson_correlation	mean_squared_error	r2	
rois + act_t1 + conn_t1 + age + T1	0.035071706894093405	0.06238008104417013	-0.03899749797822816	('lDLPFC_to_lIFG_T1', 0.023304939763087697)	('L_IFGorb_T1', -0.01470450508972381)	('rIFG_to_lIFG_T1', 0.014553282709728048)	('lIFG_to_lPTL_T1', 0.010958134059345755)	('rDLPFC_to_lIFG_T1', 0.00931082894016228)	('lPTL_to_lIFG_T1', -0.008426301922571334)	('L_DLPFC', 0.008235439808451267)	('lSMA_to_lPTL_T1', 0.007608420333296608)	('T1', 0.006287604275545923)	('Age', 0.005077439345259)	('L_DLPFC_T1', 0.005066169140816939)	('L_SMA', 0.0046466217030047335)	('L_PTL_T1', 0.004405579485258217)	('L_IFGorb', 0.0035545777678097764)	('lSMA_to_lIFG_T1', 0.001776012534653114)	('lDLPFC_to_lPTL_T1', 0.0015933779377448228)	('R_DLPFC_T1', 0.001057001348992798)	('R_IFGorb_T1', -0.0007243865600648)	('rDLPFC_to_lPTL_T1', -0.0002565441551295697)	('L_SMA_T1', -0.00022300314661543566)	('L_PTL', -7.698862865773674e-05)	
