predictors	pearson_correlation	mean_squared_error	r2	
rois + act_t1 + conn_t1 + age + T1	0.15670405350529507	0.05927896727699897	0.012654397804901851	('L_DLPFC', -0.01499779468892888)	('lIFG_to_lPTL_T1', 0.012551562100829252)	('L_PTL_T1', 0.0112779995839102)	('lSMA_to_lIFG_T1', 0.009529361898473207)	('lDLPFC_to_lIFG_T1', 0.009389970755341847)	('lSMA_to_lPTL_T1', 0.007200591460483418)	('rDLPFC_to_lPTL_T1', 0.006345353937714955)	('R_DLPFC_T1', -0.005831175839392765)	('L_SMA', 0.00549275664534727)	('L_IFGorb_T1', -0.004717242933769771)	('lPTL_to_lIFG_T1', 0.004161067749551086)	('T1', 0.0037265393261807574)	('Age', -0.0035392217417110506)	('rIFG_to_lIFG_T1', -0.002518574509420022)	('L_PTL', 0.0023439107142596365)	('lDLPFC_to_lPTL_T1', 0.0017024701570799111)	('R_IFGorb_T1', 0.0017002763962075307)	('rDLPFC_to_lIFG_T1', -0.0016800633810907554)	('L_DLPFC_T1', -0.001316755670938175)	('L_IFGorb', 0.0010606124994898445)	('L_SMA_T1', 5.6616075319413156e-05)	
