predictors	pearson_correlation	mean_squared_error	r2	
rois + act_t1 + conn_t1 + age + T1	-0.26499072302532684	0.07102767215958655	-0.18303106417533566	('T1', 0.01722374762196091)	('lSMA_to_lIFG_T1', 0.010805239059906734)	('L_SMA', -0.010325559132104915)	('lSMA_to_lPTL_T1', 0.008115062971854681)	('lDLPFC_to_lIFG_T1', -0.007958753068316513)	('Age', 0.007442953223844493)	('L_PTL', -0.005999704546212673)	('L_PTL_T1', -0.005991031214731134)	('L_IFGorb_T1', 0.005785841680388624)	('L_IFGorb', 0.004969956603688218)	('lIFG_to_lPTL_T1', 0.004951280413747051)	('R_IFGorb_T1', 0.004111305606520546)	('L_DLPFC_T1', 0.003796565711491662)	('R_DLPFC_T1', 0.003595893813808769)	('rIFG_to_lIFG_T1', 0.0030855752786652113)	('lDLPFC_to_lPTL_T1', -0.002539805753121383)	('rDLPFC_to_lIFG_T1', -0.0019282142029595337)	('L_SMA_T1', 0.0015827828740926997)	('rDLPFC_to_lPTL_T1', -0.0014101766978225673)	('lPTL_to_lIFG_T1', -0.0008632978471361989)	('L_DLPFC', -0.0003276797133083613)	
