predictors	pearson_correlation	mean_squared_error	r2	
rois + act_t1 + conn_t1 + age + T1	-0.0470033706118612	0.06307184421429464	-0.05051944842974998	('lDLPFC_to_lPTL_T1', 0.016096674585249677)	('R_DLPFC_T1', 0.014328628387602505)	('L_DLPFC', -0.010952952391765509)	('lSMA_to_lIFG_T1', 0.01095035592842222)	('rDLPFC_to_lIFG_T1', 0.010107968908395987)	('L_SMA', 0.007711044558536135)	('L_PTL_T1', 0.007585983587035647)	('T1', 0.007299227555599855)	('lPTL_to_lIFG_T1', -0.007115006981490694)	('L_SMA_T1', -0.006660967070260361)	('R_IFGorb_T1', 0.006384784799412812)	('lDLPFC_to_lIFG_T1', -0.006279363154288484)	('L_DLPFC_T1', -0.0059652515566503235)	('rIFG_to_lIFG_T1', 0.0042294584409564625)	('L_PTL', 0.0041314439787424094)	('lSMA_to_lPTL_T1', 0.0036586572909648955)	('L_IFGorb_T1', 0.00330680148713223)	('Age', 0.003046735085250033)	('rDLPFC_to_lPTL_T1', 0.0026139116477510893)	('lIFG_to_lPTL_T1', 0.000933906445765962)	('L_IFGorb', 0.00025120539386608027)	
