predictors	pearson_correlation	mean_squared_error	r2	
rois + act_t1 + conn_t1 + age + T1	0.22588447934902126	0.05751399313335756	0.042051661940246676	('rDLPFC_to_lIFG_T1', 0.023557949689458155)	('L_DLPFC_T1', -0.011022634647508847)	('L_SMA_T1', 0.010827571442588894)	('L_PTL', 0.009922171676581246)	('R_IFGorb_T1', 0.009318137352236617)	('lSMA_to_lPTL_T1', 0.0085558665805115)	('lIFG_to_lPTL_T1', 0.007582502208581441)	('lDLPFC_to_lPTL_T1', -0.006701604103576233)	('L_PTL_T1', 0.006675051335311611)	('L_IFGorb_T1', -0.00561429076520357)	('rIFG_to_lIFG_T1', 0.005237937894458359)	('rDLPFC_to_lPTL_T1', 0.004424242253977292)	('L_IFGorb', 0.0035008965089616314)	('L_DLPFC', -0.003267041447853989)	('R_DLPFC_T1', -0.0029026224006714653)	('lSMA_to_lIFG_T1', 0.002884321923992744)	('L_SMA', -0.0020148046526279576)	('T1', -0.0008742862969211773)	('lPTL_to_lIFG_T1', -0.0005743476419423273)	('lDLPFC_to_lIFG_T1', 0.0004083537607584268)	('Age', -0.00011519218332325384)	
