predictors	pearson_correlation	mean_squared_error	r2	
rois + act_t1 + conn_t1 + age + T1	-0.10679275583732874	0.062276215539310634	-0.0372675226741106	('Age', 0.014261481828489495)	('lDLPFC_to_lPTL_T1', 0.013800006000275446)	('L_PTL_T1', 0.00667495386293441)	('rIFG_to_lIFG_T1', 0.005629224676396764)	('lSMA_to_lPTL_T1', 0.004496613770496949)	('lIFG_to_lPTL_T1', 0.003875560871549955)	('L_SMA', 0.002858134137955984)	('R_IFGorb_T1', 0.002291039324932103)	('R_DLPFC_T1', -0.002290691008046941)	('L_IFGorb_T1', -0.0019942300985647094)	('rDLPFC_to_lIFG_T1', 0.001268975084809346)	('L_SMA_T1', 0.00109437812476648)	('L_IFGorb', -0.0010716757164165292)	('lDLPFC_to_lIFG_T1', 0.0009791069959486593)	('rDLPFC_to_lPTL_T1', 0.0009546331858970831)	('lPTL_to_lIFG_T1', 0.0007936238671090907)	('L_DLPFC_T1', -0.0007766947643039178)	('lSMA_to_lIFG_T1', 0.0006231118844363391)	('L_DLPFC', -0.0005904570470008269)	('T1', 0.0005580920797767005)	('L_PTL', -1.5702723952382688e-05)	
