predictors	pearson_correlation	mean_squared_error	r2	
rois + act_t1 + conn_t1 + age + T1	-0.1741815026218169	0.06419842027989024	-0.06928360669698885	('lDLPFC_to_lPTL_T1', 0.010917724787051141)	('Age', 0.010208045266541673)	('rDLPFC_to_lIFG_T1', 0.009412380550279171)	('L_DLPFC', 0.00871440742060572)	('L_SMA', 0.006984663551394278)	('lDLPFC_to_lIFG_T1', 0.0069730034161087605)	('lSMA_to_lPTL_T1', -0.006265339501066507)	('L_DLPFC_T1', -0.006082308328938676)	('R_DLPFC_T1', -0.005956002670215341)	('rDLPFC_to_lPTL_T1', 0.0044522824963734884)	('L_SMA_T1', 0.004047462912496085)	('lSMA_to_lIFG_T1', -0.003990223838238733)	('L_IFGorb', 0.0030523351108941543)	('L_PTL', 0.00294902962866063)	('L_PTL_T1', 0.0026525344907320373)	('rIFG_to_lIFG_T1', 0.0026445350123891526)	('lIFG_to_lPTL_T1', 0.001851682941234473)	('L_IFGorb_T1', 0.001587110401926421)	('R_IFGorb_T1', -0.000765687951465511)	('lPTL_to_lIFG_T1', 0.0007410758811305678)	('T1', 0.0007102714362055287)	
