predictors	pearson_correlation	mean_squared_error	r2	
rois + act_t1 + conn_t1 + age + T1	-0.16403320331078897	0.06267080975538684	-0.04383985147454217	('L_IFGorb_T1', 0.013071112537659515)	('Age', 0.008892128487128491)	('R_IFGorb_T1', -0.008036248685816986)	('T1', 0.007380952438061207)	('lSMA_to_lPTL_T1', 0.005595842460447804)	('L_SMA_T1', 0.005445715471148426)	('lSMA_to_lIFG_T1', 0.005298909254212094)	('L_IFGorb', 0.00488033275664693)	('lPTL_to_lIFG_T1', 0.0037753254380505953)	('lDLPFC_to_lIFG_T1', 0.0035684347270901096)	('rDLPFC_to_lIFG_T1', 0.0029350046969342223)	('L_DLPFC', 0.0018714965609379752)	('L_PTL_T1', -0.0014083950999767693)	('L_PTL', 0.001375970612425442)	('R_DLPFC_T1', 0.0012929160206675385)	('L_DLPFC_T1', -0.0009288144025633633)	('rDLPFC_to_lPTL_T1', -0.0004428643250933873)	('lDLPFC_to_lPTL_T1', -0.00027970475432823234)	('L_SMA', 0.00023190458740101054)	('lIFG_to_lPTL_T1', -0.0001503776427561254)	('rIFG_to_lIFG_T1', -2.229241035754687e-05)	
