predictors	pearson_correlation	mean_squared_error	r2	
rois + act_t1 + conn_t1 + age + T1	-0.08081033661722588	0.06432042233902145	-0.07131566295699532	('L_PTL_T1', 0.014009324815247743)	('L_IFGorb_T1', 0.013021864247621983)	('rIFG_to_lIFG_T1', 0.009663411392265456)	('Age', 0.006397575918120189)	('lSMA_to_lPTL_T1', 0.005460434356540327)	('L_SMA', 0.005446844210687068)	('L_PTL', 0.005357345052930279)	('R_DLPFC_T1', -0.004322177174148777)	('R_IFGorb_T1', -0.003860784159729026)	('L_SMA_T1', 0.003795741415433241)	('T1', -0.003679627602849995)	('L_IFGorb', 0.0036639268054762075)	('lDLPFC_to_lPTL_T1', 0.0031706314588325324)	('rDLPFC_to_lIFG_T1', 0.003065155100252977)	('L_DLPFC_T1', 0.0027215602838297215)	('lDLPFC_to_lIFG_T1', 0.0024429226200893346)	('rDLPFC_to_lPTL_T1', -0.0016033351740337234)	('lIFG_to_lPTL_T1', -0.0012016086983470701)	('L_DLPFC', 0.0010536828500055863)	('lSMA_to_lIFG_T1', 0.000714069155094148)	('lPTL_to_lIFG_T1', -0.0005194789735514987)	
