predictors	pearson_correlation	mean_squared_error	r2	
rois + act_t1 + conn_t1 + age + T1	0.2547446559601336	0.05650600131493479	0.0588406907422806	('Age', 0.021620620527097928)	('lSMA_to_lPTL_T1', 0.011435540402985212)	('lDLPFC_to_lIFG_T1', 0.009476812143531042)	('lDLPFC_to_lPTL_T1', 0.009085580770216897)	('T1', -0.0076698564167801166)	('L_SMA', -0.006807084862596127)	('lPTL_to_lIFG_T1', 0.0057634835300964145)	('L_IFGorb_T1', 0.005086622515859009)	('rDLPFC_to_lPTL_T1', 0.004429239323348948)	('R_DLPFC_T1', 0.004079456137518828)	('R_IFGorb_T1', 0.003570424421760085)	('lIFG_to_lPTL_T1', 0.003396158233178237)	('lSMA_to_lIFG_T1', -0.0028691290220190526)	('L_DLPFC', -0.002734309987823302)	('rDLPFC_to_lIFG_T1', 0.0018679330879101594)	('L_SMA_T1', 0.001020949518766919)	('L_PTL_T1', -0.0007950177719474712)	('L_PTL', 0.0007074734667608444)	('L_IFGorb', 0.00065135222914569)	('L_DLPFC_T1', -0.0004319400524044193)	('rIFG_to_lIFG_T1', -0.0004186054622873111)	
