predictors	pearson_correlation	mean_squared_error	r2	
rois + act_t1 + conn_t1 + age + T1	0.1889297441468757	0.057937003711156	0.03500603255673085	('L_DLPFC', 0.009805965219639107)	('L_SMA_T1', 0.009479130101283907)	('lIFG_to_lPTL_T1', -0.008620609106278447)	('Age', 0.007856822645966972)	('R_DLPFC_T1', 0.005906432771994375)	('lPTL_to_lIFG_T1', 0.005854095402012296)	('L_DLPFC_T1', 0.005207265315332308)	('L_IFGorb', 0.005171573916555013)	('lDLPFC_to_lIFG_T1', 0.005060067062314184)	('rDLPFC_to_lIFG_T1', 0.0049718574458503546)	('R_IFGorb_T1', 0.004787181332230996)	('rDLPFC_to_lPTL_T1', 0.004553035527876169)	('lSMA_to_lIFG_T1', 0.003947964601277631)	('L_IFGorb_T1', 0.002902691410038329)	('T1', -0.0028987800450001374)	('L_PTL', 0.0023206643576838613)	('rIFG_to_lIFG_T1', 0.002159161162888289)	('L_SMA', 0.0017523528910961099)	('lSMA_to_lPTL_T1', -0.0010433020360154203)	('L_PTL_T1', -0.0007700042256046498)	('lDLPFC_to_lPTL_T1', 0.0002347060982508353)	
