predictors	pearson_correlation	mean_squared_error	r2	
rois + act_t1 + conn_t1 + age + T1	-0.2416193004495961	0.06546545090643344	-0.0903871645764347	('T1', 0.011473610374570382)	('rDLPFC_to_lPTL_T1', 0.008035469938131421)	('L_DLPFC', 0.0063580384983339564)	('Age', -0.006197208132178476)	('L_IFGorb', -0.005273385052659809)	('rDLPFC_to_lIFG_T1', -0.004692654025171185)	('lPTL_to_lIFG_T1', 0.004343146658875055)	('R_IFGorb_T1', 0.0043340750932867695)	('L_SMA_T1', 0.0030609327196382072)	('rIFG_to_lIFG_T1', 0.0028879342529431625)	('L_PTL_T1', 0.002482400899044323)	('lSMA_to_lPTL_T1', 0.0024745801541437643)	('L_DLPFC_T1', 0.002365001908893677)	('L_IFGorb_T1', -0.0022214155177744397)	('lDLPFC_to_lIFG_T1', -0.0021616308403627086)	('lIFG_to_lPTL_T1', -0.001503506238883936)	('lDLPFC_to_lPTL_T1', 0.0014839209063577936)	('L_SMA', 0.001184635216412658)	('lSMA_to_lIFG_T1', 0.0006014601940571428)	('L_PTL', -0.00027330469847727736)	('R_DLPFC_T1', -0.00014418248174843828)	
