predictors	pearson_correlation	mean_squared_error	r2	
rois + act_t1 + conn_t1 + age + T1	0.13112783591679444	0.05910453156399794	0.01555978469014474	('lPTL_to_lIFG_T1', -0.00919553147790954)	('lSMA_to_lPTL_T1', 0.00916141136635369)	('lIFG_to_lPTL_T1', 0.009119477172461884)	('L_IFGorb_T1', 0.008527714572791016)	('L_DLPFC', 0.007011503025910809)	('lDLPFC_to_lPTL_T1', 0.00672131749668737)	('L_IFGorb', 0.005451960568270666)	('L_SMA_T1', -0.005425087605420494)	('R_IFGorb_T1', 0.004398219332954855)	('rIFG_to_lIFG_T1', 0.0043790317382156035)	('lSMA_to_lIFG_T1', 0.004057005750100728)	('L_SMA', 0.0031259974121623743)	('rDLPFC_to_lIFG_T1', 0.002982043479091513)	('Age', 0.002183746635994411)	('L_PTL', -0.0014590196413238157)	('rDLPFC_to_lPTL_T1', -0.0010141268560143087)	('lDLPFC_to_lIFG_T1', 0.0009124412656482729)	('L_PTL_T1', 0.0006724369115264111)	('T1', -0.0004505740789623698)	('R_DLPFC_T1', -0.00015425493981565422)	('L_DLPFC_T1', 0.00010485212206772385)	
