predictors	pearson_correlation	mean_squared_error	r2	
rois + act_t1 + conn_t1 + age + T1	0.08018290299039994	0.059723304985092644	0.005253545493732026	('L_PTL_T1', 0.019621323762244805)	('L_DLPFC', 0.017717474067830273)	('L_SMA', 0.014193075981513184)	('L_DLPFC_T1', 0.008088911298164922)	('rDLPFC_to_lIFG_T1', 0.007127764180801436)	('lSMA_to_lPTL_T1', -0.006198116924116545)	('lIFG_to_lPTL_T1', 0.00470964644655645)	('lDLPFC_to_lPTL_T1', 0.004619188512690903)	('rIFG_to_lIFG_T1', -0.004517408580527619)	('lPTL_to_lIFG_T1', 0.004491240432622052)	('lSMA_to_lIFG_T1', -0.003618287865754298)	('lDLPFC_to_lIFG_T1', -0.0033293233733451932)	('Age', 0.002857105399132851)	('L_SMA_T1', -0.002851120557699492)	('L_IFGorb_T1', 0.0027104426771663373)	('R_IFGorb_T1', -0.002538213382164564)	('L_PTL', 0.0017879207802359014)	('R_DLPFC_T1', 0.001665899398490485)	('rDLPFC_to_lPTL_T1', -0.001407442067613125)	('T1', -0.0008978697578513196)	('L_IFGorb', 0.0004243953586255928)	
