predictors	pearson_correlation	mean_squared_error	r2	
rois + act_t1 + conn_t1 + age + T1	0.018297890773513074	0.062481204608633156	-0.04068180374867625	('lPTL_to_lIFG_T1', 0.019758481316357532)	('L_SMA', 0.009205392864851272)	('lDLPFC_to_lIFG_T1', 0.009201755577752086)	('rIFG_to_lIFG_T1', 0.007186328487250909)	('L_DLPFC', 0.006015809073636647)	('rDLPFC_to_lIFG_T1', 0.005618298781942596)	('lSMA_to_lPTL_T1', 0.005578648193636631)	('Age', -0.005371770315493518)	('rDLPFC_to_lPTL_T1', -0.0053182651477962604)	('R_IFGorb_T1', -0.004903725813751964)	('T1', -0.004513882805779019)	('lSMA_to_lIFG_T1', -0.004291220749725391)	('lDLPFC_to_lPTL_T1', -0.004144018951081116)	('L_SMA_T1', 0.0036413046780945776)	('L_IFGorb_T1', 0.0033931009657290913)	('L_IFGorb', -0.00271207775801443)	('L_DLPFC_T1', -0.0015774628131493438)	('lIFG_to_lPTL_T1', 0.001208511441133588)	('L_PTL_T1', 0.0011533065565751087)	('L_PTL', -0.00025298434018601465)	('R_DLPFC_T1', 7.2679196643946e-05)	
