predictors	pearson_correlation	mean_squared_error	r2	
rois + act_t1 + conn_t1 + age + T1	0.11473332010373342	0.059491768620690895	0.009109996131140718	('lSMA_to_lPTL_T1', 0.01772931797074265)	('L_SMA_T1', 0.012848122261542352)	('L_IFGorb', 0.010440145030082273)	('T1', -0.010105789386828346)	('rDLPFC_to_lIFG_T1', 0.009557362491391322)	('lIFG_to_lPTL_T1', -0.007296203444079905)	('Age', 0.0061945801303400095)	('lPTL_to_lIFG_T1', -0.0061743219414451675)	('L_SMA', 0.005744748003119602)	('L_DLPFC_T1', 0.005078919957406156)	('rIFG_to_lIFG_T1', 0.0033169017843446783)	('R_IFGorb_T1', 0.002768886180528062)	('lDLPFC_to_lPTL_T1', -0.0026400609781459766)	('L_DLPFC', 0.0022052678604749403)	('L_PTL', 0.002166430747312587)	('R_DLPFC_T1', 0.0020608873315012062)	('L_PTL_T1', 0.0016540164954304427)	('lSMA_to_lIFG_T1', 0.0015367748233859728)	('L_IFGorb_T1', 0.0013342395081912242)	('lDLPFC_to_lIFG_T1', -0.0002558227381229561)	('rDLPFC_to_lPTL_T1', 0.0002183424865524766)	
