predictors	pearson_correlation	mean_squared_error	r2	
rois + act_t1 + conn_t1 + age + T1	-0.08879463018241832	0.06424226104873745	-0.07001381493620906	('R_DLPFC_T1', 0.010541440777586468)	('lPTL_to_lIFG_T1', 0.010322994649850743)	('T1', 0.009787905297340332)	('L_DLPFC', -0.0074064210757535985)	('lIFG_to_lPTL_T1', -0.007062363811669933)	('Age', 0.006384275400282717)	('rIFG_to_lIFG_T1', 0.0063774149503347645)	('L_IFGorb_T1', -0.005909984871512946)	('lSMA_to_lPTL_T1', 0.005494830492344131)	('L_SMA', 0.005393756668069502)	('L_IFGorb', 0.004510317288804914)	('L_PTL', 0.004193066852441078)	('lDLPFC_to_lIFG_T1', 0.0032329387855349165)	('rDLPFC_to_lIFG_T1', -0.0030732904137949777)	('L_DLPFC_T1', -0.002427019730088574)	('lDLPFC_to_lPTL_T1', 0.0019756638382348725)	('L_SMA_T1', 0.0015085535437659799)	('rDLPFC_to_lPTL_T1', -0.0011303139394217797)	('R_IFGorb_T1', -0.0004797432037240633)	('L_PTL_T1', 0.00020324209447339776)	('lSMA_to_lIFG_T1', -0.00014537497422343799)	
