predictors	pearson_correlation	mean_squared_error	r2	
rois + act_t1 + conn_t1 + age + T1	-0.041897599771655025	0.06179270821044943	-0.02921426438184893	('L_SMA_T1', 0.010453791473506387)	('lPTL_to_lIFG_T1', 0.009569754138322145)	('L_SMA', 0.00947804066809136)	('T1', 0.007798386196309497)	('R_IFGorb_T1', 0.004566416394590586)	('lSMA_to_lIFG_T1', -0.0038486792106962706)	('L_PTL', 0.0038454187913272357)	('lSMA_to_lPTL_T1', 0.0029356554251998264)	('L_DLPFC', -0.002853029438280052)	('rDLPFC_to_lIFG_T1', -0.0025993911152622008)	('rDLPFC_to_lPTL_T1', -0.0024119210256768175)	('lDLPFC_to_lPTL_T1', -0.002006576275897516)	('lDLPFC_to_lIFG_T1', 0.0016991802018779104)	('L_PTL_T1', 0.0016094547735076388)	('Age', 0.0014101550639085995)	('lIFG_to_lPTL_T1', 0.0012757238251690887)	('L_IFGorb_T1', -0.001221211968183158)	('rIFG_to_lIFG_T1', -0.0011899468814908494)	('L_IFGorb', 0.0010764454419921346)	('R_DLPFC_T1', -0.000804949804210656)	('L_DLPFC_T1', 0.00039695952930908696)	
