predictors	pearson_correlation	mean_squared_error	r2	
rois + act_t1 + conn_t1 + age + T1	-0.06087343875709202	0.0608331401396072	-0.013231777535784417	('lSMA_to_lPTL_T1', 0.011224157581628732)	('rDLPFC_to_lPTL_T1', 0.007689068674203318)	('L_PTL_T1', 0.007614139467889298)	('L_SMA_T1', 0.0058388985302134724)	('lDLPFC_to_lIFG_T1', 0.004146256480090077)	('lDLPFC_to_lPTL_T1', -0.004106713628521307)	('L_IFGorb_T1', 0.0036852735845527744)	('lPTL_to_lIFG_T1', 0.0036827124770927276)	('rDLPFC_to_lIFG_T1', 0.0031876146758392458)	('L_DLPFC_T1', 0.002098255440543597)	('R_IFGorb_T1', 0.002077367051581135)	('R_DLPFC_T1', -0.001680993014465558)	('Age', 0.001471576443716256)	('rIFG_to_lIFG_T1', 0.0009415715347769875)	('L_IFGorb', -0.0007253891430483443)	('lIFG_to_lPTL_T1', -0.0005695799173702416)	('lSMA_to_lIFG_T1', -0.00046800476846135325)	('T1', 0.00037054277329881215)	('L_SMA', -0.00036424575841290986)	('L_PTL', -2.8134559059265802e-05)	('L_DLPFC', 7.76384882621644e-06)	
