predictors	pearson_correlation	mean_squared_error	r2	
rois + act_t1 + conn_t1 + age + T1	0.07695270701465008	0.05976619351807855	0.004539197616678758	('L_PTL', 0.008527845289792899)	('lSMA_to_lIFG_T1', 0.007031787509893834)	('L_DLPFC', -0.00545503428134859)	('L_PTL_T1', 0.003992397634972899)	('T1', 0.003321587849327955)	('L_SMA_T1', -0.0032413700926208666)	('L_IFGorb_T1', 0.0031807840078875507)	('Age', 0.0025034985989743513)	('rIFG_to_lIFG_T1', 0.001965484865937647)	('lDLPFC_to_lPTL_T1', -0.0017183923876518369)	('lSMA_to_lPTL_T1', -0.0013004812670824113)	('L_DLPFC_T1', 0.0012007150240976757)	('lPTL_to_lIFG_T1', -0.0011461681581128277)	('L_IFGorb', 0.0009492342434808784)	('rDLPFC_to_lIFG_T1', -0.0008038957213690758)	('L_SMA', 0.0007934176481669082)	('rDLPFC_to_lPTL_T1', 0.0005453318358664277)	('lDLPFC_to_lIFG_T1', -0.0003832567750249288)	('R_IFGorb_T1', -0.0003090601822792075)	('lIFG_to_lPTL_T1', -0.00011071410550027475)	('R_DLPFC_T1', 0.0)	
