predictors	pearson_correlation	mean_squared_error	r2	
rois + act_t1 + conn_t1 + age + T1	-0.08494294775332466	0.06779830745756373	-0.129243031372283	('L_PTL', -0.025552123321721472)	('L_SMA', 0.025294193746664004)	('L_DLPFC', 0.01676840255353726)	('lSMA_to_lIFG_T1', 0.016044845881096784)	('L_DLPFC_T1', 0.012766329342112005)	('L_IFGorb_T1', -0.011756416184322048)	('L_IFGorb', 0.00850174359219503)	('T1', 0.00826826802771878)	('Age', -0.008066713583412481)	('lSMA_to_lPTL_T1', 0.0080609448623546)	('lIFG_to_lPTL_T1', 0.007822192660148235)	('lDLPFC_to_lPTL_T1', 0.007693146417002158)	('lDLPFC_to_lIFG_T1', 0.005765706595782587)	('lPTL_to_lIFG_T1', 0.005672556404582081)	('R_IFGorb_T1', 0.003975896357525583)	('rIFG_to_lIFG_T1', 0.0028294775338017406)	('R_DLPFC_T1', 0.0025820081097452947)	('L_SMA_T1', -0.0014344584335558002)	('rDLPFC_to_lIFG_T1', 0.0012777366504973504)	('rDLPFC_to_lPTL_T1', -0.0006001042485439289)	('L_PTL_T1', -0.00027345149979919635)	
