predictors	pearson_correlation	mean_squared_error	r2	
rois + act_t1 + conn_t1 + age + T1	-0.05737086770953809	0.062350217382576054	-0.03850009128754506	('L_IFGorb_T1', 0.008079977237776441)	('lPTL_to_lIFG_T1', 0.006477691979196096)	('R_IFGorb_T1', 0.006040436606161527)	('Age', -0.005692148848063526)	('L_DLPFC_T1', 0.005484358909492632)	('lIFG_to_lPTL_T1', 0.0051171865617659655)	('R_DLPFC_T1', 0.004897806836885971)	('lSMA_to_lIFG_T1', 0.004488465928569984)	('L_PTL', 0.0029231260675025334)	('rDLPFC_to_lIFG_T1', -0.002874310901030145)	('lDLPFC_to_lIFG_T1', -0.002833965578575201)	('L_SMA_T1', 0.002741899041255241)	('L_SMA', 0.0025297117123932143)	('rIFG_to_lIFG_T1', -0.002516490243437548)	('rDLPFC_to_lPTL_T1', 0.002315062604663619)	('lDLPFC_to_lPTL_T1', -0.002020048700923068)	('L_PTL_T1', -0.001956655935553314)	('L_DLPFC', 0.001892516105036979)	('lSMA_to_lPTL_T1', -0.0013391603792009719)	('T1', 0.001182462563400654)	('L_IFGorb', 0.0009839619205209305)	
