predictors	pearson_correlation	mean_squared_error	r2	
rois + act_t1 + conn_t1 + age + T1	-0.20773193974886786	0.0754866342072115	-0.25729916921004636	('lPTL_to_lIFG_T1', 0.015871858963677567)	('lSMA_to_lIFG_T1', 0.014482589600904592)	('L_PTL', 0.011803754685382245)	('T1', 0.008635942005397242)	('lSMA_to_lPTL_T1', 0.007390263620250029)	('lIFG_to_lPTL_T1', 0.007342616657212314)	('L_DLPFC_T1', 0.005957943006385437)	('L_SMA', 0.005860025028040492)	('Age', 0.005803704284061065)	('R_IFGorb_T1', 0.005697774393568607)	('L_SMA_T1', -0.004567610686346313)	('lDLPFC_to_lIFG_T1', 0.0034698760093897596)	('rDLPFC_to_lPTL_T1', 0.0033265323197928507)	('L_IFGorb', -0.0027675381973372277)	('rIFG_to_lIFG_T1', 0.0027067116971888575)	('R_DLPFC_T1', 0.0022867753635277123)	('L_IFGorb_T1', -0.001958304603149164)	('L_PTL_T1', -0.001353840262787384)	('rDLPFC_to_lIFG_T1', 0.0012333703856219698)	('L_DLPFC', -0.0004670300343405406)	('lDLPFC_to_lPTL_T1', -8.681589808086467e-05)	
