predictors	pearson_correlation	mean_squared_error	r2	
rois + act_t1 + conn_t1 + age + T1	0.12608859590014057	0.059314151232332815	0.012068376739379993	('lDLPFC_to_lIFG_T1', 0.01660813223571635)	('L_DLPFC_T1', 0.012621806071912703)	('L_SMA', 0.007655494760773873)	('R_IFGorb_T1', -0.00677958824746064)	('L_PTL', 0.006586665472055883)	('R_DLPFC_T1', 0.006254774947637969)	('rDLPFC_to_lIFG_T1', 0.005242280837107088)	('lPTL_to_lIFG_T1', 0.004858550278256489)	('lIFG_to_lPTL_T1', -0.004604300254632709)	('lSMA_to_lIFG_T1', 0.004558883202556505)	('L_DLPFC', 0.004286536453634896)	('Age', 0.0038137267158281415)	('rIFG_to_lIFG_T1', -0.0037259042858529814)	('rDLPFC_to_lPTL_T1', 0.0034684890762499746)	('T1', 0.0034203222831873915)	('L_SMA_T1', -0.002391846896657367)	('L_IFGorb', 0.002023446107241421)	('lDLPFC_to_lPTL_T1', 0.0018670799878635015)	('L_IFGorb_T1', 0.00180911654574596)	('lSMA_to_lPTL_T1', 0.0016717094448107685)	('L_PTL_T1', -5.3551520067002934e-05)	
