predictors	pearson_correlation	mean_squared_error	r2	
rois + act_t1 + conn_t1 + age + T1	-0.20918044139878356	0.06648111868456928	-0.10730404353196255	('lIFG_to_lPTL_T1', 0.011403350650246703)	('L_SMA_T1', 0.008769643138101206)	('rDLPFC_to_lIFG_T1', 0.008597274494538424)	('R_DLPFC_T1', 0.007540827498488604)	('L_SMA', 0.007361768511311846)	('L_DLPFC', -0.006651105423980592)	('Age', 0.004384899369026266)	('lSMA_to_lIFG_T1', 0.0043424421272955545)	('rIFG_to_lIFG_T1', 0.004025399746904436)	('L_PTL_T1', -0.003683509417178657)	('L_DLPFC_T1', -0.0019985254249965108)	('T1', -0.0019836570432685196)	('lDLPFC_to_lPTL_T1', -0.0019607893645482723)	('L_PTL', -0.0019467460566582303)	('lPTL_to_lIFG_T1', 0.0019281379989941599)	('lDLPFC_to_lIFG_T1', -0.0017688350475919793)	('L_IFGorb_T1', -0.0015205112025455177)	('R_IFGorb_T1', 0.0014236464198468456)	('rDLPFC_to_lPTL_T1', 0.0013553803706980551)	('lSMA_to_lPTL_T1', -0.0011063050752117987)	('L_IFGorb', 5.1680271574798985e-05)	
