predictors	pearson_correlation	mean_squared_error	r2	
rois + act_t1 + conn_t1 + age + T1	-0.026991647683215887	0.06256819605089828	-0.0421307260544197	('lSMA_to_lPTL_T1', 0.014348600070835117)	('L_SMA_T1', 0.008589244054104618)	('Age', 0.007426692471258455)	('rDLPFC_to_lIFG_T1', 0.007089398902437802)	('L_IFGorb', 0.006720146419405991)	('rDLPFC_to_lPTL_T1', 0.0059481301806040806)	('L_PTL_T1', 0.0050458785985425135)	('lPTL_to_lIFG_T1', -0.004813970211551795)	('lSMA_to_lIFG_T1', -0.004592739137370164)	('lDLPFC_to_lIFG_T1', 0.004100513515775943)	('L_IFGorb_T1', 0.004008249270429005)	('rIFG_to_lIFG_T1', 0.003914104195775934)	('L_PTL', 0.003852274604499863)	('L_DLPFC', 0.0031557739746920924)	('R_DLPFC_T1', 0.003055219132944519)	('T1', 0.002365654443695574)	('L_DLPFC_T1', -0.002073494220920326)	('R_IFGorb_T1', 0.001826030488623972)	('lDLPFC_to_lPTL_T1', -0.0008281875787302973)	('L_SMA', -0.00035576309232112583)	('lIFG_to_lPTL_T1', 2.1807252014212727e-06)	
