predictors	pearson_correlation	mean_squared_error	r2	
rois + act_t1 + conn_t1 + age + T1	0.012620999049509415	0.0638777191322308	-0.06394203476506122	('T1', 0.014584728407141258)	('L_DLPFC', 0.012038764168608008)	('lDLPFC_to_lIFG_T1', 0.010519167562676695)	('L_SMA', -0.01009147696691056)	('L_DLPFC_T1', 0.008898543261568465)	('lIFG_to_lPTL_T1', -0.0062809047062584895)	('L_SMA_T1', -0.005790194620674123)	('rIFG_to_lIFG_T1', 0.00535085603646358)	('Age', 0.004601127349880313)	('rDLPFC_to_lIFG_T1', -0.004565550176149355)	('L_PTL_T1', 0.00432529468263456)	('rDLPFC_to_lPTL_T1', -0.004208767526818999)	('L_IFGorb_T1', 0.004059445184632352)	('R_IFGorb_T1', 0.0036761001110468903)	('lSMA_to_lIFG_T1', 0.0030248538732472567)	('lSMA_to_lPTL_T1', 0.0019491544633476756)	('lDLPFC_to_lPTL_T1', 0.0018219362611390257)	('R_DLPFC_T1', 0.0017613124340514201)	('L_PTL', 0.0014708948476256035)	('lPTL_to_lIFG_T1', 0.0010879054870209356)	('L_IFGorb', 0.00032549353821573884)	
