predictors	pearson_correlation	mean_squared_error	r2	
rois + act_t1 + conn_t1 + age + T1	-0.35798017457028863	0.0678738209198143	-0.13050077738717603	('lIFG_to_lPTL_T1', 0.013830098076745899)	('L_SMA', 0.008858319360424919)	('rDLPFC_to_lPTL_T1', 0.008354404049708329)	('R_IFGorb_T1', -0.00824979270418537)	('rIFG_to_lIFG_T1', -0.007819030687736832)	('lPTL_to_lIFG_T1', 0.0062018385523960615)	('L_SMA_T1', 0.005068324463978312)	('L_IFGorb_T1', 0.0045816212587276835)	('Age', 0.003866770887025856)	('lDLPFC_to_lIFG_T1', 0.0037451372883709638)	('lSMA_to_lPTL_T1', 0.00343122744616408)	('rDLPFC_to_lIFG_T1', 0.0031746529724488593)	('L_PTL_T1', -0.00276659753175955)	('lDLPFC_to_lPTL_T1', -0.0025402936193655214)	('L_DLPFC', 0.00227437726277433)	('lSMA_to_lIFG_T1', 0.0019700403866248144)	('L_PTL', 0.0017255588153587543)	('L_IFGorb', 0.0014714613520180493)	('T1', 0.0010825584052911422)	('R_DLPFC_T1', -0.000302455072819544)	('L_DLPFC_T1', -8.015815368227784e-05)	
