predictors	pearson_correlation	mean_squared_error	r2	
rois + act_t1 + conn_t1 + age + T1	0.3520822341222667	0.05342651139433208	0.11013242151592018	('R_DLPFC_T1', 0.012166994894819488)	('L_IFGorb', -0.01101212112615087)	('lPTL_to_lIFG_T1', 0.010844161794392333)	('rIFG_to_lIFG_T1', 0.010220642281062396)	('L_DLPFC', 0.007903160619559821)	('L_PTL_T1', -0.007370013791139436)	('lIFG_to_lPTL_T1', 0.006907541354398875)	('rDLPFC_to_lIFG_T1', 0.006768010456663517)	('L_DLPFC_T1', 0.0061735995154126744)	('L_SMA', 0.006172367496023167)	('L_PTL', 0.0059614032253924925)	('L_SMA_T1', 0.005032940120479583)	('lSMA_to_lPTL_T1', 0.0038010396264710274)	('lDLPFC_to_lIFG_T1', -0.0037644436429398625)	('lSMA_to_lIFG_T1', 0.0031935146665539047)	('Age', -0.002902547835721635)	('R_IFGorb_T1', 0.0028390627579726836)	('lDLPFC_to_lPTL_T1', 0.0028245380932834354)	('T1', 0.001938735412886244)	('L_IFGorb_T1', -0.0006869691750632109)	('rDLPFC_to_lPTL_T1', -0.00047682921444431486)	
