predictors	pearson_correlation	mean_squared_error	r2	
rois + act_t1 + conn_t1 + age + T1	-0.03475654734137681	0.0625232602159347	-0.04138227848405407	('Age', 0.018577871329935786)	('lPTL_to_lIFG_T1', 0.015354532956127981)	('L_IFGorb_T1', -0.011815335912149635)	('L_PTL_T1', 0.011215542587567812)	('L_PTL', 0.00934111112653154)	('L_SMA_T1', -0.008874397390611284)	('T1', 0.008503574570949376)	('rIFG_to_lIFG_T1', 0.007487805280163375)	('lDLPFC_to_lIFG_T1', -0.0066852661678593415)	('rDLPFC_to_lPTL_T1', 0.005745725657155726)	('L_SMA', 0.005484408534233228)	('lDLPFC_to_lPTL_T1', 0.004931558974784905)	('lSMA_to_lIFG_T1', 0.004830553594922799)	('L_IFGorb', 0.004179597356214873)	('rDLPFC_to_lIFG_T1', -0.0038955099017310194)	('R_IFGorb_T1', 0.0035468486068318296)	('lIFG_to_lPTL_T1', -0.0035442058464577307)	('lSMA_to_lPTL_T1', -0.002801629505147844)	('L_DLPFC', 0.0018631417193572235)	('L_DLPFC_T1', -0.001213751914337073)	('R_DLPFC_T1', 0.00042697795261878446)	
