predictors	pearson_correlation	mean_squared_error	r2	
rois + act_t1 + conn_t1 + age + T1	0.07023440384108043	0.060319896584036296	-0.004683235097790117	('rDLPFC_to_lPTL_T1', 0.015963890319311842)	('R_IFGorb_T1', 0.013057550768322258)	('lIFG_to_lPTL_T1', 0.012820107007015675)	('lPTL_to_lIFG_T1', 0.010114605980010677)	('L_IFGorb_T1', -0.010034038495252433)	('L_DLPFC', 0.008379987740099825)	('lDLPFC_to_lIFG_T1', -0.007658226471032612)	('rDLPFC_to_lIFG_T1', 0.007411503711305238)	('lSMA_to_lPTL_T1', 0.007243119436251485)	('Age', 0.006867770170244837)	('L_DLPFC_T1', -0.0063246955810634135)	('L_SMA', -0.006015937411603974)	('lDLPFC_to_lPTL_T1', 0.004791181417300664)	('lSMA_to_lIFG_T1', -0.0028998285280210775)	('T1', 0.002790740243242704)	('L_PTL_T1', -0.002434782623179513)	('L_SMA_T1', 0.0022437268582784255)	('R_DLPFC_T1', 0.00152819357984055)	('L_IFGorb', -0.0014284096973226277)	('rIFG_to_lIFG_T1', -0.00018594548809994514)	('L_PTL', 3.0513746179466083e-05)	
