predictors	pearson_correlation	mean_squared_error	r2	
rois + act_t1 + conn_t1 + age + T1	-0.13892645228189182	0.06760616857962697	-0.1260427820282768	('L_PTL', 0.019307430015911346)	('rDLPFC_to_lIFG_T1', 0.01546366728480402)	('R_IFGorb_T1', 0.01336634172993336)	('L_PTL_T1', 0.009829883209630538)	('L_IFGorb', -0.009827427676239474)	('lSMA_to_lPTL_T1', 0.009166366391661513)	('L_IFGorb_T1', 0.008381994019814328)	('L_DLPFC', 0.00826686531258277)	('lSMA_to_lIFG_T1', 0.007048832491171321)	('rIFG_to_lIFG_T1', 0.006427305662458126)	('L_DLPFC_T1', 0.005425485832731362)	('lIFG_to_lPTL_T1', 0.004481797570322285)	('lPTL_to_lIFG_T1', -0.004245292653461395)	('Age', 0.0036130533989345544)	('L_SMA_T1', -0.0034431644963428165)	('T1', 0.0034192402975956847)	('lDLPFC_to_lIFG_T1', -0.0016009297452977214)	('rDLPFC_to_lPTL_T1', -0.0014402341456405533)	('R_DLPFC_T1', 0.0014116875841572753)	('L_SMA', -0.000984798250575358)	('lDLPFC_to_lPTL_T1', -0.0002100621154573649)	
