predictors	pearson_correlation	mean_squared_error	r2	
rois + act_t1 + conn_t1 + age + T1	0.012183461570431982	0.061492589165005856	-0.0242155062511773	('rDLPFC_to_lPTL_T1', 0.014692965544703751)	('T1', 0.013514394593680047)	('L_PTL', -0.01010206831722199)	('L_PTL_T1', 0.00867854219410735)	('R_DLPFC_T1', 0.007992226403081028)	('lDLPFC_to_lPTL_T1', 0.00754282931427304)	('lDLPFC_to_lIFG_T1', 0.00738328362312514)	('rIFG_to_lIFG_T1', -0.006182366076180648)	('L_SMA_T1', 0.005315787730250304)	('Age', 0.004618540125264035)	('lSMA_to_lIFG_T1', -0.004437919477077824)	('R_IFGorb_T1', -0.0037830590630608513)	('L_SMA', 0.003172790582840062)	('L_DLPFC_T1', -0.0031536571146080408)	('lSMA_to_lPTL_T1', 0.0026896511932588494)	('L_IFGorb_T1', 0.0022487330433023952)	('lPTL_to_lIFG_T1', -0.0019127771671964197)	('L_IFGorb', 0.0016012918197870697)	('lIFG_to_lPTL_T1', 0.0010744505271019654)	('L_DLPFC', -0.000707428492525511)	('rDLPFC_to_lIFG_T1', -1.6760830820652092e-05)	
