predictors	pearson_correlation	mean_squared_error	r2	
rois + act_t1 + conn_t1 + age + T1	0.1947865363836384	0.058136770229423235	0.03167873786289244	('L_PTL', 0.0225538734718117)	('lPTL_to_lIFG_T1', 0.014576262187402725)	('L_DLPFC', -0.014309894344547238)	('L_DLPFC_T1', 0.012972484392136337)	('T1', 0.009783763851611397)	('R_IFGorb_T1', -0.009119984946109744)	('L_SMA_T1', -0.008905821076814709)	('L_IFGorb_T1', 0.007776252544101357)	('lSMA_to_lPTL_T1', 0.006496345073399629)	('lSMA_to_lIFG_T1', -0.006417689432802427)	('lDLPFC_to_lIFG_T1', 0.005897025098567727)	('lIFG_to_lPTL_T1', 0.00560705812679227)	('L_IFGorb', 0.005248235964358922)	('R_DLPFC_T1', 0.005206259066557447)	('rDLPFC_to_lIFG_T1', 0.004355464899577392)	('L_PTL_T1', 0.003061278129370404)	('rDLPFC_to_lPTL_T1', -0.0027686005987843086)	('L_SMA', 0.002612668484408276)	('rIFG_to_lIFG_T1', -0.00115627268091292)	('lDLPFC_to_lPTL_T1', -0.0009075067005544752)	('Age', -0.0007409893753033905)	
