predictors	pearson_correlation	mean_squared_error	r2	
rois + act_t1 + conn_t1 + age + T1	-0.11101378833134912	0.06497192285847124	-0.08216700201121241	('T1', 0.011341578102117411)	('L_PTL_T1', 0.010996327835692772)	('lDLPFC_to_lPTL_T1', 0.009893411933437964)	('rIFG_to_lIFG_T1', 0.009636452251937072)	('lSMA_to_lIFG_T1', 0.009399963299635085)	('R_IFGorb_T1', 0.007761910034226899)	('lPTL_to_lIFG_T1', 0.007344689494844944)	('R_DLPFC_T1', -0.007277478377776749)	('lIFG_to_lPTL_T1', -0.006082706370174561)	('L_SMA', 0.005543530291871939)	('rDLPFC_to_lIFG_T1', 0.0043778361948493116)	('L_SMA_T1', 0.004279427904112033)	('lSMA_to_lPTL_T1', -0.003219636147673024)	('L_IFGorb_T1', 0.003114118450848969)	('L_PTL', -0.002923609007628002)	('rDLPFC_to_lPTL_T1', -0.002332201233109156)	('Age', 0.001380498474231253)	('L_IFGorb', -0.0007351389069149449)	('L_DLPFC_T1', -0.0007066777270053666)	('lDLPFC_to_lIFG_T1', 0.0006080781533377661)	('L_DLPFC', -0.00010325817491493691)	
