predictors	pearson_correlation	mean_squared_error	r2	
rois + act_t1 + conn_t1 + age + T1	-0.11418721301793629	0.06404313619559567	-0.06669720776391164	('R_DLPFC_T1', 0.010656098449049342)	('L_IFGorb_T1', 0.00992863709338122)	('L_SMA', 0.008305370988383314)	('L_SMA_T1', 0.0077220824231527055)	('L_PTL', 0.007565478229550366)	('Age', 0.005564348929073002)	('R_IFGorb_T1', -0.005338453814703005)	('rDLPFC_to_lPTL_T1', 0.005292077669454014)	('lSMA_to_lPTL_T1', -0.005062724970733869)	('L_DLPFC_T1', -0.004689968787074558)	('lPTL_to_lIFG_T1', 0.0046322180683563835)	('rDLPFC_to_lIFG_T1', 0.004116521897698938)	('lDLPFC_to_lPTL_T1', 0.00336466889669945)	('lDLPFC_to_lIFG_T1', 0.003105470114936352)	('T1', 0.0027909074208879903)	('lSMA_to_lIFG_T1', 0.0027455867556317164)	('lIFG_to_lPTL_T1', 0.002021504915565979)	('L_DLPFC', 0.0017301472742600893)	('L_PTL_T1', -0.0011108780061448423)	('L_IFGorb', -0.00077857360996755)	('rIFG_to_lIFG_T1', -0.0006363831048929253)	
