predictors	pearson_correlation	mean_squared_error	r2	
rois + act_t1 + conn_t1 + age + T1	0.16125538788714816	0.058623268540259385	0.02357566202091843	('rIFG_to_lIFG_T1', 0.020901328100196726)	('rDLPFC_to_lPTL_T1', 0.018172147086429915)	('lPTL_to_lIFG_T1', 0.012169494965894869)	('Age', 0.011528688529842967)	('lIFG_to_lPTL_T1', -0.011477027517562605)	('L_SMA_T1', -0.011040316386904631)	('L_SMA', 0.009716264814567901)	('L_DLPFC', 0.008711431932956036)	('T1', 0.008564281111656812)	('lDLPFC_to_lIFG_T1', 0.00822572893885633)	('L_PTL', -0.00737592381684729)	('rDLPFC_to_lIFG_T1', 0.006326079034335856)	('lSMA_to_lPTL_T1', 0.005241236793048262)	('R_DLPFC_T1', 0.004734673961525818)	('L_IFGorb_T1', 0.00458356470817811)	('lDLPFC_to_lPTL_T1', 0.003459626065860388)	('L_PTL_T1', -0.002982679106220465)	('lSMA_to_lIFG_T1', -0.00272814947939499)	('L_DLPFC_T1', 0.0017690452533622976)	('L_IFGorb', -0.0016159721009159267)	('R_IFGorb_T1', -0.0011660308011195693)	
