predictors	pearson_correlation	mean_squared_error	r2	
rois + act_t1 + conn_t1 + age + T1	-0.03241117628085993	0.06327095573525235	-0.05383583354228638	('rDLPFC_to_lPTL_T1', 0.01988080565688429)	('lIFG_to_lPTL_T1', 0.009426845787503567)	('rDLPFC_to_lIFG_T1', 0.009009105270068722)	('L_SMA', -0.007267069841238493)	('lSMA_to_lIFG_T1', 0.006353486336687116)	('L_PTL_T1', 0.0056780436015797815)	('L_PTL', 0.005273976464606913)	('R_IFGorb_T1', -0.004983601973899264)	('L_DLPFC_T1', 0.004052847139019373)	('lDLPFC_to_lIFG_T1', 0.0040325569735449734)	('lPTL_to_lIFG_T1', 0.00337171700820121)	('rIFG_to_lIFG_T1', 0.002633250654833357)	('R_DLPFC_T1', -0.0026154297414605673)	('Age', -0.002205600844365112)	('L_IFGorb_T1', 0.0019380000936381758)	('L_SMA_T1', 0.0016403669716289874)	('lSMA_to_lPTL_T1', 0.001473832745632572)	('L_DLPFC', -0.0005132302754313075)	('L_IFGorb', -0.00018173313814114382)	('lDLPFC_to_lPTL_T1', 0.00017626657307060465)	('T1', -5.4063438158939565e-05)	
