predictors	pearson_correlation	mean_squared_error	r2	
rois + act_t1 + conn_t1 + age + T1	-0.06639312169134784	0.06416196106704647	-0.0686763450472947	('L_PTL_T1', 0.015167042824143051)	('T1', 0.01377693580327716)	('L_DLPFC', 0.011449519029032216)	('Age', 0.010127231205721291)	('L_SMA', 0.009066074312720645)	('L_DLPFC_T1', 0.008863380413403642)	('L_SMA_T1', 0.007094557803650667)	('lSMA_to_lPTL_T1', 0.00675893948191417)	('L_IFGorb_T1', -0.006500542085234824)	('R_DLPFC_T1', 0.006449489906907812)	('rIFG_to_lIFG_T1', 0.005470342284080616)	('lSMA_to_lIFG_T1', 0.005281670770724312)	('L_PTL', 0.004600074502027412)	('lDLPFC_to_lPTL_T1', 0.004477150707775987)	('lIFG_to_lPTL_T1', -0.002644682892312269)	('L_IFGorb', -0.0024456587899849723)	('rDLPFC_to_lIFG_T1', -0.0023068315085224395)	('lPTL_to_lIFG_T1', -0.002203710385650868)	('lDLPFC_to_lIFG_T1', 0.0019084155511422721)	('R_IFGorb_T1', 0.0009095687127972017)	('rDLPFC_to_lPTL_T1', 2.8547813307868924e-05)	
