predictors	pearson_correlation	mean_squared_error	r2	
rois + act_t1 + conn_t1 + age + T1	0.011854777397268616	0.06470684950136765	-0.07775196198238832	('rDLPFC_to_lPTL_T1', 0.00898508638841227)	('L_IFGorb_T1', 0.0076858786605838525)	('L_IFGorb', 0.006511198281265099)	('Age', 0.006440128986175993)	('L_SMA_T1', 0.004058143856555459)	('rDLPFC_to_lIFG_T1', 0.003981100734361948)	('lDLPFC_to_lIFG_T1', -0.00393981666807271)	('R_IFGorb_T1', -0.0037444318737991328)	('rIFG_to_lIFG_T1', 0.0036782416263624195)	('lSMA_to_lIFG_T1', -0.0030759742818275604)	('lSMA_to_lPTL_T1', 0.0026198954917020364)	('L_PTL_T1', -0.00241733926415806)	('L_DLPFC', 0.002116501943947644)	('L_DLPFC_T1', 0.001555312836178209)	('lPTL_to_lIFG_T1', 0.001414771951068775)	('L_PTL', 0.001168218709495977)	('L_SMA', -0.0011325532082165806)	('R_DLPFC_T1', 0.0006246461150669403)	('T1', -0.0005964104842314552)	('lDLPFC_to_lPTL_T1', -0.00026325343501653323)	('lIFG_to_lPTL_T1', -0.0001966015485863663)	
