predictors	pearson_correlation	mean_squared_error	r2	
rois + act_t1 + conn_t1 + age + T1	0.02312122742868246	0.06104963918006507	-0.016837767742676757	('rDLPFC_to_lIFG_T1', 0.014572296103616066)	('L_PTL_T1', 0.008553155995500435)	('R_DLPFC_T1', -0.006685176554024877)	('T1', 0.006406122012747476)	('R_IFGorb_T1', 0.006243076809434968)	('lPTL_to_lIFG_T1', 0.004825115014159601)	('lSMA_to_lIFG_T1', 0.004501861738392252)	('L_DLPFC_T1', 0.004453838047781848)	('L_DLPFC', -0.004324433207335907)	('lDLPFC_to_lIFG_T1', 0.004228182559082756)	('rDLPFC_to_lPTL_T1', 0.0029706997943621132)	('L_IFGorb', 0.002692813450964694)	('lDLPFC_to_lPTL_T1', 0.0025191172139450036)	('Age', -0.00234885074771299)	('rIFG_to_lIFG_T1', 0.0013967638879800628)	('L_SMA_T1', 0.0013055420783375303)	('L_SMA', -0.0008986550350127893)	('L_IFGorb_T1', -0.0006698764388619811)	('lSMA_to_lPTL_T1', -0.0005879504141975257)	('lIFG_to_lPTL_T1', 0.00011199460038828626)	('L_PTL', 0.00010614268379853638)	
