predictors	pearson_correlation	mean_squared_error	r2	
rois + act_t1 + conn_t1 + age + T1	0.08485955911382831	0.06109866677585809	-0.01765436734479575	('lIFG_to_lPTL_T1', -0.01583625379133201)	('lDLPFC_to_lIFG_T1', 0.014478070052850409)	('lSMA_to_lIFG_T1', 0.013230862457974375)	('L_SMA_T1', 0.012516217256289106)	('rDLPFC_to_lPTL_T1', 0.012421605110224674)	('Age', 0.011238675624319495)	('rDLPFC_to_lIFG_T1', 0.009555947684084971)	('lDLPFC_to_lPTL_T1', -0.00819231949774281)	('lPTL_to_lIFG_T1', -0.007665498705354846)	('L_PTL', -0.006686614178417086)	('R_DLPFC_T1', 0.005568352741742864)	('L_IFGorb_T1', -0.005496888570035337)	('L_DLPFC_T1', 0.004380880241840114)	('T1', -0.004245288975845922)	('rIFG_to_lIFG_T1', 0.004120966359864016)	('lSMA_to_lPTL_T1', 0.0029833566835409655)	('L_SMA', 0.0028278435022915257)	('R_IFGorb_T1', -0.002660933441564508)	('L_PTL_T1', -0.002127728339513893)	('L_DLPFC', 0.001970409299983853)	('L_IFGorb', -0.0008961687130187172)	
