predictors	pearson_correlation	mean_squared_error	r2	
rois + act_t1 + conn_t1 + age + T1	0.10241870855115498	0.05957981586351483	0.007643488498148443	('R_IFGorb_T1', 0.0193934341208612)	('lPTL_to_lIFG_T1', 0.013141736001740864)	('L_DLPFC', 0.012408850200398098)	('lSMA_to_lPTL_T1', -0.00954503975257015)	('lIFG_to_lPTL_T1', 0.008877388465628487)	('lDLPFC_to_lIFG_T1', -0.00875949972984427)	('L_SMA', 0.008113225939451971)	('rIFG_to_lIFG_T1', -0.007906919285916093)	('L_DLPFC_T1', 0.0069599425851743)	('T1', 0.006286927462149498)	('L_SMA_T1', 0.006053489541000327)	('L_PTL_T1', 0.00511892693907912)	('L_PTL', -0.004554986495987627)	('lSMA_to_lIFG_T1', 0.003722602642804067)	('rDLPFC_to_lIFG_T1', 0.0025952121175348477)	('Age', 0.0025190282099769243)	('R_DLPFC_T1', 0.0020443818494328596)	('L_IFGorb', 0.0014140089999015635)	('rDLPFC_to_lPTL_T1', -0.0012294922724835973)	('lDLPFC_to_lPTL_T1', 0.000270492286093242)	('L_IFGorb_T1', -4.666327320697929e-05)	
