predictors	pearson_correlation	mean_squared_error	r2	
rois + act_t1 + conn_t1 + age + T1	-0.05219192681461004	0.06177177883476762	-0.028865666422313474	('lDLPFC_to_lIFG_T1', 0.013894670096910585)	('L_PTL', 0.011094046578857658)	('lSMA_to_lIFG_T1', -0.009196965824132297)	('L_SMA_T1', -0.008090504463874928)	('L_DLPFC', 0.007869438663848486)	('Age', 0.006769506568524727)	('R_DLPFC_T1', 0.0060387299812951515)	('lDLPFC_to_lPTL_T1', 0.004578833605764286)	('T1', 0.004352921957498969)	('lSMA_to_lPTL_T1', 0.003913326164089265)	('lPTL_to_lIFG_T1', -0.0032163314065558756)	('L_IFGorb_T1', -0.0029551325248037925)	('rDLPFC_to_lPTL_T1', 0.001730559786520487)	('rIFG_to_lIFG_T1', -0.0017165619786310155)	('L_SMA', -0.0014239815784071747)	('L_PTL_T1', -0.0010429396952968159)	('L_IFGorb', -0.000789030852897156)	('R_IFGorb_T1', -0.0005967291021322939)	('lIFG_to_lPTL_T1', 0.0004163252091253568)	('L_DLPFC_T1', -0.000154448951320094)	('rDLPFC_to_lIFG_T1', 1.453558038543142e-05)	
