predictors	pearson_correlation	mean_squared_error	r2	
rois + act_t1 + conn_t1 + age + T1	0.12408865038912027	0.05962568103150437	0.006879562033356823	('L_SMA', -0.012640415550903181)	('lIFG_to_lPTL_T1', 0.01122352612341747)	('lDLPFC_to_lIFG_T1', 0.008536135468441904)	('L_PTL', 0.007451090519411032)	('lSMA_to_lPTL_T1', 0.007292716253555649)	('R_IFGorb_T1', 0.006887088988388791)	('L_DLPFC_T1', 0.005766097699033197)	('L_IFGorb', 0.005751389713116434)	('rDLPFC_to_lIFG_T1', 0.005616784980869852)	('L_IFGorb_T1', -0.004645685325334338)	('lDLPFC_to_lPTL_T1', 0.004381007695466174)	('L_PTL_T1', -0.004257156885274411)	('Age', 0.0038479958555799384)	('L_DLPFC', 0.0038473423272887804)	('rDLPFC_to_lPTL_T1', 0.0034111510350213325)	('T1', -0.0018468690395409305)	('L_SMA_T1', 0.0014165949663296291)	('lSMA_to_lIFG_T1', 0.000989208117194543)	('rIFG_to_lIFG_T1', 0.0004098968466620951)	('lPTL_to_lIFG_T1', 4.1395266657976996e-05)	('R_DLPFC_T1', 8.658927842594776e-06)	
