predictors	pearson_correlation	mean_squared_error	r2	
rois + act_t1 + conn_t1 + age + T1	0.0003116265211819949	0.06275177191823703	-0.04518835059836812	('L_PTL_T1', 0.011270065130705649)	('lSMA_to_lPTL_T1', 0.009298242079452044)	('R_DLPFC_T1', 0.007193940356831099)	('rDLPFC_to_lIFG_T1', 0.006500899721598104)	('Age', 0.004750686047381888)	('L_SMA_T1', 0.004583890066713853)	('L_DLPFC_T1', 0.004148016174006025)	('L_IFGorb', -0.004049344976292089)	('L_PTL', 0.0035403701599685954)	('T1', 0.0032085461500344203)	('lDLPFC_to_lPTL_T1', -0.003167332878863546)	('L_DLPFC', 0.0023343014008310667)	('rIFG_to_lIFG_T1', 0.0018043866731772037)	('L_SMA', -0.001663529456513108)	('lDLPFC_to_lIFG_T1', 0.0016410718565255207)	('lPTL_to_lIFG_T1', -0.0015200660581137226)	('lSMA_to_lIFG_T1', 0.0010644301303800465)	('L_IFGorb_T1', 0.0007952069584346448)	('rDLPFC_to_lPTL_T1', 0.0002519191795473839)	('lIFG_to_lPTL_T1', 0.00014168863847586422)	('R_IFGorb_T1', -7.835190171127621e-05)	
