predictors	pearson_correlation	mean_squared_error	r2	
rois + act_t1 + conn_t1 + age + T1	0.10411236994325387	0.06043537123667972	-0.006606571412333784	('R_DLPFC_T1', -0.01731680267754344)	('Age', 0.01571447266011215)	('L_SMA', 0.010220839473211937)	('rDLPFC_to_lPTL_T1', 0.010203730979340438)	('lSMA_to_lIFG_T1', -0.009912264921444857)	('lDLPFC_to_lPTL_T1', 0.008577350277224475)	('rDLPFC_to_lIFG_T1', 0.007688008037440664)	('rIFG_to_lIFG_T1', 0.007147571855582482)	('lSMA_to_lPTL_T1', 0.006856306563215723)	('L_DLPFC_T1', -0.006666944687344192)	('L_DLPFC', -0.006343845593874969)	('L_PTL', 0.006199438145001116)	('L_IFGorb', 0.006051896814561308)	('lPTL_to_lIFG_T1', -0.005261445695773621)	('lIFG_to_lPTL_T1', -0.004466795989513965)	('R_IFGorb_T1', 0.004267058175747524)	('lDLPFC_to_lIFG_T1', 0.0038280984596441203)	('L_IFGorb_T1', 0.0034964881792552776)	('L_SMA_T1', 0.0032439616211025826)	('L_PTL_T1', -0.0020653206029860195)	('T1', 0.0020311036491243864)	
