predictors	pearson_correlation	mean_squared_error	r2	
rois + act_t1 + conn_t1 + age + T1	-0.18138699632614447	0.06864796947579797	-0.14339493204787535	('lSMA_to_lIFG_T1', 0.018614031550697935)	('R_DLPFC_T1', 0.014068114883631137)	('L_DLPFC_T1', 0.009399575684666869)	('L_PTL_T1', 0.009353789096989223)	('L_PTL', 0.008668559662057757)	('lDLPFC_to_lPTL_T1', -0.00843478680244533)	('L_IFGorb_T1', 0.008335249637330866)	('Age', 0.007251833425759997)	('rIFG_to_lIFG_T1', 0.006330593676001221)	('L_DLPFC', 0.0062847362026426)	('R_IFGorb_T1', 0.006174891528459903)	('L_SMA', 0.006102907665030471)	('lSMA_to_lPTL_T1', 0.004831176977201542)	('rDLPFC_to_lIFG_T1', 0.004144075464401159)	('rDLPFC_to_lPTL_T1', -0.0032312965070628837)	('lDLPFC_to_lIFG_T1', -0.0025737885810434005)	('L_SMA_T1', 0.002290726930629763)	('L_IFGorb', 0.0019211033421151751)	('lPTL_to_lIFG_T1', 0.0015242526293111876)	('lIFG_to_lPTL_T1', -0.0005182128144735973)	('T1', 0.00039163940187629407)	
