predictors	pearson_correlation	mean_squared_error	r2	
rois + act_t1 + conn_t1 + age + T1	-0.18720248199465658	0.06230626940394984	-0.03776809737106568	('lPTL_to_lIFG_T1', 0.01378114625253202)	('lSMA_to_lPTL_T1', 0.011801431922851605)	('L_DLPFC_T1', 0.01171251270591419)	('R_DLPFC_T1', 0.011142904478739502)	('T1', 0.010579103690384513)	('lIFG_to_lPTL_T1', 0.008438809132322474)	('L_PTL_T1', 0.008021520463517543)	('L_SMA', 0.007695326060040268)	('R_IFGorb_T1', 0.006096526351044838)	('L_SMA_T1', 0.005141154350720603)	('rDLPFC_to_lIFG_T1', 0.004188249460101075)	('lDLPFC_to_lIFG_T1', -0.003949023762882492)	('lDLPFC_to_lPTL_T1', 0.0038978164736938304)	('rDLPFC_to_lPTL_T1', 0.003723223985515057)	('L_PTL', -0.003633518015610513)	('rIFG_to_lIFG_T1', -0.003001982601015683)	('L_IFGorb_T1', 0.0020778561179333457)	('L_DLPFC', -0.0015755810512801055)	('L_IFGorb', 0.0014760305683313183)	('lSMA_to_lIFG_T1', 0.001191345650514524)	('Age', 0.0008650751099985222)	
