predictors	pearson_correlation	mean_squared_error	r2	
rois + act_t1 + conn_t1 + age + T1	-0.20836481224397568	0.06656247723713693	-0.10865914489031225	('L_PTL', -0.010145479212416332)	('R_IFGorb_T1', 0.00955377231408492)	('lIFG_to_lPTL_T1', 0.008675031400732041)	('rIFG_to_lIFG_T1', 0.008234486656051353)	('rDLPFC_to_lIFG_T1', 0.0073019214239265495)	('L_IFGorb_T1', 0.007259769121749093)	('rDLPFC_to_lPTL_T1', 0.007176820743221985)	('T1', 0.005883600925767137)	('lPTL_to_lIFG_T1', 0.0058040134254643775)	('L_PTL_T1', 0.004501831043298628)	('L_DLPFC', -0.004330059584404315)	('Age', 0.0031907121370399545)	('L_DLPFC_T1', -0.0030239607624673905)	('lDLPFC_to_lIFG_T1', 0.0029508463472076502)	('L_IFGorb', -0.002750207547032063)	('R_DLPFC_T1', 0.001743056549961636)	('lDLPFC_to_lPTL_T1', -0.0010648013709664917)	('lSMA_to_lIFG_T1', 0.0008632779931373633)	('L_SMA', 0.0005158241644826403)	('lSMA_to_lPTL_T1', -0.00031349206755453023)	('L_SMA_T1', -6.160324362747166e-05)	
