predictors	pearson_correlation	mean_squared_error	r2	
rois + act_t1 + conn_t1 + age + T1	-0.036045413810381594	0.06296797396482379	-0.04878939409977612	('R_DLPFC_T1', 0.018790281422860943)	('lIFG_to_lPTL_T1', 0.01233071317172793)	('L_PTL_T1', 0.01111280045434987)	('rIFG_to_lIFG_T1', -0.01039171647352728)	('L_SMA', -0.006571886859710677)	('L_DLPFC', -0.005199664660091534)	('L_PTL', 0.005164883863122942)	('lSMA_to_lIFG_T1', 0.004713297487036255)	('Age', 0.004613203545664282)	('lSMA_to_lPTL_T1', -0.004299508638214894)	('lDLPFC_to_lPTL_T1', -0.004193407200405838)	('rDLPFC_to_lPTL_T1', -0.004143619671813687)	('lDLPFC_to_lIFG_T1', -0.003898526346024891)	('L_SMA_T1', -0.0032081145560542584)	('L_IFGorb_T1', 0.0017557796586993339)	('rDLPFC_to_lIFG_T1', 0.001592743196193844)	('lPTL_to_lIFG_T1', 0.0014225510544212993)	('R_IFGorb_T1', -0.0010981989729905899)	('L_IFGorb', -0.0010468049368720818)	('T1', 0.0010398781511644143)	('L_DLPFC_T1', 0.00011872774217363188)	
