predictors	pearson_correlation	mean_squared_error	r2	
rois + act_t1 + conn_t1 + age + T1	0.07842162985918444	0.06263736191552448	-0.0432827470054864	('R_IFGorb_T1', 0.014363033446774824)	('L_DLPFC_T1', 0.013545213513204141)	('L_PTL', 0.013212465001376676)	('lDLPFC_to_lPTL_T1', -0.012716437450307178)	('rDLPFC_to_lIFG_T1', -0.011090397300500718)	('lDLPFC_to_lIFG_T1', -0.009686460112568782)	('T1', -0.00780709392181628)	('L_PTL_T1', -0.007739624840561348)	('lPTL_to_lIFG_T1', 0.007578400838715353)	('R_DLPFC_T1', 0.006742075244280178)	('rDLPFC_to_lPTL_T1', -0.006616949018798093)	('rIFG_to_lIFG_T1', 0.0061386447463844356)	('L_DLPFC', -0.005660387122119577)	('lIFG_to_lPTL_T1', -0.005370055822743703)	('L_IFGorb', -0.004451013076085806)	('lSMA_to_lIFG_T1', -0.0033286898645310497)	('lSMA_to_lPTL_T1', 0.0030849687112894796)	('L_SMA', 0.0013112814254409154)	('Age', 0.0010089563904556132)	('L_SMA_T1', 0.0008542034579101508)	('L_IFGorb_T1', -0.0003649486024350387)	
