predictors	pearson_correlation	mean_squared_error	r2	
rois + act_t1 + conn_t1 + age + T1	0.1052433801417102	0.059774008404052406	0.004409033518814276	('lIFG_to_lPTL_T1', 0.020802963593183562)	('rDLPFC_to_lIFG_T1', 0.011363127596352007)	('L_DLPFC_T1', 0.00994978251507409)	('lSMA_to_lIFG_T1', 0.008697547545404668)	('lDLPFC_to_lIFG_T1', 0.007150074738142633)	('lPTL_to_lIFG_T1', -0.005577048326876521)	('L_SMA', 0.004882341474396542)	('rIFG_to_lIFG_T1', 0.0028929954812768064)	('L_PTL', 0.002810115563280205)	('lSMA_to_lPTL_T1', 0.0027239100868163145)	('L_IFGorb_T1', -0.0023944488875693635)	('R_DLPFC_T1', 0.002349698897079037)	('L_IFGorb', -0.002092593987286674)	('lDLPFC_to_lPTL_T1', 0.0015729480725542762)	('Age', 0.0013049390246494855)	('R_IFGorb_T1', -0.001159560740405657)	('L_PTL_T1', -0.0011175573684370204)	('T1', 0.001096588269228428)	('L_SMA_T1', 0.0007552631561222685)	('L_DLPFC', 0.0003394064042618406)	('rDLPFC_to_lPTL_T1', -0.00020622623751194547)	
