predictors	pearson_correlation	mean_squared_error	r2	
rois + act_t1 + conn_t1 + age + T1	-0.02010393639504652	0.06164269871491244	-0.026715718565187396	('Age', 0.02600529214466251)	('R_IFGorb_T1', 0.01632381279462193)	('T1', -0.011427984644775232)	('L_SMA_T1', 0.010061959323535173)	('rDLPFC_to_lPTL_T1', 0.010025893323649539)	('L_IFGorb', 0.009631717928776049)	('L_PTL', 0.0078466905679744)	('lPTL_to_lIFG_T1', 0.005121824859301372)	('lSMA_to_lIFG_T1', 0.003748396358178849)	('lDLPFC_to_lIFG_T1', 0.003138620696277735)	('lDLPFC_to_lPTL_T1', -0.002839248346294703)	('lSMA_to_lPTL_T1', 0.0027065847804575035)	('rIFG_to_lIFG_T1', 0.0024197508279725044)	('L_SMA', 0.0019302766348331347)	('L_DLPFC', -0.001252545246390102)	('L_DLPFC_T1', 0.0011530159310250245)	('lIFG_to_lPTL_T1', 0.0011518958359143557)	('L_PTL_T1', -0.0004229692513216945)	('R_DLPFC_T1', -0.0002745291407366432)	('L_IFGorb_T1', 0.00022721664779212712)	('rDLPFC_to_lIFG_T1', 0.0)	
