predictors	pearson_correlation	mean_squared_error	r2	
rois + act_t1 + conn_t1 + age + T1	-0.05117775624909679	0.0638529015444299	-0.06352867506434601	('lIFG_to_lPTL_T1', 0.01923699506937487)	('R_DLPFC_T1', 0.01455502828766696)	('R_IFGorb_T1', 0.012616925745373696)	('L_DLPFC_T1', 0.011815452062059032)	('lPTL_to_lIFG_T1', -0.009731210537988758)	('L_IFGorb_T1', 0.007364178209113206)	('rIFG_to_lIFG_T1', 0.006077124345565848)	('Age', 0.006043877437284536)	('lDLPFC_to_lPTL_T1', -0.005759912202246176)	('lSMA_to_lPTL_T1', 0.00519238565374793)	('rDLPFC_to_lIFG_T1', -0.004686403402809703)	('rDLPFC_to_lPTL_T1', 0.0039588435751267935)	('T1', 0.003943943242113496)	('L_PTL_T1', -0.0029535468821537403)	('L_DLPFC', 0.0027409581798373403)	('L_PTL', -0.001594695441541374)	('lSMA_to_lIFG_T1', -0.0014908515967741454)	('L_SMA', -0.0011791131172652297)	('L_SMA_T1', 0.0008593799036106305)	('L_IFGorb', 0.0003492772747735604)	('lDLPFC_to_lIFG_T1', 1.1056038122945492e-05)	
