predictors	pearson_correlation	mean_squared_error	r2	
rois + act_t1 + conn_t1 + age + T1	0.19239586927437427	0.06337021440850146	-0.055489077838096756	('lSMA_to_lPTL_T1', -0.018450132665753353)	('lPTL_to_lIFG_T1', 0.015301062091636146)	('L_PTL_T1', 0.01515236273850021)	('L_DLPFC_T1', 0.014148306296623461)	('rDLPFC_to_lIFG_T1', 0.013126709871891367)	('L_PTL', 0.012226049494656346)	('L_DLPFC', 0.01196725623095873)	('R_IFGorb_T1', 0.009520637877469693)	('rDLPFC_to_lPTL_T1', 0.009450527154761003)	('R_DLPFC_T1', 0.00791101520637566)	('rIFG_to_lIFG_T1', 0.007687576865766736)	('Age', 0.006235251116707762)	('lIFG_to_lPTL_T1', 0.0059118650598154274)	('lSMA_to_lIFG_T1', -0.0050930079455881105)	('lDLPFC_to_lIFG_T1', 0.00408168939829794)	('lDLPFC_to_lPTL_T1', -0.0038512795859708612)	('T1', 0.003231423698711292)	('L_IFGorb', -0.0018593709255993118)	('L_SMA_T1', -0.001750948299924115)	('L_SMA', 0.001632844543299001)	('L_IFGorb_T1', -0.00024014515183357312)	
