predictors	pearson_correlation	mean_squared_error	r2	
rois + act_t1 + conn_t1 + age + T1	-0.059259049639040065	0.062370073852643725	-0.0388308190194373	('L_SMA_T1', 0.019109071399444615)	('L_PTL', 0.01399625545429595)	('lSMA_to_lIFG_T1', 0.013027201236672167)	('lPTL_to_lIFG_T1', 0.009696589351246739)	('Age', -0.009202951649244078)	('lDLPFC_to_lPTL_T1', 0.008924691760494445)	('L_PTL_T1', -0.007242630991618923)	('R_DLPFC_T1', 0.007016005877919209)	('lDLPFC_to_lIFG_T1', 0.005796049206380773)	('lSMA_to_lPTL_T1', 0.005652730772736677)	('T1', 0.00514049446310866)	('R_IFGorb_T1', 0.0048911490443050605)	('L_IFGorb', 0.004698751168696825)	('L_DLPFC', -0.0046852426156048805)	('rIFG_to_lIFG_T1', 0.004664213008174454)	('rDLPFC_to_lIFG_T1', -0.0031018634361756176)	('L_SMA', -0.0025964340599143793)	('rDLPFC_to_lPTL_T1', 0.0021883002637055316)	('lIFG_to_lPTL_T1', 0.0015364163216074654)	('L_DLPFC_T1', -0.00133543943651216)	('L_IFGorb_T1', -3.485555146259202e-05)	
