predictors	pearson_correlation	mean_squared_error	r2	
rois + act_t1 + conn_t1 + age + T1	0.26385147144988413	0.056852079205992674	0.05307644586000615	('T1', 0.00887531146613671)	('lPTL_to_lIFG_T1', 0.008661378968626891)	('lSMA_to_lIFG_T1', 0.00843783454998101)	('rIFG_to_lIFG_T1', 0.007658378893541489)	('lIFG_to_lPTL_T1', 0.006545949950223092)	('lSMA_to_lPTL_T1', 0.005211399516542953)	('L_PTL', 0.005050928914269706)	('lDLPFC_to_lPTL_T1', 0.004195311297131359)	('L_DLPFC', -0.004178945122867278)	('L_IFGorb_T1', 0.003931243420405389)	('L_DLPFC_T1', 0.003439177012547609)	('L_SMA', 0.0033411652219916483)	('L_IFGorb', -0.0028623838894291562)	('L_PTL_T1', -0.0028243085674125173)	('rDLPFC_to_lPTL_T1', -0.0018221157800789585)	('rDLPFC_to_lIFG_T1', -0.0015327643897172485)	('R_IFGorb_T1', 0.0014536633467314435)	('L_SMA_T1', -0.0010979594915326925)	('Age', -0.0007597353969770503)	('R_DLPFC_T1', -0.00044580649692326944)	('lDLPFC_to_lIFG_T1', 0.0002814304655313985)	
