predictors	pearson_correlation	mean_squared_error	r2	
rois + act_t1 + conn_t1 + age + T1	0.17124727538128803	0.05881325122263274	0.020411326092830362	('Age', -0.012475329287060629)	('L_SMA_T1', 0.01075876556195101)	('L_PTL_T1', 0.010544078170295415)	('lSMA_to_lPTL_T1', 0.009497019363872712)	('rDLPFC_to_lPTL_T1', 0.008135328637101032)	('L_DLPFC_T1', -0.007973718049154135)	('rIFG_to_lIFG_T1', 0.007581104555656393)	('R_IFGorb_T1', -0.006858029816366896)	('lSMA_to_lIFG_T1', -0.006083421550000163)	('L_IFGorb', 0.0056207178929932955)	('L_PTL', 0.00524255032702446)	('lDLPFC_to_lIFG_T1', 0.004386169494676526)	('R_DLPFC_T1', -0.003992037973321862)	('lDLPFC_to_lPTL_T1', 0.0034126251916871252)	('L_IFGorb_T1', -0.0027512285533886236)	('lPTL_to_lIFG_T1', -0.002723325279434856)	('L_SMA', -0.002632136318699784)	('lIFG_to_lPTL_T1', 0.002631409019107227)	('L_DLPFC', 0.0023575973571375794)	('T1', 0.0017142086164684254)	('rDLPFC_to_lIFG_T1', -0.0009839671775266315)	
