predictors	pearson_correlation	mean_squared_error	r2	
rois + act_t1 + conn_t1 + age + T1	0.2250536120561886	0.057199393607475585	0.0472916057618179	('rDLPFC_to_lPTL_T1', 0.016932036644879703)	('rIFG_to_lIFG_T1', 0.01546119454025422)	('lIFG_to_lPTL_T1', 0.011999848277273982)	('L_DLPFC_T1', 0.010290082223063228)	('L_PTL_T1', 0.008981184710509975)	('L_DLPFC', 0.005771661677044511)	('R_IFGorb_T1', -0.005581998749806917)	('lPTL_to_lIFG_T1', 0.004623120997067085)	('lSMA_to_lIFG_T1', -0.004528451967253448)	('L_IFGorb', -0.003774126487837018)	('R_DLPFC_T1', -0.0032740114924288783)	('T1', -0.0028167423286708754)	('Age', 0.002526064413011982)	('lDLPFC_to_lPTL_T1', -0.0024250312832645913)	('lSMA_to_lPTL_T1', -0.00197546798147507)	('rDLPFC_to_lIFG_T1', 0.0018093213996734768)	('L_SMA_T1', -0.0012547550627882418)	('L_SMA', 0.0011121185213022844)	('L_IFGorb_T1', 0.0010655259538982173)	('L_PTL', 0.0009015570532632184)	('lDLPFC_to_lIFG_T1', 0.0007206647179604559)	
