predictors	pearson_correlation	mean_squared_error	r2	
rois + act_t1 + conn_t1 + age + T1	-0.06105902316944941	0.06128983442858175	-0.020838440041553108	('T1', 0.008157856949967002)	('L_SMA', -0.005818537058137563)	('R_IFGorb_T1', 0.005698028043727085)	('lDLPFC_to_lPTL_T1', 0.005563889436044401)	('L_SMA_T1', 0.005169414276903618)	('lDLPFC_to_lIFG_T1', 0.0050535754159122676)	('L_PTL', -0.004885478781739075)	('lIFG_to_lPTL_T1', 0.004879874467581507)	('L_DLPFC', 0.0042288009927047895)	('rIFG_to_lIFG_T1', -0.00422632352050997)	('lSMA_to_lPTL_T1', -0.004179337013917624)	('L_DLPFC_T1', -0.003909155804293378)	('lPTL_to_lIFG_T1', 0.0024699545658212426)	('L_IFGorb', 0.0023023056372141705)	('L_PTL_T1', -0.0015630536631652783)	('rDLPFC_to_lIFG_T1', -0.0015570676154164909)	('L_IFGorb_T1', 0.0011493920335781042)	('rDLPFC_to_lPTL_T1', 0.0011220995105444213)	('Age', -0.0009534515748895542)	('R_DLPFC_T1', -0.0008214496501563907)	('lSMA_to_lIFG_T1', -0.00022728963503880196)	
