predictors	pearson_correlation	mean_squared_error	r2	
rois + act_t1 + conn_t1 + age + T1	-0.01674283770734057	0.06178626519539504	-0.029106950053157776	('R_DLPFC_T1', 0.013897078682216056)	('Age', 0.009476533871986676)	('rDLPFC_to_lIFG_T1', 0.009150122636256922)	('L_PTL', 0.00796144298290366)	('T1', 0.007714023541512385)	('L_SMA_T1', 0.007527769435357273)	('L_PTL_T1', 0.0063601362918364775)	('L_IFGorb_T1', -0.006223460482071074)	('lDLPFC_to_lIFG_T1', 0.006220659702871288)	('L_DLPFC_T1', 0.005919343338209025)	('L_IFGorb', -0.005474906515643696)	('lSMA_to_lPTL_T1', 0.00539491449784002)	('rDLPFC_to_lPTL_T1', 0.004767739603286119)	('L_SMA', 0.004737481695691839)	('lDLPFC_to_lPTL_T1', 0.0035520008331349846)	('L_DLPFC', -0.003381317839975463)	('lIFG_to_lPTL_T1', 0.0025619792771606436)	('R_IFGorb_T1', 0.0015670464778109738)	('lPTL_to_lIFG_T1', 0.0013836166949611308)	('rIFG_to_lIFG_T1', 0.0010859295314009547)	('lSMA_to_lIFG_T1', 0.000426667008877311)	
