predictors	pearson_correlation	mean_squared_error	r2	
rois + act_t1 + conn_t1 + age + T1	-0.18690465164361483	0.0674623947908215	-0.1236480976299359	('T1', 0.01942544875660891)	('L_IFGorb_T1', 0.010449532300953638)	('L_PTL_T1', -0.009811560311190116)	('rDLPFC_to_lIFG_T1', 0.009746531733536392)	('Age', 0.008709901823744553)	('L_IFGorb', 0.008262993947126542)	('lDLPFC_to_lPTL_T1', 0.007861777858911734)	('L_SMA_T1', -0.006326571340873757)	('L_SMA', 0.00549331123900061)	('L_DLPFC_T1', -0.004660674405763007)	('lSMA_to_lPTL_T1', 0.004609950492305468)	('lPTL_to_lIFG_T1', 0.0044312635959036124)	('R_IFGorb_T1', -0.004244469499314833)	('rIFG_to_lIFG_T1', 0.003613507509633075)	('L_DLPFC', -0.0027513678860405393)	('lSMA_to_lIFG_T1', -0.002112374933728718)	('lDLPFC_to_lIFG_T1', -0.0017404611622074393)	('R_DLPFC_T1', 0.0016002982534830685)	('L_PTL', 0.0005717663623880943)	('lIFG_to_lPTL_T1', -0.0005193241862657104)	('rDLPFC_to_lPTL_T1', -0.0002894395220292315)	
