predictors	pearson_correlation	mean_squared_error	r2	
rois + act_t1 + conn_t1 + age + T1	0.048796915714884204	0.06197475071050224	-0.032246349286429776	('L_IFGorb', 0.01986211657291156)	('L_DLPFC', 0.014567056998729396)	('lIFG_to_lPTL_T1', 0.013466689453210825)	('L_SMA', 0.008858716948526305)	('rIFG_to_lIFG_T1', 0.008399246160058601)	('lDLPFC_to_lPTL_T1', -0.008094470862909098)	('lSMA_to_lPTL_T1', 0.007099857595465611)	('rDLPFC_to_lPTL_T1', 0.006265649809230199)	('lDLPFC_to_lIFG_T1', -0.005311834756374874)	('L_SMA_T1', -0.005101238981722583)	('lSMA_to_lIFG_T1', 0.004941303606823245)	('Age', 0.004341730303095381)	('lPTL_to_lIFG_T1', 0.0041607065657750875)	('R_DLPFC_T1', -0.004068673042811427)	('L_IFGorb_T1', 0.003989130181168919)	('R_IFGorb_T1', 0.002064000542821201)	('T1', -0.002022606323561476)	('L_PTL_T1', -0.0019907017200787697)	('L_PTL', 0.0010658002524585942)	('rDLPFC_to_lIFG_T1', -0.0006614952935197225)	('L_DLPFC_T1', -0.00021317559530304608)	
