predictors	pearson_correlation	mean_squared_error	r2	
rois + act_t1 + conn_t1 + age + T1	0.30221166012224443	0.05484573940912722	0.08649387645874651	('rDLPFC_to_lPTL_T1', 0.010802106189282712)	('L_DLPFC', 0.009524410295156379)	('T1', 0.009137784078208186)	('rIFG_to_lIFG_T1', 0.008621226738625552)	('L_PTL', 0.007756624033419769)	('lSMA_to_lIFG_T1', 0.007213670627767102)	('lSMA_to_lPTL_T1', -0.0053767599019076415)	('lDLPFC_to_lPTL_T1', 0.004988738316011832)	('L_SMA', -0.004741570220522399)	('R_IFGorb_T1', 0.0037211253319277835)	('R_DLPFC_T1', 0.003669205746942886)	('L_SMA_T1', 0.0033420519064713957)	('lPTL_to_lIFG_T1', 0.0030743353359387483)	('lIFG_to_lPTL_T1', -0.0029432713495998594)	('L_DLPFC_T1', -0.002640019107079437)	('rDLPFC_to_lIFG_T1', 0.0022410702550535538)	('lDLPFC_to_lIFG_T1', 0.0016370337573654676)	('L_IFGorb', 0.0013816930773374021)	('Age', -0.0006283806233166829)	('L_IFGorb_T1', -0.00047978717541129743)	('L_PTL_T1', -0.00012735341034451355)	
