predictors	pearson_correlation	mean_squared_error	r2	
rois + act_t1 + conn_t1 + age + T1	0.12465234588115366	0.05910667353323701	0.015524108226714572	('rDLPFC_to_lIFG_T1', -0.016917150539636026)	('L_SMA', 0.013293959132871515)	('rIFG_to_lIFG_T1', 0.012003529559976448)	('lDLPFC_to_lIFG_T1', 0.01192663344284859)	('L_SMA_T1', -0.009005842871736532)	('lIFG_to_lPTL_T1', 0.0082846240559157)	('T1', 0.007962822107098646)	('L_DLPFC_T1', -0.0072223485807449)	('lPTL_to_lIFG_T1', 0.006652211713669311)	('R_IFGorb_T1', 0.005152877207750264)	('Age', 0.004612602718339837)	('lSMA_to_lIFG_T1', 0.004073890296186207)	('L_IFGorb', 0.0036170025540884186)	('rDLPFC_to_lPTL_T1', -0.002732419292239598)	('L_PTL_T1', 0.0021534647868494904)	('lSMA_to_lPTL_T1', -0.0020744651850779687)	('lDLPFC_to_lPTL_T1', -0.001589935579048395)	('R_DLPFC_T1', 0.0014904655036864513)	('L_IFGorb_T1', 0.0011021656648556605)	('L_DLPFC', 0.001057538650712126)	('L_PTL', -0.0002739600326864502)	
