predictors	pearson_correlation	mean_squared_error	r2	
rois + act_t1 + conn_t1 + age + T1	0.08226944938231123	0.06054996787790897	-0.008515283640995186	('lPTL_to_lIFG_T1', 0.014100864283537712)	('R_IFGorb_T1', 0.012583726201440572)	('L_PTL', 0.01196534593484257)	('lSMA_to_lIFG_T1', 0.011200287762572385)	('L_SMA_T1', 0.009971587281241853)	('T1', -0.008907891821580362)	('L_DLPFC_T1', 0.008425580562832779)	('L_SMA', 0.008298060731722895)	('rIFG_to_lIFG_T1', -0.006596210191385693)	('lDLPFC_to_lPTL_T1', 0.0059645834483948055)	('L_PTL_T1', 0.005192864666638552)	('L_IFGorb', -0.004300386716934755)	('rDLPFC_to_lPTL_T1', -0.0032653845061246943)	('L_IFGorb_T1', 0.0020916796892286663)	('L_DLPFC', 0.0018021586545881561)	('rDLPFC_to_lIFG_T1', -0.0017828668460975615)	('lIFG_to_lPTL_T1', -0.0016760733287739268)	('Age', -0.0013685323267090448)	('R_DLPFC_T1', 0.0009002899766689015)	('lDLPFC_to_lIFG_T1', -0.0005230926919336181)	('lSMA_to_lPTL_T1', -0.00028317627530374145)	
