predictors	pearson_correlation	mean_squared_error	r2	
rois + act_t1 + conn_t1 + age + T1	-0.3038778967442171	0.0680277111493676	-0.1330639603903525	('T1', 0.012377875960731578)	('L_DLPFC_T1', -0.010549809036156505)	('R_IFGorb_T1', 0.008300340399927025)	('L_SMA', 0.007343425521598917)	('lSMA_to_lPTL_T1', -0.007175038005781929)	('lDLPFC_to_lIFG_T1', 0.006643587457822634)	('L_IFGorb_T1', -0.005993153156031979)	('rDLPFC_to_lPTL_T1', -0.005430248225120446)	('lPTL_to_lIFG_T1', 0.0044306478434993045)	('L_SMA_T1', 0.004346428952631912)	('lDLPFC_to_lPTL_T1', -0.004128398471350734)	('L_PTL_T1', 0.0036696949415944403)	('rIFG_to_lIFG_T1', 0.00339823695422143)	('lSMA_to_lIFG_T1', -0.003319353900829326)	('R_DLPFC_T1', 0.003149512656194399)	('lIFG_to_lPTL_T1', 0.00230767793176252)	('rDLPFC_to_lIFG_T1', 0.002287609856721354)	('Age', -0.0018747754103889843)	('L_IFGorb', -0.001683037461615419)	('L_DLPFC', -0.0012301876683261622)	('L_PTL', -0.0008860283626668776)	
