predictors	pearson_correlation	mean_squared_error	r2	
rois + act_t1 + conn_t1 + age + T1	0.0491215348427693	0.06127132778747339	-0.020530194949759384	('lPTL_to_lIFG_T1', 0.02187070521600082)	('lDLPFC_to_lIFG_T1', 0.013994588513994169)	('Age', 0.01304554218488375)	('L_SMA', 0.012693885430886502)	('lSMA_to_lPTL_T1', -0.011430197858832952)	('rDLPFC_to_lIFG_T1', 0.010622606204553646)	('L_DLPFC_T1', -0.008886241570014037)	('lSMA_to_lIFG_T1', -0.0087812821509846)	('L_DLPFC', 0.008179310726290058)	('R_IFGorb_T1', 0.007784904142072687)	('lDLPFC_to_lPTL_T1', 0.007265431574239806)	('rDLPFC_to_lPTL_T1', -0.0066306672015744505)	('T1', 0.005438935220113354)	('lIFG_to_lPTL_T1', 0.004993981980009805)	('L_IFGorb_T1', 0.0033018658600759724)	('L_PTL', 0.0023528485758818863)	('L_PTL_T1', -0.0019776489537661987)	('L_SMA_T1', -0.001368716910104322)	('R_DLPFC_T1', 0.0005640946144257365)	('L_IFGorb', -0.0001107308079355668)	('rIFG_to_lIFG_T1', 3.0518614347177e-06)	
