predictors	pearson_correlation	mean_squared_error	r2	
rois + act_t1 + conn_t1 + age + T1	0.17172563152686687	0.058417655749452395	0.02700033174921712	('L_SMA', 0.017049793082903435)	('rIFG_to_lIFG_T1', 0.009941642541562292)	('L_DLPFC_T1', 0.009492606824245367)	('lPTL_to_lIFG_T1', 0.007490014838738039)	('T1', -0.007160630951159809)	('R_IFGorb_T1', 0.00647313225896371)	('rDLPFC_to_lPTL_T1', -0.004245779400187161)	('lDLPFC_to_lPTL_T1', -0.004018834992500123)	('Age', 0.003995462512301484)	('lIFG_to_lPTL_T1', -0.002338787009865965)	('lSMA_to_lIFG_T1', -0.002061831190024741)	('lDLPFC_to_lIFG_T1', 0.0014693232987034745)	('L_SMA_T1', 0.0014490577292774532)	('rDLPFC_to_lIFG_T1', 0.0013462590915034143)	('L_PTL_T1', 0.0011191706221383212)	('L_IFGorb', -0.000933146191218946)	('L_IFGorb_T1', 0.0007886631688692077)	('lSMA_to_lPTL_T1', -0.0005950667784594675)	('L_PTL', 0.00036552585951210446)	('R_DLPFC_T1', -0.00031483598617612515)	('L_DLPFC', -0.0001951474013904727)	
