predictors	pearson_correlation	mean_squared_error	r2	
rois + act_t1 + conn_t1 + age + T1	-0.026948090913077892	0.06234380815252061	-0.03839333967901726	('L_PTL_T1', 0.017780970352988763)	('T1', 0.015022623724532558)	('L_IFGorb_T1', 0.014234705426257434)	('L_IFGorb', 0.013325644583202506)	('L_DLPFC', 0.011074223754936984)	('lSMA_to_lPTL_T1', 0.010943840094084098)	('lSMA_to_lIFG_T1', 0.008882830772781085)	('rDLPFC_to_lPTL_T1', 0.005571819962045693)	('rDLPFC_to_lIFG_T1', 0.005549917348731014)	('lIFG_to_lPTL_T1', -0.004186388793193737)	('rIFG_to_lIFG_T1', -0.0039650251072223044)	('R_IFGorb_T1', 0.003872444991550138)	('lDLPFC_to_lIFG_T1', 0.0034382333920205026)	('lPTL_to_lIFG_T1', 0.003200994556733645)	('L_DLPFC_T1', -0.0026316248971948912)	('L_SMA_T1', 0.002489834306810723)	('L_PTL', -0.002397174095183197)	('lDLPFC_to_lPTL_T1', -0.0014068546761541534)	('Age', 0.0012640909908366357)	('R_DLPFC_T1', -0.0008994692913632773)	('L_SMA', -0.0008266094838540666)	
