predictors	pearson_correlation	mean_squared_error	r2	
rois + act_t1 + conn_t1 + age + T1	-0.13708849536470005	0.0638034077126954	-0.06270430987474218	('L_DLPFC', 0.010197139365039819)	('lIFG_to_lPTL_T1', 0.009412363565970675)	('Age', -0.007762370660750306)	('rDLPFC_to_lIFG_T1', -0.0072370418211692164)	('rIFG_to_lIFG_T1', 0.006203492535384771)	('L_IFGorb', 0.006156482175441439)	('L_PTL', -0.004918534732478842)	('T1', 0.004242920291070735)	('L_IFGorb_T1', 0.004093036836444628)	('lDLPFC_to_lPTL_T1', 0.003958028540561128)	('L_SMA', 0.00382236520076452)	('L_DLPFC_T1', 0.0033164432770997378)	('rDLPFC_to_lPTL_T1', 0.0028519702564954058)	('lSMA_to_lPTL_T1', 0.0023751182859727002)	('lSMA_to_lIFG_T1', 0.0023377765778825926)	('lPTL_to_lIFG_T1', 0.001931411967564586)	('R_DLPFC_T1', -0.0018582611663814498)	('L_PTL_T1', -0.0012341687975483454)	('R_IFGorb_T1', -0.0009146874663411284)	('L_SMA_T1', 0.0009072742499069275)	('lDLPFC_to_lIFG_T1', 0.0007784270284339361)	
