predictors	pearson_correlation	mean_squared_error	r2	
rois + act_t1 + conn_t1 + age + T1	-0.09303972697989003	0.06612396409878235	-0.10135530613354016	('L_DLPFC_T1', -0.018692796624899703)	('L_PTL', 0.01462946028062487)	('lPTL_to_lIFG_T1', 0.012387686657512467)	('lIFG_to_lPTL_T1', 0.010889897635040958)	('L_SMA', 0.010793083942477579)	('R_IFGorb_T1', 0.01012723409820589)	('L_PTL_T1', -0.009319047193471859)	('rDLPFC_to_lIFG_T1', 0.007662580820801759)	('T1', 0.007540482945067897)	('L_SMA_T1', -0.007338760027016569)	('L_DLPFC', 0.006966239605854171)	('Age', -0.005984277140635941)	('L_IFGorb_T1', 0.004870876621032674)	('lSMA_to_lIFG_T1', 0.0047738490599009776)	('lSMA_to_lPTL_T1', 0.004753339717022695)	('rDLPFC_to_lPTL_T1', 0.0036429936148847483)	('R_DLPFC_T1', 0.003409905622207542)	('lDLPFC_to_lPTL_T1', 0.0025390168259470172)	('lDLPFC_to_lIFG_T1', 0.001558577324046871)	('L_IFGorb', -0.0009988123501134985)	('rIFG_to_lIFG_T1', 0.0009218794191911755)	
