predictors	pearson_correlation	mean_squared_error	r2	
rois + act_t1 + conn_t1 + age + T1	-0.18364529489244963	0.06562404623698055	-0.09302871535468382	('L_IFGorb', 0.018019776856261407)	('lPTL_to_lIFG_T1', 0.017273052651946483)	('rIFG_to_lIFG_T1', 0.015021182282481664)	('lDLPFC_to_lPTL_T1', 0.009815862328311978)	('L_SMA_T1', 0.008759371940250223)	('L_PTL_T1', -0.007938870417932639)	('R_IFGorb_T1', 0.005703803818737944)	('Age', 0.005565590615945154)	('R_DLPFC_T1', 0.005478659192051835)	('L_PTL', -0.004815910326775004)	('lDLPFC_to_lIFG_T1', -0.004591661434288767)	('L_IFGorb_T1', -0.004071446299869421)	('L_DLPFC_T1', 0.0038002943541522245)	('T1', -0.003236694871837139)	('lIFG_to_lPTL_T1', -0.002884619711229504)	('L_SMA', 0.002779768521405659)	('L_DLPFC', 0.002777473401991252)	('rDLPFC_to_lPTL_T1', -0.0016893421217371893)	('lSMA_to_lPTL_T1', 0.0014757752935315544)	('lSMA_to_lIFG_T1', -0.0014266831674413982)	('rDLPFC_to_lIFG_T1', 0.0005691024641192099)	
