predictors	pearson_correlation	mean_squared_error	r2	
rois + act_t1 + conn_t1 + age + T1	0.07382956126126797	0.06216343247560372	-0.03538901724346144	('lDLPFC_to_lPTL_T1', 0.010053217961070773)	('rIFG_to_lIFG_T1', 0.008978804485528307)	('lIFG_to_lPTL_T1', 0.00805042964966952)	('T1', 0.007899541601835588)	('lDLPFC_to_lIFG_T1', 0.006552986503559139)	('L_DLPFC', -0.006537519793749664)	('L_SMA', -0.00500414299044091)	('L_DLPFC_T1', -0.004582490749598841)	('lPTL_to_lIFG_T1', 0.003332831254358815)	('L_IFGorb', -0.00288313033740922)	('rDLPFC_to_lPTL_T1', 0.0027842110589994806)	('L_SMA_T1', -0.0026261248988326135)	('lSMA_to_lIFG_T1', 0.002518299450464924)	('L_PTL_T1', -0.0023064634846437356)	('lSMA_to_lPTL_T1', 0.0022788260711826885)	('L_IFGorb_T1', 0.0022713625008711786)	('L_PTL', -0.0022563420792672006)	('R_DLPFC_T1', 0.0017684010163949275)	('R_IFGorb_T1', -0.0017247317674517928)	('rDLPFC_to_lIFG_T1', -0.0016794431066466005)	('Age', 0.00030070537175091614)	
