predictors	pearson_correlation	mean_squared_error	r2	
rois + act_t1 + conn_t1 + age + T1	0.18098067681434077	0.05830761038526003	0.028833238281977258	('L_SMA', 0.016697472811378365)	('lPTL_to_lIFG_T1', 0.01453275031189392)	('L_DLPFC', 0.011878230199483376)	('lSMA_to_lPTL_T1', 0.010365491384561405)	('lIFG_to_lPTL_T1', 0.008323506897724861)	('L_PTL_T1', 0.0066082794983113044)	('R_IFGorb_T1', -0.004506127055931775)	('lDLPFC_to_lIFG_T1', 0.004171759449931691)	('rIFG_to_lIFG_T1', 0.004118472410270924)	('Age', -0.003351847988183135)	('T1', -0.003279152007644936)	('L_IFGorb_T1', 0.003147802486023968)	('L_SMA_T1', 0.002380326568240921)	('rDLPFC_to_lIFG_T1', 0.001977112675702117)	('rDLPFC_to_lPTL_T1', 0.0019125790501899615)	('L_IFGorb', 0.001833797427073457)	('lDLPFC_to_lPTL_T1', -0.0013347886605924093)	('R_DLPFC_T1', 0.0011655119979798896)	('L_DLPFC_T1', -0.0010579735206504523)	('lSMA_to_lIFG_T1', -7.593066248430565e-05)	('L_PTL', 3.119186973890677e-05)	
