predictors	pearson_correlation	mean_squared_error	r2	
rois + act_t1 + conn_t1 + age + T1	-0.07070443686543948	0.06146168165017259	-0.023700713226818326	('lDLPFC_to_lPTL_T1', 0.008291427193135054)	('Age', 0.005551206229907539)	('L_DLPFC', 0.0037518124698459636)	('L_IFGorb_T1', 0.002905396909110715)	('lSMA_to_lPTL_T1', -0.0029021143497926435)	('lDLPFC_to_lIFG_T1', 0.002703020470610427)	('rIFG_to_lIFG_T1', -0.002167748439180196)	('L_DLPFC_T1', -0.0021153891558924965)	('R_DLPFC_T1', -0.0018465819621216076)	('L_SMA', 0.0013140000793821203)	('T1', -0.0012351348897507981)	('L_SMA_T1', -0.0006786792878093533)	('lPTL_to_lIFG_T1', -0.0004556446541669059)	('lIFG_to_lPTL_T1', -0.0003347824788655818)	('lSMA_to_lIFG_T1', 0.0002379779101880259)	('L_PTL', -0.00016942938587159623)	('rDLPFC_to_lIFG_T1', 0.00015682547619077846)	('L_PTL_T1', 0.000151171296115253)	('R_IFGorb_T1', 9.838067778619993e-05)	('L_IFGorb', 6.8277762728334664e-06)	('rDLPFC_to_lPTL_T1', 0.0)	
