predictors	pearson_correlation	mean_squared_error	r2	
rois + act_t1 + conn_t1 + age + T1	-0.13020163542285712	0.06632131937196371	-0.10464243932759709	('lIFG_to_lPTL_T1', 0.012528225205772913)	('lPTL_to_lIFG_T1', -0.0088086317329148)	('lDLPFC_to_lPTL_T1', 0.007752934195331652)	('rIFG_to_lIFG_T1', -0.0073888876122277895)	('lDLPFC_to_lIFG_T1', -0.006735031186612153)	('lSMA_to_lIFG_T1', 0.006698053194431405)	('T1', 0.005554646570330176)	('L_DLPFC', -0.00509360503764852)	('L_PTL_T1', -0.004097503441075366)	('Age', 0.00385948775713738)	('L_IFGorb_T1', -0.002598836815627009)	('rDLPFC_to_lPTL_T1', 0.002565532666838691)	('L_SMA', 0.0024794223785913594)	('rDLPFC_to_lIFG_T1', 0.0022307562730392422)	('L_SMA_T1', -0.0021365238674502154)	('lSMA_to_lPTL_T1', 0.0006401215398378107)	('R_IFGorb_T1', 0.0005228533532385248)	('R_DLPFC_T1', -0.0003516907707074938)	('L_DLPFC_T1', -0.0002603005760740586)	('L_PTL', -0.00011043114201726608)	('L_IFGorb', -6.970190113732371e-05)	
