predictors	pearson_correlation	mean_squared_error	r2	
rois + act_t1 + conn_t1 + age + T1	-0.030850777994360114	0.06095240898970254	-0.01521830969094573	('T1', 0.010371421175958958)	('rDLPFC_to_lIFG_T1', -0.007799906501511751)	('R_IFGorb_T1', -0.007738927675744303)	('Age', -0.005157456133733741)	('L_DLPFC_T1', -0.0032252531847336272)	('R_DLPFC_T1', 0.0030937825757743017)	('L_PTL', 0.003062660794204185)	('lSMA_to_lPTL_T1', 0.0029538749970403487)	('L_PTL_T1', -0.002407079694668221)	('lDLPFC_to_lPTL_T1', -0.0023445402195884125)	('lIFG_to_lPTL_T1', 0.0021937211232169085)	('L_DLPFC', 0.00204320578857397)	('lDLPFC_to_lIFG_T1', 0.0019540983230692927)	('L_SMA', -0.0014935744929977517)	('rIFG_to_lIFG_T1', 0.0014869480532184829)	('rDLPFC_to_lPTL_T1', 0.001387029882276648)	('L_SMA_T1', 0.001300037503220332)	('L_IFGorb', 0.0006617544244615515)	('lPTL_to_lIFG_T1', 0.00045908172412665693)	('L_IFGorb_T1', 0.00023528814911494972)	('lSMA_to_lIFG_T1', -7.568254804010508e-05)	
