predictors	pearson_correlation	mean_squared_error	r2	
rois + act_t1 + conn_t1 + age + T1	-0.02580590325138835	0.06192186670816575	-0.03136551769418183	('lDLPFC_to_lIFG_T1', -0.00845302351441936)	('L_PTL', 0.006468397802984693)	('lSMA_to_lPTL_T1', 0.006376204469616154)	('L_IFGorb_T1', 0.0063422410662097375)	('L_SMA_T1', -0.006175838011437213)	('L_DLPFC', 0.003773818789234285)	('R_IFGorb_T1', 0.0036550731782917538)	('R_DLPFC_T1', 0.0032169248375818267)	('T1', 0.0026857591501059813)	('L_IFGorb', -0.0026838705788669254)	('lIFG_to_lPTL_T1', 0.002666792661928284)	('L_DLPFC_T1', -0.002650818521578663)	('L_PTL_T1', 0.002562874913212214)	('lPTL_to_lIFG_T1', 0.0023351624390229577)	('Age', -0.002122830781788977)	('lSMA_to_lIFG_T1', -0.0020752163484376823)	('rDLPFC_to_lPTL_T1', -0.0019852901461719146)	('rIFG_to_lIFG_T1', 0.0015332423585264676)	('lDLPFC_to_lPTL_T1', -0.0007969733656410597)	('L_SMA', 0.0006759581598767024)	('rDLPFC_to_lIFG_T1', -0.0003399900902276359)	
