predictors	pearson_correlation	mean_squared_error	r2	
rois + act_t1 + conn_t1 + age + T1	0.1344772418530237	0.05938710437204073	0.01085327524612445	('lPTL_to_lIFG_T1', 0.014212359893990355)	('T1', -0.012719934003838883)	('L_PTL_T1', 0.007333854813667179)	('rDLPFC_to_lIFG_T1', 0.006025829924177652)	('lSMA_to_lPTL_T1', 0.005781700408449154)	('L_DLPFC_T1', 0.005571150488172244)	('L_IFGorb', 0.0052258164920504216)	('L_PTL', 0.004905895057779683)	('lDLPFC_to_lIFG_T1', 0.0047113598577335335)	('R_DLPFC_T1', -0.0043820957168906605)	('L_IFGorb_T1', 0.0042397876467235645)	('lIFG_to_lPTL_T1', 0.0038761177270019405)	('L_DLPFC', 0.0031246912788182456)	('rDLPFC_to_lPTL_T1', 0.0027602634787486607)	('rIFG_to_lIFG_T1', -0.0018923480106686002)	('lDLPFC_to_lPTL_T1', -0.0014462072737357415)	('R_IFGorb_T1', -0.0013179890738501357)	('L_SMA', 0.0010211708206717184)	('Age', -0.0007494946720418083)	('L_SMA_T1', -0.000527006055071692)	('lSMA_to_lIFG_T1', -0.000505636706612311)	
