predictors	pearson_correlation	mean_squared_error	r2	
rois + act_t1 + conn_t1 + age + T1	0.16761071846003497	0.05842216475723867	0.026925230086476515	('lDLPFC_to_lPTL_T1', 0.012302442599364874)	('rIFG_to_lIFG_T1', 0.010192734010527862)	('Age', 0.009037232342982562)	('L_DLPFC', 0.007400114972969373)	('lDLPFC_to_lIFG_T1', 0.004163789712299867)	('R_DLPFC_T1', -0.003951954498297021)	('rDLPFC_to_lPTL_T1', 0.003858860551011331)	('lSMA_to_lPTL_T1', -0.0033491151861016885)	('L_SMA', -0.0030819312784813565)	('L_PTL_T1', 0.003019856490595975)	('L_DLPFC_T1', 0.0028852370904984877)	('L_IFGorb', 0.002798469030369998)	('T1', -0.002798032796405702)	('lSMA_to_lIFG_T1', 0.0021188268175910707)	('L_SMA_T1', 0.0020733176556474537)	('rDLPFC_to_lIFG_T1', -0.0015372321345520198)	('L_PTL', 0.0015183565439624627)	('R_IFGorb_T1', -0.001393163837531588)	('lPTL_to_lIFG_T1', 0.0011673517948708996)	('L_IFGorb_T1', -0.0008761818803920887)	('lIFG_to_lPTL_T1', -0.0008144071187523341)	
