predictors	pearson_correlation	mean_squared_error	r2	
rois + act_t1 + conn_t1 + age + T1	-0.16237239334604778	0.06658066104440089	-0.10896201288815255	('L_SMA', -0.012253620665119355)	('L_DLPFC_T1', 0.010606009705323646)	('L_DLPFC', 0.008047772405857433)	('lDLPFC_to_lPTL_T1', 0.007110165978864588)	('lIFG_to_lPTL_T1', 0.006605156684776389)	('rDLPFC_to_lIFG_T1', -0.006551215419466863)	('R_DLPFC_T1', 0.006511120379644058)	('rIFG_to_lIFG_T1', 0.005841210565971954)	('L_IFGorb', 0.005481312277945021)	('lSMA_to_lIFG_T1', 0.005024787803265715)	('L_SMA_T1', 0.00460076030149394)	('T1', 0.004216478027549738)	('R_IFGorb_T1', 0.003246759054515123)	('L_IFGorb_T1', 0.0032328850657801127)	('rDLPFC_to_lPTL_T1', 0.0020950050666639548)	('lDLPFC_to_lIFG_T1', 0.002090404196249756)	('Age', 0.0017541430594402976)	('lPTL_to_lIFG_T1', 0.0016825368500705074)	('L_PTL', -0.0015686114994419257)	('L_PTL_T1', -0.0013265262407273935)	('lSMA_to_lPTL_T1', 0.0007837651071713632)	
