predictors	pearson_correlation	mean_squared_error	r2	
rois + act_t1 + conn_t1 + age + T1	0.15022761272690346	0.058795067625817876	0.0207141905854481	('lSMA_to_lPTL_T1', -0.020710512593084953)	('rDLPFC_to_lPTL_T1', 0.010454641871681583)	('L_IFGorb', 0.010321779953247673)	('L_SMA', 0.008754565998878949)	('lPTL_to_lIFG_T1', 0.008353681421568691)	('T1', 0.007224946502041686)	('R_DLPFC_T1', 0.0060219828218738254)	('R_IFGorb_T1', 0.0057348504300759285)	('lDLPFC_to_lPTL_T1', 0.005303009134983504)	('rIFG_to_lIFG_T1', 0.005093861564106448)	('L_PTL', 0.0043664724232171164)	('L_PTL_T1', -0.0039880841234239215)	('Age', -0.003346993479303668)	('lDLPFC_to_lIFG_T1', 0.002948828022894564)	('L_IFGorb_T1', -0.0029382577792674367)	('rDLPFC_to_lIFG_T1', 0.002851154893266429)	('L_DLPFC_T1', 0.002056858618321025)	('lIFG_to_lPTL_T1', -0.0018504663137768227)	('L_DLPFC', 0.001234382749999899)	('lSMA_to_lIFG_T1', -0.000829499303900017)	('L_SMA_T1', 3.9144294491642555e-06)	
