predictors	pearson_correlation	mean_squared_error	r2	
rois + act_t1 + conn_t1 + age + T1	0.10190173128280565	0.0611680230124945	-0.01880955911640303	('L_SMA_T1', 0.01558622688492221)	('R_IFGorb_T1', 0.010747775877651154)	('L_DLPFC', 0.00993827282757178)	('lDLPFC_to_lPTL_T1', 0.009325675482237446)	('T1', -0.00849262674446845)	('L_DLPFC_T1', -0.007455374458015013)	('rIFG_to_lIFG_T1', 0.007306732175733427)	('lDLPFC_to_lIFG_T1', 0.006827488191610602)	('L_SMA', 0.006045035324563525)	('lSMA_to_lIFG_T1', -0.0050194176260830335)	('rDLPFC_to_lPTL_T1', 0.00431122023015022)	('lIFG_to_lPTL_T1', 0.003106116691092139)	('L_IFGorb', 0.0030825070126765455)	('L_PTL', -0.0029158729950837675)	('lPTL_to_lIFG_T1', -0.0027906052785978803)	('lSMA_to_lPTL_T1', -0.0025060563891562042)	('L_IFGorb_T1', 0.0019942189536771102)	('Age', -0.0019333990951052702)	('R_DLPFC_T1', 0.0018546528963988057)	('rDLPFC_to_lIFG_T1', -0.0006769274244450793)	('L_PTL_T1', -0.0005253184098904551)	
