predictors	pearson_correlation	mean_squared_error	r2	
rois + act_t1 + conn_t1 + age + T1	-0.00041400387014069433	0.06254982522337715	-0.04182474306256179	('L_IFGorb_T1', 0.016808015803319674)	('lDLPFC_to_lPTL_T1', 0.014937761242985195)	('rDLPFC_to_lPTL_T1', 0.01076188339571855)	('L_PTL_T1', 0.008086988097283766)	('L_SMA_T1', 0.007749218198237189)	('Age', 0.00748877771939901)	('rIFG_to_lIFG_T1', -0.006814656588687969)	('L_DLPFC_T1', -0.006627461750980844)	('lSMA_to_lIFG_T1', 0.006035229319283675)	('L_PTL', 0.005798761353027101)	('L_DLPFC', 0.005562046737236446)	('lSMA_to_lPTL_T1', -0.004719030256443877)	('R_IFGorb_T1', 0.004329770230050235)	('L_IFGorb', 0.004005956293577286)	('lIFG_to_lPTL_T1', 0.004004334460719824)	('rDLPFC_to_lIFG_T1', 0.003516842895651445)	('lDLPFC_to_lIFG_T1', -0.00290480080351073)	('R_DLPFC_T1', 0.002087821361428483)	('T1', 0.0020847036179702386)	('lPTL_to_lIFG_T1', -0.001468662733164906)	('L_SMA', 0.0004164539574543865)	
