predictors	pearson_correlation	mean_squared_error	r2	
rois + act_t1 + conn_t1 + age + T1	0.06982660975366484	0.061606751684244565	-0.026116987779678746	('rDLPFC_to_lIFG_T1', 0.028308976659910192)	('lDLPFC_to_lPTL_T1', 0.017899718679085797)	('L_DLPFC', 0.011592320779823206)	('R_DLPFC_T1', 0.011462597848677559)	('lIFG_to_lPTL_T1', 0.00886489223654421)	('L_PTL', 0.008748950182646811)	('lSMA_to_lIFG_T1', -0.008333526309001443)	('L_IFGorb', -0.007681364913282303)	('L_IFGorb_T1', 0.007412647894730164)	('R_IFGorb_T1', 0.006751904596687597)	('L_DLPFC_T1', 0.005957829613657611)	('L_SMA', -0.005443148070240551)	('T1', 0.005338240909696758)	('lPTL_to_lIFG_T1', 0.0053195841095660746)	('L_SMA_T1', -0.005252515463466539)	('rDLPFC_to_lPTL_T1', -0.004642041210336797)	('lDLPFC_to_lIFG_T1', 0.004331406257280568)	('Age', -0.0025008306743149415)	('lSMA_to_lPTL_T1', 0.0021609008576869556)	('L_PTL_T1', 0.0014696174224870626)	('rIFG_to_lIFG_T1', -0.0007391443778461665)	
