predictors	pearson_correlation	mean_squared_error	r2	
rois + act_t1 + conn_t1 + age + T1	0.27285907491187344	0.055671216708126664	0.07274479447709681	('L_DLPFC_T1', 0.01634972178177954)	('R_DLPFC_T1', -0.015900545866184314)	('lSMA_to_lIFG_T1', 0.015501590181780992)	('L_DLPFC', 0.01121690369604927)	('rIFG_to_lIFG_T1', -0.011204741022914706)	('L_SMA', 0.009623455907426751)	('rDLPFC_to_lPTL_T1', 0.007913426235560793)	('rDLPFC_to_lIFG_T1', 0.007439298385143043)	('Age', 0.006655431234403044)	('lDLPFC_to_lPTL_T1', -0.005631005806345893)	('L_PTL_T1', 0.004857853884823509)	('L_IFGorb', -0.004757293743321593)	('lSMA_to_lPTL_T1', 0.004586702857314061)	('lPTL_to_lIFG_T1', 0.003713964790948106)	('L_IFGorb_T1', 0.0030061520846475145)	('L_PTL', 0.002933385554673422)	('lDLPFC_to_lIFG_T1', 0.00256700313015702)	('R_IFGorb_T1', -0.0018499886822084136)	('L_SMA_T1', 0.0015177815296995173)	('lIFG_to_lPTL_T1', -0.001288993855849557)	('T1', -0.001121598186340391)	
