predictors	pearson_correlation	mean_squared_error	r2	
rois + act_t1 + conn_t1 + age + T1	-0.175097226342312	0.06249948772403341	-0.04098632581466499	('lSMA_to_lPTL_T1', 0.011286294913107882)	('R_DLPFC_T1', 0.009484515438309091)	('L_IFGorb', 0.008978453684913349)	('L_PTL_T1', 0.008927223732313028)	('R_IFGorb_T1', 0.008121998967427414)	('Age', 0.006412436449217289)	('rDLPFC_to_lIFG_T1', 0.005392133749356957)	('lIFG_to_lPTL_T1', -0.005319977327183798)	('L_SMA_T1', -0.004607919454828692)	('L_PTL', 0.0034492435803744337)	('rDLPFC_to_lPTL_T1', 0.0032858212241176376)	('T1', 0.0028963139614812464)	('lDLPFC_to_lPTL_T1', 0.002561111111035817)	('L_DLPFC_T1', -0.002313519561937494)	('lDLPFC_to_lIFG_T1', 0.002119640334523726)	('L_IFGorb_T1', -0.002016896316980976)	('rIFG_to_lIFG_T1', -0.001635205206659439)	('lSMA_to_lIFG_T1', 0.001181937147400351)	('lPTL_to_lIFG_T1', 0.0007285112251462742)	('L_DLPFC', 0.0006684559359539657)	('L_SMA', 0.00047120993705024517)	
