predictors	pearson_correlation	mean_squared_error	r2	
rois + act_t1 + conn_t1 + age + T1	-0.03903951417949744	0.06436203179284838	-0.07200870659680425	('L_PTL', 0.010788037047920754)	('R_DLPFC_T1', 0.009198629345547903)	('lDLPFC_to_lIFG_T1', 0.009181806881057852)	('rIFG_to_lIFG_T1', 0.009069228035321085)	('L_DLPFC_T1', -0.008535230079934123)	('lDLPFC_to_lPTL_T1', -0.007939404229749324)	('L_IFGorb', 0.006224659319745531)	('L_DLPFC', -0.006093696864877603)	('lPTL_to_lIFG_T1', 0.005279224756812577)	('L_IFGorb_T1', 0.004832565758255264)	('Age', 0.004625693283573742)	('L_SMA', 0.004319541156294252)	('rDLPFC_to_lIFG_T1', -0.00346937104479339)	('L_SMA_T1', 0.0029879121678934176)	('T1', 0.0027264694646688147)	('R_IFGorb_T1', -0.002692751719269416)	('rDLPFC_to_lPTL_T1', 0.00191396785887016)	('lIFG_to_lPTL_T1', -0.0018652819810287776)	('lSMA_to_lIFG_T1', -0.0016092338445755782)	('L_PTL_T1', 0.0012779189604627912)	('lSMA_to_lPTL_T1', 0.0007525406494732389)	
