predictors	pearson_correlation	mean_squared_error	r2	
rois + act_t1 + conn_t1 + age + T1	-0.23792962225427786	0.06963856094443528	-0.15989414205537722	('L_PTL', -0.013202887132911033)	('T1', 0.010053063311995795)	('lSMA_to_lPTL_T1', -0.007678480771429181)	('L_IFGorb_T1', 0.0067990737665122175)	('L_SMA', -0.006784854873949384)	('lSMA_to_lIFG_T1', 0.006755815152653162)	('lPTL_to_lIFG_T1', 0.0058519218240640075)	('L_SMA_T1', 0.00525594543320301)	('L_DLPFC', -0.003675446480909163)	('R_IFGorb_T1', 0.003076349348869794)	('lDLPFC_to_lPTL_T1', 0.0030681225507804485)	('L_PTL_T1', -0.002595849800434259)	('L_DLPFC_T1', 0.0021042048154935925)	('L_IFGorb', -0.001906155058561008)	('R_DLPFC_T1', 0.0017879359589124074)	('lIFG_to_lPTL_T1', 0.0015479802371614253)	('rIFG_to_lIFG_T1', 0.0013612301640916718)	('lDLPFC_to_lIFG_T1', -0.0010617666816182209)	('Age', -0.0009031966322437662)	('rDLPFC_to_lIFG_T1', 0.0008791629455589002)	('rDLPFC_to_lPTL_T1', 0.000716056755480839)	
