predictors	pearson_correlation	mean_squared_error	r2	
rois + act_t1 + conn_t1 + age + T1	0.08980291871076254	0.05990749318949806	0.0021857219139770345	('Age', 0.014628719944536107)	('L_IFGorb', 0.009929982096665102)	('L_SMA', 0.009348240859766564)	('rDLPFC_to_lIFG_T1', 0.006570093873030923)	('rIFG_to_lIFG_T1', 0.006237182515204973)	('L_SMA_T1', 0.00597466655765305)	('lDLPFC_to_lIFG_T1', 0.005737634017606433)	('lDLPFC_to_lPTL_T1', 0.005357315402408734)	('rDLPFC_to_lPTL_T1', -0.00511847022202489)	('lSMA_to_lIFG_T1', 0.004092360730536957)	('L_PTL_T1', 0.0037120611845004752)	('L_PTL', -0.0028058589380704226)	('R_IFGorb_T1', -0.002687506735857499)	('lPTL_to_lIFG_T1', 0.0025004837881065587)	('L_DLPFC', 0.002403165382438178)	('R_DLPFC_T1', 0.002377843841593964)	('T1', -0.0020262350918853317)	('lIFG_to_lPTL_T1', 0.0018536507253225731)	('lSMA_to_lPTL_T1', 0.001733422858810711)	('L_DLPFC_T1', -0.0013883270991453698)	('L_IFGorb_T1', -0.0009106517782974001)	
