predictors	pearson_correlation	mean_squared_error	r2	
rois + act_t1 + conn_t1 + age + T1	-0.2405070047003092	0.08000282736916241	-0.3325205109766729	('R_DLPFC_T1', 0.016298417060862866)	('R_IFGorb_T1', 0.016057299666785554)	('lSMA_to_lIFG_T1', -0.01175121693497437)	('Age', 0.008690486206213047)	('L_DLPFC_T1', 0.008156690252623515)	('L_PTL', -0.0074504604826198615)	('lSMA_to_lPTL_T1', 0.007212668033563342)	('lIFG_to_lPTL_T1', 0.006411782992694153)	('lDLPFC_to_lIFG_T1', 0.005644971632332514)	('rIFG_to_lIFG_T1', -0.004974488671739477)	('L_IFGorb', -0.004558223325715857)	('L_PTL_T1', 0.004279992920366087)	('L_IFGorb_T1', -0.0034072339945967404)	('lPTL_to_lIFG_T1', -0.001643437077928196)	('L_DLPFC', 0.0012496867441978909)	('L_SMA_T1', 0.0011788828706320044)	('L_SMA', 0.001086974824586189)	('rDLPFC_to_lPTL_T1', 0.001085883827048218)	('T1', -0.0008750552854351741)	('rDLPFC_to_lIFG_T1', -0.0006338718386607168)	('lDLPFC_to_lPTL_T1', -4.8544148231929906e-05)	
