predictors	pearson_correlation	mean_squared_error	r2	
rois + act_t1 + conn_t1 + age + T1	0.042918774153866836	0.06029629975656511	-0.004290208280697261	('R_DLPFC_T1', 0.013259966210847927)	('lIFG_to_lPTL_T1', 0.008030772301197496)	('L_DLPFC_T1', 0.007357037615984788)	('L_PTL', -0.007027815630544329)	('R_IFGorb_T1', 0.006727450725262141)	('L_IFGorb_T1', -0.005338590645597641)	('L_DLPFC', 0.004860920112410176)	('rDLPFC_to_lPTL_T1', -0.004796651126971533)	('L_SMA_T1', 0.004615209549087009)	('lPTL_to_lIFG_T1', -0.003998221761432641)	('T1', 0.003935240396277638)	('lSMA_to_lIFG_T1', 0.00212317579769474)	('L_SMA', -0.0019986224873427675)	('L_PTL_T1', 0.0017052601030456496)	('lDLPFC_to_lPTL_T1', 0.0016717745705833982)	('Age', -0.0011866186209961809)	('lSMA_to_lPTL_T1', 0.0011865214585097652)	('lDLPFC_to_lIFG_T1', -0.00046440280409983597)	('rDLPFC_to_lIFG_T1', -0.0002972054652333933)	('rIFG_to_lIFG_T1', 0.00029709478500160856)	('L_IFGorb', 0.00020586475075735165)	
