predictors	pearson_correlation	mean_squared_error	r2	
rois + act_t1 + conn_t1 + age + T1	0.11348998050212636	0.05971855241951502	0.005332703835008168	('lSMA_to_lPTL_T1', 0.018192811236816247)	('L_DLPFC', -0.00828059378149033)	('lSMA_to_lIFG_T1', 0.008227870865293007)	('R_IFGorb_T1', 0.00806672528125111)	('lDLPFC_to_lIFG_T1', 0.00606313945190799)	('L_SMA', 0.005773180524616026)	('L_IFGorb', 0.0057555644979181185)	('Age', -0.004378561941173143)	('lDLPFC_to_lPTL_T1', 0.003353705536336367)	('L_DLPFC_T1', 0.00318011333526452)	('L_PTL_T1', 0.00315866187253878)	('rDLPFC_to_lPTL_T1', 0.0030871429636711205)	('rIFG_to_lIFG_T1', 0.002436415822723269)	('L_IFGorb_T1', 0.002351624200280224)	('L_SMA_T1', 0.0013295542317550728)	('T1', -0.0013036234459641502)	('rDLPFC_to_lIFG_T1', -0.001291519795707995)	('L_PTL', -0.0012004886459901411)	('R_DLPFC_T1', 0.0008442191551949151)	('lPTL_to_lIFG_T1', 0.00015325567340556727)	('lIFG_to_lPTL_T1', -6.538442705519527e-05)	
