predictors	pearson_correlation	mean_squared_error	r2	
rois + act_t1 + conn_t1 + age + T1	0.30586012616695213	0.05535029895749774	0.07808997413026453	('R_DLPFC_T1', 0.023425609255253214)	('L_DLPFC', 0.016941472344827038)	('L_PTL', -0.014290297196849473)	('lDLPFC_to_lPTL_T1', -0.010947590674006762)	('lSMA_to_lIFG_T1', 0.010862086193083684)	('T1', 0.008142171450263554)	('rDLPFC_to_lPTL_T1', -0.007866804637076888)	('L_DLPFC_T1', 0.005691343372906433)	('lPTL_to_lIFG_T1', 0.004925632553237144)	('L_PTL_T1', 0.004901437460333424)	('L_IFGorb', 0.004723618658470703)	('lIFG_to_lPTL_T1', 0.004069285177056425)	('rIFG_to_lIFG_T1', 0.0035909755763130005)	('lSMA_to_lPTL_T1', -0.0033263466747279454)	('R_IFGorb_T1', 0.003250222992957187)	('Age', -0.0031040244159241015)	('L_SMA', -0.0028429568162316407)	('L_IFGorb_T1', -0.0019276237005942671)	('lDLPFC_to_lIFG_T1', 0.0012189405867498813)	('L_SMA_T1', -0.0009607991308220519)	('rDLPFC_to_lIFG_T1', 0.0006190535647808085)	
