predictors	pearson_correlation	mean_squared_error	r2	
rois + act_t1 + conn_t1 + age + T1	-0.04881828209152579	0.061297527263243314	-0.020966571262801104	('lSMA_to_lIFG_T1', 0.007793489104262523)	('lDLPFC_to_lIFG_T1', 0.007663126099391546)	('T1', 0.006997195867819965)	('lDLPFC_to_lPTL_T1', -0.005563867277341497)	('L_DLPFC_T1', 0.005549690631757801)	('lIFG_to_lPTL_T1', 0.00553142973012661)	('R_IFGorb_T1', 0.004996873617883145)	('L_DLPFC', -0.004195075104255441)	('lSMA_to_lPTL_T1', 0.00417720213175115)	('L_PTL', -0.003126268349553753)	('rIFG_to_lIFG_T1', -0.0029127051867227044)	('L_IFGorb_T1', -0.002793810567623719)	('Age', 0.0026426536901196806)	('L_SMA_T1', -0.002433937306239388)	('lPTL_to_lIFG_T1', 0.0015309479788254896)	('L_IFGorb', 0.0010441851572414308)	('rDLPFC_to_lIFG_T1', -0.000904783763980213)	('R_DLPFC_T1', 0.0005279771902536121)	('L_SMA', 0.00019999650430620473)	('L_PTL_T1', 0.00015439884837346028)	('rDLPFC_to_lPTL_T1', -0.0001400782316994042)	
