predictors	pearson_correlation	mean_squared_error	r2	
rois + act_t1 + conn_t1 + age + T1	0.3794734065659292	0.05308087650656613	0.11588928777180918	('rDLPFC_to_lPTL_T1', 0.015792637344462276)	('L_SMA', -0.014554253128603605)	('L_PTL_T1', 0.014077983001637023)	('L_IFGorb_T1', 0.014023322744498377)	('L_SMA_T1', -0.011131367305635388)	('rDLPFC_to_lIFG_T1', 0.008479641422076151)	('R_DLPFC_T1', -0.0082349416927077)	('lSMA_to_lPTL_T1', 0.00793354918095622)	('rIFG_to_lIFG_T1', 0.006738183965886203)	('L_PTL', 0.0063823457265809345)	('L_DLPFC_T1', 0.0047629563412705245)	('L_IFGorb', 0.004740195431509616)	('R_IFGorb_T1', -0.00418646462421705)	('lSMA_to_lIFG_T1', 0.0038335836114961786)	('T1', 0.003259023189628097)	('Age', -0.003112876649362998)	('lDLPFC_to_lPTL_T1', 0.0010416655331796127)	('lIFG_to_lPTL_T1', -0.00035725452632291336)	('L_DLPFC', 0.0003411226710017568)	('lPTL_to_lIFG_T1', 0.00028673899345757936)	('lDLPFC_to_lIFG_T1', 6.934160414362015e-05)	
