predictors	pearson_correlation	mean_squared_error	r2	
rois + act_t1 + conn_t1 + age + T1	0.1642631999019301	0.05919827547766012	0.013998393776325169	('L_PTL', 0.015450215894257364)	('lDLPFC_to_lIFG_T1', -0.013652012715973454)	('L_SMA_T1', 0.012138009461386583)	('L_PTL_T1', -0.010618132569602957)	('rIFG_to_lIFG_T1', 0.010536097156157592)	('lSMA_to_lIFG_T1', 0.010457731099829193)	('rDLPFC_to_lIFG_T1', 0.009433757421516734)	('L_IFGorb_T1', -0.008168685945602133)	('L_DLPFC', 0.007963009299598277)	('R_DLPFC_T1', 0.007596334687748444)	('R_IFGorb_T1', 0.006531676812136423)	('lIFG_to_lPTL_T1', 0.006329128221872624)	('lDLPFC_to_lPTL_T1', 0.005935486727841719)	('L_SMA', -0.005221239191700233)	('lSMA_to_lPTL_T1', 0.004068141602838293)	('T1', 0.0031260716070185663)	('Age', 0.0030233297310021607)	('rDLPFC_to_lPTL_T1', 0.0026340202573323914)	('L_IFGorb', 0.0025713539485384147)	('lPTL_to_lIFG_T1', -0.0024815797179285407)	('L_DLPFC_T1', -0.0017354143698542132)	
