predictors	pearson_correlation	mean_squared_error	r2	
rois + act_t1 + conn_t1 + age + T1	0.19321690467816463	0.05827877127663433	0.029313580102707015	('R_DLPFC_T1', 0.01271416758398084)	('L_SMA_T1', 0.012106446152499997)	('R_IFGorb_T1', 0.01113199900257648)	('L_DLPFC', 0.008566007967300384)	('lPTL_to_lIFG_T1', -0.0073644041239482915)	('lDLPFC_to_lIFG_T1', 0.00624071358606723)	('L_SMA', -0.00532675240933959)	('L_IFGorb_T1', 0.0052623344394929945)	('L_PTL', 0.0050456996807193314)	('T1', 0.004488954824131797)	('L_PTL_T1', 0.004319905226267091)	('lDLPFC_to_lPTL_T1', 0.004091687330317227)	('rIFG_to_lIFG_T1', 0.003753986492913235)	('Age', -0.003691732120087026)	('L_DLPFC_T1', 0.003477476773472227)	('lSMA_to_lIFG_T1', 0.0031627724256355605)	('lSMA_to_lPTL_T1', 0.002363711175467008)	('lIFG_to_lPTL_T1', 0.002110636839766116)	('rDLPFC_to_lIFG_T1', -0.002082932261884361)	('L_IFGorb', 0.0020365903038492305)	('rDLPFC_to_lPTL_T1', 0.00011659483425451947)	
