predictors	pearson_correlation	mean_squared_error	r2	
rois + act_t1 + conn_t1 + age + T1	0.15650854174199627	0.05944614703793299	0.0098698654603534	('L_PTL_T1', 0.019922878932117843)	('rDLPFC_to_lPTL_T1', 0.015491217071896326)	('R_IFGorb_T1', -0.014156184970633794)	('L_SMA_T1', 0.009387337233454952)	('L_DLPFC', 0.009354899715428876)	('lDLPFC_to_lPTL_T1', -0.007272667969695771)	('R_DLPFC_T1', 0.006849968332589875)	('lDLPFC_to_lIFG_T1', 0.006250595736078959)	('L_IFGorb', -0.005909480322322838)	('L_PTL', -0.005464041465440237)	('lPTL_to_lIFG_T1', 0.005252521623058436)	('L_SMA', 0.005134403085988403)	('rDLPFC_to_lIFG_T1', -0.003633693199639821)	('L_IFGorb_T1', -0.003600289079475541)	('rIFG_to_lIFG_T1', 0.003524071676799837)	('Age', 0.0030708477147739946)	('lSMA_to_lPTL_T1', 0.002826610887639531)	('lSMA_to_lIFG_T1', -0.002072909392539717)	('lIFG_to_lPTL_T1', 0.0018940257530161177)	('T1', -0.0016719696841220552)	('L_DLPFC_T1', 0.0014547988250185094)	
