predictors	pearson_correlation	mean_squared_error	r2	
rois + act_t1 + conn_t1 + age + T1	0.1072449221086985	0.05989501082139506	0.0023936272101993117	('R_DLPFC_T1', 0.019792734154793063)	('lDLPFC_to_lIFG_T1', 0.014146396554011858)	('rDLPFC_to_lIFG_T1', 0.00685171428029085)	('rIFG_to_lIFG_T1', 0.006099319171092318)	('L_SMA_T1', 0.005392923529871538)	('L_SMA', 0.004604930450040962)	('lPTL_to_lIFG_T1', -0.003994834718131395)	('R_IFGorb_T1', -0.003655989156720477)	('L_PTL', 0.003613815225777798)	('L_DLPFC', -0.002520176194183304)	('L_PTL_T1', 0.0025153337732029516)	('lDLPFC_to_lPTL_T1', 0.002311343716829023)	('lSMA_to_lPTL_T1', 0.002051193015258885)	('L_IFGorb_T1', -0.001850462263468838)	('rDLPFC_to_lPTL_T1', 0.0012837861352699264)	('Age', -0.0012617672205101891)	('L_IFGorb', -0.001184854576106095)	('T1', -0.0005627996669229242)	('lIFG_to_lPTL_T1', -0.0004030895065312642)	('lSMA_to_lIFG_T1', 0.0003398659535365321)	('L_DLPFC_T1', 0.00029433810238650054)	
