predictors	pearson_correlation	mean_squared_error	r2	
rois + act_t1 + conn_t1 + age + T1	-0.19775798277861673	0.06812772304584078	-0.1347297503102165	('L_SMA', -0.012210242314836438)	('L_IFGorb', 0.011208313106251235)	('Age', 0.010545514165814467)	('lSMA_to_lPTL_T1', 0.006644151247982453)	('T1', 0.006628361523607633)	('L_DLPFC_T1', 0.005368583870711667)	('R_DLPFC_T1', 0.0053188291604167005)	('lDLPFC_to_lIFG_T1', 0.005241676897638949)	('rIFG_to_lIFG_T1', -0.0028454790190303994)	('R_IFGorb_T1', 0.0026967556726845443)	('L_SMA_T1', 0.0025526904645643174)	('lPTL_to_lIFG_T1', -0.002128158983223075)	('rDLPFC_to_lPTL_T1', 0.0018433612710490092)	('L_IFGorb_T1', -0.0017533204078252417)	('rDLPFC_to_lIFG_T1', 0.0011498393661886885)	('L_PTL_T1', 0.0010034427005429008)	('lDLPFC_to_lPTL_T1', 0.0007887072103797319)	('L_PTL', 0.0007394057457402584)	('L_DLPFC', -0.0006886823764360915)	('lSMA_to_lIFG_T1', -0.0003682720862504009)	('lIFG_to_lPTL_T1', -0.0002278892752256337)	
