predictors	pearson_correlation	mean_squared_error	r2	
rois + act_t1 + conn_t1 + age + T1	-0.1392523345486327	0.06444208913762114	-0.07334213514517018	('lSMA_to_lPTL_T1', 0.011605852621724703)	('lDLPFC_to_lIFG_T1', 0.008984821099971754)	('L_DLPFC_T1', 0.008402611029637103)	('L_SMA_T1', -0.006791234005445335)	('T1', 0.006145882831276447)	('L_PTL_T1', 0.005658809347318814)	('L_DLPFC', 0.0056059017620247445)	('lIFG_to_lPTL_T1', 0.00533350295996738)	('L_IFGorb', -0.005276381855980043)	('R_DLPFC_T1', 0.004743693065744923)	('lDLPFC_to_lPTL_T1', -0.004257855104554156)	('R_IFGorb_T1', -0.003614416571650828)	('Age', 0.0030949220660697243)	('L_PTL', -0.00302581934751658)	('lSMA_to_lIFG_T1', 0.002990041661071074)	('rDLPFC_to_lIFG_T1', -0.0029222805096581314)	('L_IFGorb_T1', -0.0027676737296771386)	('L_SMA', 0.0016522169381382856)	('rDLPFC_to_lPTL_T1', -0.000745858133991162)	('rIFG_to_lIFG_T1', -0.0007446566272883906)	('lPTL_to_lIFG_T1', -1.7025800648080814e-05)	
