predictors	pearson_correlation	mean_squared_error	r2	
rois + act_t1 + conn_t1 + age + T1	-0.16495853693130005	0.06433267370561235	-0.0715197207110363	('rIFG_to_lIFG_T1', 0.013160649600524776)	('lSMA_to_lIFG_T1', 0.0123116817079396)	('L_IFGorb_T1', 0.011346293141087269)	('R_DLPFC_T1', 0.009263781057656779)	('L_SMA_T1', 0.007915613148303484)	('L_DLPFC_T1', 0.0074891678777156264)	('T1', 0.006721609471855698)	('L_DLPFC', 0.00666798917510195)	('L_PTL', 0.005417432401922977)	('lDLPFC_to_lPTL_T1', -0.00502242634970165)	('L_SMA', -0.004551087883248417)	('L_PTL_T1', 0.004201130174624288)	('lDLPFC_to_lIFG_T1', 0.004004436313283542)	('lPTL_to_lIFG_T1', 0.00386077058431258)	('Age', -0.0038465543847222053)	('lIFG_to_lPTL_T1', 0.0036731565590365865)	('lSMA_to_lPTL_T1', 0.002905023160548101)	('rDLPFC_to_lIFG_T1', -0.0024163883398408744)	('R_IFGorb_T1', 0.0022457085310797873)	('rDLPFC_to_lPTL_T1', -0.001744348105423208)	('L_IFGorb', 0.0010476545302781528)	
