predictors	pearson_correlation	mean_squared_error	r2	
rois + act_t1 + conn_t1 + age + T1	-0.17960912219110448	0.0658949994308919	-0.09754168946165498	('lSMA_to_lPTL_T1', 0.01822670348979408)	('T1', 0.014231690012312942)	('lIFG_to_lPTL_T1', 0.013738562675435441)	('L_IFGorb', -0.012744365573780975)	('lDLPFC_to_lPTL_T1', 0.01271623371909185)	('R_DLPFC_T1', 0.006831995083681551)	('L_IFGorb_T1', 0.0059542721942200455)	('lSMA_to_lIFG_T1', 0.005780385218953604)	('rDLPFC_to_lIFG_T1', 0.005398529986047795)	('L_DLPFC_T1', 0.005275896822176959)	('L_SMA', -0.00524536553823728)	('L_PTL', -0.0052280173311676295)	('L_DLPFC', 0.004672079170343524)	('R_IFGorb_T1', 0.0037463635533732473)	('rDLPFC_to_lPTL_T1', 0.0027402667295570128)	('lPTL_to_lIFG_T1', 0.002669842826334624)	('Age', -0.0021786381479959012)	('L_PTL_T1', -0.001999402274585561)	('rIFG_to_lIFG_T1', -0.0005624217919952109)	('L_SMA_T1', 0.00035438631668513373)	('lDLPFC_to_lIFG_T1', -5.9727688624568886e-05)	
