predictors	pearson_correlation	mean_squared_error	r2	
rois + act_t1 + conn_t1 + age + T1	0.014872069720079067	0.06240466316420226	-0.039406935747158034	('rDLPFC_to_lIFG_T1', 0.012387769144023715)	('R_IFGorb_T1', 0.011488499337319802)	('L_IFGorb', 0.01121256782129925)	('rIFG_to_lIFG_T1', 0.009793125277026828)	('L_SMA_T1', -0.007887421976729318)	('T1', 0.007704299534087887)	('lPTL_to_lIFG_T1', 0.006918857617483094)	('Age', 0.00670796336093765)	('R_DLPFC_T1', 0.0049263995831142875)	('L_DLPFC_T1', 0.004801526394957849)	('lDLPFC_to_lPTL_T1', 0.004255361270146599)	('L_PTL_T1', 0.004147253497776489)	('L_DLPFC', 0.003582906530833286)	('lIFG_to_lPTL_T1', -0.0032795856775712784)	('L_PTL', -0.0029447361470138944)	('L_IFGorb_T1', 0.0027282695161299575)	('rDLPFC_to_lPTL_T1', 0.0026787656865881093)	('L_SMA', -0.0021993298888385933)	('lSMA_to_lPTL_T1', 0.0007492605683247587)	('lSMA_to_lIFG_T1', -0.0003690077715424662)	('lDLPFC_to_lIFG_T1', -0.00034729090199895447)	
