predictors	pearson_correlation	mean_squared_error	r2	
rois + act_t1 + conn_t1 + age + T1	0.04115922938739738	0.06024421099350997	-0.003422622128496533	('rIFG_to_lIFG_T1', 0.009561687358078576)	('lDLPFC_to_lIFG_T1', 0.008700382721482804)	('lSMA_to_lPTL_T1', 0.008242106080201787)	('lIFG_to_lPTL_T1', -0.007619937818649107)	('L_IFGorb', 0.006329598355832532)	('lSMA_to_lIFG_T1', 0.0063160955840739635)	('lPTL_to_lIFG_T1', 0.006228384277889841)	('R_DLPFC_T1', 0.006112715147065648)	('L_SMA', 0.005396311284677465)	('L_DLPFC', -0.003946505355628773)	('rDLPFC_to_lIFG_T1', 0.003941423329422499)	('L_PTL_T1', 0.003513943240677234)	('T1', 0.0033803044494637676)	('rDLPFC_to_lPTL_T1', -0.003272206726697255)	('R_IFGorb_T1', 0.0027694109853381725)	('L_IFGorb_T1', -0.001879867992318047)	('lDLPFC_to_lPTL_T1', -0.0014653823225858177)	('Age', -0.0013824353633208172)	('L_PTL', 0.0012059175177965395)	('L_DLPFC_T1', 0.0007848987526243014)	('L_SMA_T1', 0.00014363901830440366)	
