predictors	pearson_correlation	mean_squared_error	r2	
rois + act_t1 + conn_t1 + age + T1	0.12895008419457138	0.06109701262971276	-0.0176268160226829	('lSMA_to_lIFG_T1', 0.01826310786963727)	('rIFG_to_lIFG_T1', 0.01700045112733005)	('Age', 0.01448349011479337)	('L_DLPFC', 0.014303202120623325)	('lIFG_to_lPTL_T1', 0.011453997056706083)	('rDLPFC_to_lPTL_T1', 0.011070065548166934)	('L_DLPFC_T1', -0.00800199596225646)	('rDLPFC_to_lIFG_T1', 0.00781628009564435)	('lDLPFC_to_lIFG_T1', 0.007564492839783219)	('L_PTL', 0.006591099364623227)	('L_IFGorb_T1', 0.005095459084837941)	('L_SMA_T1', -0.0044739094679930175)	('lPTL_to_lIFG_T1', -0.003872043502325953)	('L_SMA', 0.0032092771242332877)	('R_DLPFC_T1', -0.0022573003382709866)	('lSMA_to_lPTL_T1', -0.0014657967202459147)	('lDLPFC_to_lPTL_T1', 0.0006917852594045324)	('L_PTL_T1', -0.0006140141762513558)	('L_IFGorb', 0.00036230263300239014)	('R_IFGorb_T1', -0.00018893643574204516)	('T1', 0.0001645467346512912)	
