predictors	pearson_correlation	mean_squared_error	r2	
rois + act_t1 + conn_t1 + age + T1	-0.022554193535341077	0.0675102762504365	-0.12444560728216447	('T1', 0.031897226275129906)	('L_SMA_T1', 0.015477241637978029)	('L_IFGorb_T1', 0.013315538237715193)	('lDLPFC_to_lIFG_T1', 0.012988963015744313)	('L_PTL', 0.012530581278181702)	('rDLPFC_to_lIFG_T1', 0.012415588893105496)	('lIFG_to_lPTL_T1', 0.011763605582702345)	('rIFG_to_lIFG_T1', -0.011363347935396496)	('lSMA_to_lIFG_T1', 0.010168144448252515)	('Age', -0.009310156187848938)	('L_DLPFC', 0.00887268044125298)	('rDLPFC_to_lPTL_T1', -0.00851447844328529)	('L_SMA', 0.00504903636304814)	('L_DLPFC_T1', 0.0032080527970520835)	('lPTL_to_lIFG_T1', 0.002042833274990623)	('L_PTL_T1', 0.0017020540319999111)	('lSMA_to_lPTL_T1', -0.0013196861741285744)	('R_IFGorb_T1', -0.001310441936651939)	('lDLPFC_to_lPTL_T1', -0.0012051271091403505)	('R_DLPFC_T1', -0.0007530991790583037)	('L_IFGorb', 0.0005562946952189146)	
