predictors	pearson_correlation	mean_squared_error	r2	
rois + act_t1 + conn_t1 + age + T1	0.055793904441652414	0.0614956540681274	-0.024266555025425962	('L_DLPFC', -0.013194456840563525)	('rDLPFC_to_lIFG_T1', 0.01206283406593116)	('L_PTL', 0.010434388976556755)	('lIFG_to_lPTL_T1', 0.009424358052069598)	('lSMA_to_lPTL_T1', 0.009112727798995968)	('L_PTL_T1', 0.008952140699516277)	('L_IFGorb', 0.008930905762066068)	('lPTL_to_lIFG_T1', 0.00845021274872952)	('L_IFGorb_T1', 0.008380232926874412)	('L_SMA', -0.00615899006019398)	('R_IFGorb_T1', 0.006064381063472286)	('L_DLPFC_T1', 0.00449729877496466)	('lDLPFC_to_lIFG_T1', 0.004154413202645242)	('lDLPFC_to_lPTL_T1', -0.0040075888611792575)	('R_DLPFC_T1', 0.0017529401388979402)	('Age', 0.001382977119794733)	('rIFG_to_lIFG_T1', -0.0013617306596004574)	('T1', 0.001158573427886601)	('lSMA_to_lIFG_T1', -0.0009713979576217854)	('rDLPFC_to_lPTL_T1', 0.0007753399536009877)	('L_SMA_T1', -0.0002425439682023444)	
