predictors	pearson_correlation	mean_squared_error	r2	
rois + act_t1 + conn_t1 + age + T1	-0.2684313662859426	0.06702043922507153	-0.11628692208566838	('L_DLPFC', 0.012493491761661122)	('lSMA_to_lPTL_T1', 0.011802380582246181)	('L_PTL', 0.011136646654559249)	('T1', 0.009336699290005208)	('lIFG_to_lPTL_T1', 0.0073985466636785815)	('lPTL_to_lIFG_T1', 0.007239376502175914)	('L_SMA_T1', 0.007048551559544785)	('R_DLPFC_T1', 0.0061533211030955414)	('L_IFGorb', -0.005708670286801793)	('L_SMA', 0.005242805428015288)	('lDLPFC_to_lPTL_T1', -0.004903386526157783)	('R_IFGorb_T1', 0.004505571275081562)	('rDLPFC_to_lIFG_T1', -0.004251937484910397)	('lDLPFC_to_lIFG_T1', 0.0038778456525931163)	('rDLPFC_to_lPTL_T1', 0.0035822805981541223)	('L_IFGorb_T1', 0.003099963412846588)	('lSMA_to_lIFG_T1', -0.002783908198089288)	('rIFG_to_lIFG_T1', 0.0024351053718441196)	('L_PTL_T1', 0.0021517416692730627)	('L_DLPFC_T1', -0.0018955598879188457)	('Age', 0.0007152818308729942)	
