predictors	pearson_correlation	mean_squared_error	r2	
rois + act_t1 + conn_t1 + age + T1	0.05071203040755587	0.06318656836704348	-0.05243028447979148	('L_IFGorb', 0.014679878890104739)	('lDLPFC_to_lIFG_T1', 0.013883679211261912)	('L_PTL', -0.007637404383446448)	('Age', -0.00615250546230773)	('L_PTL_T1', -0.005884165921359246)	('lSMA_to_lIFG_T1', 0.005803307257875998)	('rDLPFC_to_lPTL_T1', 0.004761310401225491)	('L_DLPFC_T1', 0.004417713475736695)	('L_SMA', 0.0042451199085820615)	('T1', 0.004101422777962785)	('L_DLPFC', -0.003857219035548157)	('rIFG_to_lIFG_T1', -0.0030404291797556542)	('lIFG_to_lPTL_T1', 0.002440531638938878)	('lPTL_to_lIFG_T1', 0.0021638888852911096)	('L_SMA_T1', -0.0020062807277036257)	('rDLPFC_to_lIFG_T1', 0.001910482987860205)	('R_DLPFC_T1', -0.0018575336822918148)	('lSMA_to_lPTL_T1', -0.001285829214322227)	('lDLPFC_to_lPTL_T1', 0.0010341099229350943)	('R_IFGorb_T1', -0.0008414329931617784)	('L_IFGorb_T1', 7.033442775741027e-05)	
