predictors	pearson_correlation	mean_squared_error	r2	
rois + act_t1 + conn_t1 + age + T1	-0.26018619876602206	0.06469107044038488	-0.07748914724077327	('rIFG_to_lIFG_T1', 0.01051169386429412)	('L_DLPFC_T1', 0.008711501523219273)	('lDLPFC_to_lIFG_T1', 0.007582141153304209)	('lIFG_to_lPTL_T1', 0.006365734996759616)	('rDLPFC_to_lIFG_T1', -0.005523241654093947)	('rDLPFC_to_lPTL_T1', 0.0050625000771414965)	('T1', 0.004801645400876842)	('lSMA_to_lPTL_T1', 0.004691683737424946)	('L_PTL', 0.003581419394527849)	('L_SMA', 0.0026856151010414674)	('L_IFGorb_T1', 0.0022166149314661286)	('L_DLPFC', 0.0017831337571027857)	('lPTL_to_lIFG_T1', 0.0017703694788229183)	('Age', -0.0016035212492717338)	('R_DLPFC_T1', -0.0013315722994295186)	('L_PTL_T1', -0.0008456856123880907)	('L_IFGorb', 0.0006702415995207269)	('lDLPFC_to_lPTL_T1', -0.0005972391387814556)	('lSMA_to_lIFG_T1', -0.000508518094634177)	('R_IFGorb_T1', -0.0004949209268920367)	('L_SMA_T1', 0.00040468061819182215)	
