predictors	pearson_correlation	mean_squared_error	r2	
rois + act_t1 + conn_t1 + age + T1	0.26477353252947483	0.05786546119052102	0.03619763889475669	('lSMA_to_lIFG_T1', 0.01629023026829383)	('rDLPFC_to_lIFG_T1', 0.00859430439302341)	('Age', 0.008514024362509967)	('L_PTL', -0.006688600706570494)	('L_DLPFC', 0.005998532420043734)	('R_DLPFC_T1', 0.005362123216036104)	('lSMA_to_lPTL_T1', -0.004340472480579507)	('rIFG_to_lIFG_T1', 0.004109129515266664)	('L_SMA_T1', 0.0037973589417468227)	('lIFG_to_lPTL_T1', 0.003779940717677584)	('L_IFGorb_T1', -0.002823691259608453)	('L_DLPFC_T1', 0.0024604522759394667)	('L_IFGorb', 0.0020051854983507192)	('lDLPFC_to_lIFG_T1', -0.0016336129105778648)	('lPTL_to_lIFG_T1', -0.0015016783273775359)	('T1', -0.0013474526989547897)	('rDLPFC_to_lPTL_T1', 0.0009360183485105161)	('R_IFGorb_T1', 0.0005642402507924048)	('lDLPFC_to_lPTL_T1', 0.00045635099879271553)	('L_SMA', 5.131023766496033e-05)	('L_PTL_T1', 0.0)	
