predictors	pearson_correlation	mean_squared_error	r2	
rois + act_t1 + conn_t1 + age + T1	0.07030982593827208	0.060272450615127836	-0.0038929789429424932	('lIFG_to_lPTL_T1', 0.007601406910636753)	('lDLPFC_to_lPTL_T1', 0.006950184698967173)	('L_PTL', 0.006573507232439928)	('lSMA_to_lPTL_T1', -0.005671701239120116)	('rIFG_to_lIFG_T1', 0.00565209489695282)	('L_PTL_T1', 0.005422830072976898)	('lPTL_to_lIFG_T1', -0.004763735819230672)	('rDLPFC_to_lIFG_T1', -0.004743648554890037)	('lDLPFC_to_lIFG_T1', -0.0028457445591832733)	('L_DLPFC', 0.0026251791669965694)	('L_DLPFC_T1', 0.002619867463592341)	('R_IFGorb_T1', 0.002613196896155108)	('L_SMA', -0.002514629591189885)	('Age', -0.0017798341804755881)	('R_DLPFC_T1', -0.00162010461643744)	('T1', 0.0015564205265880672)	('L_SMA_T1', 0.001426534573472214)	('L_IFGorb', -0.0007792521583636985)	('L_IFGorb_T1', -0.0004130759132647041)	('lSMA_to_lIFG_T1', 0.00017817360111012674)	('rDLPFC_to_lPTL_T1', -0.00016302141076120815)	
