predictors	pearson_correlation	mean_squared_error	r2	
rois + act_t1 + conn_t1 + age + T1	-0.21935557811937711	0.0690796391472937	-0.15058478658364582	('L_DLPFC_T1', 0.011769994146213075)	('L_PTL', 0.010112212290543356)	('lDLPFC_to_lPTL_T1', 0.009644507977382605)	('Age', -0.009475596890237982)	('R_DLPFC_T1', 0.008475110966829132)	('R_IFGorb_T1', 0.0060361221832406515)	('L_IFGorb_T1', 0.005592456652092697)	('lSMA_to_lIFG_T1', 0.004641048769299073)	('lDLPFC_to_lIFG_T1', 0.004250719000030446)	('rDLPFC_to_lPTL_T1', -0.004058662364431665)	('rIFG_to_lIFG_T1', 0.003124156177185628)	('L_PTL_T1', -0.002671656324183034)	('L_SMA_T1', 0.0021166915139242946)	('L_SMA', 0.0020346427425683997)	('L_DLPFC', 0.001854791650794703)	('lSMA_to_lPTL_T1', -0.0017990083082210946)	('lPTL_to_lIFG_T1', 0.001209663141642031)	('lIFG_to_lPTL_T1', -0.0011462157980223439)	('T1', 0.000879437151937006)	('rDLPFC_to_lIFG_T1', 0.000464656437209518)	('L_IFGorb', 2.7979813454301e-05)	
