predictors	pearson_correlation	mean_squared_error	r2	
rois + act_t1 + conn_t1 + age + T1	0.05976909666675016	0.06020771960899914	-0.0028148246301629154	('lIFG_to_lPTL_T1', 0.022217774836281394)	('rIFG_to_lIFG_T1', 0.018585969095571277)	('lDLPFC_to_lPTL_T1', -0.01200411426197893)	('L_PTL_T1', 0.010029039931939)	('T1', 0.008025660752459723)	('L_IFGorb', 0.007892552776503248)	('R_DLPFC_T1', 0.007609830582518353)	('L_IFGorb_T1', -0.007068257824844566)	('rDLPFC_to_lPTL_T1', 0.006843523180810991)	('rDLPFC_to_lIFG_T1', -0.006679655977806615)	('L_PTL', 0.0033350039178679553)	('L_SMA_T1', -0.0028114312725831853)	('lDLPFC_to_lIFG_T1', 0.0028013605021637864)	('R_IFGorb_T1', -0.002777999923039962)	('L_DLPFC_T1', -0.002330573134553341)	('lSMA_to_lIFG_T1', -0.002285772380073155)	('lSMA_to_lPTL_T1', 0.0014604921403142384)	('lPTL_to_lIFG_T1', 0.0013130709978163527)	('Age', -0.001223234105118571)	('L_SMA', 0.0008705636514436755)	('L_DLPFC', -0.0007777030907737247)	
