predictors	pearson_correlation	mean_squared_error	r2	
rois + act_t1 + conn_t1 + age + T1	-0.07940290673087212	0.06257292394680297	-0.04220947349965298	('R_DLPFC_T1', 0.008851878854653652)	('rIFG_to_lIFG_T1', 0.008588874959803724)	('L_SMA', -0.006484169907762487)	('R_IFGorb_T1', -0.005474505537938569)	('L_DLPFC', 0.005202508683713358)	('lDLPFC_to_lPTL_T1', 0.004610038074596174)	('L_DLPFC_T1', 0.0036320320843446713)	('lIFG_to_lPTL_T1', 0.002996339486804007)	('lDLPFC_to_lIFG_T1', 0.0018638214977602686)	('lPTL_to_lIFG_T1', 0.00177846466762713)	('T1', 0.0014578590796420908)	('rDLPFC_to_lPTL_T1', -0.0012686326130402225)	('L_IFGorb', 0.0010424826388624787)	('L_PTL_T1', 0.0009219430763659084)	('lSMA_to_lPTL_T1', -0.0008053911630570399)	('L_SMA_T1', 0.0006305721727464518)	('Age', 0.0005124945893213164)	('lSMA_to_lIFG_T1', -0.0002335573636542071)	('L_PTL', 0.00013699560828402124)	('L_IFGorb_T1', -0.0001077088798690996)	('rDLPFC_to_lIFG_T1', 3.551226050670199e-05)	
