predictors	pearson_correlation	mean_squared_error	r2	
rois + act_t1 + conn_t1 + age + T1	-0.18420808918925383	0.06358865225769884	-0.05912736068385227	('lDLPFC_to_lIFG_T1', 0.014181801996455749)	('rIFG_to_lIFG_T1', 0.01300688547445005)	('L_DLPFC', -0.00993335090791597)	('lSMA_to_lIFG_T1', 0.008937736289242484)	('T1', 0.007708082734619377)	('lPTL_to_lIFG_T1', -0.006824520417952072)	('L_IFGorb', -0.004427714148161323)	('lDLPFC_to_lPTL_T1', 0.00392065875349783)	('L_IFGorb_T1', 0.0034290332761677)	('L_SMA', -0.0030739514003602433)	('rDLPFC_to_lPTL_T1', -0.0029877075128837043)	('L_PTL_T1', -0.002587986042853054)	('L_PTL', 0.002107182991635155)	('lIFG_to_lPTL_T1', -0.0020868027051496327)	('lSMA_to_lPTL_T1', 0.002051340891615983)	('L_DLPFC_T1', -0.0019118511388027141)	('R_DLPFC_T1', -0.0010834432586618952)	('Age', -0.0010779345265061009)	('rDLPFC_to_lIFG_T1', -0.0004908190148862732)	('L_SMA_T1', -0.00033175460384443194)	('R_IFGorb_T1', -8.702974504815916e-05)	
