predictors	pearson_correlation	mean_squared_error	r2	
rois + act_t1 + act_t2 + conn_t1 + conn_t2 + age + T1 + T2	0.1542239855459687	0.06939089470252219	0.01939457351797902	('lSMA_to_lIFG_T1', -0.005902473897617246)	('lIFG_to_lPTL_T2', 0.0053658863708727035)	('R_DLPFC_T1', 0.004907164441483062)	('rIFG_to_lIFG_T1', 0.004513649008412814)	('rDLPFC_to_lIFG_T1', 0.004264118975472513)	('rDLPFC_to_lIFG_T2', -0.0036850707779438815)	('L_PTL_T1', -0.003664210653113021)	('rIFG_to_lIFG_T2', 0.003538359090014262)	('lSMA_to_lIFG_T2', -0.0034493331161445963)	('L_SMA_T1', 0.0033465186056270174)	('L_IFGorb', 0.0032729945774544853)	('lSMA_to_lPTL_T2', 0.003180447149433384)	('rDLPFC_to_lPTL_T1', 0.0030830215083714014)	('Age', 0.0030620340119016194)	('L_IFGorb_T1', -0.002808059432932624)	('L_SMA', 0.0025489157393701026)	('R_DLPFC_T2', 0.0023560358183130144)	('L_DLPFC', 0.0022405288330329854)	('lDLPFC_to_lIFG_T2', -0.0019379858591405004)	('L_PTL_T2', 0.0018389338303125547)	('T2', -0.0016403134487681388)	('lDLPFC_to_lPTL_T1', 0.0016369825586559203)	('lPTL_to_lIFG_T2', 0.0015469261117196558)	('L_IFGorb_T2', 0.0015247998546625491)	('lPTL_to_lIFG_T1', -0.0014608616467787344)	('L_SMA_T2', 0.0014568950593678441)	('T1', 0.0013640614981681458)	('lDLPFC_to_lPTL_T2', 0.0013091337854375142)	('lIFG_to_lPTL_T1', 0.00121605263640601)	('lSMA_to_lPTL_T1', -0.0011473929104179389)	('lDLPFC_to_lIFG_T1', 0.0009182720705978287)	('L_DLPFC_T1', 0.00039472730807683085)	('R_IFGorb_T1', -0.0002324206110844645)	('rDLPFC_to_lPTL_T2', -0.00018332415836351721)	('L_PTL', -0.00010407621794845029)	('L_DLPFC_T2', 6.45677779047191e-05)	('R_IFGorb_T2', 0.0)	
