predictors	pearson_correlation	mean_squared_error	r2	
rois + act_t1 + act_t2 + conn_t1 + conn_t2 + age + T1 + T2	-0.007136015984393507	0.07362554874547993	-0.04044792817623044	('lDLPFC_to_lIFG_T1', 0.024435785674393265)	('L_DLPFC', 0.018522960347581982)	('rDLPFC_to_lIFG_T2', 0.01553666328190148)	('lPTL_to_lIFG_T1', 0.011887531191077643)	('rDLPFC_to_lIFG_T1', 0.011782951976246826)	('R_IFGorb_T2', -0.011667209831228601)	('L_PTL', 0.011465082044480249)	('T1', -0.011415659117257634)	('rIFG_to_lIFG_T1', 0.010914627673144288)	('lDLPFC_to_lPTL_T1', -0.010482955094325792)	('L_IFGorb_T1', 0.010290417661933303)	('R_DLPFC_T1', -0.010188707864104665)	('lIFG_to_lPTL_T2', -0.010067998610924892)	('L_SMA_T1', -0.009684745508762024)	('lIFG_to_lPTL_T1', -0.009644259735214366)	('L_SMA_T2', 0.007860019153927499)	('rDLPFC_to_lPTL_T2', -0.007429879907454183)	('Age', -0.007318037056216505)	('R_IFGorb_T1', 0.007162063650191105)	('lSMA_to_lPTL_T2', -0.007161958834069429)	('lDLPFC_to_lPTL_T2', 0.0065726122534192485)	('L_IFGorb', 0.006437174177162887)	('lPTL_to_lIFG_T2', 0.006247579035321259)	('R_DLPFC_T2', -0.006107107853947976)	('lSMA_to_lIFG_T1', -0.006064859751260317)	('L_IFGorb_T2', 0.006062418800458043)	('lSMA_to_lPTL_T1', 0.005817786135184445)	('rDLPFC_to_lPTL_T1', -0.005426789638938776)	('L_DLPFC_T2', 0.005293283293503566)	('L_DLPFC_T1', 0.005063843122768308)	('T2', 0.004006640257454128)	('L_PTL_T1', 0.003881640493220473)	('L_PTL_T2', 0.003289917657536018)	('lSMA_to_lIFG_T2', -0.0032168479859674237)	('L_SMA', -0.0017216192414407513)	('lDLPFC_to_lIFG_T2', -0.0017203500544086577)	('rIFG_to_lIFG_T2', 0.0010733898310824642)	
