predictors	pearson_correlation	mean_squared_error	r2	
rois + act_t1 + act_t2 + conn_t1 + conn_t2 + age + T1 + T2	-0.12667079977290052	0.10229006830525451	-0.44552389020721606	('lPTL_to_lIFG_T2', 0.02176181813300409)	('L_IFGorb_T1', 0.021265582608962712)	('lDLPFC_to_lIFG_T2', -0.014905549148258672)	('lDLPFC_to_lPTL_T2', 0.013803072178442803)	('rDLPFC_to_lIFG_T2', 0.013432524346927616)	('R_IFGorb_T2', 0.01250651404377008)	('L_DLPFC_T2', 0.010855102464821798)	('R_IFGorb_T1', -0.01083680940172446)	('lIFG_to_lPTL_T1', 0.01016768466059427)	('lSMA_to_lPTL_T2', 0.008391487666207524)	('T2', -0.007892345179127756)	('L_DLPFC_T1', 0.007430919680452235)	('L_IFGorb', -0.006826057259565574)	('L_SMA', 0.006677719805417283)	('R_DLPFC_T2', 0.006086788850859271)	('Age', -0.005991818268921644)	('rDLPFC_to_lPTL_T1', 0.005835843306407638)	('lSMA_to_lIFG_T1', -0.00520517427784268)	('lSMA_to_lIFG_T2', -0.004627337699194582)	('rIFG_to_lIFG_T1', 0.0044548432366273505)	('lIFG_to_lPTL_T2', -0.00409183921973795)	('L_DLPFC', -0.0039041594265938027)	('R_DLPFC_T1', -0.0037356206026634047)	('rIFG_to_lIFG_T2', -0.0030674630137313215)	('T1', -0.003011977436709498)	('L_IFGorb_T2', -0.0029260901406548204)	('rDLPFC_to_lPTL_T2', 0.0028774104118194452)	('L_PTL_T1', -0.0026452002624447065)	('rDLPFC_to_lIFG_T1', -0.002404747144748989)	('L_SMA_T1', 0.0020763436664077636)	('lDLPFC_to_lPTL_T1', -0.001963162471029372)	('lPTL_to_lIFG_T1', 0.0016579506286293025)	('L_PTL_T2', 0.0015416399389627698)	('L_PTL', -0.0013491640214155123)	('lSMA_to_lPTL_T1', -0.000496819532481418)	('L_SMA_T2', 0.00011731216008076428)	('lDLPFC_to_lIFG_T1', -8.354640736468608e-05)	
