predictors	pearson_correlation	mean_squared_error	r2	
rois + act_t1 + act_t2 + conn_t1 + conn_t2 + age + T1 + T2	0.2177166391730319	0.0675046115434614	0.04605080139321083	('rDLPFC_to_lPTL_T2', -0.017260328760479022)	('lSMA_to_lIFG_T1', 0.01666082509713605)	('R_DLPFC_T1', 0.01631172055220743)	('L_SMA_T1', 0.014776553994293137)	('lDLPFC_to_lIFG_T1', -0.0145119484511096)	('T2', 0.014081073223092808)	('L_SMA', 0.012103261241692226)	('T1', 0.011546320147260623)	('R_IFGorb_T2', 0.01101597639161121)	('lPTL_to_lIFG_T2', -0.010623862511812599)	('L_DLPFC', -0.00750269356809739)	('Age', 0.007446582751999295)	('L_SMA_T2', 0.007439048510645959)	('lPTL_to_lIFG_T1', 0.007383423306441196)	('rIFG_to_lIFG_T1', 0.007277674083786683)	('lDLPFC_to_lPTL_T1', -0.007120812134939713)	('L_IFGorb_T1', -0.006452595586180226)	('L_PTL', 0.006342794997488825)	('L_IFGorb_T2', 0.006014151958937146)	('rDLPFC_to_lPTL_T1', -0.005702070171612273)	('L_IFGorb', 0.005528303067793215)	('rDLPFC_to_lIFG_T1', 0.005462802860018576)	('rIFG_to_lIFG_T2', 0.005387655038049576)	('L_PTL_T2', -0.004915169830216911)	('L_PTL_T1', -0.004625891595934886)	('lIFG_to_lPTL_T2', 0.004429908798518608)	('lIFG_to_lPTL_T1', 0.003964764127729282)	('lDLPFC_to_lIFG_T2', 0.0037385845749150887)	('lSMA_to_lPTL_T2', 0.003665923046346571)	('lSMA_to_lPTL_T1', -0.0036306823984511138)	('rDLPFC_to_lIFG_T2', -0.003607155285899978)	('L_DLPFC_T1', -0.0028054401299892812)	('L_DLPFC_T2', -0.0021550478809570514)	('lDLPFC_to_lPTL_T2', 0.0012316924589449263)	('R_DLPFC_T2', -0.0012299707811241852)	('R_IFGorb_T1', 0.0007407975737832666)	('lSMA_to_lIFG_T2', -0.0005534200934532284)	
