predictors	pearson_correlation	mean_squared_error	r2	
rois + act_t1 + act_t2 + conn_t1 + conn_t2 + age + T1 + T2	0.19880426553820785	0.06828786073577142	0.034982225154793434	('T2', 0.015046375052847198)	('L_IFGorb_T1', 0.014026699146662977)	('L_IFGorb', 0.012301273097979092)	('L_PTL_T2', 0.011047758118992912)	('lDLPFC_to_lIFG_T2', -0.010687189159049587)	('rDLPFC_to_lPTL_T2', -0.009984682804950877)	('lPTL_to_lIFG_T2', 0.00969891451900093)	('L_PTL_T1', 0.009435064872763339)	('R_DLPFC_T1', 0.009079970661455841)	('rDLPFC_to_lPTL_T1', 0.008897453092789135)	('lSMA_to_lPTL_T1', -0.008721383632712725)	('L_PTL', 0.008220341425529088)	('lSMA_to_lIFG_T2', 0.007992243617735725)	('rDLPFC_to_lIFG_T2', -0.006069846948618727)	('L_DLPFC', 0.005956860589426782)	('lDLPFC_to_lPTL_T2', 0.005347975970021867)	('L_DLPFC_T1', 0.005101892618237333)	('L_SMA_T2', 0.005080496140364258)	('rIFG_to_lIFG_T2', 0.004864326404745069)	('L_SMA', -0.004620524506032571)	('lIFG_to_lPTL_T2', 0.004491663157132125)	('lDLPFC_to_lIFG_T1', 0.0044198009351549316)	('lIFG_to_lPTL_T1', 0.0040949269575430765)	('L_IFGorb_T2', -0.00403295152177528)	('Age', -0.003542857887455014)	('L_DLPFC_T2', 0.0035125996442579802)	('T1', 0.00309209497118165)	('R_IFGorb_T1', 0.0030136246702618056)	('lSMA_to_lPTL_T2', -0.0029973717404237245)	('lPTL_to_lIFG_T1', -0.002949617016326119)	('R_DLPFC_T2', -0.0025222658254830427)	('rDLPFC_to_lIFG_T1', 0.0021379392668872785)	('lDLPFC_to_lPTL_T1', -0.0019453152040581013)	('R_IFGorb_T2', 0.0019252156064123083)	('lSMA_to_lIFG_T1', 0.0018220071681842621)	('rIFG_to_lIFG_T1', -0.0002794722769252283)	('L_SMA_T1', 4.34599729998417e-05)	
