predictors	pearson_correlation	mean_squared_error	r2	
rois + act_t1 + act_t2 + conn_t1 + conn_t2 + age + T1 + T2	0.3672134068159345	0.0625361349926817	0.11626340043707595	('rDLPFC_to_lIFG_T2', 0.016956233485443832)	('lSMA_to_lIFG_T2', 0.014073595697355001)	('L_DLPFC_T1', 0.01267679638023637)	('lDLPFC_to_lPTL_T1', 0.012055134870258612)	('L_SMA', 0.011646283914507291)	('L_SMA_T2', 0.011190589037413993)	('L_PTL_T2', 0.009802842212327337)	('lIFG_to_lPTL_T2', 0.009540816193896406)	('lDLPFC_to_lPTL_T2', -0.007795433469408523)	('rDLPFC_to_lPTL_T1', 0.007712866814132236)	('lIFG_to_lPTL_T1', -0.0073282288838800004)	('L_IFGorb_T1', 0.006677971795777758)	('lSMA_to_lPTL_T2', 0.006594281217265803)	('L_PTL_T1', 0.0065417567385188235)	('R_DLPFC_T2', -0.006506032022090717)	('R_IFGorb_T2', -0.0062785971032760434)	('lDLPFC_to_lIFG_T1', -0.005879428914819026)	('L_IFGorb_T2', 0.0049591218882289526)	('L_IFGorb', 0.004303464230936627)	('L_DLPFC', 0.00402222733758245)	('L_PTL', 0.003920084170277957)	('R_DLPFC_T1', -0.00347387108603116)	('L_DLPFC_T2', 0.0025400723326634116)	('L_SMA_T1', -0.0020904435668601326)	('lSMA_to_lPTL_T1', -0.002077617295301202)	('lSMA_to_lIFG_T1', 0.0020689398257321655)	('Age', -0.0020548475656558276)	('R_IFGorb_T1', -0.0017281535294789796)	('lPTL_to_lIFG_T2', 0.0014510635404050942)	('rDLPFC_to_lPTL_T2', 0.001342927564004589)	('T1', 0.001288781668907685)	('lPTL_to_lIFG_T1', 0.0009975869397079494)	('rDLPFC_to_lIFG_T1', 0.0008069988859851584)	('T2', 0.0006030787197920047)	('rIFG_to_lIFG_T1', 0.0004347639697610918)	('rIFG_to_lIFG_T2', 0.00023636029847708587)	('lDLPFC_to_lIFG_T2', -9.89078695903618e-05)	
