predictors	pearson_correlation	mean_squared_error	r2	
rois + act_t1 + act_t2 + conn_t1 + conn_t2 + age + T1 + T2	0.013625062345760799	0.07398621245375243	-0.045544688939776146	('lDLPFC_to_lIFG_T1', 0.016018470079329234)	('lIFG_to_lPTL_T1', 0.009879858118421184)	('rDLPFC_to_lPTL_T1', 0.009048428798639551)	('Age', 0.008427136396470084)	('rIFG_to_lIFG_T1', 0.007412666480511155)	('lPTL_to_lIFG_T2', 0.007255826526718776)	('R_IFGorb_T1', 0.006847066013007678)	('R_IFGorb_T2', 0.006502862592749097)	('lSMA_to_lIFG_T2', 0.006310630318451674)	('L_PTL', -0.005967374631268219)	('rIFG_to_lIFG_T2', -0.005814156879189036)	('L_PTL_T2', 0.005655996547188766)	('lPTL_to_lIFG_T1', 0.004781585097149876)	('lDLPFC_to_lPTL_T2', 0.004454231037436084)	('R_DLPFC_T2', -0.00441033002845012)	('R_DLPFC_T1', 0.004262294239531797)	('L_DLPFC', 0.004202804358368586)	('rDLPFC_to_lIFG_T1', 0.004011302211232727)	('L_PTL_T1', -0.0038218678747555003)	('rDLPFC_to_lIFG_T2', 0.0035657327916756277)	('lDLPFC_to_lIFG_T2', 0.003498219133868663)	('L_IFGorb', 0.0034414441327030912)	('lIFG_to_lPTL_T2', -0.003060428701238364)	('L_DLPFC_T2', 0.0029479711041139594)	('L_IFGorb_T1', -0.0020024931581390415)	('L_IFGorb_T2', -0.0017486285186807025)	('T2', 0.0016924810438643171)	('lSMA_to_lIFG_T1', 0.0014309689147487576)	('L_DLPFC_T1', -0.0013236499911096595)	('T1', 0.0008707637312300978)	('lSMA_to_lPTL_T2', 0.0008368407683308388)	('lSMA_to_lPTL_T1', -0.0008265688018748661)	('rDLPFC_to_lPTL_T2', -0.0006725047720037874)	('lDLPFC_to_lPTL_T1', 0.0005954250110773814)	('L_SMA_T1', -0.0004451491702536449)	('L_SMA', 0.00030850318678962886)	('L_SMA_T2', 0.0002885179049182435)	
