predictors	pearson_correlation	mean_squared_error	r2	
rois + act_t1 + act_t2 + conn_t1 + conn_t2 + age + T1 + T2	-0.013450429165933926	0.07386304336257676	-0.04380411073135981	('lDLPFC_to_lPTL_T1', 0.01647476457181456)	('lSMA_to_lIFG_T1', 0.011348768761780946)	('lSMA_to_lIFG_T2', -0.00958498343103321)	('lDLPFC_to_lIFG_T2', 0.00775217711380408)	('L_IFGorb_T1', 0.007343883020622087)	('L_DLPFC_T1', 0.007133219370818685)	('Age', 0.005989319483469501)	('T1', -0.005764866837877567)	('R_DLPFC_T1', -0.005759891935955335)	('lDLPFC_to_lPTL_T2', 0.005366247268455817)	('rDLPFC_to_lIFG_T2', -0.004976984240222405)	('lSMA_to_lPTL_T2', 0.004522346066584916)	('lPTL_to_lIFG_T2', -0.004275448750128928)	('L_SMA', 0.0041750206592282135)	('lIFG_to_lPTL_T2', -0.004142692866430628)	('L_PTL_T1', 0.0038850717638378744)	('rIFG_to_lIFG_T2', -0.0037911427965760416)	('L_IFGorb_T2', 0.0035713278108856095)	('lPTL_to_lIFG_T1', -0.003347458829939243)	('rDLPFC_to_lIFG_T1', 0.00321840844320397)	('L_DLPFC_T2', -0.0030906086786211054)	('lSMA_to_lPTL_T1', 0.0028170535536316227)	('rDLPFC_to_lPTL_T1', 0.0027702760756048274)	('L_DLPFC', -0.0026887204953574685)	('L_SMA_T2', 0.0025673477233958335)	('L_SMA_T1', -0.0024672292266117316)	('rDLPFC_to_lPTL_T2', 0.0023427217489279755)	('L_PTL', 0.002285479003012993)	('L_IFGorb', -0.0017667325035460178)	('T2', -0.0011321204653534894)	('lIFG_to_lPTL_T1', -0.0010664919706240151)	('rIFG_to_lIFG_T1', -0.0006194733066136386)	('R_DLPFC_T2', 0.0005313180436346083)	('lDLPFC_to_lIFG_T1', 0.0004957764606639184)	('R_IFGorb_T2', 0.00041862801087142013)	('R_IFGorb_T1', -0.00016216546284060732)	('L_PTL_T2', 0.00015115684798871923)	
