predictors	pearson_correlation	mean_squared_error	r2	
rois + act_t1 + act_t2 + conn_t1 + conn_t2 + age + T1 + T2	0.08472496849652278	0.07327835026160105	-0.03554145278320475	('L_PTL_T1', 0.017988210509990436)	('L_PTL', 0.01622862079616904)	('L_DLPFC', 0.016121132664351372)	('L_PTL_T2', 0.010099514588623895)	('rDLPFC_to_lIFG_T1', 0.009395914988824925)	('lIFG_to_lPTL_T1', 0.008737737183413731)	('rDLPFC_to_lPTL_T1', 0.008703214985673696)	('lDLPFC_to_lIFG_T1', 0.008679312015320337)	('R_DLPFC_T1', 0.00852335576871616)	('L_IFGorb_T1', -0.00850930626637841)	('rIFG_to_lIFG_T2', 0.006652365162826716)	('R_IFGorb_T1', -0.00631327972835784)	('T2', 0.005949961523783603)	('R_IFGorb_T2', 0.0054459793353536885)	('lSMA_to_lIFG_T1', -0.005215565789801843)	('L_IFGorb', -0.0051444734232800994)	('R_DLPFC_T2', 0.0048461096073315404)	('Age', 0.0046762038259548135)	('T1', -0.00351009846627944)	('L_DLPFC_T1', 0.003446295085346743)	('lPTL_to_lIFG_T1', -0.0034312574582573163)	('L_SMA', -0.00306900554949986)	('lSMA_to_lPTL_T2', -0.0021134216456466367)	('L_IFGorb_T2', -0.0018169959598351017)	('rIFG_to_lIFG_T1', -0.0013426267633251082)	('lDLPFC_to_lPTL_T2', 0.001188374084706536)	('lPTL_to_lIFG_T2', -0.0011078561613139)	('L_DLPFC_T2', 0.0010889858102781753)	('lDLPFC_to_lPTL_T1', 0.0005708258471822945)	('lSMA_to_lIFG_T2', 0.0003791287616323279)	('L_SMA_T2', 0.0002187424266433322)	('lSMA_to_lPTL_T1', -0.00013769920848326683)	('rDLPFC_to_lPTL_T2', 9.501313535874504e-05)	('L_SMA_T1', -5.904342526880212e-05)	('rDLPFC_to_lIFG_T2', -2.127924888310457e-05)	('lDLPFC_to_lIFG_T2', -9.840485934105722e-06)	('lIFG_to_lPTL_T2', 7.604286453879607e-06)	
