predictors	pearson_correlation	mean_squared_error	r2	
rois + act_t1 + act_t2 + conn_t1 + conn_t2 + age + T1 + T2	0.13787489979369966	0.07037711856645859	0.005457637312616059	('L_DLPFC', 0.017839523067120444)	('lSMA_to_lPTL_T1', 0.01220690667188793)	('lIFG_to_lPTL_T2', 0.010082869934547333)	('lPTL_to_lIFG_T2', 0.008704090610438888)	('T2', 0.0076470147158146035)	('L_DLPFC_T1', -0.006399638800038142)	('lDLPFC_to_lPTL_T1', -0.006315102222514451)	('rDLPFC_to_lIFG_T1', -0.006313207268931952)	('T1', 0.006178409777432449)	('R_IFGorb_T2', 0.005785016757424833)	('L_SMA_T2', -0.005303325297437396)	('R_IFGorb_T1', 0.005158165528061475)	('lSMA_to_lIFG_T1', 0.005047075345002631)	('rIFG_to_lIFG_T1', -0.004548076052746762)	('lSMA_to_lPTL_T2', 0.004216060786374134)	('lDLPFC_to_lIFG_T1', 0.003940009475732181)	('lPTL_to_lIFG_T1', 0.003755159527904658)	('L_IFGorb_T2', -0.0036153327399692414)	('L_IFGorb', -0.003034985504956877)	('rIFG_to_lIFG_T2', 0.0028598344566685887)	('lSMA_to_lIFG_T2', 0.00252433525114982)	('L_PTL_T1', 0.002517746530383859)	('L_IFGorb_T1', 0.0017416804179280305)	('L_PTL_T2', 0.001553743815229836)	('R_DLPFC_T2', 0.0015379607526735406)	('L_SMA', -0.0015371670601082147)	('R_DLPFC_T1', -0.0015178345131227201)	('Age', -0.0013529061988199885)	('lDLPFC_to_lPTL_T2', 0.0013289200777674098)	('lIFG_to_lPTL_T1', 0.001182815921087354)	('L_PTL', -0.0011138823116645011)	('rDLPFC_to_lIFG_T2', -0.0011025146261296884)	('L_SMA_T1', -0.0010487588506172822)	('rDLPFC_to_lPTL_T1', 0.0008744178248574137)	('lDLPFC_to_lIFG_T2', 0.0004816565782545128)	('L_DLPFC_T2', 0.000328624161229648)	('rDLPFC_to_lPTL_T2', -0.0003278006345647076)	
