predictors	pearson_correlation	mean_squared_error	r2	
rois + act_t1 + act_t2 + conn_t1 + conn_t2 + age + T1 + T2	0.0118204642877957	0.07243127202479532	-0.023570869045561826	('L_PTL', 0.013322730225388952)	('lSMA_to_lIFG_T1', 0.010548753914598549)	('L_DLPFC', 0.010412049086160047)	('rDLPFC_to_lPTL_T2', -0.009518188323947787)	('lDLPFC_to_lPTL_T1', 0.008537061394360071)	('Age', -0.007117414570717949)	('lSMA_to_lPTL_T2', -0.0068466355523715845)	('L_PTL_T2', -0.006212417006309331)	('rIFG_to_lIFG_T2', 0.0058510493291609325)	('lSMA_to_lPTL_T1', 0.0057213390794022805)	('R_DLPFC_T1', -0.005510703215302829)	('R_IFGorb_T1', 0.004109128826699244)	('L_DLPFC_T1', 0.0039017274380266096)	('rIFG_to_lIFG_T1', -0.003785400742796198)	('lSMA_to_lIFG_T2', -0.0037361485259285354)	('L_IFGorb', 0.0036967325342809987)	('lDLPFC_to_lIFG_T2', 0.003492427759529163)	('lDLPFC_to_lPTL_T2', -0.003381959425637941)	('L_IFGorb_T2', 0.0026947683993065034)	('rDLPFC_to_lIFG_T2', 0.002470838662180827)	('L_PTL_T1', -0.0019101080017095151)	('rDLPFC_to_lPTL_T1', 0.0017118392500983075)	('L_SMA_T1', -0.001689091964423643)	('R_IFGorb_T2', -0.0016886643226358114)	('lDLPFC_to_lIFG_T1', -0.0016321605297737597)	('T1', 0.0012214554620782652)	('lPTL_to_lIFG_T1', 0.0011492612806427154)	('rDLPFC_to_lIFG_T1', 0.0010889866817265594)	('L_IFGorb_T1', -0.0008727149278742741)	('L_SMA', 0.0006320129057763869)	('R_DLPFC_T2', -0.0005927986842629576)	('L_SMA_T2', -0.0005359849571796414)	('lIFG_to_lPTL_T1', 0.0004829451143822342)	('T2', 0.000371914376679047)	('L_DLPFC_T2', 0.00012785663292918167)	('lPTL_to_lIFG_T2', 0.00011616997681359975)	('lIFG_to_lPTL_T2', -6.226912903943932e-06)	
