predictors	pearson_correlation	mean_squared_error	r2	
rois + act_t1 + act_t2 + conn_t1 + conn_t2 + age + T1 + T2	0.1723416915586462	0.06938735262764012	0.019444628757434357	('lDLPFC_to_lPTL_T2', 0.027287752306076635)	('rIFG_to_lIFG_T2', 0.02656126690587158)	('R_DLPFC_T1', -0.024818999449312894)	('lIFG_to_lPTL_T1', 0.017274315107917604)	('R_IFGorb_T2', -0.01658271480266519)	('rDLPFC_to_lIFG_T2', 0.014993124638955163)	('L_PTL_T2', 0.014261442503615163)	('lPTL_to_lIFG_T2', 0.01411631291780797)	('lDLPFC_to_lIFG_T1', 0.013967260311992111)	('lSMA_to_lIFG_T2', 0.01294036364563372)	('L_IFGorb_T1', 0.009854524498166269)	('L_SMA_T1', -0.009644694798552204)	('R_DLPFC_T2', -0.00961317407847024)	('L_DLPFC', -0.009343595788012039)	('L_SMA', 0.009079888909750724)	('T2', 0.008898452166113048)	('L_DLPFC_T1', -0.00883845273154431)	('L_IFGorb', 0.008285569656216202)	('T1', -0.008188515090702942)	('L_IFGorb_T2', 0.007706701641017681)	('Age', -0.007179939795524617)	('rDLPFC_to_lPTL_T1', 0.005767421105374789)	('lSMA_to_lPTL_T2', 0.005204768785425202)	('R_IFGorb_T1', 0.005147498175360779)	('lDLPFC_to_lPTL_T1', -0.004821221884905394)	('rIFG_to_lIFG_T1', -0.004745737618004025)	('L_PTL', -0.0046586082831081965)	('rDLPFC_to_lPTL_T2', -0.004476867318672976)	('lSMA_to_lIFG_T1', -0.004346041042967058)	('rDLPFC_to_lIFG_T1', -0.003882172443519312)	('lIFG_to_lPTL_T2', 0.003673148830420888)	('L_PTL_T1', -0.0030177584537359444)	('lDLPFC_to_lIFG_T2', 0.0025824463250954037)	('L_SMA_T2', 0.0017662715880712287)	('lPTL_to_lIFG_T1', 0.0016036422371103203)	('lSMA_to_lPTL_T1', 0.0015275574235746687)	('L_DLPFC_T2', -0.0013808244441343275)	
