predictors	pearson_correlation	mean_squared_error	r2	
rois + act_t1 + act_t2 + conn_t1 + conn_t2 + age + T1 + T2	-0.015363831834343176	0.07360065018731637	-0.04009607133173487	('lDLPFC_to_lPTL_T1', -0.015257329700554774)	('lSMA_to_lIFG_T2', -0.013589600700794662)	('Age', 0.011265325143511173)	('R_IFGorb_T2', 0.009541358755965306)	('rIFG_to_lIFG_T1', 0.008658328241869207)	('rDLPFC_to_lPTL_T1', 0.008353364434483507)	('L_IFGorb_T1', -0.006846448712180057)	('lSMA_to_lIFG_T1', 0.00679372540509676)	('rDLPFC_to_lIFG_T1', -0.00623044331699092)	('lSMA_to_lPTL_T2', 0.005654575979607794)	('L_PTL', 0.005571202455313827)	('rIFG_to_lIFG_T2', 0.0054841211089858765)	('rDLPFC_to_lPTL_T2', 0.005461884800069762)	('lDLPFC_to_lIFG_T1', -0.005074411574234647)	('L_DLPFC_T2', -0.004963635314889767)	('L_PTL_T2', 0.004868135693903746)	('R_IFGorb_T1', -0.004759151539976119)	('T2', 0.004651136741637824)	('lDLPFC_to_lPTL_T2', 0.004194915454073541)	('lDLPFC_to_lIFG_T2', -0.003951320816859337)	('lIFG_to_lPTL_T1', 0.0039063392908943876)	('lPTL_to_lIFG_T2', -0.0037190505661340557)	('lSMA_to_lPTL_T1', 0.003313421297544518)	('R_DLPFC_T2', 0.002930130803737782)	('L_DLPFC', 0.0027783957474992594)	('lPTL_to_lIFG_T1', -0.0024545852130299557)	('L_DLPFC_T1', 0.0023586451003159217)	('T1', -0.0020308894246311403)	('L_IFGorb_T2', 0.0019276869621629824)	('L_SMA', -0.0019233795491344387)	('rDLPFC_to_lIFG_T2', 0.0019183807438098853)	('L_SMA_T2', -0.0016858295673673927)	('lIFG_to_lPTL_T2', -0.001046363324895007)	('R_DLPFC_T1', 0.0010122913319025437)	('L_IFGorb', -0.0006253192482098564)	('L_PTL_T1', -0.0003708774981326452)	('L_SMA_T1', -0.00036363171131295006)	
