predictors	pearson_correlation	mean_squared_error	r2	
rois + act_t1 + act_t2 + conn_t1 + conn_t2 + age + T1 + T2	0.11332242405431893	0.07220987184526649	-0.020442126889969048	('rDLPFC_to_lPTL_T1', 0.022361181351247917)	('lSMA_to_lPTL_T2', 0.015879816139262752)	('lPTL_to_lIFG_T2', -0.014016460672317535)	('L_PTL_T1', 0.012610885093803164)	('L_SMA_T2', 0.012448879247085032)	('T2', -0.012281524902445176)	('R_IFGorb_T1', 0.010830575962198394)	('lDLPFC_to_lPTL_T2', 0.010671759889558631)	('L_IFGorb_T2', 0.010634739326585933)	('L_DLPFC_T1', 0.008955500915964911)	('lPTL_to_lIFG_T1', -0.007904570811666218)	('rDLPFC_to_lIFG_T2', -0.006244014748113417)	('L_SMA_T1', -0.006016342748983089)	('rDLPFC_to_lIFG_T1', 0.005452195035088928)	('Age', 0.0052963879353590424)	('rIFG_to_lIFG_T2', 0.003918610982421122)	('rIFG_to_lIFG_T1', 0.003856929264145189)	('rDLPFC_to_lPTL_T2', 0.003813912297752519)	('lSMA_to_lIFG_T1', -0.0037703753347609944)	('lDLPFC_to_lIFG_T2', 0.0036640717069406224)	('L_IFGorb', 0.0035958186859541435)	('lSMA_to_lIFG_T2', -0.003160831516487327)	('L_DLPFC_T2', 0.0026777201316483187)	('L_IFGorb_T1', 0.0026371839016813368)	('L_PTL', -0.002537234341762875)	('L_SMA', 0.002345991031276679)	('R_IFGorb_T2', 0.002131117156545221)	('lIFG_to_lPTL_T2', -0.0018591070757172712)	('lDLPFC_to_lIFG_T1', 0.0018105633358547776)	('L_PTL_T2', -0.001573525305209215)	('lDLPFC_to_lPTL_T1', 0.001561036557684813)	('T1', -0.0014960587640292884)	('R_DLPFC_T2', 0.0014950392958352023)	('L_DLPFC', -0.001075556028435204)	('lIFG_to_lPTL_T1', 0.0007270771113437837)	('lSMA_to_lPTL_T1', -0.0007108633448617126)	('R_DLPFC_T1', -0.0001337280262483522)	
