predictors	pearson_correlation	mean_squared_error	r2	
rois + act_t1 + act_t2 + conn_t1 + conn_t2 + age + T1 + T2	0.133090696873727	0.07022135390011118	0.007658843648537306	('T1', 0.027986605703704995)	('lSMA_to_lPTL_T1', 0.022026609401463497)	('lDLPFC_to_lIFG_T2', 0.01935366196315461)	('R_DLPFC_T2', -0.014199488556181531)	('L_SMA', 0.011929346978493367)	('lPTL_to_lIFG_T2', -0.011762750516827843)	('rIFG_to_lIFG_T2', 0.011193115745303859)	('Age', 0.009098517870248056)	('L_PTL_T2', -0.009022667222072293)	('L_PTL_T1', -0.00839039952223324)	('lSMA_to_lPTL_T2', -0.007958025252972935)	('L_SMA_T2', -0.007197760463896281)	('L_IFGorb_T2', 0.006671070700676656)	('L_IFGorb_T1', -0.006056749477642562)	('L_PTL', 0.005972408119292218)	('R_IFGorb_T1', 0.004962460153674723)	('lIFG_to_lPTL_T2', -0.004853693109862647)	('lPTL_to_lIFG_T1', 0.004511923240805533)	('T2', 0.004124948099582805)	('rIFG_to_lIFG_T1', -0.0036933343005946012)	('lSMA_to_lIFG_T1', 0.0036425143591640226)	('L_SMA_T1', 0.0033498553798406053)	('lIFG_to_lPTL_T1', 0.003307480727653118)	('rDLPFC_to_lPTL_T2', 0.0032106839276646857)	('rDLPFC_to_lIFG_T1', 0.002955315362309592)	('R_DLPFC_T1', 0.0029437172647608107)	('L_IFGorb', -0.002895353421148655)	('lDLPFC_to_lPTL_T2', 0.0028079285784295576)	('R_IFGorb_T2', -0.00217852198302614)	('L_DLPFC_T1', 0.001817426254113642)	('L_DLPFC_T2', 0.0015226063616062492)	('lDLPFC_to_lPTL_T1', 0.001272142691553249)	('lSMA_to_lIFG_T2', -0.001161815358978132)	('rDLPFC_to_lPTL_T1', 0.0011208050208848048)	('lDLPFC_to_lIFG_T1', 0.0006715537848861625)	('L_DLPFC', -0.0005938914050990762)	('rDLPFC_to_lIFG_T2', 0.00015547287526692906)	
