predictors	pearson_correlation	mean_squared_error	r2	
rois + act_t1 + act_t2 + conn_t1 + conn_t2 + age + T1 + T2	0.10426136985921391	0.0722330030626298	-0.020769008354242446	('T2', 0.014039126469568654)	('L_PTL_T2', 0.010291725224660627)	('L_DLPFC', -0.010285406464107928)	('lPTL_to_lIFG_T2', 0.010251889889390235)	('Age', 0.008155861348745928)	('lDLPFC_to_lIFG_T2', 0.007651266667989969)	('L_IFGorb_T1', 0.006445881607731804)	('L_SMA_T2', 0.006117989681550983)	('L_SMA', -0.005933770216055009)	('rDLPFC_to_lPTL_T1', -0.004207452306042789)	('R_DLPFC_T1', -0.003819370517815517)	('T1', -0.003426223603459051)	('R_DLPFC_T2', 0.0033977739122964894)	('lSMA_to_lPTL_T2', 0.0031516648224846414)	('lSMA_to_lIFG_T1', -0.0031365279160438806)	('lDLPFC_to_lIFG_T1', -0.0030657641784841098)	('L_DLPFC_T2', -0.0028572515429221702)	('rDLPFC_to_lPTL_T2', 0.00274448662333917)	('L_PTL', 0.00261786291261772)	('lSMA_to_lPTL_T1', 0.002258533629751971)	('lSMA_to_lIFG_T2', -0.00220241152585391)	('rDLPFC_to_lIFG_T1', 0.001791550689690494)	('L_IFGorb_T2', -0.0017008517875702603)	('R_IFGorb_T2', 0.0014661127428087484)	('rIFG_to_lIFG_T1', -0.0014414572447729779)	('R_IFGorb_T1', 0.0014269134044623652)	('L_PTL_T1', -0.0010774727423208661)	('L_SMA_T1', 0.0009811366934094116)	('lPTL_to_lIFG_T1', -0.0009086526660624704)	('lDLPFC_to_lPTL_T2', -0.0006427706870908955)	('L_IFGorb', 0.0005049066649556642)	('lDLPFC_to_lPTL_T1', -0.0004836117701141318)	('lIFG_to_lPTL_T1', -0.0004407572751166513)	('rIFG_to_lIFG_T2', 0.00034618973362620227)	('rDLPFC_to_lIFG_T2', -0.0001595133074634531)	('L_DLPFC_T1', -0.00010261835937711058)	('lIFG_to_lPTL_T2', -9.840420981012102e-05)	
