predictors	pearson_correlation	mean_squared_error	r2	
rois + act_t1 + act_t2 + conn_t1 + conn_t2 + age + T1 + T2	-0.12232426313745978	0.08297620697854012	-0.1725878327534276	('T2', 0.018099535279382847)	('R_IFGorb_T1', -0.01595549577451812)	('lDLPFC_to_lIFG_T2', 0.013473557025114184)	('T1', 0.012255726505900011)	('L_PTL', 0.01075984297629685)	('lDLPFC_to_lPTL_T1', -0.009623885038804908)	('lSMA_to_lIFG_T1', 0.008800797837724257)	('R_DLPFC_T1', 0.008785465517613077)	('rDLPFC_to_lIFG_T2', 0.00874325522264525)	('rDLPFC_to_lPTL_T1', 0.008622939301619274)	('L_IFGorb_T2', -0.008271257780138994)	('lDLPFC_to_lIFG_T1', 0.00807180728455549)	('lIFG_to_lPTL_T1', -0.008025127901229844)	('L_SMA', 0.00801249377356406)	('L_PTL_T2', 0.006706790756659909)	('rIFG_to_lIFG_T2', -0.005968463350860353)	('R_IFGorb_T2', -0.005888849321533888)	('lSMA_to_lPTL_T1', 0.0056308626699153016)	('lSMA_to_lPTL_T2', -0.00561177307926123)	('L_SMA_T2', 0.005151910244441178)	('L_IFGorb_T1', 0.005070714510644709)	('lPTL_to_lIFG_T1', 0.00414670891982072)	('L_DLPFC', 0.0030109242376035977)	('L_PTL_T1', 0.002980834391777056)	('R_DLPFC_T2', -0.002705554643355244)	('lPTL_to_lIFG_T2', 0.0026733688463346297)	('lSMA_to_lIFG_T2', 0.0021212754509096843)	('Age', -0.002071054760541651)	('L_DLPFC_T1', 0.0020400996945114393)	('lIFG_to_lPTL_T2', -0.000828915718772284)	('rDLPFC_to_lPTL_T2', 0.0008120997460443797)	('lDLPFC_to_lPTL_T2', 0.0007778884093943236)	('L_IFGorb', -0.000554247524262482)	('rDLPFC_to_lIFG_T1', 0.0005273534965229326)	('L_DLPFC_T2', -0.000515610685697653)	('rIFG_to_lIFG_T1', 0.00045997841283123544)	('L_SMA_T1', 0.0003149500996713824)	
