predictors	pearson_correlation	mean_squared_error	r2	
rois + act_t1 + act_t2 + conn_t1 + conn_t2 + age + T1 + T2	-0.23405966628617506	0.07779909677818214	-0.09942690324343606	('T1', 0.017872141356200702)	('lIFG_to_lPTL_T1', -0.015109915769321278)	('R_DLPFC_T1', 0.01261382904852403)	('lSMA_to_lPTL_T2', 0.011610203682637703)	('lPTL_to_lIFG_T1', 0.011142679979478737)	('T2', 0.009452765003723097)	('L_DLPFC_T1', 0.008833954274199144)	('rDLPFC_to_lIFG_T1', 0.0073299016975185895)	('rDLPFC_to_lPTL_T1', 0.006956298475488867)	('L_DLPFC_T2', 0.006602676451399052)	('lDLPFC_to_lIFG_T1', -0.005812504905525363)	('L_IFGorb_T1', -0.005470774651540322)	('lDLPFC_to_lPTL_T2', 0.00492414454663586)	('rDLPFC_to_lIFG_T2', 0.004299680370275686)	('lDLPFC_to_lIFG_T2', -0.003985865325254006)	('rDLPFC_to_lPTL_T2', 0.0037851792203806834)	('L_SMA', 0.0035569998785519715)	('L_PTL_T1', 0.003467634120980785)	('L_SMA_T1', 0.0033833026724696593)	('rIFG_to_lIFG_T2', 0.0031892911431261367)	('lSMA_to_lPTL_T1', -0.0030861654035894918)	('lSMA_to_lIFG_T1', -0.0030221103536706238)	('R_IFGorb_T1', -0.002934331394126156)	('R_IFGorb_T2', -0.002745826510350265)	('lIFG_to_lPTL_T2', 0.0026942039330790208)	('Age', 0.0021001232645389877)	('L_IFGorb_T2', 0.0017692490970666523)	('lDLPFC_to_lPTL_T1', -0.001335855425701122)	('L_IFGorb', -0.0013108111259345393)	('L_PTL', 0.0012947847717258805)	('L_PTL_T2', -0.0011813663695602879)	('lSMA_to_lIFG_T2', -0.0007957274501200983)	('rIFG_to_lIFG_T1', 0.0007714681295518964)	('R_DLPFC_T2', 0.0005059647412357755)	('L_DLPFC', 0.00038044512530689353)	('lPTL_to_lIFG_T2', 0.00011050882160387523)	('L_SMA_T2', 2.7539107199947888e-05)	
