predictors	pearson_correlation	mean_squared_error	r2	
rois + act_t1 + act_t2 + conn_t1 + conn_t2 + age + T1 + T2	-0.10516980777022349	0.08626072518726717	-0.21900338039356604	('L_PTL', 0.026287709463570345)	('lSMA_to_lPTL_T1', 0.023821009283218272)	('L_IFGorb_T2', 0.016280287175649538)	('L_DLPFC_T1', 0.013110468819593648)	('L_IFGorb', -0.011686339543978033)	('lDLPFC_to_lIFG_T2', -0.010562616072480496)	('lPTL_to_lIFG_T2', 0.010319045332014259)	('lDLPFC_to_lPTL_T2', 0.010213132483073538)	('Age', -0.00985779688556431)	('rDLPFC_to_lIFG_T1', 0.009602689915108854)	('L_PTL_T1', -0.008847915778111727)	('R_DLPFC_T2', -0.007169877868995779)	('R_IFGorb_T2', -0.007069368269279588)	('lDLPFC_to_lPTL_T1', 0.006505994262557152)	('lPTL_to_lIFG_T1', -0.0051785516891052225)	('L_DLPFC_T2', -0.004964947015129017)	('lIFG_to_lPTL_T1', -0.0048780697986084256)	('R_DLPFC_T1', -0.004302245203930647)	('T1', -0.003896291972828314)	('rIFG_to_lIFG_T1', 0.003725445898639226)	('lSMA_to_lPTL_T2', -0.0035246809944571326)	('rDLPFC_to_lPTL_T1', 0.0034406449747104474)	('L_SMA_T1', 0.0034191917722999005)	('L_SMA_T2', 0.002956150292523468)	('lSMA_to_lIFG_T1', 0.002864347851572336)	('rIFG_to_lIFG_T2', -0.0025938221729219463)	('R_IFGorb_T1', -0.00231844511944488)	('rDLPFC_to_lPTL_T2', -0.002234735229680425)	('rDLPFC_to_lIFG_T2', 0.0022199067096811955)	('L_PTL_T2', -0.002177058151280597)	('L_IFGorb_T1', -0.002102077644668369)	('lDLPFC_to_lIFG_T1', -0.001878520885517823)	('L_DLPFC', -0.001709123210712656)	('T2', -0.0016790400567697815)	('lSMA_to_lIFG_T2', 0.0010858926071088495)	('lIFG_to_lPTL_T2', -0.001059940968999183)	('L_SMA', 0.0006845064429309176)	
