predictors	pearson_correlation	mean_squared_error	r2	
rois + act_t1 + act_t2 + conn_t1 + conn_t2 + age + T1 + T2	-0.14164286327805387	0.07944429861594529	-0.12267626263972153	('lDLPFC_to_lIFG_T2', -0.030983325038782858)	('R_DLPFC_T1', 0.024469532793201604)	('lIFG_to_lPTL_T1', 0.020274789963156726)	('L_IFGorb_T1', 0.015149941564114894)	('lSMA_to_lIFG_T1', 0.014715295606312887)	('lSMA_to_lIFG_T2', 0.013858078026538755)	('L_SMA_T2', -0.012977744097883472)	('rIFG_to_lIFG_T2', 0.012094634454708906)	('rDLPFC_to_lIFG_T2', 0.011900937499428305)	('lPTL_to_lIFG_T1', 0.011726414120746343)	('rDLPFC_to_lPTL_T2', -0.01145390748029735)	('R_IFGorb_T1', 0.009622776760395236)	('lIFG_to_lPTL_T2', 0.009541106517229487)	('lDLPFC_to_lIFG_T1', -0.009181859057909532)	('L_IFGorb', 0.008623810186508693)	('lDLPFC_to_lPTL_T2', -0.00848539375252591)	('L_DLPFC_T2', -0.008136548456272864)	('lSMA_to_lPTL_T2', -0.007779993749420171)	('rDLPFC_to_lIFG_T1', -0.007400195838420281)	('L_DLPFC', -0.006841103795099018)	('T2', 0.006527878984198999)	('rDLPFC_to_lPTL_T1', 0.005566000723616134)	('R_IFGorb_T2', 0.005290947925572516)	('L_IFGorb_T2', 0.005247937202846579)	('L_PTL_T1', -0.004912826906595042)	('lDLPFC_to_lPTL_T1', 0.004417249662284119)	('L_SMA', 0.003752903683329732)	('R_DLPFC_T2', 0.003649603218336915)	('L_DLPFC_T1', 0.0034186119316185985)	('lSMA_to_lPTL_T1', -0.0032248068996961455)	('L_SMA_T1', 0.003137322094781019)	('T1', -0.003110047923340723)	('L_PTL_T2', 0.003023783281627851)	('L_PTL', -0.0022651203054265302)	('lPTL_to_lIFG_T2', -0.0022521597506439885)	('Age', 0.0013947318125871505)	('rIFG_to_lIFG_T1', 0.00015941120337398612)	
