predictors	pearson_correlation	mean_squared_error	r2	
rois + act_t1 + act_t2 + conn_t1 + conn_t2 + age + T1 + T2	0.20190588117470437	0.06802569098338217	0.03868710722836333	('lSMA_to_lPTL_T1', 0.018226528444165804)	('lSMA_to_lIFG_T1', 0.014860374722946018)	('lSMA_to_lIFG_T2', 0.012679606036395726)	('L_PTL_T2', 0.011104243677736074)	('L_IFGorb_T2', -0.010138431195418704)	('rIFG_to_lIFG_T1', 0.009673540877361868)	('R_DLPFC_T1', 0.008109140624986296)	('L_SMA_T2', -0.006481929209958633)	('lDLPFC_to_lPTL_T1', 0.00636808104149113)	('lPTL_to_lIFG_T2', 0.0056395504679709885)	('L_SMA_T1', -0.005106514956604652)	('rDLPFC_to_lIFG_T1', 0.0045555894308556355)	('L_SMA', 0.004343255783843605)	('Age', -0.004318743142151891)	('lDLPFC_to_lPTL_T2', 0.0038231413143317797)	('R_DLPFC_T2', 0.003706994688868373)	('L_DLPFC_T1', -0.0029311339213127876)	('lIFG_to_lPTL_T1', 0.002440531919875111)	('rDLPFC_to_lPTL_T1', -0.002437876894057838)	('lDLPFC_to_lIFG_T1', 0.0023785055321237686)	('L_PTL', 0.0023640337183401493)	('L_PTL_T1', -0.00228571651121691)	('L_DLPFC_T2', -0.0022384730689787927)	('T1', 0.0022342445993058105)	('T2', -0.0021092896779630194)	('rIFG_to_lIFG_T2', 0.0020793738938646327)	('lDLPFC_to_lIFG_T2', -0.002019942096959415)	('lIFG_to_lPTL_T2', -0.0019732105993359624)	('L_IFGorb', -0.0018502142327443101)	('lSMA_to_lPTL_T2', -0.0017113423723095862)	('rDLPFC_to_lIFG_T2', 0.0016760378733953203)	('R_IFGorb_T1', 0.0014438929187721551)	('lPTL_to_lIFG_T1', -0.0011800570358837484)	('L_DLPFC', 0.0011334875868645432)	('rDLPFC_to_lPTL_T2', -0.0009795623294085898)	('L_IFGorb_T1', 0.0009765392715755984)	('R_IFGorb_T2', -0.00038783906990378633)	
