predictors	pearson_correlation	mean_squared_error	r2	
rois + act_t1 + act_t2 + conn_t1 + conn_t2 + age + T1 + T2	0.21373076797178336	0.0676786541638929	0.04359129804243378	('T1', 0.01404859549779532)	('lPTL_to_lIFG_T2', 0.012025176425567857)	('rDLPFC_to_lIFG_T1', -0.011752789111803809)	('lDLPFC_to_lIFG_T2', 0.011615170079371961)	('L_SMA_T1', -0.010742951274959764)	('lDLPFC_to_lIFG_T1', 0.010401626915454133)	('L_IFGorb_T1', 0.010357909270019077)	('rDLPFC_to_lIFG_T2', 0.010061139950624961)	('lSMA_to_lIFG_T2', 0.009837234963944225)	('L_IFGorb', -0.008752193731220277)	('R_DLPFC_T2', 0.008752087311077175)	('L_SMA_T2', 0.008452636721941915)	('L_PTL_T1', -0.008304048645497513)	('Age', -0.008190263143718813)	('L_SMA', 0.007515021468299575)	('L_DLPFC', -0.007018474869683103)	('lDLPFC_to_lPTL_T1', 0.006579404817747531)	('L_DLPFC_T1', -0.006446254180247485)	('rIFG_to_lIFG_T2', -0.005877889208173213)	('rDLPFC_to_lPTL_T1', -0.005396238261898798)	('L_IFGorb_T2', -0.005335320787946279)	('L_DLPFC_T2', -0.005327003242707037)	('lIFG_to_lPTL_T2', 0.005076375993506527)	('rDLPFC_to_lPTL_T2', 0.005063481238348532)	('L_PTL_T2', 0.004935348654929885)	('lIFG_to_lPTL_T1', 0.003093639030458839)	('lSMA_to_lPTL_T2', 0.0028914407739551043)	('R_IFGorb_T2', 0.002873723251981018)	('R_IFGorb_T1', 0.0028488820501833185)	('lDLPFC_to_lPTL_T2', 0.002373354897526705)	('L_PTL', -0.002099802043124983)	('lSMA_to_lIFG_T1', -0.0016363134627753455)	('lSMA_to_lPTL_T1', -0.0010310635681911832)	('rIFG_to_lIFG_T1', 0.0008630167835379073)	('R_DLPFC_T1', 0.0008510837314725148)	('lPTL_to_lIFG_T1', -9.364582705335729e-05)	('T2', 7.177577329085432e-05)	
