predictors	pearson_correlation	mean_squared_error	r2	
rois + act_t1 + act_t2 + conn_t1 + conn_t2 + age + T1 + T2	-0.028579650795247817	0.07381751687134244	-0.043160747873099536	('rDLPFC_to_lPTL_T2', 0.028708477166510784)	('R_DLPFC_T1', 0.018367434719834375)	('lPTL_to_lIFG_T1', 0.01807321882267596)	('rDLPFC_to_lPTL_T1', 0.015001082875180122)	('lDLPFC_to_lIFG_T2', 0.014848364689661794)	('T1', -0.014408747087941829)	('Age', 0.013908538781184837)	('R_IFGorb_T2', 0.011659447365823895)	('T2', -0.010576172731963774)	('L_DLPFC_T2', -0.009768106134887015)	('L_SMA_T1', 0.008170938159207738)	('lDLPFC_to_lPTL_T2', -0.007425241979637344)	('lDLPFC_to_lPTL_T1', -0.007192718663212668)	('lIFG_to_lPTL_T1', 0.006770989251709481)	('L_IFGorb_T2', -0.0063138034471105844)	('R_IFGorb_T1', 0.0059220533831370525)	('L_PTL_T2', 0.005891491800478783)	('L_DLPFC_T1', 0.005827161776265287)	('L_IFGorb_T1', -0.005519087773437338)	('lSMA_to_lIFG_T2', -0.005479761874360759)	('L_IFGorb', 0.005241002955115507)	('rDLPFC_to_lIFG_T2', 0.005222964579582062)	('lDLPFC_to_lIFG_T1', 0.005129592301971037)	('lSMA_to_lPTL_T2', -0.004997193354231389)	('lSMA_to_lIFG_T1', 0.004565475270986981)	('L_SMA_T2', -0.004519890928085041)	('lSMA_to_lPTL_T1', 0.003992629150768264)	('rIFG_to_lIFG_T2', 0.003496272360080115)	('L_PTL_T1', -0.0034200180291146004)	('rDLPFC_to_lIFG_T1', -0.002922889130330761)	('R_DLPFC_T2', -0.0018571061441533606)	('lIFG_to_lPTL_T2', 0.0016021358568916756)	('L_SMA', 0.0013816713631771512)	('rIFG_to_lIFG_T1', 0.0013158046373389898)	('L_DLPFC', -0.001158736125492153)	('lPTL_to_lIFG_T2', 0.0010065444460614853)	('L_PTL', -0.00037442807394738733)	
