predictors	pearson_correlation	mean_squared_error	r2	
rois + act_t1 + act_t2 + conn_t1 + conn_t2 + age + T1 + T2	-0.0778129658898891	0.08078665272207354	-0.14164589441018416	('T2', 0.01703300014747095)	('lIFG_to_lPTL_T2', -0.011753421714423899)	('rDLPFC_to_lIFG_T1', 0.011168801230535395)	('L_IFGorb_T1', 0.010022036368428038)	('lSMA_to_lIFG_T2', -0.009795393589197194)	('T1', 0.009578352919570326)	('lPTL_to_lIFG_T1', -0.008976719035970237)	('lIFG_to_lPTL_T1', 0.008769095478629847)	('lDLPFC_to_lIFG_T2', 0.008722365183809479)	('R_IFGorb_T1', 0.008440665510926117)	('L_SMA_T1', 0.007641654593642684)	('L_IFGorb', -0.0074501531263069225)	('lDLPFC_to_lPTL_T1', 0.006320479357359731)	('L_DLPFC', 0.006293569429491853)	('lSMA_to_lPTL_T1', -0.006124170123612803)	('L_SMA_T2', 0.0060208008498597405)	('lDLPFC_to_lPTL_T2', 0.005945479122371871)	('L_PTL', -0.005508091098949965)	('rDLPFC_to_lPTL_T2', -0.005133677973796122)	('L_IFGorb_T2', -0.004790020057729926)	('lPTL_to_lIFG_T2', -0.004525213436285101)	('rIFG_to_lIFG_T1', -0.004387913655149317)	('L_DLPFC_T2', -0.004174087522715334)	('R_DLPFC_T2', 0.003888200397213565)	('rDLPFC_to_lIFG_T2', -0.0036794417927570274)	('lSMA_to_lPTL_T2', -0.003570093817293269)	('R_DLPFC_T1', 0.0034964293919109595)	('R_IFGorb_T2', 0.0029174133120098184)	('Age', 0.0029094556458631243)	('L_DLPFC_T1', -0.0026362574860557594)	('rDLPFC_to_lPTL_T1', -0.002532890206466942)	('lDLPFC_to_lIFG_T1', -0.0017638679834311153)	('L_PTL_T1', -0.0017200215668651873)	('rIFG_to_lIFG_T2', 0.001518079881066924)	('lSMA_to_lIFG_T1', 0.0014682582666590723)	('L_SMA', -0.0011728205970846224)	('L_PTL_T2', -9.042802979425805e-05)	
