predictors	pearson_correlation	mean_squared_error	r2	
rois + act_t1 + act_t2 + conn_t1 + conn_t2 + age + T1 + T2	0.1986835845101997	0.06873098183502696	0.02872020826653343	('L_PTL_T2', -0.016936795622215024)	('rDLPFC_to_lIFG_T2', 0.013965173116611227)	('rDLPFC_to_lPTL_T1', 0.013089472024786584)	('lDLPFC_to_lIFG_T2', 0.01184151851349814)	('L_PTL_T1', -0.011402732086272505)	('L_DLPFC_T1', 0.011065813609498968)	('L_IFGorb_T2', 0.010781490853371208)	('L_SMA_T2', 0.009422565171898266)	('lPTL_to_lIFG_T2', 0.009259393552765376)	('lDLPFC_to_lIFG_T1', 0.009044413675831791)	('lDLPFC_to_lPTL_T1', -0.008406710773437126)	('R_IFGorb_T1', 0.008394403031501383)	('rDLPFC_to_lPTL_T2', -0.008317948506147496)	('L_SMA_T1', 0.0075044583967613454)	('T1', 0.006950721473610932)	('L_DLPFC', -0.0064363715569034355)	('lSMA_to_lPTL_T2', -0.005734828768103278)	('L_IFGorb', -0.005341590997614224)	('lIFG_to_lPTL_T1', 0.0051735726258369755)	('L_SMA', 0.005039151639514082)	('lSMA_to_lIFG_T2', -0.004702181229665689)	('R_IFGorb_T2', -0.004445709708649691)	('lSMA_to_lPTL_T1', 0.004117517615528811)	('R_DLPFC_T2', 0.0038861528498151617)	('L_DLPFC_T2', -0.0037472648063289504)	('rIFG_to_lIFG_T2', 0.00372339903874266)	('rDLPFC_to_lIFG_T1', 0.003054195066766396)	('lDLPFC_to_lPTL_T2', 0.003038333593563422)	('lSMA_to_lIFG_T1', 0.002949003668019613)	('R_DLPFC_T1', 0.0027441694136789204)	('rIFG_to_lIFG_T1', 0.0020077436374112603)	('lPTL_to_lIFG_T1', -0.0011392841275930789)	('L_IFGorb_T1', 0.0010353579278907005)	('lIFG_to_lPTL_T2', -0.0006887207567302156)	('Age', -0.00039827742006596606)	('L_PTL', -0.0003250415632398831)	('T2', 0.00019421132093414074)	
