predictors	pearson_correlation	mean_squared_error	r2	
rois + act_t1 + act_t2 + conn_t1 + conn_t2 + age + T1 + T2	-0.19209011895180927	0.08269476849859596	-0.16861065243550222	('rDLPFC_to_lPTL_T1', 0.0182486735756978)	('L_PTL', 0.012390006052945438)	('L_PTL_T2', 0.01100874929889695)	('L_IFGorb_T1', -0.01098450512733825)	('lSMA_to_lIFG_T2', 0.01077452169944353)	('lIFG_to_lPTL_T1', 0.010169649803559925)	('lDLPFC_to_lPTL_T2', 0.010066084234875955)	('Age', 0.008565954681867835)	('lPTL_to_lIFG_T2', -0.008122860850700391)	('lDLPFC_to_lPTL_T1', -0.00739207041024435)	('L_SMA', -0.006889174281678474)	('rIFG_to_lIFG_T2', -0.0058709516321882975)	('L_PTL_T1', -0.005736831793503357)	('R_DLPFC_T2', 0.005519481821228329)	('rDLPFC_to_lIFG_T1', 0.004333122080053772)	('L_SMA_T1', 0.003978937297151995)	('L_DLPFC_T1', -0.003553873131431265)	('L_DLPFC', 0.0033610872450198673)	('lSMA_to_lPTL_T1', 0.003334680956432335)	('R_IFGorb_T2', 0.003098482108374738)	('rIFG_to_lIFG_T1', 0.002244671793876634)	('lIFG_to_lPTL_T2', 0.0021195220951389622)	('R_IFGorb_T1', 0.0020633250826903606)	('L_DLPFC_T2', 0.0018135723219125962)	('lPTL_to_lIFG_T1', -0.0018110787648208636)	('T1', 0.0017800910203345276)	('rDLPFC_to_lPTL_T2', -0.0015748568707475267)	('lDLPFC_to_lIFG_T2', 0.001394152497175691)	('lSMA_to_lIFG_T1', 0.001309047447739624)	('lDLPFC_to_lIFG_T1', 0.0011980302446227304)	('L_SMA_T2', -0.000757474009153435)	('R_DLPFC_T1', 0.0007371906381816242)	('T2', 0.0006863586153723998)	('rDLPFC_to_lIFG_T2', 0.0005187123896131748)	('lSMA_to_lPTL_T2', 0.00044610654019442455)	('L_IFGorb', -0.000253671217377006)	('L_IFGorb_T2', -0.00011731634530786168)	
