predictors	pearson_correlation	mean_squared_error	r2	
rois + act_t1 + act_t2 + conn_t1 + conn_t2 + age + T1 + T2	0.1153277831706624	0.07100396320088549	-0.003400689888889641	('L_DLPFC_T2', -0.03276121674086357)	('L_PTL_T1', 0.014465546916470095)	('L_PTL', 0.01394796689049387)	('R_DLPFC_T2', 0.013377818685488105)	('L_SMA_T2', -0.011955008280238181)	('R_IFGorb_T1', 0.011157113299098778)	('lSMA_to_lIFG_T1', 0.010338791440142223)	('L_PTL_T2', 0.008925545613254945)	('Age', 0.008090463742480798)	('lDLPFC_to_lPTL_T2', 0.0073682074511291175)	('lDLPFC_to_lPTL_T1', -0.00711872293256007)	('T2', -0.007080072292337655)	('T1', 0.006915204794686755)	('lSMA_to_lPTL_T1', -0.0065577243250788085)	('rIFG_to_lIFG_T2', 0.006439430280840578)	('L_SMA', 0.006080135994570587)	('rIFG_to_lIFG_T1', 0.005642740196229887)	('L_IFGorb_T1', -0.005384953397343812)	('lPTL_to_lIFG_T1', 0.005320914411892904)	('L_IFGorb_T2', 0.005128444964801272)	('rDLPFC_to_lPTL_T2', 0.004617686682699362)	('L_DLPFC', -0.004428064441978647)	('rDLPFC_to_lIFG_T2', -0.00436651793459241)	('L_SMA_T1', -0.0041133888684921046)	('L_DLPFC_T1', -0.0039201062453360505)	('lDLPFC_to_lIFG_T2', -0.0032562804292738824)	('R_DLPFC_T1', -0.00308630560648825)	('L_IFGorb', 0.0029721122095593276)	('lIFG_to_lPTL_T1', -0.0028617144316771654)	('lIFG_to_lPTL_T2', -0.002515685340832029)	('lSMA_to_lIFG_T2', 0.0022414798193847365)	('lDLPFC_to_lIFG_T1', -0.0016656863234739635)	('lSMA_to_lPTL_T2', 0.001559832986084598)	('rDLPFC_to_lIFG_T1', -0.0010816912408490283)	('lPTL_to_lIFG_T2', -0.0008349491046142273)	('rDLPFC_to_lPTL_T1', 0.0004830441542598668)	('R_IFGorb_T2', -0.00013255049305717156)	
