predictors	pearson_correlation	mean_squared_error	r2	
rois + act_t1 + act_t2 + conn_t1 + conn_t2 + age + T1 + T2	-0.18928450052544935	0.07984252735969453	-0.12830387803185217	('lIFG_to_lPTL_T1', 0.010358960927310366)	('L_IFGorb_T2', 0.009140900618162065)	('rDLPFC_to_lPTL_T1', 0.008512882848005474)	('L_SMA_T2', 0.00784186742426065)	('lSMA_to_lIFG_T2', -0.006151032028516731)	('T1', -0.006090570909825026)	('L_DLPFC_T1', 0.005828278517700862)	('L_DLPFC_T2', 0.005726306457403343)	('rDLPFC_to_lIFG_T1', -0.0054760808507350696)	('R_DLPFC_T2', -0.005359005715876545)	('T2', 0.0045002415379155015)	('lPTL_to_lIFG_T2', -0.004463627593968701)	('rDLPFC_to_lPTL_T2', 0.003889882024911749)	('R_IFGorb_T1', -0.0035691974138183234)	('L_PTL', -0.0033158728183017246)	('lPTL_to_lIFG_T1', 0.0030772777039234484)	('lSMA_to_lPTL_T1', -0.003000962565606104)	('rIFG_to_lIFG_T2', -0.002934953138474158)	('L_PTL_T1', -0.0029239580650459586)	('lSMA_to_lPTL_T2', -0.0027366510152483565)	('lDLPFC_to_lIFG_T1', -0.0027260239830400284)	('Age', -0.0025247526192200592)	('R_DLPFC_T1', -0.0024577713312557664)	('lSMA_to_lIFG_T1', 0.002439231063753167)	('L_SMA', -0.0023055055292207963)	('L_PTL_T2', -0.002166220513812392)	('lIFG_to_lPTL_T2', 0.0021596134932884664)	('L_SMA_T1', -0.0020622847280935062)	('L_IFGorb', 0.0016075716785042971)	('R_IFGorb_T2', -0.0015975065797359056)	('lDLPFC_to_lPTL_T1', -0.0014512420659649585)	('L_DLPFC', 0.0014097559267587662)	('L_IFGorb_T1', -0.0010396736521602087)	('rIFG_to_lIFG_T1', -0.0009156538445811398)	('rDLPFC_to_lIFG_T2', 0.0009090908288234184)	('lDLPFC_to_lIFG_T2', 0.0006294101742830233)	('lDLPFC_to_lPTL_T2', 0.0005673964791367452)	
