predictors	pearson_correlation	mean_squared_error	r2	
rois + act_t1 + act_t2 + conn_t1 + conn_t2 + age + T1 + T2	0.04728911950732066	0.07264098434163573	-0.026534442822429893	('rDLPFC_to_lPTL_T1', 0.019351138734562543)	('L_SMA_T1', 0.0167970020362834)	('lSMA_to_lPTL_T2', 0.012708073514762157)	('L_PTL_T2', 0.012114182925998128)	('L_PTL_T1', 0.011255835130051442)	('L_DLPFC_T2', 0.00998681244163861)	('rDLPFC_to_lIFG_T1', -0.00934066600881534)	('lDLPFC_to_lPTL_T1', 0.009211997270219709)	('lSMA_to_lPTL_T1', 0.009046500648104977)	('lSMA_to_lIFG_T1', 0.0088265047798803)	('rDLPFC_to_lIFG_T2', -0.007064282459516697)	('lPTL_to_lIFG_T2', 0.005857802269003609)	('R_IFGorb_T1', 0.005660707078769816)	('R_IFGorb_T2', -0.005120961396364965)	('T1', -0.005066731035732999)	('T2', 0.004611586283744021)	('R_DLPFC_T1', -0.004559395445954022)	('lPTL_to_lIFG_T1', 0.004446128767288392)	('L_SMA', -0.004177401556136594)	('L_SMA_T2', -0.0033442870532431213)	('L_IFGorb_T1', 0.0031778024784616704)	('lIFG_to_lPTL_T1', -0.0031337649157192385)	('rIFG_to_lIFG_T1', -0.00290860560223388)	('lDLPFC_to_lIFG_T2', 0.0028533067129983157)	('lSMA_to_lIFG_T2', 0.0027261002639861714)	('L_IFGorb_T2', 0.0021588979168087855)	('rIFG_to_lIFG_T2', 0.0019645595558799587)	('rDLPFC_to_lPTL_T2', 0.0018936695597538996)	('L_DLPFC_T1', -0.0017475808816491006)	('lIFG_to_lPTL_T2', -0.0016026202662535703)	('lDLPFC_to_lIFG_T1', -0.0015079698080249244)	('R_DLPFC_T2', -0.0012476101177806816)	('L_IFGorb', 0.0012415152904521048)	('L_DLPFC', 0.0011465065534134002)	('lDLPFC_to_lPTL_T2', 0.0009988087484367476)	('L_PTL', 0.0006795860143597251)	('Age', -0.00039025155871631024)	
