predictors	pearson_correlation	mean_squared_error	r2	
rois + act_t1 + act_t2 + conn_t1 + conn_t2 + age + T1 + T2	0.0205068731790937	0.07212588500140991	-0.019255257125687653	('rIFG_to_lIFG_T1', 0.012386255623794386)	('rIFG_to_lIFG_T2', 0.01037739517164971)	('R_DLPFC_T2', -0.0095231150835918)	('T2', 0.00799735489526867)	('L_IFGorb_T1', 0.007917096513993948)	('R_DLPFC_T1', 0.0075402367188599035)	('lPTL_to_lIFG_T2', -0.007169805068886172)	('rDLPFC_to_lIFG_T2', 0.006825382365519447)	('L_DLPFC_T2', -0.006698754972113791)	('L_PTL', -0.00611560483543826)	('L_SMA_T1', -0.006083068506371265)	('rDLPFC_to_lPTL_T1', 0.00580216662099121)	('lSMA_to_lPTL_T2', -0.005048524831952196)	('L_SMA_T2', 0.00484653940367545)	('rDLPFC_to_lIFG_T1', 0.004308912052100887)	('T1', 0.004115865823478379)	('L_PTL_T1', 0.004080793215342356)	('lSMA_to_lPTL_T1', -0.004010750189957044)	('L_PTL_T2', 0.003911078932195937)	('L_IFGorb_T2', -0.0036490679509572884)	('R_IFGorb_T1', 0.0035819347248175542)	('lSMA_to_lIFG_T2', 0.003571173793600581)	('L_SMA', 0.003314698831338274)	('Age', -0.0028014383298863494)	('L_IFGorb', -0.002768597976241662)	('lDLPFC_to_lPTL_T2', -0.002554077830277388)	('lIFG_to_lPTL_T1', 0.002437783786697835)	('L_DLPFC_T1', 0.002342342939000754)	('lIFG_to_lPTL_T2', 0.0022700704026023333)	('lDLPFC_to_lIFG_T1', 0.0016719664367125682)	('lDLPFC_to_lIFG_T2', -0.0016296792240309886)	('lSMA_to_lIFG_T1', 0.001570925540369518)	('L_DLPFC', 0.0014136772921064698)	('R_IFGorb_T2', 0.0010657799152827367)	('rDLPFC_to_lPTL_T2', 0.0008395033221956576)	('lDLPFC_to_lPTL_T1', 0.0008225402893169095)	('lPTL_to_lIFG_T1', 0.00032318285242839413)	
