predictors	pearson_correlation	mean_squared_error	r2	
rois + act_t1 + act_t2 + conn_t1 + conn_t2 + age + T1 + T2	0.0524888569001487	0.07500194535140085	-0.05989863545625096	('rDLPFC_to_lPTL_T2', -0.014807317875400601)	('lSMA_to_lIFG_T1', 0.013401437648929806)	('R_DLPFC_T2', 0.013027020658401441)	('Age', 0.011743251729052094)	('L_PTL', 0.011606791577020723)	('R_IFGorb_T1', -0.009463986636075521)	('L_IFGorb_T2', 0.009347293915024563)	('T1', 0.009028681925186069)	('L_PTL_T1', 0.008564920713809253)	('lIFG_to_lPTL_T1', 0.00815027055834059)	('rDLPFC_to_lPTL_T1', 0.008017938242893742)	('L_IFGorb', -0.00616810530947152)	('rIFG_to_lIFG_T1', -0.006117577181602334)	('lSMA_to_lPTL_T1', 0.005683155003801187)	('rDLPFC_to_lIFG_T1', 0.0053625508552282534)	('L_SMA_T2', 0.005163719180650964)	('L_SMA', 0.0044342044869012985)	('T2', 0.004257336439043437)	('lIFG_to_lPTL_T2', 0.004049752903115008)	('L_DLPFC', -0.0038681479750844773)	('rDLPFC_to_lIFG_T2', 0.003849647923658626)	('lSMA_to_lIFG_T2', -0.0036212815559097506)	('lDLPFC_to_lIFG_T2', -0.003021348343811719)	('L_PTL_T2', 0.002986019512035703)	('L_IFGorb_T1', 0.0028296216342080507)	('L_SMA_T1', 0.0024121772133247088)	('lPTL_to_lIFG_T1', 0.00179869684328391)	('R_DLPFC_T1', -0.0017589944380909783)	('lDLPFC_to_lPTL_T1', 0.0015956867247596382)	('L_DLPFC_T2', -0.0011948756512104393)	('lPTL_to_lIFG_T2', -0.0009566701025461827)	('R_IFGorb_T2', 0.0007379512900342855)	('rIFG_to_lIFG_T2', -0.0005758691035678705)	('lSMA_to_lPTL_T2', 0.0004170091377168283)	('lDLPFC_to_lPTL_T2', 0.000393088845941858)	('lDLPFC_to_lIFG_T1', -0.0003726023783997392)	('L_DLPFC_T1', 0.0001103932105966214)	
