predictors	pearson_correlation	mean_squared_error	r2	
rois + act_t1 + act_t2 + conn_t1 + conn_t2 + age + T1 + T2	-0.20408878966958705	0.07748023462343268	-0.0949208659515477	('lIFG_to_lPTL_T2', 0.016024024005596764)	('L_SMA_T2', 0.012497217757116508)	('lSMA_to_lPTL_T2', 0.011511397755135095)	('Age', 0.010146446451163301)	('L_DLPFC_T2', 0.008110443121930024)	('L_PTL_T2', -0.007696937568228838)	('lPTL_to_lIFG_T1', -0.006910681817941316)	('lSMA_to_lIFG_T2', 0.006883639317455383)	('rIFG_to_lIFG_T2', -0.006794966617192189)	('L_IFGorb_T1', -0.00601516766460433)	('R_IFGorb_T1', 0.005936674858541536)	('lDLPFC_to_lIFG_T1', 0.005781934769868898)	('rDLPFC_to_lIFG_T2', 0.005655847114771223)	('T1', 0.005605199860058788)	('L_PTL', -0.005536829412059659)	('L_IFGorb', -0.005249831193070313)	('rIFG_to_lIFG_T1', 0.004988815644019407)	('T2', 0.004756228418720614)	('lSMA_to_lPTL_T1', -0.004161231804585078)	('R_DLPFC_T2', 0.0036744017944321116)	('rDLPFC_to_lPTL_T1', 0.0036575918466061844)	('lIFG_to_lPTL_T1', -0.003517179838096297)	('L_SMA', -0.003361957542188865)	('lDLPFC_to_lPTL_T1', -0.003231076831373043)	('lSMA_to_lIFG_T1', 0.003056778185521807)	('lDLPFC_to_lIFG_T2', -0.002798969214391521)	('L_IFGorb_T2', 0.0027879034619117293)	('lPTL_to_lIFG_T2', -0.0027133652943482716)	('rDLPFC_to_lIFG_T1', -0.002655206507714901)	('R_IFGorb_T2', -0.002062432236581901)	('L_DLPFC', -0.001764267740086016)	('R_DLPFC_T1', 0.001510555762650226)	('lDLPFC_to_lPTL_T2', -0.0011334558974998026)	('L_PTL_T1', 0.001029152675640307)	('L_DLPFC_T1', -0.0007813013382972586)	('rDLPFC_to_lPTL_T2', 0.0006074244909473265)	('L_SMA_T1', 0.00037038896226850856)	
