predictors	pearson_correlation	mean_squared_error	r2	
rois + act_t1 + act_t2 + conn_t1 + conn_t2 + age + T1 + T2	-0.009020392410053325	0.07596201116721368	-0.07346591618957943	('L_IFGorb_T2', 0.020619716629090883)	('lPTL_to_lIFG_T1', 0.012192648631160343)	('L_DLPFC', -0.01168037348666244)	('rIFG_to_lIFG_T2', 0.00975103387737524)	('lDLPFC_to_lPTL_T2', 0.009072337863423208)	('R_IFGorb_T2', -0.009056621018342233)	('lSMA_to_lPTL_T2', 0.008863753365791269)	('L_IFGorb_T1', -0.008442734613451627)	('L_SMA_T2', 0.008398733871305849)	('lDLPFC_to_lIFG_T2', 0.007964178105299521)	('rDLPFC_to_lIFG_T1', 0.007571100108954715)	('L_DLPFC_T1', 0.007385301918059393)	('lIFG_to_lPTL_T2', 0.0064765389709072856)	('lDLPFC_to_lIFG_T1', 0.005697340875027608)	('T1', 0.004509301628392913)	('L_SMA_T1', 0.004458997807408612)	('rDLPFC_to_lPTL_T2', -0.0041873400603472995)	('R_DLPFC_T2', 0.0037049641433146855)	('rDLPFC_to_lIFG_T2', 0.003293092739944982)	('rDLPFC_to_lPTL_T1', 0.00322249011420056)	('R_IFGorb_T1', -0.0031943797647899946)	('Age', 0.0030928659097610796)	('lPTL_to_lIFG_T2', 0.0028125617925217547)	('rIFG_to_lIFG_T1', 0.002799719443202043)	('L_IFGorb', 0.0027392225106721096)	('lIFG_to_lPTL_T1', 0.0026325147706558138)	('R_DLPFC_T1', -0.002520748508230227)	('lSMA_to_lIFG_T1', 0.0021217211692826413)	('L_DLPFC_T2', 0.0018763047992458193)	('L_PTL_T1', 0.0017053626981838883)	('L_SMA', -0.0012518627692251396)	('L_PTL', -0.0010979898198543105)	('L_PTL_T2', -0.001026424422939148)	('lSMA_to_lIFG_T2', 0.0008232014228381028)	('T2', 0.0007051538202182096)	('lDLPFC_to_lPTL_T1', -0.0005897415773023118)	('lSMA_to_lPTL_T1', 0.00026959739003687373)	
