predictors	pearson_correlation	mean_squared_error	r2	
rois + act_t1 + act_t2 + conn_t1 + conn_t2 + age + T1 + T2	0.00711543393448054	0.07126606783855204	-0.0071046517862503045	('L_SMA_T2', 0.009970732016479248)	('lSMA_to_lIFG_T2', 0.006746390436986129)	('lIFG_to_lPTL_T1', 0.006644850417793343)	('lDLPFC_to_lPTL_T1', 0.005640415488450372)	('lIFG_to_lPTL_T2', 0.00477579006014757)	('T2', -0.004771279471532765)	('rDLPFC_to_lPTL_T1', 0.003856413021015493)	('rIFG_to_lIFG_T1', 0.0037783507915782758)	('rDLPFC_to_lPTL_T2', 0.0037218108021195998)	('lPTL_to_lIFG_T2', -0.0035909583914514524)	('lSMA_to_lIFG_T1', 0.003281906800469552)	('L_IFGorb_T2', 0.0030069191042707243)	('rDLPFC_to_lIFG_T2', 0.0028758223409208823)	('L_DLPFC', 0.0027758875516025777)	('R_IFGorb_T1', -0.0027221108818426573)	('L_IFGorb', 0.0024290104119747543)	('R_DLPFC_T2', -0.0024034722113446174)	('L_SMA_T1', -0.0022542300531394627)	('lDLPFC_to_lPTL_T2', 0.002244695607925443)	('L_DLPFC_T1', 0.002182946282477567)	('L_IFGorb_T1', 0.0019365404700708178)	('lDLPFC_to_lIFG_T1', 0.0018925474320118279)	('T1', 0.0018897727595153031)	('L_DLPFC_T2', 0.0016723280842989416)	('L_PTL_T2', -0.0014736929937649499)	('lPTL_to_lIFG_T1', 0.001376675167385356)	('rIFG_to_lIFG_T2', -0.001322744531179397)	('R_DLPFC_T1', -0.0013188391917698782)	('rDLPFC_to_lIFG_T1', -0.0009149192497214938)	('L_SMA', -0.0007101332295723826)	('lSMA_to_lPTL_T1', -0.0006658832085225534)	('L_PTL_T1', 0.0005609172070290489)	('lSMA_to_lPTL_T2', 0.0002774476337247345)	('L_PTL', -0.0002693412209769138)	('lDLPFC_to_lIFG_T2', 0.00018244142723621422)	('Age', -0.00011786903662611758)	('R_IFGorb_T2', -4.7657652259403716e-05)	
