predictors	pearson_correlation	mean_squared_error	r2	
rois + act_t1 + act_t2 + conn_t1 + conn_t2 + age + T1 + T2	-0.09196405955100294	0.07840163129935179	-0.10794168927746361	('lDLPFC_to_lPTL_T1', 0.018053086560503254)	('L_DLPFC_T1', 0.01253844723110225)	('R_DLPFC_T1', -0.01245896965263496)	('T2', -0.009660564132405344)	('lIFG_to_lPTL_T1', -0.009344407643070604)	('L_SMA', 0.009167265049596479)	('L_IFGorb', -0.007960214898080992)	('L_SMA_T1', 0.007713819915909558)	('lPTL_to_lIFG_T2', -0.0071927564586677034)	('rIFG_to_lIFG_T1', -0.007162309492900476)	('L_IFGorb_T2', -0.006672303200070333)	('L_PTL_T1', -0.0065523054819370645)	('L_DLPFC_T2', 0.00623395162337173)	('rDLPFC_to_lIFG_T2', 0.00582735003577932)	('lDLPFC_to_lPTL_T2', -0.005427845428122332)	('lIFG_to_lPTL_T2', 0.005394577867629202)	('lSMA_to_lPTL_T1', -0.005226981924910275)	('lSMA_to_lPTL_T2', 0.00500780799633526)	('R_IFGorb_T2', 0.004871749821864882)	('rDLPFC_to_lIFG_T1', 0.004810718297104318)	('lDLPFC_to_lIFG_T1', 0.004681826535586624)	('R_IFGorb_T1', 0.004361567175950774)	('L_PTL_T2', -0.004183444206861007)	('L_IFGorb_T1', -0.004101327575516499)	('T1', 0.002763496362896757)	('L_SMA_T2', -0.0027622722977446714)	('lDLPFC_to_lIFG_T2', 0.0011121482252993637)	('Age', 0.0009729651079442548)	('lSMA_to_lIFG_T2', -0.0009518509129369483)	('L_DLPFC', 0.0007898168896308787)	('lSMA_to_lIFG_T1', -0.0006750124563212305)	('rIFG_to_lIFG_T2', -0.0006367830960286437)	('lPTL_to_lIFG_T1', -0.00048281868903652975)	('rDLPFC_to_lPTL_T1', -0.0004618229741413265)	('rDLPFC_to_lPTL_T2', 0.000432835296203499)	('R_DLPFC_T2', -0.0002983843529581943)	('L_PTL', 0.00020205251019393182)	
