predictors	pearson_correlation	mean_squared_error	r2	
rois + act_t1 + act_t2 + conn_t1 + conn_t2 + age + T1 + T2	0.32095895919384554	0.0645762524380632	0.08743324561376575	('L_DLPFC_T1', 0.019041445701399352)	('L_IFGorb', -0.016871474071933918)	('rDLPFC_to_lPTL_T1', 0.01428980089197348)	('L_PTL', 0.012576859312845183)	('L_IFGorb_T1', 0.01149940296026054)	('rDLPFC_to_lIFG_T2', 0.011333035732184122)	('L_SMA_T2', 0.011168585124213832)	('lSMA_to_lPTL_T1', 0.011024954622447701)	('L_DLPFC_T2', 0.010956906884679159)	('lPTL_to_lIFG_T2', 0.010460022715659633)	('L_SMA', -0.010382006335892615)	('rDLPFC_to_lIFG_T1', 0.009636371405112518)	('R_IFGorb_T2', 0.00934670729491047)	('lIFG_to_lPTL_T1', -0.008993242844150678)	('lSMA_to_lIFG_T1', -0.00869709933059472)	('lDLPFC_to_lIFG_T2', 0.007747460621027002)	('lSMA_to_lIFG_T2', -0.007647935226992261)	('Age', -0.0072140059862987735)	('L_IFGorb_T2', 0.007079621919500504)	('R_DLPFC_T1', -0.007069073144516214)	('rDLPFC_to_lPTL_T2', -0.0069419772803088215)	('lDLPFC_to_lPTL_T2', -0.0067516566568144604)	('lIFG_to_lPTL_T2', 0.00671633418714329)	('L_DLPFC', -0.006432719538102644)	('lDLPFC_to_lPTL_T1', 0.00585516762737635)	('lPTL_to_lIFG_T1', 0.005302926776906889)	('L_PTL_T2', 0.004947667113617069)	('lDLPFC_to_lIFG_T1', -0.003892597249320942)	('rIFG_to_lIFG_T2', 0.003876779620962859)	('T2', -0.003821273610155202)	('T1', 0.0037584954893606914)	('lSMA_to_lPTL_T2', -0.0032972392856996293)	('R_IFGorb_T1', -0.002967458807792547)	('R_DLPFC_T2', 0.0029320983958567933)	('L_PTL_T1', -0.00255001996863208)	('rIFG_to_lIFG_T1', -0.0017819607632390984)	('L_SMA_T1', 0.00048436431702283787)	
