predictors	pearson_correlation	mean_squared_error	r2	
rois + act_t1 + act_t2 + conn_t1 + conn_t2 + age + T1 + T2	0.21701968903666072	0.0676604022093846	0.043849227641287625	('L_PTL_T1', 0.012803738558852577)	('rDLPFC_to_lPTL_T2', 0.011739642154267281)	('rIFG_to_lIFG_T1', -0.007835269170460377)	('lSMA_to_lIFG_T2', 0.007395773514782907)	('lDLPFC_to_lPTL_T2', 0.007140870490157718)	('lPTL_to_lIFG_T1', -0.007104522338147266)	('L_SMA_T1', 0.006286966149056944)	('lDLPFC_to_lIFG_T1', 0.005821458182382698)	('L_PTL_T2', 0.0052832367237892275)	('R_DLPFC_T1', 0.00506029691755918)	('R_IFGorb_T1', 0.004978506962296727)	('L_IFGorb', 0.004878714559363823)	('lSMA_to_lPTL_T1', 0.004523628250962688)	('lIFG_to_lPTL_T1', 0.004463882919290468)	('L_DLPFC', 0.004414369255182954)	('lIFG_to_lPTL_T2', 0.0040550114472688616)	('T2', -0.0038997194461231244)	('lPTL_to_lIFG_T2', -0.0037094427822114105)	('rDLPFC_to_lPTL_T1', -0.0035628747057181416)	('rIFG_to_lIFG_T2', 0.0032527423246494153)	('lSMA_to_lIFG_T1', -0.0031671600228035607)	('lDLPFC_to_lIFG_T2', -0.0031219268312298975)	('rDLPFC_to_lIFG_T2', 0.002892247604914628)	('lSMA_to_lPTL_T2', -0.002777451504977523)	('L_DLPFC_T1', 0.002749519674647822)	('L_SMA_T2', 0.002673791211297071)	('Age', 0.0025389416786191655)	('L_DLPFC_T2', -0.002280353526164785)	('T1', 0.0021991324606284953)	('L_IFGorb_T2', -0.0016334912638614795)	('R_IFGorb_T2', -0.0014989146891921557)	('R_DLPFC_T2', -0.0011045195216752826)	('rDLPFC_to_lIFG_T1', -0.000978273446886062)	('L_SMA', -0.0008914131589450778)	('lDLPFC_to_lPTL_T1', 0.0007384116211140667)	('L_IFGorb_T1', -0.0007268815577316228)	('L_PTL', 0.00042342006863592315)	
