predictors	pearson_correlation	mean_squared_error	r2	
rois + act_t1 + act_t2 + conn_t1 + conn_t2 + age + T1 + T2	-0.009610302588546601	0.0732511942938698	-0.03515769509521416	('lIFG_to_lPTL_T2', 0.016945427732450506)	('lIFG_to_lPTL_T1', 0.013491128848209346)	('rDLPFC_to_lIFG_T2', -0.011388225707165203)	('lPTL_to_lIFG_T1', 0.011334020715672934)	('lSMA_to_lIFG_T1', 0.011134607405689917)	('L_IFGorb_T1', 0.010213992507530571)	('L_SMA_T1', 0.009644986617991855)	('rIFG_to_lIFG_T2', 0.008995910235912216)	('lSMA_to_lPTL_T1', -0.008842490291119744)	('lSMA_to_lPTL_T2', 0.008825704858441983)	('R_IFGorb_T1', 0.008748447858459343)	('L_SMA', 0.00856256491315284)	('lDLPFC_to_lPTL_T2', -0.008539025793870409)	('L_SMA_T2', -0.008479844402925889)	('L_DLPFC_T2', -0.008196548741845446)	('rDLPFC_to_lPTL_T2', 0.007966859035830063)	('rDLPFC_to_lPTL_T1', -0.007800960821247114)	('lDLPFC_to_lIFG_T1', -0.0061995319320310455)	('T1', 0.0050813626265839755)	('L_PTL_T2', -0.00462721563860397)	('lPTL_to_lIFG_T2', 0.004530946384932636)	('Age', 0.004463648476237699)	('R_DLPFC_T1', 0.00435068259149991)	('lDLPFC_to_lPTL_T1', 0.004159644752341838)	('L_PTL', 0.003874459617013942)	('rIFG_to_lIFG_T1', -0.0030455517013518053)	('rDLPFC_to_lIFG_T1', 0.002595390163664957)	('L_DLPFC', -0.002573293298178429)	('L_IFGorb', -0.0023331896674299957)	('R_IFGorb_T2', 0.002125984667160524)	('T2', -0.0012289150097006614)	('L_DLPFC_T1', -0.0010975657497352246)	('lDLPFC_to_lIFG_T2', -0.0009336800392181949)	('lSMA_to_lIFG_T2', -0.0007761929818373458)	('L_PTL_T1', 0.00047727568320458155)	('R_DLPFC_T2', -9.997225344440604e-05)	('L_IFGorb_T2', -6.207769707861737e-05)	
