predictors	pearson_correlation	mean_squared_error	r2	
rois + act_t1 + act_t2 + conn_t1 + conn_t2 + age + T1 + T2	-0.08291452691292318	0.07576934425977092	-0.07074322158026769	('L_IFGorb', 0.010163287629524401)	('lSMA_to_lIFG_T1', 0.009728798142137875)	('L_SMA_T1', 0.009484035492592848)	('lIFG_to_lPTL_T2', 0.008244065126855953)	('L_IFGorb_T2', 0.008184826651976387)	('lSMA_to_lPTL_T1', -0.007957160621595639)	('L_IFGorb_T1', -0.006959240464722499)	('rDLPFC_to_lPTL_T2', -0.006604392210394414)	('lDLPFC_to_lIFG_T2', 0.005831202365956687)	('rDLPFC_to_lIFG_T2', 0.005099264822123533)	('L_DLPFC_T2', -0.005035453071746002)	('Age', 0.004981941228508243)	('T1', 0.004923671705704062)	('lDLPFC_to_lIFG_T1', -0.004780263298818293)	('lSMA_to_lIFG_T2', -0.004457228368082924)	('lDLPFC_to_lPTL_T1', 0.004259669727762618)	('L_DLPFC_T1', 0.004112000116363366)	('L_PTL_T1', -0.0038982640602615217)	('L_DLPFC', 0.0038720531718595325)	('rDLPFC_to_lPTL_T1', -0.0038016562770838845)	('R_DLPFC_T2', -0.0037681714265253865)	('R_DLPFC_T1', -0.003669905220228456)	('lIFG_to_lPTL_T1', 0.003416460230599762)	('lPTL_to_lIFG_T1', 0.0033827785828621218)	('L_SMA', -0.003208692087847987)	('L_PTL_T2', 0.0028485788893555836)	('R_IFGorb_T1', 0.0027716463647745166)	('lSMA_to_lPTL_T2', -0.002633945461367305)	('lPTL_to_lIFG_T2', 0.0023233105576946672)	('rDLPFC_to_lIFG_T1', -0.002142699077891563)	('lDLPFC_to_lPTL_T2', 0.002023506099267628)	('rIFG_to_lIFG_T1', -0.0016583858596355104)	('L_PTL', -0.0013667962722573137)	('R_IFGorb_T2', -0.0006904476692872415)	('L_SMA_T2', 0.00037510114886209775)	('T2', -0.00027778835389537915)	('rIFG_to_lIFG_T2', 0.00018671535439543022)	
