predictors	pearson_correlation	mean_squared_error	r2	
rois + act_t1 + act_t2 + conn_t1 + conn_t2 + age + T1 + T2	-0.035656151316233675	0.07352277150207027	-0.038995519714883686	('L_SMA_T2', -0.01998363670053602)	('R_IFGorb_T2', 0.015008746185342996)	('L_PTL_T2', -0.01335072500099553)	('L_PTL_T1', 0.012107294743764938)	('T1', 0.010596608181931075)	('lSMA_to_lIFG_T1', 0.009818167435356738)	('lDLPFC_to_lPTL_T2', 0.00848996400020511)	('L_SMA_T1', -0.00787333800374532)	('lSMA_to_lPTL_T2', -0.00786965259026876)	('L_IFGorb', 0.007841892669807006)	('L_IFGorb_T2', 0.00784083984857141)	('lDLPFC_to_lIFG_T2', 0.007661239351487916)	('lSMA_to_lPTL_T1', 0.007468086408914857)	('R_IFGorb_T1', 0.006320366481261321)	('L_IFGorb_T1', -0.005123089930326959)	('T2', 0.004846799186152085)	('lIFG_to_lPTL_T1', -0.004811647286169696)	('rIFG_to_lIFG_T2', 0.004793654325884805)	('lIFG_to_lPTL_T2', 0.004563364553991156)	('lDLPFC_to_lPTL_T1', 0.004335849983274245)	('Age', -0.0036111028063573916)	('L_DLPFC_T1', -0.003491200507714151)	('lPTL_to_lIFG_T1', 0.003040584737701961)	('lSMA_to_lIFG_T2', 0.0030308584448713507)	('rDLPFC_to_lIFG_T2', -0.0030263215078417307)	('lPTL_to_lIFG_T2', 0.0028684480409062636)	('L_PTL', 0.0024834993612938296)	('L_SMA', 0.0019491125356687925)	('rDLPFC_to_lPTL_T1', -0.0018011366449264766)	('rDLPFC_to_lIFG_T1', 0.0016049979002064198)	('rIFG_to_lIFG_T1', 0.0015816023543711029)	('lDLPFC_to_lIFG_T1', 0.0010165624169852687)	('rDLPFC_to_lPTL_T2', 0.000914156645432169)	('L_DLPFC', 0.0008824918908168567)	('R_DLPFC_T2', 0.0006558362502365614)	('L_DLPFC_T2', 0.0005156754107360177)	('R_DLPFC_T1', -0.00041638903750288326)	
