predictors	pearson_correlation	mean_squared_error	r2	
rois + act_t1 + act_t2 + conn_t1 + conn_t2 + age + T1 + T2	0.23162253792527937	0.06718309717833656	0.050594318701712604	('lSMA_to_lIFG_T1', 0.019888845096993533)	('lIFG_to_lPTL_T1', 0.01834477177674901)	('rDLPFC_to_lIFG_T1', 0.018241120460141796)	('rDLPFC_to_lPTL_T2', 0.015341953844035703)	('L_IFGorb_T2', 0.01449091652506823)	('lDLPFC_to_lIFG_T1', 0.013877572302212806)	('rIFG_to_lIFG_T1', -0.013393936213874554)	('Age', -0.009874736233025328)	('lDLPFC_to_lPTL_T2', -0.00871979026537567)	('L_SMA_T1', 0.00820617778480948)	('L_PTL_T2', 0.007860872616551029)	('L_SMA_T2', 0.007844285574877074)	('lIFG_to_lPTL_T2', -0.00677614181657451)	('lDLPFC_to_lPTL_T1', 0.005122037144655175)	('L_DLPFC_T2', 0.004994662454708693)	('rDLPFC_to_lPTL_T1', 0.004927015259940018)	('T2', -0.004419112597895935)	('L_IFGorb', -0.0036696388093273784)	('L_DLPFC', 0.003548964883343097)	('L_IFGorb_T1', 0.0035247145219658013)	('lDLPFC_to_lIFG_T2', 0.0034836101313675686)	('lPTL_to_lIFG_T1', 0.0034578957109038)	('L_PTL', -0.003164645644471469)	('R_IFGorb_T1', -0.0031136481756071327)	('lSMA_to_lPTL_T1', -0.0029850214604993353)	('R_DLPFC_T1', -0.0027315497080611377)	('rIFG_to_lIFG_T2', 0.0026148184641481393)	('R_DLPFC_T2', -0.0025801885532809976)	('T1', 0.002439922716239379)	('R_IFGorb_T2', -0.002279452586692788)	('lPTL_to_lIFG_T2', 0.0012473879835034477)	('lSMA_to_lPTL_T2', 0.0009146096354795884)	('L_DLPFC_T1', 0.0007020108271358069)	('L_PTL_T1', -0.0006624996322546005)	('L_SMA', 0.0004891833615320048)	('rDLPFC_to_lIFG_T2', -0.0004790867300387549)	('lSMA_to_lIFG_T2', 3.7051584076823875e-05)	
