predictors	pearson_correlation	mean_squared_error	r2	
rois + act_t1 + act_t2 + conn_t1 + conn_t2 + age + T1 + T2	0.07880770172919682	0.07102338626339719	-0.003675169135475276	('T2', 0.011814291460217317)	('lDLPFC_to_lPTL_T2', 0.008316844940846113)	('L_DLPFC_T1', 0.0073640455262342155)	('R_DLPFC_T2', 0.007214339191354978)	('rDLPFC_to_lIFG_T1', 0.006776589312093941)	('rDLPFC_to_lPTL_T1', -0.0062043122880196125)	('L_PTL_T2', -0.005480501571447537)	('L_SMA_T1', -0.005258109537555969)	('lSMA_to_lPTL_T2', -0.005245874921669932)	('L_SMA_T2', -0.005178448690620681)	('lSMA_to_lPTL_T1', 0.004972774765591343)	('lIFG_to_lPTL_T1', 0.004607215862509787)	('rDLPFC_to_lPTL_T2', 0.004517619041957601)	('rDLPFC_to_lIFG_T2', -0.003888846586392484)	('lPTL_to_lIFG_T1', 0.0034295780953083064)	('L_IFGorb_T2', 0.003116307239810195)	('T1', -0.0030536962064309924)	('lDLPFC_to_lIFG_T2', 0.0029879281538762923)	('L_DLPFC', -0.0025763909213577336)	('R_IFGorb_T2', -0.0022194645496461615)	('lDLPFC_to_lPTL_T1', -0.0021378676091884587)	('L_DLPFC_T2', -0.0020554793497465015)	('rIFG_to_lIFG_T1', 0.0018035260449015748)	('rIFG_to_lIFG_T2', 0.0016314130248544665)	('L_SMA', 0.0015531318333597036)	('L_IFGorb', -0.0014701902233965824)	('L_IFGorb_T1', 0.0014282584217003012)	('lSMA_to_lIFG_T1', -0.0013018924360669983)	('lIFG_to_lPTL_T2', 0.0012542371218543095)	('lPTL_to_lIFG_T2', -0.00115385261403884)	('L_PTL_T1', -0.0010944888401553763)	('R_IFGorb_T1', 0.0008199602802964738)	('Age', 0.0007486533546156086)	('L_PTL', -0.0006096773265092981)	('lSMA_to_lIFG_T2', -0.00034588148059476974)	('R_DLPFC_T1', -0.0002510372099251416)	('lDLPFC_to_lIFG_T1', 0.00018351373762823286)	
