predictors	pearson_correlation	mean_squared_error	r2	
rois + act_t1 + act_t2 + conn_t1 + conn_t2 + age + T1 + T2	-0.19129105814317116	0.0892614051747211	-0.261407835494595	('lSMA_to_lIFG_T2', 0.03988404433704519)	('lDLPFC_to_lIFG_T2', 0.02406052177858999)	('rDLPFC_to_lIFG_T2', -0.019450350436994803)	('rIFG_to_lIFG_T2', 0.01430028886888723)	('Age', -0.013975637110928422)	('L_DLPFC_T1', 0.013652217648501398)	('lDLPFC_to_lPTL_T1', 0.012462991543029777)	('rDLPFC_to_lPTL_T2', 0.011711650783975807)	('L_PTL', -0.010203692048805876)	('L_SMA_T1', -0.009967660444939472)	('rDLPFC_to_lPTL_T1', -0.008003826496610376)	('T2', 0.007589694576690229)	('rIFG_to_lIFG_T1', 0.006992993986156797)	('lDLPFC_to_lIFG_T1', -0.006915873846302269)	('lSMA_to_lIFG_T1', -0.006246542025071268)	('L_IFGorb', 0.00592246571626706)	('lPTL_to_lIFG_T1', -0.005821966793282721)	('R_IFGorb_T1', 0.005696025723244205)	('L_IFGorb_T1', 0.005669315212216774)	('R_DLPFC_T2', -0.005286149365212265)	('L_DLPFC', -0.005160860349098505)	('L_IFGorb_T2', -0.004329830634542468)	('L_DLPFC_T2', 0.0038277339482905353)	('L_SMA', 0.003777661684458236)	('L_PTL_T2', 0.0034466679402000494)	('L_SMA_T2', 0.003446163213858222)	('L_PTL_T1', 0.0029353877531518467)	('lDLPFC_to_lPTL_T2', 0.0026720726193488887)	('lIFG_to_lPTL_T1', 0.002470166519521885)	('T1', 0.0021060331866706744)	('rDLPFC_to_lIFG_T1', 0.0018254496774460147)	('R_IFGorb_T2', 0.0015995921491812573)	('lSMA_to_lPTL_T1', 0.001374949540550733)	('lIFG_to_lPTL_T2', -0.0010030916149654167)	('lPTL_to_lIFG_T2', -0.0007940066191076346)	('lSMA_to_lPTL_T2', 0.0005101941990091293)	('R_DLPFC_T1', 0.0003027013426546263)	
