predictors	pearson_correlation	mean_squared_error	r2	
rois + act_t1 + act_t2 + conn_t1 + conn_t2 + age + T1 + T2	-0.025259599122902217	0.07567744986082443	-0.06944460528980856	('L_PTL_T1', 0.01726478339477184)	('lSMA_to_lPTL_T1', 0.013330021703531784)	('Age', 0.011837785460557824)	('lDLPFC_to_lPTL_T2', 0.010456842037179922)	('L_IFGorb_T2', 0.00921893416559676)	('L_SMA_T1', 0.008984006439918325)	('L_IFGorb_T1', 0.00838187995939472)	('L_DLPFC', 0.008312922176047958)	('L_SMA', 0.007909174450591232)	('rDLPFC_to_lIFG_T2', 0.007887987253782034)	('rDLPFC_to_lIFG_T1', 0.007089898008088444)	('rDLPFC_to_lPTL_T1', 0.006671773655665109)	('L_IFGorb', -0.005793557025616417)	('T2', 0.0057859939252398445)	('L_DLPFC_T1', -0.005652637375736398)	('L_SMA_T2', 0.005295157775038042)	('lDLPFC_to_lIFG_T2', -0.005009896068640661)	('lDLPFC_to_lIFG_T1', 0.004899806974579138)	('rIFG_to_lIFG_T2', 0.00394204404361185)	('lSMA_to_lPTL_T2', -0.0038517901207498)	('T1', 0.003717332518894292)	('lSMA_to_lIFG_T2', -0.003671747380507486)	('rIFG_to_lIFG_T1', -0.0032826371594008525)	('R_IFGorb_T1', -0.003160217944855005)	('rDLPFC_to_lPTL_T2', 0.003149160564983491)	('lIFG_to_lPTL_T1', 0.002403883203905812)	('lDLPFC_to_lPTL_T1', 0.002227399434166432)	('lPTL_to_lIFG_T2', 0.002124283096655921)	('R_DLPFC_T1', 0.0020644086952069512)	('L_PTL_T2', -0.001928424725577155)	('R_IFGorb_T2', 0.0018814509013679395)	('lPTL_to_lIFG_T1', 0.0015421986235602265)	('L_DLPFC_T2', -0.0014451034200754385)	('lSMA_to_lIFG_T1', -0.0012424366116005473)	('R_DLPFC_T2', 0.0011059339664570476)	('L_PTL', 0.0008223370159377399)	('lIFG_to_lPTL_T2', 0.00011614524179781322)	
