predictors	pearson_correlation	mean_squared_error	r2	
rois + act_t1 + act_t2 + conn_t1 + conn_t2 + age + T1 + T2	-0.06992774662561774	0.07525644371746243	-0.0634951084497275	('lSMA_to_lIFG_T1', 0.014825020832332704)	('lPTL_to_lIFG_T2', 0.01062301552278271)	('rDLPFC_to_lPTL_T2', 0.010269281327371973)	('lSMA_to_lPTL_T2', 0.009646732319156016)	('L_SMA_T2', 0.009512423696475982)	('lDLPFC_to_lPTL_T1', -0.009461376097591678)	('rDLPFC_to_lIFG_T2', -0.00881763623717329)	('L_PTL', -0.008252734450729549)	('L_DLPFC_T1', 0.007845218555571404)	('lSMA_to_lIFG_T2', 0.006951358973495964)	('lIFG_to_lPTL_T2', -0.006666507504570846)	('L_IFGorb_T1', 0.006201404434234643)	('R_IFGorb_T2', 0.005629840481348256)	('rDLPFC_to_lPTL_T1', -0.005601431742901508)	('L_SMA_T1', -0.005591187868312338)	('L_IFGorb_T2', -0.005553303988489776)	('R_DLPFC_T1', -0.005439594144851948)	('lDLPFC_to_lIFG_T1', 0.005419989021979029)	('rDLPFC_to_lIFG_T1', 0.004663112554690041)	('lPTL_to_lIFG_T1', 0.004585850289904873)	('L_DLPFC', 0.004474042345324818)	('L_PTL_T2', -0.004343792312395786)	('lSMA_to_lPTL_T1', 0.00408188077695148)	('rIFG_to_lIFG_T1', -0.004014823025689632)	('T1', -0.003972461944431067)	('lDLPFC_to_lIFG_T2', 0.002999189858913428)	('L_SMA', 0.002677428423817368)	('R_DLPFC_T2', -0.0017903590267608464)	('T2', 0.0017708889081596024)	('L_IFGorb', -0.001671718824132304)	('lIFG_to_lPTL_T1', 0.0015152197931010843)	('Age', -0.0015024409516791648)	('L_DLPFC_T2', 0.001327763445172598)	('lDLPFC_to_lPTL_T2', 0.001183527970840469)	('R_IFGorb_T1', 0.000603819123774469)	('L_PTL_T1', -0.0004035677476095928)	('rIFG_to_lIFG_T2', 7.895588712728775e-05)	
