predictors	pearson_correlation	mean_squared_error	r2	
rois + act_t1 + act_t2 + conn_t1 + conn_t2 + age + T1 + T2	0.2189102837865505	0.06749104241548474	0.04624255508919051	('L_DLPFC', 0.0139378420608743)	('rDLPFC_to_lPTL_T2', 0.012758240935374554)	('L_PTL_T2', 0.012201336591341275)	('L_PTL', 0.011165431728018227)	('rDLPFC_to_lIFG_T2', 0.010966598758035632)	('T2', 0.010337733805075754)	('R_IFGorb_T1', 0.00999928808460536)	('L_DLPFC_T1', 0.009735220136784161)	('rDLPFC_to_lPTL_T1', 0.009534579427582466)	('lDLPFC_to_lIFG_T1', 0.008029412022310825)	('lDLPFC_to_lIFG_T2', 0.007000778917868829)	('lPTL_to_lIFG_T1', 0.006870589254759218)	('Age', 0.0063421100762299926)	('lPTL_to_lIFG_T2', 0.00552062264305228)	('lDLPFC_to_lPTL_T1', -0.0042632359752683684)	('lSMA_to_lPTL_T2', 0.004165709173160317)	('L_SMA', 0.004153978467178796)	('R_IFGorb_T2', 0.004055025287255376)	('R_DLPFC_T2', 0.004035123107802693)	('L_IFGorb', -0.0037939723714950813)	('lIFG_to_lPTL_T1', -0.0036386463948064277)	('lSMA_to_lIFG_T1', -0.0032770183415098326)	('T1', -0.003089713757698409)	('lDLPFC_to_lPTL_T2', 0.002564799437389089)	('lSMA_to_lPTL_T1', -0.002490820299444717)	('rIFG_to_lIFG_T1', 0.0024233237872086353)	('L_SMA_T2', -0.0020293112757525447)	('lIFG_to_lPTL_T2', 0.0019998490175110184)	('lSMA_to_lIFG_T2', -0.001537709901003496)	('R_DLPFC_T1', -0.0012225762744352638)	('rDLPFC_to_lIFG_T1', 0.0012103228490749575)	('rIFG_to_lIFG_T2', -0.0007563480275998315)	('L_IFGorb_T1', -0.00047573741159659063)	('L_IFGorb_T2', -0.00046948792184127046)	('L_DLPFC_T2', -0.0004264208019755011)	('L_PTL_T1', -0.0002048935340729952)	('L_SMA_T1', -0.00016888967745970756)	
