predictors	pearson_correlation	mean_squared_error	r2	
rois + act_t1 + act_t2 + conn_t1 + conn_t2 + age + T1 + T2	0.016790065111945102	0.07143794961327196	-0.00953361889679516	('L_SMA_T1', 0.014430472619361246)	('rDLPFC_to_lPTL_T1', 0.010391374005936545)	('rDLPFC_to_lIFG_T1', 0.008297402181817962)	('rIFG_to_lIFG_T2', 0.008115112267590494)	('Age', -0.007391106187674063)	('R_IFGorb_T1', -0.007248174730747939)	('rDLPFC_to_lIFG_T2', 0.007054609204029189)	('lSMA_to_lPTL_T2', 0.006208746876290725)	('lDLPFC_to_lPTL_T1', 0.0056896761707172045)	('lIFG_to_lPTL_T1', -0.0056055150643577875)	('L_DLPFC_T2', -0.005466910707332756)	('L_IFGorb', -0.004809306030062383)	('T1', 0.004807209307344668)	('L_SMA_T2', -0.004417735230670574)	('lDLPFC_to_lIFG_T1', 0.00409657153153717)	('lIFG_to_lPTL_T2', -0.0038816202946398283)	('lDLPFC_to_lPTL_T2', 0.003752973541938828)	('lPTL_to_lIFG_T2', -0.003682765572835343)	('R_DLPFC_T2', -0.003178708512662218)	('lSMA_to_lIFG_T2', 0.0028139403212533477)	('L_PTL_T1', 0.0027121945418100133)	('lSMA_to_lPTL_T1', -0.0026398980052447373)	('L_PTL', 0.0024977435688140794)	('L_IFGorb_T2', 0.002196004568029691)	('L_PTL_T2', -0.0017803342780135776)	('L_DLPFC_T1', 0.0016990650474321158)	('lSMA_to_lIFG_T1', 0.0012283020892483165)	('T2', 0.0012173156690975467)	('L_IFGorb_T1', -0.001090506774001138)	('rIFG_to_lIFG_T1', 0.0007539632849001617)	('lPTL_to_lIFG_T1', 0.0007107985464179146)	('R_DLPFC_T1', 0.00066545901306667)	('rDLPFC_to_lPTL_T2', -0.0005382972711011354)	('L_SMA', -0.0003747268186602663)	('R_IFGorb_T2', 0.0003336408379772916)	('L_DLPFC', 0.00029249803073471705)	('lDLPFC_to_lIFG_T2', -0.00016670621335052816)	
