predictors	pearson_correlation	mean_squared_error	r2	
rois + act_t1 + act_t2 + conn_t1 + conn_t2 + age + T1 + T2	-0.10653061172843117	0.0827722249095537	-0.16970523663457615	('rDLPFC_to_lIFG_T1', -0.015334938707283589)	('lDLPFC_to_lPTL_T1', 0.014385348360739144)	('Age', -0.013574826409995243)	('L_IFGorb', 0.012527917805295425)	('lIFG_to_lPTL_T2', -0.012427289265377424)	('lPTL_to_lIFG_T1', 0.011605164603602714)	('rDLPFC_to_lPTL_T2', 0.011460406015730899)	('T2', 0.01050981867212584)	('R_IFGorb_T1', -0.009696111958497492)	('lSMA_to_lPTL_T2', -0.009556904271581039)	('L_PTL', 0.009505263929983049)	('L_SMA_T2', 0.009220773129390937)	('lDLPFC_to_lIFG_T2', 0.008139301150247542)	('rIFG_to_lIFG_T1', 0.007974795001111614)	('rDLPFC_to_lIFG_T2', 0.006751387796002643)	('lDLPFC_to_lIFG_T1', 0.0061978403618893636)	('L_SMA_T1', 0.005632288689277708)	('R_DLPFC_T1', 0.005468595579112368)	('lPTL_to_lIFG_T2', 0.005344087677309688)	('lDLPFC_to_lPTL_T2', 0.005093401490908954)	('L_DLPFC', -0.004644174584471271)	('lIFG_to_lPTL_T1', 0.004575326762163353)	('L_DLPFC_T1', -0.004453785453682627)	('rDLPFC_to_lPTL_T1', -0.0040429637906467236)	('rIFG_to_lIFG_T2', 0.0038338883367262148)	('L_SMA', -0.0033863351873347266)	('L_PTL_T2', 0.0032310632174431665)	('L_IFGorb_T2', 0.002932575038027829)	('L_DLPFC_T2', -0.002925696863897652)	('R_IFGorb_T2', 0.0025933905436243813)	('lSMA_to_lIFG_T1', -0.0022640793717089106)	('R_DLPFC_T2', 0.002135957059811806)	('T1', -0.0020717414406470486)	('lSMA_to_lIFG_T2', -0.002026438000528239)	('L_IFGorb_T1', 0.0017791189326699748)	('L_PTL_T1', -0.0016166478578982266)	('lSMA_to_lPTL_T1', 0.0008761111551621428)	
