predictors	pearson_correlation	mean_squared_error	r2	
rois + act_t1 + act_t2 + conn_t1 + conn_t2 + age + T1 + T2	0.012180788778217141	0.07426064107789217	-0.049422808672445306	('L_DLPFC_T2', 0.014996600152730636)	('L_SMA_T2', -0.014909783158270962)	('T1', 0.010762870361440373)	('rDLPFC_to_lIFG_T2', 0.01006886191506724)	('lSMA_to_lPTL_T2', 0.009676526682228431)	('L_SMA', 0.008215111649529918)	('L_IFGorb_T2', -0.00788008891882346)	('rDLPFC_to_lPTL_T2', 0.007700932917202417)	('L_IFGorb', -0.007688825671387548)	('lPTL_to_lIFG_T1', 0.007530041068344877)	('lIFG_to_lPTL_T1', 0.007513951179921247)	('rIFG_to_lIFG_T1', -0.007243590598590312)	('L_PTL', 0.006892814278042431)	('lDLPFC_to_lPTL_T1', 0.006729753359949097)	('R_DLPFC_T1', -0.005788477202275941)	('lDLPFC_to_lIFG_T2', 0.0056599549435940475)	('R_IFGorb_T2', 0.005290707738618696)	('lIFG_to_lPTL_T2', 0.005011370153514953)	('lSMA_to_lIFG_T2', 0.004831619615449576)	('L_PTL_T2', 0.004672486390792173)	('rDLPFC_to_lIFG_T1', 0.004271963352012356)	('R_IFGorb_T1', 0.0035008701686525447)	('Age', 0.0031441423712573117)	('L_SMA_T1', 0.0030388366415719076)	('T2', -0.0029758833292216754)	('lDLPFC_to_lPTL_T2', 0.0028457220155857156)	('L_PTL_T1', 0.0025704262122701656)	('lDLPFC_to_lIFG_T1', -0.0023876525071129507)	('rDLPFC_to_lPTL_T1', 0.0021720367037020797)	('R_DLPFC_T2', 0.0017389826282309866)	('lSMA_to_lIFG_T1', -0.001695821590691818)	('rIFG_to_lIFG_T2', 0.0015508930991650052)	('L_IFGorb_T1', -0.0015507781538132714)	('L_DLPFC_T1', -0.0010638400334659287)	('lSMA_to_lPTL_T1', -0.0009218908682812505)	('lPTL_to_lIFG_T2', 0.0007645680918592212)	('L_DLPFC', -0.0005416351574715038)	
