predictors	pearson_correlation	mean_squared_error	r2	
rois + act_t1 + act_t2 + conn_t1 + conn_t2 + age + T1 + T2	-0.21122493686832577	0.08889249336809375	-0.2561945157784722	('rIFG_to_lIFG_T1', 0.021097570098381556)	('lDLPFC_to_lPTL_T2', -0.016714432452140483)	('L_IFGorb', 0.01541945375697917)	('lDLPFC_to_lIFG_T2', 0.013660529334924154)	('L_DLPFC', -0.011711720733637387)	('lSMA_to_lPTL_T2', 0.01126343600547815)	('L_SMA_T2', 0.009852449178138998)	('lPTL_to_lIFG_T2', 0.009845750703268603)	('lDLPFC_to_lPTL_T1', 0.00912044417179628)	('T1', 0.009080187753372139)	('L_PTL', 0.008379814005753824)	('L_SMA', 0.008089639491472575)	('rIFG_to_lIFG_T2', -0.008042117996510369)	('L_DLPFC_T2', 0.007573933995904339)	('rDLPFC_to_lIFG_T2', 0.007099149791105812)	('R_IFGorb_T2', 0.006754304523223668)	('L_IFGorb_T2', -0.006442076159156723)	('rDLPFC_to_lIFG_T1', 0.006134747221093543)	('lSMA_to_lPTL_T1', -0.006116695468919264)	('lSMA_to_lIFG_T2', 0.005929981323302175)	('L_SMA_T1', -0.00587710240841446)	('L_IFGorb_T1', 0.005854215464601444)	('R_DLPFC_T1', -0.005569064856163762)	('L_PTL_T1', -0.005364376490205388)	('R_DLPFC_T2', 0.004125611712889315)	('L_PTL_T2', 0.003973191308302698)	('T2', -0.00377671796659403)	('R_IFGorb_T1', -0.0036621556159739943)	('lIFG_to_lPTL_T2', -0.0035838325361385263)	('L_DLPFC_T1', 0.0030336894617651673)	('rDLPFC_to_lPTL_T1', -0.002827545090795496)	('lDLPFC_to_lIFG_T1', 0.002714066138744284)	('lPTL_to_lIFG_T1', 0.0024355809283676043)	('lIFG_to_lPTL_T1', 0.0017758450830329701)	('rDLPFC_to_lPTL_T2', -0.0017165511990952093)	('Age', -0.0004547871950361768)	('lSMA_to_lIFG_T1', 4.45985226791835e-06)	
