predictors	pearson_correlation	mean_squared_error	r2	
rois + act_t1 + act_t2 + conn_t1 + conn_t2 + age + T1 + T2	-0.122814908769102	0.07993157384471315	-0.12956224869838917	('L_DLPFC_T1', 0.01394741362253376)	('R_IFGorb_T2', 0.012654262979105836)	('lSMA_to_lPTL_T2', 0.012336074015226593)	('lDLPFC_to_lPTL_T1', 0.012043097857480376)	('L_SMA_T2', 0.0118604209911606)	('L_PTL_T1', -0.008611336636358914)	('L_PTL_T2', 0.008368752387615608)	('lIFG_to_lPTL_T1', 0.00783050731917791)	('lDLPFC_to_lIFG_T1', 0.006539380649577639)	('lDLPFC_to_lIFG_T2', 0.006331726941344151)	('lSMA_to_lPTL_T1', 0.006302747339934395)	('R_DLPFC_T2', 0.00608558860313657)	('lDLPFC_to_lPTL_T2', 0.006018147543474388)	('R_DLPFC_T1', -0.005713775563543903)	('L_PTL', 0.004761788525313135)	('rDLPFC_to_lIFG_T1', 0.004589807220108152)	('lSMA_to_lIFG_T1', 0.004230082532903671)	('L_DLPFC_T2', -0.003851274932082896)	('rIFG_to_lIFG_T1', -0.0036688276581711508)	('L_IFGorb_T2', 0.003344081347077152)	('lPTL_to_lIFG_T2', 0.003065628384783966)	('T2', -0.0028453598424756526)	('T1', 0.002437153482004477)	('rDLPFC_to_lIFG_T2', -0.0023909462209771096)	('lIFG_to_lPTL_T2', 0.002233169230435325)	('L_SMA_T1', 0.0022123772437435793)	('L_DLPFC', 0.002157377264310268)	('L_IFGorb_T1', -0.0016705106174833332)	('rIFG_to_lIFG_T2', 0.0014994331882960785)	('lPTL_to_lIFG_T1', 0.0014770181108392712)	('rDLPFC_to_lPTL_T2', 0.0012917526129285109)	('lSMA_to_lIFG_T2', 0.001225718703824037)	('L_IFGorb', 0.0011861930461724635)	('L_SMA', 0.001067720858170951)	('rDLPFC_to_lPTL_T1', -0.0010567059669819722)	('R_IFGorb_T1', -0.00023035841303705845)	('Age', -8.411827729703635e-05)	
