predictors	pearson_correlation	mean_squared_error	r2	
rois + act_t1 + act_t2 + conn_t1 + conn_t2 + age + T1 + T2	0.270389353266714	0.06567499099363304	0.07190629507514346	('L_SMA', 0.024102946454615044)	('L_PTL_T1', 0.01706119355014178)	('lIFG_to_lPTL_T1', -0.01702454682002205)	('lDLPFC_to_lPTL_T1', 0.015496073815602057)	('rDLPFC_to_lPTL_T1', 0.014209764064355094)	('T2', 0.012905344579129233)	('L_SMA_T1', -0.011696818029928875)	('R_DLPFC_T1', -0.011275733317563938)	('L_DLPFC', 0.010581861665287311)	('L_DLPFC_T2', -0.010313145849895606)	('rIFG_to_lIFG_T2', -0.010309416225651593)	('L_IFGorb_T1', -0.009228152274307785)	('rDLPFC_to_lPTL_T2', 0.008940798773066132)	('lSMA_to_lIFG_T1', -0.008382292362765319)	('lSMA_to_lPTL_T2', 0.008071576405029602)	('L_PTL_T2', 0.008002615386840868)	('T1', -0.007529378540202105)	('rDLPFC_to_lIFG_T2', 0.007290723674033838)	('L_PTL', -0.005169174080522151)	('lDLPFC_to_lPTL_T2', 0.005161836290180934)	('R_IFGorb_T2', -0.004872271804905446)	('L_DLPFC_T1', -0.004407370367121722)	('L_IFGorb_T2', 0.00428283848697506)	('R_IFGorb_T1', -0.004005644940646458)	('rDLPFC_to_lIFG_T1', -0.0034671850904572934)	('lSMA_to_lIFG_T2', -0.003337993707504133)	('L_IFGorb', 0.003255700324565464)	('R_DLPFC_T2', -0.00310102442768068)	('lSMA_to_lPTL_T1', -0.0027509072718733506)	('Age', 0.002604941086846237)	('lDLPFC_to_lIFG_T2', -0.0023427677766048195)	('rIFG_to_lIFG_T1', 0.0009299706697386813)	('lIFG_to_lPTL_T2', 0.0009273675386415766)	('lDLPFC_to_lIFG_T1', 0.0007780201930683065)	('lPTL_to_lIFG_T1', -0.0006922944803216176)	('lPTL_to_lIFG_T2', -0.000605978888674094)	('L_SMA_T2', -0.0003190224282626932)	
