predictors	pearson_correlation	mean_squared_error	r2	
rois + act_t1 + act_t2 + conn_t1 + conn_t2 + age + T1 + T2	0.07484033690830552	0.07142914180228965	-0.009409150300710545	('rDLPFC_to_lIFG_T1', 0.020097585683786015)	('R_DLPFC_T1', 0.013561772475913373)	('lSMA_to_lPTL_T1', 0.010511662084178945)	('lPTL_to_lIFG_T1', 0.010433209305907517)	('lIFG_to_lPTL_T1', 0.010179863093964818)	('L_SMA_T2', -0.008799134141956669)	('L_DLPFC', 0.00860368300476233)	('Age', 0.008270770458239207)	('L_DLPFC_T2', 0.008078045555981227)	('L_SMA_T1', 0.007818780512098136)	('T1', -0.007791317757755277)	('L_PTL', 0.007532374725902952)	('rDLPFC_to_lIFG_T2', 0.00609141825376458)	('L_IFGorb_T1', -0.005320179980967314)	('lDLPFC_to_lPTL_T2', 0.005171954760619982)	('rDLPFC_to_lPTL_T1', 0.005057986121650989)	('L_IFGorb_T2', 0.004949753755195735)	('L_PTL_T2', 0.004676685724422682)	('L_SMA', -0.004017469505736761)	('lIFG_to_lPTL_T2', -0.003938246680200602)	('R_DLPFC_T2', -0.0032177756703293523)	('L_PTL_T1', -0.0022085728443286983)	('lDLPFC_to_lIFG_T2', -0.0021282753663791807)	('rDLPFC_to_lPTL_T2', 0.002066767806093706)	('lSMA_to_lIFG_T1', 0.0017994864577191572)	('L_DLPFC_T1', -0.0017722965500277534)	('rIFG_to_lIFG_T2', 0.0017442386436144906)	('lDLPFC_to_lIFG_T1', 0.0016600352932381946)	('R_IFGorb_T2', 0.001262894251172422)	('T2', 0.001145045093923358)	('R_IFGorb_T1', -0.0009408832109615512)	('lSMA_to_lIFG_T2', -0.0008436224429051782)	('rIFG_to_lIFG_T1', 0.0007987751099721661)	('lPTL_to_lIFG_T2', -0.0007113112689376087)	('lSMA_to_lPTL_T2', 0.00015179115317413535)	('lDLPFC_to_lPTL_T1', -0.00011843885986651827)	('L_IFGorb', 0.00010465100027451142)	
