predictors	pearson_correlation	mean_squared_error	r2	
rois + act_t1 + act_t2 + conn_t1 + conn_t2 + age + T1 + T2	0.27247300946360103	0.06664850409727609	0.058148982443908204	('T2', 0.011321265165703916)	('rDLPFC_to_lPTL_T2', 0.010879782323566404)	('rIFG_to_lIFG_T2', 0.00868267076648065)	('L_DLPFC', 0.00852001271923683)	('lIFG_to_lPTL_T2', 0.007675854552265737)	('lSMA_to_lIFG_T2', -0.006831554031894434)	('rIFG_to_lIFG_T1', -0.005922264133797383)	('lPTL_to_lIFG_T1', 0.005433561785712813)	('lSMA_to_lIFG_T1', -0.005393042495352913)	('lSMA_to_lPTL_T2', 0.004557462907215606)	('lIFG_to_lPTL_T1', 0.004144286472134265)	('Age', -0.004010569968048161)	('rDLPFC_to_lIFG_T2', 0.003721670011040768)	('lDLPFC_to_lIFG_T2', 0.0034517340255400012)	('lPTL_to_lIFG_T2', -0.003227166196851418)	('R_DLPFC_T2', 0.0028943762440545202)	('L_SMA_T2', 0.002736057031914493)	('rDLPFC_to_lPTL_T1', -0.0027071205435370586)	('L_PTL', -0.0027058159771149283)	('R_DLPFC_T1', 0.002249859565263381)	('L_PTL_T1', -0.0022080767709683337)	('T1', -0.0021433381445955958)	('lDLPFC_to_lPTL_T1', 0.002070895573414088)	('L_IFGorb_T2', -0.0019351997135584518)	('lSMA_to_lPTL_T1', 0.0016963773843265042)	('L_DLPFC_T2', 0.0015981251294115695)	('L_SMA', 0.0015047981760715073)	('L_SMA_T1', 0.0014569670655437848)	('L_IFGorb', -0.0012884005936675904)	('lDLPFC_to_lIFG_T1', 0.0011880188587048257)	('R_IFGorb_T2', -0.001055590100019351)	('L_DLPFC_T1', -0.0009772160280994472)	('R_IFGorb_T1', 0.0008465308572873362)	('L_IFGorb_T1', 0.0008404006585082928)	('rDLPFC_to_lIFG_T1', 0.0003368617618080412)	('lDLPFC_to_lPTL_T2', 0.0003271002453573976)	('L_PTL_T2', 3.781264254769616e-05)	
