predictors	pearson_correlation	mean_squared_error	r2	
rois + act_t1 + act_t2 + conn_t1 + conn_t2 + age + T1 + T2	0.06233240636757874	0.07102004600408196	-0.0036279658759639233	('lDLPFC_to_lIFG_T1', 0.010865041583501652)	('lDLPFC_to_lPTL_T1', 0.010041808117647722)	('L_DLPFC', 0.009836721306090679)	('L_DLPFC_T2', 0.009360470708467766)	('rDLPFC_to_lPTL_T1', 0.009201944808902305)	('lDLPFC_to_lPTL_T2', 0.009133721374255272)	('rDLPFC_to_lIFG_T1', -0.007790106865220991)	('L_IFGorb_T2', -0.007770088076921598)	('lPTL_to_lIFG_T2', 0.007601602372934499)	('lIFG_to_lPTL_T2', 0.0066798122231908575)	('L_PTL_T1', 0.0062849067507721405)	('rIFG_to_lIFG_T1', -0.006170081493306737)	('rDLPFC_to_lPTL_T2', -0.005618765278500308)	('L_PTL_T2', -0.005443102355476884)	('L_DLPFC_T1', -0.005339204925450989)	('rIFG_to_lIFG_T2', -0.00498709612195397)	('lSMA_to_lIFG_T2', 0.0047720094468575)	('lSMA_to_lPTL_T1', 0.004378630286397248)	('Age', -0.0033893608418038342)	('R_DLPFC_T2', 0.0033588315883784367)	('L_SMA_T1', -0.003109152618809515)	('L_IFGorb', 0.0022933173813281965)	('R_DLPFC_T1', 0.002017162508492818)	('R_IFGorb_T2', 0.001740197715159857)	('T1', -0.0016008823301764902)	('rDLPFC_to_lIFG_T2', 0.001487291375911734)	('L_IFGorb_T1', -0.0012928208498110447)	('lSMA_to_lIFG_T1', -0.0011505606937094108)	('lSMA_to_lPTL_T2', -0.0010118833998535367)	('lDLPFC_to_lIFG_T2', -0.0009187247067675576)	('L_PTL', 0.000612253121474211)	('lPTL_to_lIFG_T1', 0.00036677829799591327)	('R_IFGorb_T1', -0.00025485337726753837)	('L_SMA_T2', -0.0002223438149251157)	('lIFG_to_lPTL_T1', 0.00013660050648702153)	('T2', -4.754594844688348e-05)	('L_SMA', -4.6960029185598936e-05)	
