predictors	pearson_correlation	mean_squared_error	r2	
rois + act_t1 + act_t2 + conn_t1 + conn_t2 + age + T1 + T2	0.08435450845150799	0.07115214428191526	-0.005494727914810316	('T2', 0.00981077367223744)	('rDLPFC_to_lPTL_T2', -0.009100392921117488)	('lPTL_to_lIFG_T1', 0.008793419275257466)	('rIFG_to_lIFG_T2', 0.008703404979467675)	('L_DLPFC_T2', 0.00715116519065862)	('R_IFGorb_T1', 0.006330488357386091)	('rDLPFC_to_lIFG_T1', -0.006147901786985471)	('Age', -0.0061072023911074025)	('rDLPFC_to_lPTL_T1', -0.006034897587989227)	('L_DLPFC_T1', 0.005591653937582427)	('L_SMA', 0.004723840243478912)	('lPTL_to_lIFG_T2', 0.004096850240162334)	('lSMA_to_lPTL_T1', 0.004072658485069274)	('L_IFGorb_T1', -0.0038471667789765434)	('L_PTL_T1', 0.003693927824852741)	('lIFG_to_lPTL_T1', 0.00366938512141897)	('L_SMA_T1', 0.0035781443791894846)	('R_DLPFC_T2', 0.0034276510203672707)	('lDLPFC_to_lPTL_T2', 0.002920757788653933)	('R_IFGorb_T2', 0.002774995585770719)	('lSMA_to_lIFG_T2', -0.0026404791689328896)	('L_PTL_T2', -0.002613265811912333)	('lSMA_to_lIFG_T1', -0.002572914893547851)	('R_DLPFC_T1', 0.0023279245670860997)	('rDLPFC_to_lIFG_T2', -0.002150946856242184)	('L_DLPFC', 0.001873765522697459)	('T1', -0.0016771787338203132)	('lIFG_to_lPTL_T2', 0.0014624031600028202)	('L_IFGorb', 0.0014452164909418887)	('L_SMA_T2', 0.0010680469344005468)	('L_PTL', -0.000986081590149111)	('rIFG_to_lIFG_T1', 0.0008249706998847975)	('L_IFGorb_T2', 0.000733093238609492)	('lSMA_to_lPTL_T2', -0.0006468289236157117)	('lDLPFC_to_lPTL_T1', -0.00045529093037709883)	('lDLPFC_to_lIFG_T1', -0.0002200335562937547)	('lDLPFC_to_lIFG_T2', -0.00014510307496729208)	
