predictors	pearson_correlation	mean_squared_error	r2	
rois + act_t1 + act_t2 + conn_t1 + conn_t2 + age + T1 + T2	-0.11434258128369024	0.09477374054922266	-0.3393060381910442	('L_IFGorb_T1', -0.016792803984838973)	('rDLPFC_to_lIFG_T1', 0.016472920783384283)	('L_IFGorb', 0.016058477328383523)	('lSMA_to_lIFG_T2', 0.015941300811229013)	('L_DLPFC_T1', 0.015192295603354448)	('L_SMA_T2', 0.010512233926656745)	('lPTL_to_lIFG_T2', 0.010330216002509517)	('R_IFGorb_T2', 0.010119286043278641)	('L_PTL_T1', 0.01001639699134382)	('L_SMA', -0.009755611036006522)	('rIFG_to_lIFG_T2', 0.009561836984646499)	('lDLPFC_to_lIFG_T2', -0.009064888476318513)	('Age', 0.008637146001104538)	('T1', -0.008419402192274928)	('R_DLPFC_T2', -0.007594175037381607)	('rIFG_to_lIFG_T1', 0.00638308175067696)	('L_PTL', -0.006070080656565355)	('lSMA_to_lPTL_T1', -0.005955165787286154)	('lDLPFC_to_lPTL_T2', 0.005886792082162172)	('T2', 0.005795311000877859)	('lPTL_to_lIFG_T1', 0.004064059873272483)	('lDLPFC_to_lIFG_T1', -0.0040024704086292036)	('L_PTL_T2', -0.0039232654275762145)	('L_DLPFC', 0.0031744883076842492)	('lIFG_to_lPTL_T1', 0.0030417928842991953)	('rDLPFC_to_lPTL_T1', -0.0026586321014066706)	('R_DLPFC_T1', 0.0023132449569921035)	('lSMA_to_lIFG_T1', -0.0021859852481854974)	('L_IFGorb_T2', 0.002097321820854234)	('rDLPFC_to_lPTL_T2', 0.0017496525082153298)	('lIFG_to_lPTL_T2', 0.0015939426649799254)	('R_IFGorb_T1', -0.0014120804339470736)	('rDLPFC_to_lIFG_T2', -0.001027849972251897)	('L_DLPFC_T2', -0.0009747979104427527)	('lDLPFC_to_lPTL_T1', 0.0008336124804471149)	('L_SMA_T1', -0.0007832960955034091)	('lSMA_to_lPTL_T2', -0.0005776839220771628)	
