predictors	pearson_correlation	mean_squared_error	r2	
rois + act_t1 + act_t2 + conn_t1 + conn_t2 + age + T1 + T2	0.12300025621755682	0.07000217686529192	0.010756169178426922	('lSMA_to_lPTL_T1', 0.01184316554116804)	('T1', 0.009109299623693383)	('lIFG_to_lPTL_T1', 0.007854156396401385)	('lDLPFC_to_lIFG_T1', 0.007067506077231094)	('T2', 0.006282185537990962)	('rIFG_to_lIFG_T1', 0.00579811954421828)	('L_IFGorb_T1', 0.00514436986521484)	('R_IFGorb_T1', 0.00497704925735153)	('L_DLPFC', 0.004418975124088299)	('R_DLPFC_T2', 0.004176941462020019)	('L_SMA_T2', 0.004069981939346023)	('L_SMA_T1', 0.004037275271193704)	('lSMA_to_lIFG_T1', -0.003823861153222145)	('R_DLPFC_T1', 0.003656327385266168)	('lSMA_to_lIFG_T2', -0.0034614695502375565)	('L_IFGorb_T2', 0.0033564145825296086)	('L_DLPFC_T1', 0.0028276713864517924)	('L_PTL_T1', -0.0026499843754364625)	('L_PTL', -0.002423077280642563)	('Age', 0.0021527107116298574)	('lIFG_to_lPTL_T2', 0.002108096469797045)	('L_SMA', -0.0021078495761370592)	('lSMA_to_lPTL_T2', -0.0019049691182762359)	('lPTL_to_lIFG_T1', -0.001821562498895941)	('rDLPFC_to_lIFG_T2', 0.0017714572129194958)	('lDLPFC_to_lIFG_T2', -0.0016308423095880065)	('lPTL_to_lIFG_T2', 0.0014365400295790506)	('L_IFGorb', -0.0013136112015297778)	('L_PTL_T2', 0.0007788870540084588)	('L_DLPFC_T2', 0.0007780686522347898)	('rIFG_to_lIFG_T2', 0.0006904992643580036)	('rDLPFC_to_lPTL_T1', 0.00040972331168663995)	('rDLPFC_to_lIFG_T1', -0.00024282687742995088)	('lDLPFC_to_lPTL_T2', -0.00022549972884206972)	('rDLPFC_to_lPTL_T2', -0.00016884896115752576)	('lDLPFC_to_lPTL_T1', -3.798367371140051e-05)	('R_IFGorb_T2', -3.5313243976412985e-05)	
