predictors	pearson_correlation	mean_squared_error	r2	
rois + act_t1 + act_t2 + conn_t1 + conn_t2 + age + T1 + T2	-0.04756346784743087	0.07524676885842689	-0.06335838706414276	('L_DLPFC_T2', 0.012487908838926596)	('rIFG_to_lIFG_T1', 0.012138096809420518)	('L_SMA_T1', 0.01205044985667149)	('T1', 0.010070505857264333)	('rIFG_to_lIFG_T2', -0.0048181061151418465)	('lSMA_to_lPTL_T2', -0.004760099411267067)	('L_IFGorb', 0.004598953608393632)	('lSMA_to_lIFG_T1', -0.003912016842199391)	('L_PTL_T1', 0.0038700389768895256)	('L_DLPFC', -0.0036194807701433462)	('lIFG_to_lPTL_T1', 0.003578657302810058)	('rDLPFC_to_lPTL_T2', 0.0035418052697250004)	('lDLPFC_to_lIFG_T1', -0.003293244876440677)	('lSMA_to_lIFG_T2', 0.0032298421691375717)	('lDLPFC_to_lPTL_T2', -0.0031916859220465716)	('L_PTL', 0.0031243150149974433)	('R_IFGorb_T2', 0.0030685754289371016)	('lSMA_to_lPTL_T1', 0.0025120065546018764)	('rDLPFC_to_lIFG_T1', 0.002173513475507835)	('rDLPFC_to_lIFG_T2', 0.0020785261889357315)	('lPTL_to_lIFG_T1', 0.002044946637452588)	('lIFG_to_lPTL_T2', 0.002036841082849298)	('L_IFGorb_T1', 0.0019424394131733187)	('R_DLPFC_T2', -0.0017458869242733754)	('L_DLPFC_T1', 0.0017169577841333115)	('L_IFGorb_T2', 0.0015865365043686859)	('lDLPFC_to_lIFG_T2', 0.0015407527534136278)	('rDLPFC_to_lPTL_T1', 0.0015022923921094965)	('Age', -0.0014820096099063377)	('L_SMA_T2', -0.0013582227280569516)	('L_SMA', -0.0011398958166783648)	('T2', -0.0011066623095404074)	('R_DLPFC_T1', -0.0007741587883593108)	('L_PTL_T2', 0.0007486308702544352)	('R_IFGorb_T1', 0.0005541401662051005)	('lDLPFC_to_lPTL_T1', 0.0003011128786755072)	('lPTL_to_lIFG_T2', -1.0807638741813041e-05)	
