predictors	pearson_correlation	mean_squared_error	r2	
rois + act_t1 + act_t2 + conn_t1 + conn_t2 + age + T1 + T2	-0.011123893992952476	0.07710062251204444	-0.08955633364537952	('L_SMA', 0.01678102492953132)	('lDLPFC_to_lPTL_T2', -0.014249902928418405)	('lDLPFC_to_lIFG_T2', 0.012253557675476198)	('L_IFGorb', -0.012025550081258227)	('L_SMA_T2', 0.010303760013221662)	('lSMA_to_lIFG_T2', 0.010113959894345539)	('lSMA_to_lPTL_T1', 0.00955657386929979)	('lPTL_to_lIFG_T2', 0.009473244311415111)	('lSMA_to_lPTL_T2', 0.009012274756084026)	('rDLPFC_to_lIFG_T1', -0.008994872078988856)	('L_IFGorb_T2', -0.008572736141036763)	('lIFG_to_lPTL_T1', -0.007783257665850891)	('R_IFGorb_T2', 0.007087063306391827)	('rDLPFC_to_lPTL_T1', -0.006377723374096972)	('L_DLPFC_T2', -0.006129769666079103)	('R_DLPFC_T2', 0.0055921734618495965)	('L_PTL', -0.00407056628262199)	('L_PTL_T2', 0.003979474915227196)	('lDLPFC_to_lPTL_T1', 0.003840667430797496)	('lDLPFC_to_lIFG_T1', -0.0038163397337382964)	('L_DLPFC', 0.003656105894608647)	('L_SMA_T1', 0.0032384334514913176)	('R_IFGorb_T1', -0.0027771339922387857)	('R_DLPFC_T1', 0.002766336079407997)	('L_IFGorb_T1', 0.0027438427503190476)	('rIFG_to_lIFG_T1', -0.002682350931048947)	('Age', -0.0023127478147498834)	('L_DLPFC_T1', -0.001926784879554339)	('lIFG_to_lPTL_T2', 0.001816925926492876)	('rDLPFC_to_lIFG_T2', 0.0016553367912390895)	('L_PTL_T1', -0.0016442235879347434)	('rDLPFC_to_lPTL_T2', 0.0014063919467054602)	('rIFG_to_lIFG_T2', -0.001299207730148606)	('T2', 0.0011630107143472223)	('T1', -0.0005631842045709372)	('lPTL_to_lIFG_T1', 0.0004241524166166764)	('lSMA_to_lIFG_T1', 0.00038761232586689723)	
