predictors	pearson_correlation	mean_squared_error	r2	
rois + act_t1 + act_t2 + conn_t1 + conn_t2 + age + T1 + T2	0.14080035631788648	0.0697024063920652	0.014992410172370074	('R_DLPFC_T1', 0.009430527295274119)	('lDLPFC_to_lIFG_T2', -0.00903166440783783)	('L_SMA', 0.008931132866777493)	('T2', 0.00819196171310747)	('rDLPFC_to_lPTL_T1', 0.00798617742100148)	('rDLPFC_to_lPTL_T2', 0.00780086806294574)	('L_IFGorb_T2', 0.005862330028498529)	('L_IFGorb_T1', 0.004961441702899603)	('L_DLPFC', -0.004903536253152995)	('L_SMA_T2', -0.0046139383877613505)	('R_IFGorb_T1', 0.004454145548567371)	('lIFG_to_lPTL_T1', 0.004083292979841729)	('lSMA_to_lPTL_T1', 0.0036458864154186627)	('rDLPFC_to_lIFG_T2', 0.003570826278246939)	('L_PTL_T2', 0.0033935164949986346)	('L_PTL_T1', 0.003183438822714909)	('L_PTL', -0.002849997142928594)	('lSMA_to_lIFG_T1', -0.0027963433178766076)	('lPTL_to_lIFG_T1', 0.00279546719973776)	('lDLPFC_to_lPTL_T2', -0.0027539934025738)	('rIFG_to_lIFG_T1', 0.002464666457661873)	('lPTL_to_lIFG_T2', 0.002330530302141094)	('L_DLPFC_T1', 0.002069787453742371)	('L_DLPFC_T2', -0.001998634884531294)	('Age', -0.0019233637457521532)	('lDLPFC_to_lPTL_T1', 0.0017268548645537056)	('lSMA_to_lPTL_T2', 0.0015267827297533896)	('L_SMA_T1', -0.0013192949432177569)	('rDLPFC_to_lIFG_T1', 0.0013124080442203253)	('R_IFGorb_T2', 0.0010665666803108072)	('lIFG_to_lPTL_T2', 0.0010626780000707538)	('lDLPFC_to_lIFG_T1', -0.0007459378336756904)	('rIFG_to_lIFG_T2', 0.00018385532852510265)	('L_IFGorb', 9.057678532798944e-05)	('T1', -8.857977735814454e-05)	('R_DLPFC_T2', 6.21666372891395e-05)	('lSMA_to_lIFG_T2', -5.5743296301278094e-05)	
