predictors	pearson_correlation	mean_squared_error	r2	
rois + act_t1 + act_t2 + conn_t1 + conn_t2 + age + T1 + T2	-0.0894868311264395	0.09251567631724766	-0.3073959432324449	('L_SMA', 0.015724664221043544)	('L_PTL_T2', 0.013698233703118207)	('L_DLPFC_T2', -0.013018950195333815)	('rIFG_to_lIFG_T2', 0.011085133580484283)	('R_DLPFC_T1', 0.008800636938998269)	('lSMA_to_lPTL_T2', 0.007996850796423085)	('L_IFGorb_T1', 0.007719894170269573)	('rDLPFC_to_lPTL_T2', 0.007633666355973245)	('lSMA_to_lPTL_T1', -0.007037289691800298)	('L_PTL_T1', -0.006826432040744082)	('L_IFGorb', 0.006509613846682794)	('rIFG_to_lIFG_T1', 0.006472106933208099)	('R_IFGorb_T2', -0.006014469616292713)	('lSMA_to_lIFG_T2', 0.0052171288057118355)	('lPTL_to_lIFG_T1', 0.00517323198372815)	('L_SMA_T1', 0.005034569114963359)	('L_SMA_T2', -0.0049776059232866056)	('rDLPFC_to_lIFG_T1', 0.004882753652238945)	('L_DLPFC', 0.004636196480240662)	('rDLPFC_to_lPTL_T1', 0.004125853332886496)	('T1', 0.003922949266523542)	('lDLPFC_to_lPTL_T2', 0.003380477237702773)	('T2', -0.003154335309972568)	('R_IFGorb_T1', 0.00310276352997022)	('lIFG_to_lPTL_T1', 0.0028433979546101796)	('L_DLPFC_T1', 0.002677227946787684)	('R_DLPFC_T2', -0.0026098390534610356)	('lSMA_to_lIFG_T1', 0.002601443026604464)	('rDLPFC_to_lIFG_T2', -0.002588878097517139)	('lPTL_to_lIFG_T2', -0.0022887453951840435)	('Age', -0.0022184724436989573)	('lDLPFC_to_lPTL_T1', 0.002135442185434306)	('lIFG_to_lPTL_T2', -0.002105955324550323)	('lDLPFC_to_lIFG_T1', 0.0018757476583057954)	('lDLPFC_to_lIFG_T2', 0.0007898329700072671)	('L_PTL', -0.0006262124076558044)	('L_IFGorb_T2', 0.00011040502965856599)	
