predictors	pearson_correlation	mean_squared_error	r2	
rois + act_t1 + act_t2 + conn_t1 + conn_t2 + age + T1 + T2	-0.0066101609086457735	0.07466876437847837	-0.055190250134963925	('lDLPFC_to_lPTL_T1', 0.018082379147193874)	('rIFG_to_lIFG_T2', -0.014062791788089826)	('rDLPFC_to_lPTL_T2', -0.012205864657382869)	('L_IFGorb_T1', 0.010338437737012183)	('lSMA_to_lPTL_T2', -0.00907449655330837)	('T1', -0.00831384149060633)	('R_DLPFC_T2', -0.008300567753439245)	('lPTL_to_lIFG_T1', 0.008292866149164257)	('L_IFGorb', 0.00818809367921284)	('lSMA_to_lIFG_T2', 0.008077812302504928)	('R_DLPFC_T1', 0.007132979187831285)	('L_PTL_T1', 0.0066857944309043765)	('lIFG_to_lPTL_T2', -0.006319930841987701)	('L_PTL', 0.005630512699249238)	('rDLPFC_to_lPTL_T1', -0.005519719302579879)	('rIFG_to_lIFG_T1', 0.005126846270459773)	('T2', -0.005094744898538861)	('lDLPFC_to_lIFG_T2', 0.004773188132965886)	('Age', 0.004310450316848725)	('L_DLPFC_T1', 0.003726344120996513)	('rDLPFC_to_lIFG_T2', -0.0035862951645812343)	('lPTL_to_lIFG_T2', -0.0034274525256221965)	('lDLPFC_to_lIFG_T1', 0.0028411202512032023)	('L_SMA', 0.002776802832318978)	('R_IFGorb_T2', 0.0026146519379686073)	('lDLPFC_to_lPTL_T2', 0.0024888456221482174)	('L_SMA_T1', -0.0023471748543443657)	('L_PTL_T2', -0.0021294900056243343)	('L_DLPFC_T2', 0.002061861441797513)	('lIFG_to_lPTL_T1', -0.002055791529500534)	('L_SMA_T2', -0.0019120475370466876)	('R_IFGorb_T1', 0.0015600888776796601)	('L_IFGorb_T2', -0.0014360057408503042)	('rDLPFC_to_lIFG_T1', -0.001420857951541306)	('L_DLPFC', 0.0007363117129869262)	('lSMA_to_lIFG_T1', -0.00036157782801150097)	('lSMA_to_lPTL_T1', -0.00035438770390521196)	
