predictors	pearson_correlation	mean_squared_error	r2	
rois + act_t1 + act_t2 + conn_t1 + conn_t2 + age + T1 + T2	0.3309859586811289	0.0636333789836568	0.10075757051028789	('lDLPFC_to_lPTL_T1', 0.017731156149566385)	('L_IFGorb_T1', 0.012009843186059754)	('L_IFGorb', -0.011686234164538426)	('R_IFGorb_T2', 0.010502641769409354)	('R_DLPFC_T2', 0.009823754372668001)	('rDLPFC_to_lPTL_T2', -0.008461092074411043)	('rIFG_to_lIFG_T1', -0.008233891400465078)	('L_PTL_T2', 0.007525487282520719)	('R_IFGorb_T1', 0.007174805098491424)	('rDLPFC_to_lIFG_T2', 0.006366077298979772)	('T2', 0.005754299992596373)	('L_SMA_T1', 0.005477557391913938)	('rIFG_to_lIFG_T2', -0.005169916081040827)	('lIFG_to_lPTL_T1', 0.004848106105413341)	('lSMA_to_lPTL_T1', -0.004363776692973072)	('L_DLPFC_T1', 0.00426217746279918)	('R_DLPFC_T1', -0.0041048462928495654)	('lSMA_to_lIFG_T1', -0.004084816259442766)	('rDLPFC_to_lPTL_T1', -0.003777457393507923)	('lIFG_to_lPTL_T2', -0.003613144455532272)	('lDLPFC_to_lPTL_T2', 0.0033944279359089647)	('lDLPFC_to_lIFG_T2', 0.0023076884409194785)	('lDLPFC_to_lIFG_T1', 0.002258791500739809)	('rDLPFC_to_lIFG_T1', -0.00183566849409984)	('L_DLPFC_T2', 0.0015175433020123738)	('L_IFGorb_T2', 0.001339533160727072)	('L_SMA', -0.001174553574693812)	('lSMA_to_lIFG_T2', -0.001033578620917854)	('lSMA_to_lPTL_T2', -0.001027727075911305)	('lPTL_to_lIFG_T2', 0.0009591121976277241)	('L_PTL', 0.00079593573355398)	('Age', 0.000758011989692944)	('L_PTL_T1', 0.0006615070302306401)	('lPTL_to_lIFG_T1', -0.000566151704613198)	('T1', -0.00022056403295048362)	('L_DLPFC', -0.0001312968258101055)	('L_SMA_T2', 0.00011712603273135887)	
