predictors	pearson_correlation	mean_squared_error	r2	
rois + act_t1 + act_t2 + conn_t1 + conn_t2 + age + T1 + T2	0.05146035895045798	0.07690233694097058	-0.08675423824335748	('lSMA_to_lPTL_T2', 0.019982971112255454)	('lDLPFC_to_lIFG_T1', 0.01603781233328916)	('lSMA_to_lPTL_T1', 0.015743653689374366)	('L_DLPFC_T2', 0.01563030561298244)	('lPTL_to_lIFG_T2', 0.015279468363651119)	('lSMA_to_lIFG_T2', 0.012958927888942845)	('L_PTL_T1', -0.012942088232317668)	('Age', 0.011922338377114624)	('L_IFGorb_T2', -0.011883972273626616)	('rDLPFC_to_lPTL_T1', 0.009999108582093475)	('L_SMA_T1', 0.008951747433204192)	('T2', -0.00895098284201584)	('rDLPFC_to_lIFG_T2', 0.008690351331083363)	('L_IFGorb', 0.008210666112376502)	('lDLPFC_to_lIFG_T2', -0.008174926358461225)	('lPTL_to_lIFG_T1', 0.007061745609374045)	('rIFG_to_lIFG_T1', 0.006353317297440581)	('L_DLPFC_T1', -0.0062444918008568604)	('L_PTL_T2', 0.006233688248042397)	('L_DLPFC', 0.006180429483101242)	('rIFG_to_lIFG_T2', -0.00595321451285288)	('R_DLPFC_T1', -0.005864498738378149)	('R_IFGorb_T1', 0.005775855877256738)	('lSMA_to_lIFG_T1', 0.005437337708471754)	('lDLPFC_to_lPTL_T2', -0.005209379854802836)	('R_DLPFC_T2', 0.004761068299836539)	('L_SMA', 0.004148299050508756)	('lIFG_to_lPTL_T2', -0.003669974116365363)	('L_PTL', 0.0032168705327524794)	('R_IFGorb_T2', 0.0030242531639583107)	('L_IFGorb_T1', -0.0024787614361717635)	('T1', 0.002120274411478664)	('lIFG_to_lPTL_T1', 0.001831270991135687)	('L_SMA_T2', 0.0010806980047196831)	('rDLPFC_to_lIFG_T1', -0.00037809811322530874)	('rDLPFC_to_lPTL_T2', 0.0002906787825712978)	('lDLPFC_to_lPTL_T1', -0.00020430407212656962)	
