predictors	pearson_correlation	mean_squared_error	r2	
rois + act_t1 + act_t2 + conn_t1 + conn_t2 + age + T1 + T2	0.18909667653594575	0.06975251041676045	0.014284359372399913	('lDLPFC_to_lPTL_T2', 0.018901062870845618)	('lIFG_to_lPTL_T1', -0.01618336478975895)	('T1', 0.015791685680926332)	('lSMA_to_lIFG_T2', 0.015249331365340504)	('R_IFGorb_T2', 0.012340477699015565)	('R_IFGorb_T1', 0.012009370615250745)	('L_DLPFC_T1', -0.011801640084875269)	('R_DLPFC_T2', 0.011672886487234779)	('lSMA_to_lIFG_T1', -0.011090878333677593)	('L_IFGorb_T1', -0.011012711069782459)	('lDLPFC_to_lIFG_T1', 0.010651298350520524)	('L_PTL_T1', 0.00859380889895312)	('lPTL_to_lIFG_T1', -0.007648303107539097)	('L_IFGorb', 0.006270058742556725)	('rDLPFC_to_lPTL_T1', -0.005719945469247586)	('rIFG_to_lIFG_T1', -0.0049727113915562495)	('L_SMA_T2', 0.0041423637943567215)	('lDLPFC_to_lIFG_T2', -0.004009733638300176)	('lPTL_to_lIFG_T2', 0.003775897938332716)	('lIFG_to_lPTL_T2', 0.003679317423543867)	('lDLPFC_to_lPTL_T1', -0.003001956191933497)	('rDLPFC_to_lIFG_T1', 0.0029617907549891334)	('L_IFGorb_T2', 0.002832104500505246)	('T2', -0.0027413153080253737)	('rDLPFC_to_lPTL_T2', 0.0025617936935253146)	('L_DLPFC_T2', 0.0023855111412011574)	('L_PTL', 0.0017134651302888283)	('R_DLPFC_T1', -0.0016340101111674812)	('lSMA_to_lPTL_T2', 0.0013595609002974994)	('lSMA_to_lPTL_T1', -0.0013328443753854499)	('L_SMA', -0.0011580477021457633)	('rDLPFC_to_lIFG_T2', 0.0008918892331996482)	('Age', 0.0006559336841651651)	('L_PTL_T2', 0.0006260945076329639)	('L_SMA_T1', 0.00016393279596218312)	('L_DLPFC', 0.00011831278777894776)	('rIFG_to_lIFG_T2', -5.514791827448909e-05)	
