predictors	pearson_correlation	mean_squared_error	r2	
rois + act_t1 + act_t2 + conn_t1 + conn_t2 + age + T1 + T2	0.2635392790543124	0.06640784998608404	0.061549813754007365	('L_IFGorb_T1', 0.013431739104863017)	('L_PTL_T2', 0.012932555354136578)	('lIFG_to_lPTL_T2', 0.012732408273164889)	('lPTL_to_lIFG_T1', -0.012074667260489488)	('R_IFGorb_T1', 0.011927422471360955)	('rDLPFC_to_lPTL_T1', 0.010847227967793022)	('lIFG_to_lPTL_T1', 0.009884715502367051)	('L_SMA_T2', -0.008402510024552725)	('rDLPFC_to_lIFG_T1', 0.007988166939607008)	('lSMA_to_lPTL_T1', 0.007983204186867553)	('lPTL_to_lIFG_T2', 0.00778994110920866)	('lDLPFC_to_lPTL_T2', 0.007094356667219835)	('lDLPFC_to_lIFG_T2', 0.006885134571708826)	('rIFG_to_lIFG_T1', 0.005966389875641114)	('L_SMA', -0.0054796704622421455)	('lSMA_to_lIFG_T1', 0.004862260307864312)	('R_DLPFC_T1', -0.004705552563915602)	('T1', -0.0045207034369501645)	('L_DLPFC_T1', 0.004501273573837026)	('L_IFGorb', -0.0044136090778119684)	('T2', -0.004390968235759605)	('rIFG_to_lIFG_T2', 0.00420180199585463)	('rDLPFC_to_lPTL_T2', 0.003530883042167882)	('L_PTL', 0.0032844932689485005)	('Age', -0.0032120997525558782)	('L_SMA_T1', -0.003031293504251712)	('lDLPFC_to_lPTL_T1', -0.0023820701591234067)	('L_DLPFC', -0.002146236789293001)	('L_DLPFC_T2', -0.0021290009288503307)	('lDLPFC_to_lIFG_T1', 0.0017298324560105656)	('R_DLPFC_T2', 0.0017045178206935181)	('lSMA_to_lIFG_T2', 0.0013379987430278705)	('lSMA_to_lPTL_T2', 0.0012775056688623997)	('rDLPFC_to_lIFG_T2', 0.0012346885352233934)	('L_PTL_T1', 0.000387017739781557)	('R_IFGorb_T2', 0.00035688907059846115)	('L_IFGorb_T2', -0.0001342126941411762)	
