predictors	pearson_correlation	mean_squared_error	r2	
rois + act_t1 + act_t2 + conn_t1 + conn_t2 + age + T1 + T2	0.055726319601100444	0.07209248808806831	-0.0187833047954733	('L_DLPFC', 0.012295949822300513)	('L_DLPFC_T1', 0.011846151320229302)	('lSMA_to_lIFG_T1', -0.011294589095071928)	('L_PTL_T2', 0.010855210168838576)	('Age', 0.010071543410182572)	('R_DLPFC_T1', -0.008306131332617709)	('lSMA_to_lPTL_T1', 0.007744270525845814)	('lDLPFC_to_lPTL_T1', 0.007369654232453282)	('L_SMA', 0.007308489073600503)	('lSMA_to_lPTL_T2', 0.007184931774747677)	('T1', 0.007036281316768133)	('rIFG_to_lIFG_T1', 0.006010571264715305)	('L_DLPFC_T2', -0.005665400996462214)	('L_PTL_T1', 0.004986707380748438)	('rDLPFC_to_lPTL_T1', 0.004783739626342772)	('R_DLPFC_T2', -0.004291773392199201)	('L_PTL', 0.0036904381696167303)	('T2', -0.0036132986169387623)	('L_SMA_T1', 0.0034623461753793016)	('lPTL_to_lIFG_T1', 0.0034491920764160183)	('rIFG_to_lIFG_T2', 0.003396070202683019)	('lDLPFC_to_lIFG_T1', -0.0033353172761017603)	('L_IFGorb_T2', 0.0032268983178954944)	('lIFG_to_lPTL_T1', -0.003220289363672796)	('lDLPFC_to_lIFG_T2', 0.0025850341709627383)	('rDLPFC_to_lIFG_T1', 0.0024765419594077694)	('lDLPFC_to_lPTL_T2', 0.0019912099055291906)	('lIFG_to_lPTL_T2', 0.0018251824512652746)	('R_IFGorb_T2', -0.001397769361064737)	('L_IFGorb', 0.0013360859336188804)	('lSMA_to_lIFG_T2', 0.0010016758418755864)	('L_IFGorb_T1', 0.0008422712020598735)	('lPTL_to_lIFG_T2', -0.000712015412562552)	('L_SMA_T2', 0.0006432231897757126)	('R_IFGorb_T1', 0.0004771470647117867)	('rDLPFC_to_lPTL_T2', -0.00021982307073691777)	('rDLPFC_to_lIFG_T2', 7.267754870134029e-05)	
