predictors	pearson_correlation	mean_squared_error	r2	
rois + act_t1 + act_t2 + conn_t1 + conn_t2 + age + T1 + T2	0.16850426887930745	0.07663743989597857	-0.08301081512002417	('rDLPFC_to_lIFG_T1', 0.025633764904749896)	('R_DLPFC_T2', 0.01958550638432289)	('R_IFGorb_T2', 0.01840064434340193)	('L_SMA_T1', 0.017821382079034307)	('lPTL_to_lIFG_T2', -0.017270238970128363)	('L_IFGorb', -0.016895879676409358)	('lSMA_to_lPTL_T2', 0.014790147252039724)	('L_SMA', -0.014511414125855741)	('lSMA_to_lPTL_T1', 0.013048524601244619)	('lSMA_to_lIFG_T2', -0.012109398329494129)	('rDLPFC_to_lIFG_T2', 0.011118802592361818)	('lIFG_to_lPTL_T1', 0.01110355392133347)	('L_PTL', 0.009426602445128962)	('lSMA_to_lIFG_T1', -0.008831265626444642)	('lPTL_to_lIFG_T1', 0.008777943596258131)	('L_DLPFC_T2', 0.008012882580926093)	('L_IFGorb_T2', 0.007874195407881325)	('lDLPFC_to_lPTL_T2', 0.007365603867358036)	('lDLPFC_to_lIFG_T2', -0.007073273988952366)	('L_PTL_T2', 0.007029778533278734)	('L_DLPFC', -0.006866927578348247)	('rDLPFC_to_lPTL_T1', 0.006379400213548601)	('lIFG_to_lPTL_T2', 0.006104590777465791)	('lDLPFC_to_lPTL_T1', 0.005527016259408034)	('T2', 0.004864560030386604)	('rDLPFC_to_lPTL_T2', -0.0043094337421821435)	('rIFG_to_lIFG_T1', -0.003992524704817922)	('L_IFGorb_T1', 0.0037779217472501936)	('L_DLPFC_T1', -0.0027775167366474135)	('L_SMA_T2', 0.002668851426946953)	('L_PTL_T1', 0.002606271363910342)	('Age', 0.0022783264534941925)	('R_DLPFC_T1', -0.0015720599356523384)	('rIFG_to_lIFG_T2', -0.0012119646534894633)	('lDLPFC_to_lIFG_T1', -0.0006715122421852531)	('R_IFGorb_T1', -0.0003982350821496961)	('T1', -0.000309876341805731)	
