predictors	pearson_correlation	mean_squared_error	r2	
rois + act_t1 + act_t2 + conn_t1 + conn_t2 + age + T1 + T2	0.10566175281225564	0.07663527690013999	-0.08298024849502439	('rDLPFC_to_lPTL_T1', -0.015955945572265425)	('L_PTL', -0.011801465730967443)	('rIFG_to_lIFG_T2', 0.010739670408571987)	('lDLPFC_to_lPTL_T1', 0.010701049877523091)	('lPTL_to_lIFG_T2', -0.010351229314981092)	('R_IFGorb_T1', 0.010217295382723592)	('rDLPFC_to_lIFG_T1', 0.01002394051264993)	('lDLPFC_to_lPTL_T2', 0.009605925013894564)	('L_SMA_T2', 0.00925637661091077)	('L_PTL_T1', -0.009226029624581168)	('Age', 0.008760093069732425)	('lSMA_to_lIFG_T2', 0.0070629954005173535)	('T1', -0.006697348942382138)	('L_DLPFC', 0.005857196423028007)	('R_DLPFC_T1', -0.005150267498415442)	('rIFG_to_lIFG_T1', -0.00473307962787601)	('rDLPFC_to_lIFG_T2', 0.004631626692388289)	('lIFG_to_lPTL_T2', 0.004234798425356421)	('L_IFGorb', 0.004063852501282864)	('lPTL_to_lIFG_T1', 0.004019686127881517)	('L_DLPFC_T1', -0.003723378039853797)	('T2', -0.003619017264231035)	('lSMA_to_lIFG_T1', 0.00350176541773558)	('lIFG_to_lPTL_T1', -0.0035003444281856582)	('R_IFGorb_T2', 0.0033280389915364985)	('L_DLPFC_T2', 0.0030500080478290045)	('L_SMA_T1', -0.002921722626307556)	('L_PTL_T2', -0.0028556754864739603)	('lDLPFC_to_lIFG_T2', -0.0028032654772795645)	('rDLPFC_to_lPTL_T2', 0.00227164157964861)	('L_SMA', 0.001988923669185039)	('lSMA_to_lPTL_T1', 0.0018496384100935793)	('lDLPFC_to_lIFG_T1', 0.0006977938612681427)	('lSMA_to_lPTL_T2', 0.00045465059929042845)	('L_IFGorb_T2', -0.0003474106367318664)	('L_IFGorb_T1', -0.0003218726076868336)	('R_DLPFC_T2', 0.00026102270733228706)	
