predictors	pearson_correlation	mean_squared_error	r2	
rois + act_t1 + act_t2 + conn_t1 + conn_t2 + age + T1 + T2	0.18075441373761753	0.06974228476160847	0.014428864396789032	('L_PTL', 0.012150576348322376)	('rDLPFC_to_lIFG_T2', 0.01128483203985998)	('L_SMA_T1', 0.010580991441336646)	('lSMA_to_lIFG_T1', 0.010237311908736963)	('rDLPFC_to_lPTL_T1', 0.010137462045513706)	('lIFG_to_lPTL_T1', 0.0089723584860545)	('rIFG_to_lIFG_T1', -0.008089065968363557)	('L_DLPFC', 0.007736722544563107)	('L_IFGorb', 0.007390710568449438)	('rDLPFC_to_lIFG_T1', 0.006986330345778074)	('lDLPFC_to_lIFG_T2', 0.0066875576553912155)	('lSMA_to_lPTL_T2', -0.0059515487715080355)	('lPTL_to_lIFG_T2', 0.005851418883381949)	('L_SMA', 0.005513646915106478)	('L_DLPFC_T1', 0.005212873474998641)	('R_IFGorb_T2', 0.004795114088981736)	('Age', -0.004412898564197857)	('L_PTL_T2', -0.004385652634255275)	('lDLPFC_to_lPTL_T2', 0.004253192794592947)	('lSMA_to_lIFG_T2', -0.0036877306081856557)	('lPTL_to_lIFG_T1', 0.00325269072556373)	('rDLPFC_to_lPTL_T2', 0.0030444813676464497)	('T2', 0.0028535112366520317)	('R_IFGorb_T1', 0.0027439802807467982)	('lSMA_to_lPTL_T1', 0.0026328343567617414)	('L_PTL_T1', -0.0025027048177701256)	('lDLPFC_to_lIFG_T1', 0.002318768119602687)	('L_DLPFC_T2', -0.001953519464677869)	('R_DLPFC_T1', 0.001516602457872282)	('R_DLPFC_T2', 0.0015086406651141312)	('L_SMA_T2', -0.001320962477699787)	('L_IFGorb_T2', -0.0007163012366103706)	('lIFG_to_lPTL_T2', -0.0006902393264637643)	('L_IFGorb_T1', -0.000676458513032251)	('T1', 0.0005492800066239485)	('rIFG_to_lIFG_T2', 0.00044676834773761377)	('lDLPFC_to_lPTL_T1', -0.00018839473425646475)	
