predictors	pearson_correlation	mean_squared_error	r2	
rois + act_t1 + act_t2 + conn_t1 + conn_t2 + age + T1 + T2	0.28172547920179136	0.06723572108607206	0.0498506578841178	('rDLPFC_to_lPTL_T2', -0.014143620928717165)	('L_DLPFC', 0.012303468853969265)	('L_PTL', 0.011285257886564745)	('rIFG_to_lIFG_T2', 0.01085186841844388)	('rDLPFC_to_lIFG_T1', 0.01048188554077785)	('L_IFGorb_T2', -0.0096128307346588)	('T2', 0.009169858287886613)	('lPTL_to_lIFG_T2', 0.0076874798536999776)	('lSMA_to_lPTL_T2', 0.007310783340495592)	('L_PTL_T1', 0.0068156472246114815)	('rIFG_to_lIFG_T1', 0.006237968369217999)	('T1', 0.0057972671815862825)	('lIFG_to_lPTL_T1', 0.005713367830868545)	('R_IFGorb_T2', 0.004624338018586483)	('L_IFGorb_T1', -0.004408939903858781)	('rDLPFC_to_lPTL_T1', -0.004352469251718682)	('R_DLPFC_T1', 0.0038701948560545553)	('lDLPFC_to_lIFG_T2', 0.0035796621423722186)	('lDLPFC_to_lPTL_T2', 0.0032716808494555228)	('L_DLPFC_T2', -0.0032403248701922357)	('L_SMA_T2', 0.0030683606882690568)	('L_SMA', -0.0029121588989682945)	('L_PTL_T2', 0.0027954959307867626)	('lDLPFC_to_lIFG_T1', 0.002386114500579727)	('lIFG_to_lPTL_T2', 0.0021805630687885863)	('L_IFGorb', -0.002068614251922985)	('lSMA_to_lIFG_T2', -0.002043653647843131)	('Age', 0.0018551145615492229)	('L_SMA_T1', 0.001501478000145941)	('rDLPFC_to_lIFG_T2', -0.0013811279369761384)	('R_IFGorb_T1', -0.0010640568688632449)	('lSMA_to_lIFG_T1', -0.0005307604948081249)	('lPTL_to_lIFG_T1', -0.0004156404712326325)	('lDLPFC_to_lPTL_T1', -0.00038453054325828943)	('lSMA_to_lPTL_T1', -0.0003124630701568901)	('R_DLPFC_T2', -0.000274614804292584)	('L_DLPFC_T1', -0.00016211767757559208)	
