predictors	pearson_correlation	mean_squared_error	r2	
rois + act_t1 + act_t2 + conn_t1 + conn_t2 + age + T1 + T2	-0.0013407679121765423	0.07444150475841571	-0.05197870462010856	('R_DLPFC_T1', 0.013687645323696766)	('L_IFGorb_T2', 0.013579204657157045)	('rDLPFC_to_lIFG_T2', -0.009384574077606728)	('T1', -0.008229442453361206)	('rDLPFC_to_lIFG_T1', 0.0070046108625776765)	('L_PTL_T1', 0.006268848793697019)	('rDLPFC_to_lPTL_T2', -0.006114043297759533)	('R_IFGorb_T1', 0.0058364221905825905)	('T2', -0.005704286773780501)	('L_DLPFC', -0.005701406277809892)	('R_DLPFC_T2', -0.0053664551970774715)	('rIFG_to_lIFG_T1', 0.0047729468409165345)	('Age', -0.004721566787647084)	('lDLPFC_to_lIFG_T2', 0.004247276736561249)	('L_DLPFC_T2', 0.004174259360180903)	('lSMA_to_lPTL_T1', -0.004145638707088076)	('R_IFGorb_T2', 0.003579241707333712)	('lPTL_to_lIFG_T2', 0.0033591940978245785)	('lIFG_to_lPTL_T2', -0.002714448661839911)	('rIFG_to_lIFG_T2', -0.002442145752129032)	('lDLPFC_to_lPTL_T2', 0.002400179128504175)	('L_SMA_T1', -0.0022984200663530357)	('rDLPFC_to_lPTL_T1', -0.002069651748826901)	('L_DLPFC_T1', 0.002059578984559303)	('L_PTL_T2', -0.0020414044875885196)	('lDLPFC_to_lPTL_T1', 0.0018196358329239247)	('L_PTL', -0.0016439272356178866)	('L_IFGorb', -0.0016153643873717796)	('lSMA_to_lIFG_T1', -0.0014931063365101085)	('lSMA_to_lPTL_T2', 0.0011612518662140346)	('lDLPFC_to_lIFG_T1', -0.0008532094927631913)	('L_SMA', 0.0006248506804228453)	('lIFG_to_lPTL_T1', 0.0005968727860003265)	('L_IFGorb_T1', 0.0004135480955484574)	('lPTL_to_lIFG_T1', -0.00032267625255723314)	('L_SMA_T2', -0.00013632713424790763)	('lSMA_to_lIFG_T2', 4.1402184147925906e-05)	
