predictors	pearson_correlation	mean_squared_error	r2	
rois + act_t1 + act_t2 + conn_t1 + conn_t2 + age + T1 + T2	-0.0034578444491811	0.07895974323942881	-0.11582871248663462	('lSMA_to_lPTL_T1', 0.010390815857726768)	('L_IFGorb_T1', 0.009799953433455652)	('lPTL_to_lIFG_T2', -0.009662093775078715)	('L_SMA_T1', 0.009489673163865682)	('rDLPFC_to_lIFG_T2', -0.008900725654989946)	('L_DLPFC_T1', -0.008712529195772223)	('T1', 0.007751585243528258)	('lDLPFC_to_lIFG_T1', 0.007681691620154467)	('lIFG_to_lPTL_T1', -0.0076127363518808215)	('L_PTL_T2', -0.0074999985947370494)	('R_IFGorb_T1', 0.007315266684001233)	('rDLPFC_to_lPTL_T2', 0.006993585103684716)	('rIFG_to_lIFG_T2', -0.006013008796566799)	('L_PTL_T1', -0.005919645689822989)	('L_SMA_T2', -0.005823422324496445)	('R_IFGorb_T2', -0.005617102456220457)	('T2', -0.005484842603131305)	('lDLPFC_to_lIFG_T2', 0.005376119163631135)	('L_IFGorb', 0.004925575033282557)	('Age', 0.004868892551797482)	('R_DLPFC_T2', 0.0046591962089169376)	('L_DLPFC', 0.004582195937241912)	('lPTL_to_lIFG_T1', -0.004461373347552917)	('lIFG_to_lPTL_T2', 0.004446650781603432)	('lSMA_to_lIFG_T2', -0.003514003900067086)	('lSMA_to_lPTL_T2', 0.0031270451282187847)	('rDLPFC_to_lPTL_T1', 0.0029780699465953553)	('lDLPFC_to_lPTL_T2', 0.0019856418390629335)	('lSMA_to_lIFG_T1', 0.0014761679045762596)	('rIFG_to_lIFG_T1', -0.0014717630431478209)	('R_DLPFC_T1', 0.0012531435452285229)	('L_DLPFC_T2', -0.0011059420655170156)	('L_PTL', 0.0008371834419857329)	('L_SMA', 0.0007617074988506361)	('rDLPFC_to_lIFG_T1', 0.0007538997652458629)	('lDLPFC_to_lPTL_T1', -0.0005759242470910424)	('L_IFGorb_T2', 8.992297676019279e-05)	
