predictors	pearson_correlation	mean_squared_error	r2	
rois + act_t1 + act_t2 + conn_t1 + conn_t2 + age + T1 + T2	0.17376404702955303	0.06870794876644584	0.02904570272997864	('rDLPFC_to_lIFG_T1', 0.01981003126071002)	('Age', 0.014964977843918249)	('rIFG_to_lIFG_T1', 0.013265427926116654)	('rDLPFC_to_lPTL_T1', -0.010709643565507694)	('L_PTL_T1', -0.009568190317107109)	('lDLPFC_to_lIFG_T2', 0.008571540280359221)	('lSMA_to_lIFG_T1', 0.008512149442109101)	('L_SMA_T1', -0.00819541288468429)	('R_IFGorb_T1', 0.008158719876280958)	('L_SMA', 0.007193492132992608)	('lIFG_to_lPTL_T1', 0.007108921396588048)	('lDLPFC_to_lPTL_T1', -0.007050450818069714)	('L_SMA_T2', -0.007042254266229251)	('T2', 0.006845968721935668)	('rIFG_to_lIFG_T2', 0.0059115429734839355)	('R_DLPFC_T1', 0.005659254455529375)	('T1', 0.005313733821181818)	('rDLPFC_to_lPTL_T2', 0.005069620701318783)	('lPTL_to_lIFG_T1', -0.004350263185785977)	('L_IFGorb_T1', 0.004261561171348525)	('R_DLPFC_T2', 0.0042241094503965414)	('R_IFGorb_T2', -0.004012482148328242)	('lDLPFC_to_lIFG_T1', 0.003710768992018386)	('L_DLPFC', -0.0027346954956099876)	('lSMA_to_lIFG_T2', 0.0026761755016179826)	('lSMA_to_lPTL_T1', -0.0024227931385232154)	('L_PTL', 0.0019867191766357465)	('lIFG_to_lPTL_T2', 0.0012789163541817952)	('L_PTL_T2', -0.0011988733499986113)	('L_DLPFC_T2', -0.0010619471897910467)	('lSMA_to_lPTL_T2', 0.0008725221918702005)	('L_IFGorb_T2', 0.0007394095844256167)	('L_DLPFC_T1', -0.0006815318556942679)	('lPTL_to_lIFG_T2', 0.00038807479779672844)	('L_IFGorb', -0.0003095083952263639)	('lDLPFC_to_lPTL_T2', -6.549367659677206e-05)	('rDLPFC_to_lIFG_T2', 2.6433835456815175e-05)	
