predictors	pearson_correlation	mean_squared_error	r2	
rois + act_t1 + act_t2 + conn_t1 + conn_t2 + age + T1 + T2	0.05076176727073194	0.07779703201893996	-0.09939772486022136	('lIFG_to_lPTL_T2', 0.025378567030328276)	('L_PTL_T2', 0.019180838259165136)	('rDLPFC_to_lPTL_T1', 0.018086742753383254)	('L_PTL_T1', -0.013785933018436886)	('L_IFGorb_T2', 0.012643844696884997)	('R_DLPFC_T1', 0.010141714705000054)	('rDLPFC_to_lIFG_T1', 0.010003105171750803)	('T2', 0.00979635492991587)	('rDLPFC_to_lIFG_T2', 0.009618680385774389)	('rDLPFC_to_lPTL_T2', -0.009170206256247967)	('lPTL_to_lIFG_T2', 0.009022047124089537)	('lDLPFC_to_lIFG_T1', -0.008930923848133886)	('Age', 0.008781241299121357)	('lDLPFC_to_lPTL_T1', -0.007538848954204422)	('L_DLPFC_T2', 0.007295636819267769)	('L_SMA_T1', -0.006931496868577114)	('lSMA_to_lIFG_T2', 0.006025161597461555)	('lSMA_to_lPTL_T2', 0.005166974358084746)	('R_DLPFC_T2', 0.00507290101068724)	('lSMA_to_lIFG_T1', -0.005050600814525391)	('L_IFGorb_T1', 0.0048796631324047835)	('R_IFGorb_T1', 0.004850419039115271)	('L_SMA', 0.004704084222752205)	('rIFG_to_lIFG_T1', 0.00456118479584131)	('lPTL_to_lIFG_T1', 0.004481964883542299)	('T1', -0.004178655898979104)	('L_DLPFC_T1', -0.0040760468795109734)	('lIFG_to_lPTL_T1', -0.003976823698729866)	('L_SMA_T2', 0.003951881555601097)	('R_IFGorb_T2', 0.003543772667842241)	('L_DLPFC', 0.003117018827037901)	('rIFG_to_lIFG_T2', -0.002508146921791762)	('lSMA_to_lPTL_T1', 0.0020381576328056803)	('L_PTL', 0.001162179846404459)	('lDLPFC_to_lPTL_T2', -0.0010690945578689802)	('L_IFGorb', -0.0002487478523995294)	('lDLPFC_to_lIFG_T2', 0.0001629126179359089)	
