predictors	pearson_correlation	mean_squared_error	r2	
rois + act_t1 + act_t2 + conn_t1 + conn_t2 + age + T1 + T2	0.12942704755863868	0.06985387840873873	0.012851865910085802	('L_SMA_T1', 0.008595643158432706)	('lIFG_to_lPTL_T1', 0.007830795858877002)	('L_IFGorb', 0.006871362107397078)	('L_PTL_T2', 0.005741646170556423)	('lDLPFC_to_lIFG_T1', 0.005416129484549819)	('R_IFGorb_T1', -0.004103643148227687)	('lPTL_to_lIFG_T2', 0.0037507722473402597)	('R_DLPFC_T1', 0.0036182270323474775)	('L_IFGorb_T2', -0.0035083091955823886)	('L_DLPFC', 0.002952085360636014)	('rDLPFC_to_lPTL_T1', 0.002591785040477451)	('rDLPFC_to_lPTL_T2', -0.00257002047284569)	('R_IFGorb_T2', 0.002561496706463852)	('L_PTL_T1', 0.0025387845035350167)	('rDLPFC_to_lIFG_T1', 0.0024467157894541435)	('T1', 0.0022965323483732573)	('rDLPFC_to_lIFG_T2', 0.0022656563094616096)	('lSMA_to_lIFG_T1', -0.002253915799238791)	('rIFG_to_lIFG_T2', -0.0021695568583524525)	('L_DLPFC_T2', 0.00204114034566154)	('lSMA_to_lPTL_T2', -0.0017232069673291358)	('lDLPFC_to_lPTL_T2', 0.0016576907965132669)	('rIFG_to_lIFG_T1', -0.0015831097501209056)	('L_SMA_T2', 0.001387856668103189)	('lSMA_to_lPTL_T1', -0.001375876123042793)	('lDLPFC_to_lIFG_T2', -0.001367901412376976)	('L_SMA', 0.0011688148911055002)	('L_IFGorb_T1', 0.0009619137694851408)	('lIFG_to_lPTL_T2', 0.00082168409823999)	('lSMA_to_lIFG_T2', -0.0008179642581707298)	('L_PTL', 0.0007988063676501921)	('L_DLPFC_T1', 0.0007985708606112948)	('lPTL_to_lIFG_T1', 0.000682742729146609)	('T2', 0.0005656955724622526)	('Age', 0.000540497023752772)	('R_DLPFC_T2', -0.0005044444685970486)	('lDLPFC_to_lPTL_T1', -0.000217162156758223)	
