predictors	pearson_correlation	mean_squared_error	r2	
rois + act_t1 + act_t2 + conn_t1 + conn_t2 + age + T1 + T2	-0.0006211179226063366	0.07321665716457909	-0.0346696296718938	('lDLPFC_to_lIFG_T2', 0.014696723634827956)	('L_PTL_T2', 0.013078099852968962)	('L_DLPFC_T2', 0.012698026085537977)	('lPTL_to_lIFG_T2', -0.009752618384657782)	('lDLPFC_to_lIFG_T1', 0.009116684137008486)	('lSMA_to_lPTL_T2', 0.008789701460524517)	('L_DLPFC_T1', -0.006867050003090156)	('rDLPFC_to_lIFG_T1', 0.006525912403938581)	('L_IFGorb_T2', 0.006077894137513025)	('R_IFGorb_T2', -0.0059010940205711125)	('lSMA_to_lIFG_T2', -0.00492154821555067)	('L_DLPFC', 0.004872491686125927)	('T2', 0.00482886254582693)	('rIFG_to_lIFG_T2', 0.004744604818531735)	('lDLPFC_to_lPTL_T2', 0.004723781569590698)	('lPTL_to_lIFG_T1', -0.004676040863414089)	('R_IFGorb_T1', -0.004441052178173769)	('L_PTL_T1', -0.0038833496969267476)	('lSMA_to_lPTL_T1', 0.0038768223696974318)	('lSMA_to_lIFG_T1', 0.003607501594079598)	('T1', -0.003346119156521286)	('L_IFGorb', -0.002873021137049958)	('L_PTL', -0.00284640469012393)	('rDLPFC_to_lPTL_T1', 0.0027210478247558377)	('L_SMA_T1', 0.002320404652659197)	('rDLPFC_to_lIFG_T2', 0.0022602264422738306)	('L_SMA_T2', -0.001678849205205746)	('R_DLPFC_T2', 0.0014979568663564893)	('L_SMA', -0.0013613832904667753)	('Age', -0.0013142530316926295)	('L_IFGorb_T1', -0.001204045258263222)	('R_DLPFC_T1', 0.0010630449931247562)	('rDLPFC_to_lPTL_T2', 0.0007809596919618479)	('lDLPFC_to_lPTL_T1', 0.0006629560080962135)	('rIFG_to_lIFG_T1', -0.0005566989474654154)	('lIFG_to_lPTL_T2', 0.00040020721477348353)	('lIFG_to_lPTL_T1', -0.0001713444334635438)	
