predictors	pearson_correlation	mean_squared_error	r2	
rois + act_t1 + act_t2 + conn_t1 + conn_t2 + age + T1 + T2	0.22664714902555072	0.06744132087320975	0.046945200794753617	('T1', 0.02571666435935194)	('rIFG_to_lIFG_T1', 0.014622768913714878)	('rDLPFC_to_lIFG_T2', 0.009843148148860618)	('lIFG_to_lPTL_T1', 0.008606698797131936)	('L_SMA_T2', 0.008522260883399657)	('lPTL_to_lIFG_T2', -0.008150208439829654)	('L_SMA', -0.007680606103096532)	('L_IFGorb', 0.007595904405877089)	('rIFG_to_lIFG_T2', 0.007333935664113638)	('R_IFGorb_T2', -0.00688483885670579)	('rDLPFC_to_lPTL_T1', -0.006881883941810097)	('R_DLPFC_T2', 0.0067053316331835405)	('lIFG_to_lPTL_T2', 0.006061275560799651)	('L_IFGorb_T1', -0.005070864344700775)	('T2', 0.004507628207477645)	('L_PTL_T1', 0.004497461596446482)	('L_DLPFC_T1', -0.004008689738333842)	('R_IFGorb_T1', -0.003587702949726576)	('L_DLPFC_T2', 0.003489550275143912)	('Age', 0.003446596327745401)	('L_PTL', -0.003208067968263396)	('L_SMA_T1', -0.0030981000787707724)	('lSMA_to_lIFG_T1', -0.003048474970726146)	('lDLPFC_to_lIFG_T2', -0.002786112948562178)	('rDLPFC_to_lIFG_T1', -0.0027301659976929505)	('lPTL_to_lIFG_T1', -0.002139139930856347)	('L_DLPFC', 0.0018809939141774823)	('lDLPFC_to_lPTL_T1', -0.0018654850738558165)	('lDLPFC_to_lPTL_T2', 0.0016291635664932769)	('L_IFGorb_T2', 0.0015210655255062757)	('lSMA_to_lPTL_T1', -0.0012702979214421772)	('L_PTL_T2', -0.0012225568197490812)	('lDLPFC_to_lIFG_T1', 0.0010953988357493825)	('R_DLPFC_T1', 0.0010607675512650581)	('lSMA_to_lPTL_T2', 0.0010185702442281823)	('rDLPFC_to_lPTL_T2', 0.0008286134288640417)	('lSMA_to_lIFG_T2', 0.00028696259448692777)	
