predictors	pearson_correlation	mean_squared_error	r2	
rois + act_t1 + act_t2 + conn_t1 + conn_t2 + age + T1 + T2	0.09347151273052527	0.07094905130367116	-0.002624696084260636	('L_DLPFC', -0.009263935735857078)	('lSMA_to_lPTL_T2', 0.008590150753386625)	('L_PTL_T2', -0.008064692990641834)	('lSMA_to_lPTL_T1', 0.007189212690015465)	('T1', 0.006707052776760888)	('lDLPFC_to_lIFG_T2', 0.006249399379453632)	('rDLPFC_to_lIFG_T1', 0.006017166825922159)	('rIFG_to_lIFG_T1', -0.005557258782032119)	('lDLPFC_to_lIFG_T1', -0.004607535508051163)	('rDLPFC_to_lPTL_T2', -0.00427615975308932)	('R_IFGorb_T1', 0.0038880568290062824)	('R_IFGorb_T2', -0.0036974005297962277)	('rDLPFC_to_lPTL_T1', -0.0036143054702491707)	('L_PTL', 0.0034758528133414924)	('L_PTL_T1', 0.0031965501302330126)	('lDLPFC_to_lPTL_T2', -0.002952383947642017)	('Age', 0.0027221017886181645)	('L_IFGorb_T1', 0.0022586990231415333)	('R_DLPFC_T2', -0.0022406975672263478)	('lPTL_to_lIFG_T2', 0.0021111003851064267)	('lIFG_to_lPTL_T1', 0.0019474726329169203)	('L_SMA_T1', 0.0017053068720464606)	('R_DLPFC_T1', 0.0014811774344781362)	('T2', -0.0014687346765341464)	('L_DLPFC_T1', 0.0013849952334559611)	('lSMA_to_lIFG_T2', 0.0013739025460927472)	('L_IFGorb', 0.0011517906456630232)	('lSMA_to_lIFG_T1', 0.0010597146762607046)	('rIFG_to_lIFG_T2', 0.0008580476625889301)	('rDLPFC_to_lIFG_T2', -0.0006707659714450401)	('lPTL_to_lIFG_T1', 0.0006662519027047233)	('L_IFGorb_T2', -0.0005388688662508454)	('L_SMA', -0.00041492574277579163)	('lIFG_to_lPTL_T2', -0.000377505226987139)	('L_DLPFC_T2', -0.0003185904803808982)	('L_SMA_T2', -0.00014136130702422538)	('lDLPFC_to_lPTL_T1', 7.301870501865158e-05)	
