predictors	pearson_correlation	mean_squared_error	r2	
rois + act_t1 + act_t2 + conn_t1 + conn_t2 + age + T1 + T2	0.17060362096587553	0.06964892954946734	0.015748124337281455	('L_IFGorb_T1', 0.011088724575234094)	('rDLPFC_to_lPTL_T1', 0.01096536829021076)	('L_SMA', -0.010472561881875583)	('L_DLPFC_T2', 0.010330394490482255)	('T2', 0.009142823511679879)	('R_DLPFC_T2', 0.008576346881699948)	('L_IFGorb_T2', 0.008474267932698195)	('lDLPFC_to_lIFG_T2', 0.007889381830647005)	('T1', 0.0076870175860667056)	('lIFG_to_lPTL_T2', 0.006978417469168159)	('lSMA_to_lPTL_T1', -0.006713257801914051)	('lPTL_to_lIFG_T1', 0.006664793550642322)	('L_IFGorb', -0.006340821888906185)	('L_DLPFC_T1', 0.006295924314057677)	('R_IFGorb_T2', -0.005701105068083672)	('rDLPFC_to_lIFG_T1', 0.004886281871099956)	('L_PTL_T1', 0.00407597753614722)	('lDLPFC_to_lPTL_T2', 0.0034684726742447614)	('Age', -0.0034036675263883526)	('lIFG_to_lPTL_T1', 0.0032443978689524733)	('lDLPFC_to_lPTL_T1', 0.003097621777872754)	('lSMA_to_lIFG_T1', 0.003059585859734418)	('lSMA_to_lPTL_T2', 0.0029076594084140326)	('L_PTL_T2', 0.0029065652473719383)	('rDLPFC_to_lPTL_T2', 0.0025943255492283427)	('R_IFGorb_T1', -0.0024260369963874646)	('lDLPFC_to_lIFG_T1', -0.0023243240351454825)	('lSMA_to_lIFG_T2', -0.0016168645045989967)	('rDLPFC_to_lIFG_T2', 0.0015935403633723837)	('L_PTL', 0.001542892489088528)	('rIFG_to_lIFG_T1', 0.0013922891866219947)	('R_DLPFC_T1', -0.001285189824478515)	('L_SMA_T1', 0.0009610385152783597)	('lPTL_to_lIFG_T2', -0.0009345108755831987)	('rIFG_to_lIFG_T2', 0.0002815377563250615)	('L_SMA_T2', -6.084412238695078e-05)	('L_DLPFC', 8.839236145259327e-06)	
