predictors	pearson_correlation	mean_squared_error	r2	
rois + act_t1 + act_t2 + conn_t1 + conn_t2 + age + T1 + T2	-0.05847084511184339	0.07959678100198059	-0.12483108505309648	('rDLPFC_to_lIFG_T2', 0.029294309203374485)	('L_PTL', 0.023253668181108984)	('T2', -0.0223300218199864)	('lDLPFC_to_lPTL_T1', 0.018679284157434802)	('lSMA_to_lIFG_T2', -0.0167908622949201)	('lPTL_to_lIFG_T2', -0.016340370718804363)	('R_IFGorb_T1', -0.01571129999812077)	('R_DLPFC_T2', -0.014146582273753726)	('L_DLPFC', -0.01355157748809733)	('rDLPFC_to_lPTL_T2', 0.013271128517136478)	('L_DLPFC_T1', -0.01296904903534782)	('lIFG_to_lPTL_T2', -0.012694839302932297)	('L_PTL_T1', 0.01151993924091306)	('L_PTL_T2', 0.011244837064360741)	('lSMA_to_lIFG_T1', 0.009534971045028361)	('Age', 0.009222366870798223)	('lSMA_to_lPTL_T1', -0.00882387561389298)	('lIFG_to_lPTL_T1', 0.007895737274103245)	('T1', -0.006412877601304272)	('L_IFGorb_T2', -0.005972656799048523)	('L_SMA_T2', 0.0056921508514262914)	('R_IFGorb_T2', 0.0052129778331520766)	('lDLPFC_to_lIFG_T2', -0.004634849674656434)	('rIFG_to_lIFG_T1', -0.004613081770740771)	('L_IFGorb', 0.004528713884185788)	('lPTL_to_lIFG_T1', -0.003887132989809824)	('R_DLPFC_T1', -0.0037881709078874852)	('L_SMA_T1', 0.0032031431188960994)	('lDLPFC_to_lPTL_T2', -0.002815392965979569)	('L_SMA', 0.002198288562948604)	('rDLPFC_to_lPTL_T1', 0.0019944929517847565)	('rIFG_to_lIFG_T2', -0.0019260292352964205)	('rDLPFC_to_lIFG_T1', 0.0018421808930409631)	('L_DLPFC_T2', -0.0014293154215412264)	('L_IFGorb_T1', 0.0011054512342069508)	('lDLPFC_to_lIFG_T1', -0.0010250988350987934)	('lSMA_to_lPTL_T2', -0.0009666523768847153)	
