predictors	pearson_correlation	mean_squared_error	r2	
rois + act_t1 + act_t2 + conn_t1 + conn_t2 + age + T1 + T2	-0.09929490477218662	0.07369499494921697	-0.04142931520870863	('L_DLPFC_T1', 0.016634423466423576)	('R_DLPFC_T1', 0.013956288941749134)	('rIFG_to_lIFG_T1', 0.013674210662983228)	('lPTL_to_lIFG_T1', 0.013280286814343274)	('L_IFGorb', 0.011412451599772507)	('T1', -0.010001657191138321)	('lSMA_to_lIFG_T1', -0.009261643261746968)	('lIFG_to_lPTL_T1', -0.00801739754849245)	('L_PTL', -0.007907032874658416)	('R_IFGorb_T1', -0.007740633168334246)	('rDLPFC_to_lPTL_T1', -0.007516958955786763)	('lDLPFC_to_lPTL_T1', 0.00693673050409848)	('R_IFGorb_T2', 0.005486047713769541)	('Age', 0.005436783086796886)	('L_IFGorb_T2', 0.005208740612749966)	('rIFG_to_lIFG_T2', 0.00499222960766662)	('L_DLPFC_T2', 0.004931102785531461)	('rDLPFC_to_lIFG_T1', 0.004764091838144255)	('L_SMA_T2', -0.00476058479701626)	('lDLPFC_to_lPTL_T2', 0.0041116627518707535)	('lDLPFC_to_lIFG_T1', -0.004060014938727184)	('rDLPFC_to_lIFG_T2', -0.0037941936335762877)	('lDLPFC_to_lIFG_T2', 0.0034700803985541736)	('L_SMA_T1', 0.003406183244452889)	('L_DLPFC', -0.003148629635429884)	('rDLPFC_to_lPTL_T2', 0.002971540565516905)	('L_IFGorb_T1', 0.0027237205184090243)	('lPTL_to_lIFG_T2', -0.0025807016133676114)	('lSMA_to_lPTL_T2', 0.0019743993995478574)	('lSMA_to_lIFG_T2', 0.0012655336970278732)	('lIFG_to_lPTL_T2', 0.0007689360842334125)	('L_PTL_T1', 0.000745457907431141)	('T2', 0.0006971262339818574)	('lSMA_to_lPTL_T1', 0.0005930937120707582)	('L_SMA', -0.00031474828446757385)	('R_DLPFC_T2', 0.00027115209778044355)	('L_PTL_T2', 0.00018916619763003378)	
