predictors	pearson_correlation	mean_squared_error	r2	
rois + act_t1 + act_t2 + conn_t1 + conn_t2 + age + T1 + T2	0.10262489688140465	0.0705631349741067	0.0028289250076889427	('rDLPFC_to_lPTL_T2', 0.018202403559937252)	('R_DLPFC_T2', -0.010476367820495451)	('lDLPFC_to_lPTL_T2', 0.009647182631157446)	('L_PTL_T1', 0.007131509091916524)	('lSMA_to_lPTL_T1', 0.006090563774254046)	('L_IFGorb', 0.005434006765935915)	('T1', -0.005361289010801405)	('rDLPFC_to_lIFG_T1', 0.004942921294424452)	('lPTL_to_lIFG_T2', 0.004537582319352524)	('rIFG_to_lIFG_T1', -0.004440152816187569)	('rDLPFC_to_lIFG_T2', -0.0042143873014670674)	('lIFG_to_lPTL_T2', 0.00399564451679134)	('rIFG_to_lIFG_T2', 0.003267267134936895)	('L_PTL_T2', 0.0032018468990666167)	('T2', 0.003121348613519886)	('R_DLPFC_T1', 0.0030731809901326595)	('L_DLPFC_T1', 0.0028841677601939126)	('rDLPFC_to_lPTL_T1', 0.00276945982284745)	('lSMA_to_lIFG_T1', -0.0025047516703591943)	('lDLPFC_to_lPTL_T1', 0.002451414115916238)	('L_IFGorb_T2', 0.0024065331909248404)	('L_PTL', -0.0021603019885805203)	('lSMA_to_lPTL_T2', 0.0020118153660756075)	('lDLPFC_to_lIFG_T2', 0.0019229805263112605)	('Age', 0.0018758431894867163)	('R_IFGorb_T1', 0.001683020157582937)	('L_IFGorb_T1', -0.0016057863315591572)	('lPTL_to_lIFG_T1', -0.0015496876315222049)	('lSMA_to_lIFG_T2', 0.0014386294340921046)	('R_IFGorb_T2', 0.001331289223549422)	('lDLPFC_to_lIFG_T1', 0.0010750985806208286)	('L_SMA', 0.0006990974349145703)	('L_SMA_T2', -0.0005169341296054465)	('L_SMA_T1', -0.0003418810990134396)	('L_DLPFC_T2', -0.0002811755983239474)	('L_DLPFC', -0.0001311845552798038)	('lIFG_to_lPTL_T1', 7.6300738852553e-06)	
