predictors	pearson_correlation	mean_squared_error	r2	
rois + act_t1 + act_t2 + conn_t1 + conn_t2 + age + T1 + T2	-0.16234911423358728	0.09492634141503152	-0.3414625349149951	('lIFG_to_lPTL_T1', 0.027265156164866283)	('L_SMA_T2', 0.026268466304127956)	('L_PTL_T1', 0.025258673531960894)	('lPTL_to_lIFG_T1', -0.01819681797743007)	('L_SMA_T1', 0.01761335025706292)	('lSMA_to_lPTL_T2', 0.016433695887279866)	('rDLPFC_to_lIFG_T1', -0.014427834742454175)	('T2', 0.013658159780733016)	('rIFG_to_lIFG_T1', 0.010901150894682264)	('L_DLPFC_T2', -0.009268708876706735)	('lSMA_to_lIFG_T2', -0.008729098957369985)	('R_IFGorb_T2', 0.008655025530002762)	('R_DLPFC_T1', 0.008164997367866106)	('L_IFGorb', -0.00793435743109031)	('L_PTL', -0.007919749807172654)	('lSMA_to_lPTL_T1', 0.00760123648514625)	('T1', 0.007236486217291832)	('lPTL_to_lIFG_T2', 0.007020606028311205)	('lDLPFC_to_lIFG_T2', 0.006572009254666983)	('rDLPFC_to_lIFG_T2', -0.006159936388515279)	('lSMA_to_lIFG_T1', 0.005629931499272719)	('lDLPFC_to_lPTL_T2', 0.005601936543164049)	('lDLPFC_to_lIFG_T1', -0.004973650641909678)	('L_IFGorb_T2', 0.004794107470543904)	('lDLPFC_to_lPTL_T1', 0.0046439727347855975)	('lIFG_to_lPTL_T2', -0.004078890314912013)	('L_DLPFC_T1', -0.004041158310905067)	('L_DLPFC', 0.003976508167783679)	('rIFG_to_lIFG_T2', 0.003018098320197874)	('Age', -0.0029773181005229524)	('L_PTL_T2', -0.0028767546554138365)	('R_DLPFC_T2', 0.002521324880405122)	('L_IFGorb_T1', -0.0018444207924603498)	('rDLPFC_to_lPTL_T2', 0.0015030626695468905)	('rDLPFC_to_lPTL_T1', -0.0011937388208593561)	('R_IFGorb_T1', 0.0007081006659374496)	('L_SMA', -0.000667688739783455)	
