predictors	pearson_correlation	mean_squared_error	r2	
rois + act_t1 + act_t2 + conn_t1 + conn_t2 + age + T1 + T2	0.08127446808870586	0.08129618727384978	-0.1488464406575538	('L_PTL', 0.022963704611352057)	('L_PTL_T1', 0.02059761200626688)	('rDLPFC_to_lIFG_T2', 0.018553222335546425)	('R_DLPFC_T2', -0.01703841372531933)	('lSMA_to_lIFG_T2', -0.015874457307969787)	('L_PTL_T2', 0.014072706388872001)	('R_IFGorb_T1', 0.013952971646113976)	('lIFG_to_lPTL_T2', 0.011271020225836304)	('lSMA_to_lPTL_T1', -0.010701886685341009)	('L_DLPFC_T1', 0.010046884986843752)	('lDLPFC_to_lPTL_T2', 0.009864630760317203)	('lDLPFC_to_lIFG_T1', 0.009769302150638412)	('T1', 0.009183656081693917)	('L_SMA', -0.008532662048414751)	('lSMA_to_lPTL_T2', -0.007757730382292315)	('L_IFGorb_T2', -0.007747146753761041)	('L_IFGorb', 0.007564984331596307)	('T2', -0.0066572514087738744)	('Age', 0.006057793285470023)	('L_IFGorb_T1', 0.005992829357997317)	('lDLPFC_to_lPTL_T1', 0.005850498096098494)	('lSMA_to_lIFG_T1', -0.005791086701375213)	('rIFG_to_lIFG_T2', 0.0050381098984301894)	('lDLPFC_to_lIFG_T2', -0.004372170234092744)	('rIFG_to_lIFG_T1', 0.004360983225956761)	('R_IFGorb_T2', -0.004311442368470379)	('rDLPFC_to_lPTL_T1', 0.004205664593760656)	('L_DLPFC_T2', 0.0041352808779359105)	('rDLPFC_to_lIFG_T1', -0.0038680270366538033)	('lPTL_to_lIFG_T2', 0.002912558032842039)	('L_SMA_T2', 0.0027201157104643865)	('L_DLPFC', 0.002717846523151504)	('L_SMA_T1', 0.002439131038810723)	('rDLPFC_to_lPTL_T2', 0.002019504392019827)	('R_DLPFC_T1', -0.0015606337410759067)	('lIFG_to_lPTL_T1', -0.0010018007497789856)	('lPTL_to_lIFG_T1', -0.0006219172194666914)	
