predictors	pearson_correlation	mean_squared_error	r2	
rois + act_t1 + act_t2 + conn_t1 + conn_t2 + age + T1 + T2	0.010450997264926418	0.07537367214282334	-0.06515173545446151	('Age', 0.020775447872285663)	('lDLPFC_to_lIFG_T1', 0.011960415180788544)	('L_DLPFC', -0.011380471274672625)	('R_IFGorb_T1', 0.010024381634531013)	('L_SMA_T1', 0.008399049684713774)	('rDLPFC_to_lIFG_T1', 0.008346801339966648)	('L_IFGorb', 0.007585295913330249)	('L_SMA_T2', 0.007458816682616765)	('lIFG_to_lPTL_T2', -0.007235991459095727)	('lSMA_to_lIFG_T2', -0.0063349782566880005)	('T2', 0.006145018565214124)	('L_SMA', 0.006061983202003053)	('lPTL_to_lIFG_T1', 0.005408884841216769)	('rIFG_to_lIFG_T2', 0.0050865536067861905)	('lIFG_to_lPTL_T1', 0.004365073467507371)	('lSMA_to_lPTL_T2', -0.004175836083777256)	('L_IFGorb_T2', 0.004107177764893681)	('lDLPFC_to_lPTL_T1', -0.0037650410796087486)	('L_IFGorb_T1', 0.0037493007065489813)	('R_DLPFC_T2', 0.003687857750970668)	('rIFG_to_lIFG_T1', -0.0035016694837898482)	('lDLPFC_to_lIFG_T2', 0.0034652276525355893)	('rDLPFC_to_lPTL_T2', 0.003035558546946455)	('L_PTL_T2', -0.0027846740021045973)	('T1', 0.0024485171915050075)	('L_PTL_T1', 0.002447171129853432)	('R_DLPFC_T1', -0.0020927796293085414)	('lSMA_to_lPTL_T1', -0.001797397459510836)	('L_DLPFC_T1', 0.0017468783136497903)	('L_PTL', -0.001630986924237502)	('rDLPFC_to_lPTL_T1', -0.0013716694539828561)	('lDLPFC_to_lPTL_T2', -0.0012470108289905568)	('L_DLPFC_T2', 0.0012162888776222432)	('lPTL_to_lIFG_T2', -0.0008539829135247282)	('lSMA_to_lIFG_T1', 0.0006202892666070648)	('R_IFGorb_T2', -0.0001581341121689551)	('rDLPFC_to_lIFG_T2', -6.792175079323645e-05)	
