predictors	pearson_correlation	mean_squared_error	r2	
rois + act_t1 + act_t2 + conn_t1 + conn_t2 + age + T1 + T2	-0.15558163871541253	0.08654240659848539	-0.22298399372279087	('L_PTL_T1', 0.014724523310686018)	('L_IFGorb_T2', -0.014324648213540308)	('lSMA_to_lIFG_T2', 0.014120889459714646)	('rIFG_to_lIFG_T2', -0.012465335867241785)	('lSMA_to_lPTL_T1', 0.010986273419833102)	('L_SMA_T2', -0.009252872286507818)	('lPTL_to_lIFG_T2', 0.00870952562512093)	('Age', -0.00866008612029214)	('T1', 0.00832386359204195)	('R_IFGorb_T1', -0.007559179566338258)	('L_SMA', 0.006257755680158953)	('rIFG_to_lIFG_T1', 0.005728154285586902)	('L_PTL_T2', -0.0056306516613211545)	('L_DLPFC', 0.005262355281681723)	('rDLPFC_to_lIFG_T1', -0.005085899560377327)	('lPTL_to_lIFG_T1', 0.004825776656626051)	('lDLPFC_to_lPTL_T1', 0.004639514483997034)	('lDLPFC_to_lIFG_T2', 0.004458493538131882)	('T2', -0.004081167847472905)	('lSMA_to_lPTL_T2', 0.004015845969057057)	('lDLPFC_to_lIFG_T1', -0.003871637212262346)	('R_IFGorb_T2', 0.0034952745483760412)	('R_DLPFC_T1', 0.003309245455810296)	('rDLPFC_to_lIFG_T2', 0.002937782309708915)	('R_DLPFC_T2', 0.0023036109207776575)	('lSMA_to_lIFG_T1', 0.0021182662105062584)	('lIFG_to_lPTL_T1', 0.0020687877262587522)	('L_IFGorb_T1', 0.002064024286184069)	('L_DLPFC_T2', -0.00135674360400143)	('L_SMA_T1', 0.0013063754656946825)	('rDLPFC_to_lPTL_T1', 0.0011112711998236735)	('L_DLPFC_T1', 0.0009109795294656574)	('rDLPFC_to_lPTL_T2', 0.0008794677837429503)	('lIFG_to_lPTL_T2', 0.0006530168027466588)	('L_PTL', -0.0006346416411808691)	('lDLPFC_to_lPTL_T2', 0.0002599900693573839)	('L_IFGorb', 0.00012202802392067808)	
