predictors	pearson_correlation	mean_squared_error	r2	
rois + act_t1 + act_t2 + conn_t1 + conn_t2 + age + T1 + T2	-0.001038676274069391	0.07797420269524813	-0.10190143269315932	('lDLPFC_to_lIFG_T2', 0.02492518879673933)	('R_IFGorb_T1', 0.016358563597999455)	('L_SMA_T1', 0.015300474149412154)	('L_IFGorb_T2', 0.01267282623112595)	('L_DLPFC_T1', 0.012107182453171064)	('R_DLPFC_T1', 0.01178495486473841)	('lPTL_to_lIFG_T2', 0.01170326040055139)	('R_IFGorb_T2', 0.010297833343083058)	('L_DLPFC_T2', -0.008945618554246257)	('L_PTL_T2', 0.00661879580891557)	('lDLPFC_to_lPTL_T1', 0.0060601843500797895)	('T1', 0.006029686811038595)	('lSMA_to_lPTL_T2', -0.005446448058879548)	('L_SMA_T2', -0.005436635341915632)	('lIFG_to_lPTL_T1', 0.004681347685628012)	('L_SMA', 0.004658928974734021)	('lSMA_to_lIFG_T2', 0.004341786901972935)	('rIFG_to_lIFG_T1', -0.0038350795261418444)	('lPTL_to_lIFG_T1', 0.0035660513707686586)	('rDLPFC_to_lIFG_T2', 0.003440448129727859)	('lDLPFC_to_lIFG_T1', -0.0025972435354369174)	('lSMA_to_lPTL_T1', 0.002574065887259659)	('L_PTL', -0.0025555898126097755)	('T2', -0.002298975213924486)	('L_PTL_T1', 0.002019217502378586)	('L_IFGorb', -0.001634058773718425)	('lIFG_to_lPTL_T2', -0.0014370948321798947)	('lDLPFC_to_lPTL_T2', -0.000996763205692534)	('L_DLPFC', -0.000922217213069481)	('rIFG_to_lIFG_T2', 0.0008948461742008023)	('rDLPFC_to_lPTL_T2', 0.0006615355498243815)	('R_DLPFC_T2', -0.0006554412127425179)	('lSMA_to_lIFG_T1', -0.00027655624149107894)	('L_IFGorb_T1', -0.0002535856833688104)	('rDLPFC_to_lPTL_T1', -0.00012008450865654246)	('Age', -9.072048706593455e-05)	('rDLPFC_to_lIFG_T1', 7.824974449762657e-05)	
