predictors	pearson_correlation	mean_squared_error	r2	
rois + act_t1 + act_t2 + conn_t1 + conn_t2 + age + T1 + T2	0.23387139969991147	0.06832777588948738	0.03441815955943639	('lPTL_to_lIFG_T2', 0.0154470485194566)	('rDLPFC_to_lIFG_T2', -0.011730383076568998)	('L_DLPFC_T2', 0.011400724633342565)	('R_IFGorb_T1', 0.011174838622327524)	('L_IFGorb', -0.009721450521550377)	('L_IFGorb_T1', 0.009623757460199072)	('L_SMA_T1', 0.00959294935815574)	('lIFG_to_lPTL_T1', 0.009534829396068555)	('lDLPFC_to_lPTL_T2', 0.009520992594080168)	('lSMA_to_lPTL_T2', 0.007108800971744429)	('R_DLPFC_T1', 0.007078363331204504)	('L_PTL_T2', -0.006412940334548076)	('L_SMA_T2', 0.00612458433441914)	('rDLPFC_to_lPTL_T2', 0.006065178767111417)	('lIFG_to_lPTL_T2', -0.005419649581208757)	('rIFG_to_lIFG_T2', 0.005382257308313024)	('Age', -0.004940092669981846)	('lDLPFC_to_lPTL_T1', 0.004935916045048267)	('rDLPFC_to_lIFG_T1', 0.004362511851610966)	('T1', -0.003879510737047394)	('L_IFGorb_T2', 0.003593205045587084)	('L_PTL', 0.002501083248532006)	('lDLPFC_to_lIFG_T1', -0.0023007307979876507)	('T2', 0.0021801243378427957)	('R_DLPFC_T2', 0.0021077105898346595)	('lSMA_to_lPTL_T1', 0.0019204725446571717)	('R_IFGorb_T2', -0.0016988053142743505)	('lSMA_to_lIFG_T2', -0.001160249380473132)	('L_DLPFC_T1', 0.0010870711608284977)	('lSMA_to_lIFG_T1', -0.001078020569342466)	('L_SMA', 0.0008479436793904318)	('lDLPFC_to_lIFG_T2', 0.000648722459101404)	('L_PTL_T1', 0.0006311111545668836)	('rDLPFC_to_lPTL_T1', -0.0005812327156965911)	('lPTL_to_lIFG_T1', 0.0003953262923717236)	('rIFG_to_lIFG_T1', -0.0002526921162863621)	('L_DLPFC', -0.00021367324519911681)	
