predictors	pearson_correlation	mean_squared_error	r2	
rois + act_t1 + act_t2 + conn_t1 + conn_t2 + age + T1 + T2	0.2085713646512057	0.07064711030110826	0.0016422179951715021	('rDLPFC_to_lIFG_T1', -0.024294674663600573)	('lSMA_to_lPTL_T2', -0.01684393619254357)	('R_IFGorb_T1', 0.01459898507594438)	('lIFG_to_lPTL_T2', 0.014391293706971184)	('rDLPFC_to_lIFG_T2', -0.011498657097550024)	('rDLPFC_to_lPTL_T1', 0.011249685390415744)	('rIFG_to_lIFG_T1', 0.011075301139137923)	('lIFG_to_lPTL_T1', 0.010841752324202834)	('L_DLPFC', 0.010342351072659697)	('rIFG_to_lIFG_T2', -0.010252287363676872)	('Age', 0.009817497091487402)	('lSMA_to_lIFG_T1', -0.009607705110108269)	('R_IFGorb_T2', 0.009545779219617976)	('lSMA_to_lIFG_T2', 0.009304428162395207)	('L_DLPFC_T1', 0.008118370790463396)	('L_PTL', 0.006849795112480154)	('L_IFGorb_T1', -0.0064127006735816335)	('rDLPFC_to_lPTL_T2', 0.006124059168944859)	('L_SMA_T2', -0.006034870092970654)	('T1', 0.004690585749785004)	('L_PTL_T2', -0.0042800268785154316)	('L_SMA_T1', 0.004146145679330736)	('L_PTL_T1', 0.004102260698660559)	('L_IFGorb', 0.003999032094378832)	('lDLPFC_to_lIFG_T2', 0.003892121476460676)	('lPTL_to_lIFG_T2', -0.003220197802316276)	('lPTL_to_lIFG_T1', 0.0024736748306354115)	('R_DLPFC_T1', -0.002174075614408619)	('lDLPFC_to_lIFG_T1', 0.001983258582336826)	('lSMA_to_lPTL_T1', -0.0018355151214055681)	('lDLPFC_to_lPTL_T2', -0.0017978868362462984)	('L_DLPFC_T2', 0.001689855744896678)	('lDLPFC_to_lPTL_T1', -0.0012720849567038996)	('L_SMA', 0.001162850281786872)	('R_DLPFC_T2', -0.0008766842626466537)	('L_IFGorb_T2', 0.0006154754821689492)	('T2', -0.0005253241565233938)	
