predictors	pearson_correlation	mean_squared_error	r2	
rois + act_t1 + act_t2 + conn_t1 + conn_t2 + age + T1 + T2	0.18610371392041486	0.06833257229962982	0.03435037853667455	('L_DLPFC_T2', 0.009884586263330112)	('T1', 0.00980323545999067)	('lPTL_to_lIFG_T1', 0.009318748886890082)	('R_IFGorb_T1', -0.008789091869553803)	('lDLPFC_to_lPTL_T2', 0.00876364518364362)	('R_DLPFC_T2', 0.008422419804487304)	('lDLPFC_to_lIFG_T1', 0.00811732237886074)	('L_PTL', -0.00719578021523203)	('lSMA_to_lIFG_T2', 0.006887337961243111)	('L_SMA_T1', 0.006760836500458101)	('lDLPFC_to_lPTL_T1', -0.006736611167315262)	('rDLPFC_to_lPTL_T2', -0.006544138399712939)	('L_PTL_T2', 0.005525639988998415)	('lIFG_to_lPTL_T1', 0.004787673082297684)	('R_IFGorb_T2', -0.0038814584260731966)	('rDLPFC_to_lIFG_T2', -0.0038377736211162345)	('lDLPFC_to_lIFG_T2', 0.0033399489028820973)	('T2', -0.0031003159906232147)	('rIFG_to_lIFG_T1', 0.003085056884124741)	('Age', 0.0029768143835626677)	('L_PTL_T1', 0.0027684899207550424)	('rDLPFC_to_lIFG_T1', 0.0027290626723801164)	('lSMA_to_lPTL_T2', 0.0026470248014566554)	('lSMA_to_lPTL_T1', 0.0026154105683474102)	('L_IFGorb_T2', -0.0025404083139127656)	('R_DLPFC_T1', 0.002442447419185633)	('lSMA_to_lIFG_T1', -0.0024329285590917807)	('L_DLPFC_T1', 0.002220659349718062)	('L_IFGorb_T1', 0.0021300978031245847)	('L_DLPFC', -0.002028386857540625)	('L_SMA_T2', 0.001645820709784827)	('L_SMA', -0.001449475552247688)	('lPTL_to_lIFG_T2', 0.0009487467527751086)	('L_IFGorb', -0.0006127206354356191)	('lIFG_to_lPTL_T2', 0.00040174592876283146)	('rDLPFC_to_lPTL_T1', -0.0002502458496481182)	('rIFG_to_lIFG_T2', 4.1761997651751605e-05)	
