predictors	pearson_correlation	mean_squared_error	r2	
rois + act_t1 + act_t2 + conn_t1 + conn_t2 + age + T1 + T2	0.016440950101846846	0.0755369230212034	-0.06745873405858283	('L_IFGorb', 0.013581496327075325)	('L_IFGorb_T1', 0.01336849774247019)	('L_DLPFC', -0.013151780755118058)	('rDLPFC_to_lPTL_T1', 0.012858861584543954)	('lSMA_to_lIFG_T1', -0.012564402909161363)	('rIFG_to_lIFG_T2', 0.012346909400643175)	('Age', -0.011990065689494043)	('R_DLPFC_T2', -0.011227044081440126)	('R_IFGorb_T1', -0.010587118605635187)	('lSMA_to_lPTL_T1', 0.010223131858926968)	('L_PTL', -0.010096205174929138)	('L_PTL_T1', 0.008953638859683135)	('rDLPFC_to_lIFG_T1', -0.008520556673707665)	('rDLPFC_to_lPTL_T2', 0.008295513559286115)	('lSMA_to_lPTL_T2', -0.008128251429552593)	('lIFG_to_lPTL_T2', -0.008083889205110049)	('lDLPFC_to_lPTL_T2', 0.007829939919761204)	('lPTL_to_lIFG_T1', -0.007686605996814026)	('R_IFGorb_T2', 0.00695100399278216)	('L_DLPFC_T1', 0.005342043782949286)	('lPTL_to_lIFG_T2', -0.005206144586723631)	('L_SMA', 0.004991070227872845)	('rIFG_to_lIFG_T1', 0.004785375491904028)	('rDLPFC_to_lIFG_T2', -0.0042034301562072)	('lSMA_to_lIFG_T2', -0.00383409355229078)	('L_DLPFC_T2', 0.0033533446097765143)	('L_IFGorb_T2', -0.0029490736158147932)	('L_SMA_T2', 0.0028747746074164835)	('lIFG_to_lPTL_T1', 0.0023819597871398983)	('L_PTL_T2', -0.0020206520736136247)	('R_DLPFC_T1', 0.0017174431676299947)	('lDLPFC_to_lPTL_T1', 0.0015415962851273314)	('lDLPFC_to_lIFG_T2', -0.0015120332169595622)	('T2', 0.0013510313493866706)	('T1', 0.0009368200735684912)	('L_SMA_T1', -0.00039595102050268583)	('lDLPFC_to_lIFG_T1', 3.129733069540458e-05)	
