predictors	pearson_correlation	mean_squared_error	r2	
rois + act_t1 + act_t2 + conn_t1 + conn_t2 + age + T1 + T2	0.017576379129538435	0.0714737091756659	-0.010038959274411674	('L_SMA_T2', 0.014809801487545586)	('lSMA_to_lPTL_T2', 0.011013729532861552)	('rIFG_to_lIFG_T2', 0.008626384334006004)	('lSMA_to_lPTL_T1', 0.00827798786183136)	('lSMA_to_lIFG_T2', 0.007389378406112044)	('R_DLPFC_T1', -0.00692359510753101)	('rDLPFC_to_lPTL_T1', 0.006388769335091812)	('L_PTL_T2', -0.00613714022793763)	('L_DLPFC_T1', 0.005616875411235488)	('rDLPFC_to_lPTL_T2', 0.005205955983235134)	('lDLPFC_to_lIFG_T1', 0.004802763678836624)	('L_PTL_T1', 0.004675055449412964)	('L_IFGorb_T2', 0.004620292138000521)	('lSMA_to_lIFG_T1', -0.004371510551978119)	('L_PTL', 0.004337370399586333)	('R_IFGorb_T2', -0.003864808536380962)	('lDLPFC_to_lIFG_T2', 0.003645383959328425)	('Age', 0.003617820795485479)	('rDLPFC_to_lIFG_T2', 0.003515554360512164)	('lDLPFC_to_lPTL_T2', 0.00345203675855564)	('L_DLPFC_T2', 0.0030196583136874538)	('L_DLPFC', 0.0029676848016070684)	('lIFG_to_lPTL_T2', 0.002752072966652209)	('R_IFGorb_T1', 0.00270635363958466)	('lDLPFC_to_lPTL_T1', 0.0024343727254524912)	('lPTL_to_lIFG_T1', -0.0023498072032335274)	('rDLPFC_to_lIFG_T1', 0.002280079578230203)	('L_IFGorb_T1', -0.0022761317778711887)	('lIFG_to_lPTL_T1', -0.0022025742839601077)	('L_IFGorb', 0.0021877258918743077)	('T2', -0.002061818490397381)	('R_DLPFC_T2', 0.0012505432208801187)	('L_SMA_T1', 0.0010912640622924368)	('rIFG_to_lIFG_T1', -0.0006120846476241798)	('T1', -0.000581076510851472)	('L_SMA', -0.0003388449152424719)	('lPTL_to_lIFG_T2', -9.0151310574626e-05)	
