predictors	pearson_correlation	mean_squared_error	r2	
rois + act_t1 + act_t2 + conn_t1 + conn_t2 + age + T1 + T2	-0.0068515947753379994	0.07194740443099702	-0.01673303837323048	('R_DLPFC_T1', 0.01786993374525644)	('lPTL_to_lIFG_T2', 0.014773580026816889)	('lSMA_to_lIFG_T1', 0.009518931268631067)	('L_SMA_T2', -0.009146518425501763)	('L_SMA_T1', 0.007975851877919701)	('rIFG_to_lIFG_T2', 0.007969909323915697)	('rDLPFC_to_lPTL_T2', 0.007472797456331931)	('rIFG_to_lIFG_T1', 0.007458710826266182)	('L_IFGorb_T1', 0.00672352499124138)	('R_IFGorb_T1', 0.006538012896608564)	('T2', 0.0064127717360552075)	('L_DLPFC', -0.006183405360917733)	('L_PTL', 0.005750443918894502)	('lIFG_to_lPTL_T2', -0.004995138892808774)	('L_DLPFC_T1', -0.004586982282628768)	('lSMA_to_lPTL_T1', 0.004413757618890464)	('rDLPFC_to_lPTL_T1', -0.004083883291747221)	('L_PTL_T2', 0.0038833524643430346)	('lPTL_to_lIFG_T1', 0.0036590520388499696)	('lDLPFC_to_lIFG_T1', 0.003515584170095089)	('lDLPFC_to_lIFG_T2', -0.0032799374846978284)	('L_PTL_T1', 0.0032685602796602904)	('R_DLPFC_T2', -0.003030297014696394)	('lSMA_to_lPTL_T2', 0.0029653147829343234)	('rDLPFC_to_lIFG_T2', 0.0026850967848263893)	('L_IFGorb', -0.002528733993209367)	('lIFG_to_lPTL_T1', -0.0022472843091372596)	('L_IFGorb_T2', 0.0022374502788651838)	('rDLPFC_to_lIFG_T1', 0.0022105261697774096)	('lDLPFC_to_lPTL_T1', -0.0018966067947179923)	('L_DLPFC_T2', -0.0016789542510533002)	('L_SMA', -0.0014669037678786056)	('lSMA_to_lIFG_T2', -0.0010470110266195384)	('R_IFGorb_T2', 0.0006514789257251275)	('lDLPFC_to_lPTL_T2', -0.0004570965291672043)	('T1', -0.00045658977515946014)	('Age', -0.0003469776989292969)	
