predictors	pearson_correlation	mean_squared_error	r2	
rois + act_t1 + act_t2 + conn_t1 + conn_t2 + age + T1 + T2	0.04514433003447442	0.07405107943581393	-0.046461364173345565	('L_SMA_T1', -0.0108208804757779)	('L_IFGorb_T2', 0.010704046291168997)	('rDLPFC_to_lPTL_T2', 0.010165107889297888)	('lSMA_to_lIFG_T2', 0.009234878105691239)	('L_PTL', 0.008728602026712681)	('rIFG_to_lIFG_T1', 0.007272457129885042)	('lDLPFC_to_lPTL_T2', 0.007174131814470771)	('R_DLPFC_T2', -0.006857537030414201)	('L_IFGorb_T1', -0.005779053873444929)	('R_IFGorb_T2', 0.005631963788009089)	('lPTL_to_lIFG_T2', 0.005207325207207135)	('R_DLPFC_T1', -0.004709090242413122)	('L_SMA_T2', -0.0043051803547552595)	('lSMA_to_lIFG_T1', 0.004166004840632102)	('T1', 0.004001009803181029)	('lIFG_to_lPTL_T2', -0.0038964424496749687)	('L_PTL_T2', -0.003882459198573776)	('R_IFGorb_T1', -0.0038318301962299707)	('rIFG_to_lIFG_T2', 0.003823596372291157)	('rDLPFC_to_lPTL_T1', 0.0036466489419163905)	('Age', -0.002763390940735618)	('L_PTL_T1', -0.002678632036412512)	('L_DLPFC_T1', 0.0021514044353901146)	('lDLPFC_to_lIFG_T1', 0.002081428895836091)	('lDLPFC_to_lIFG_T2', 0.0019424497339521067)	('L_DLPFC', -0.001930866057440928)	('rDLPFC_to_lIFG_T1', 0.0016926132367068767)	('lIFG_to_lPTL_T1', -0.0013504717640887155)	('lSMA_to_lPTL_T2', 0.0013289848084548778)	('lDLPFC_to_lPTL_T1', -0.001267775450771466)	('L_SMA', 0.0005403491582970111)	('lPTL_to_lIFG_T1', 0.00046120463627383955)	('L_DLPFC_T2', -0.0003392252532590918)	('lSMA_to_lPTL_T1', 0.00028298602961054323)	('T2', 0.00017155025685253414)	('rDLPFC_to_lIFG_T2', 9.952833459226901e-05)	('L_IFGorb', 9.796277460101566e-05)	
