predictors	pearson_correlation	mean_squared_error	r2	
rois + act_t1 + act_t2 + conn_t1 + conn_t2 + age + T1 + T2	0.03303388156433467	0.07544314218154362	-0.06613345931375259	('lSMA_to_lIFG_T1', 0.02459853716772417)	('rIFG_to_lIFG_T1', 0.016388647975139184)	('rIFG_to_lIFG_T2', 0.01489556239979156)	('L_SMA', 0.014359426083254587)	('lSMA_to_lPTL_T1', 0.009304475619580995)	('lDLPFC_to_lPTL_T2', 0.009274274502429753)	('L_DLPFC', 0.008625266643139685)	('R_DLPFC_T2', 0.00770807218934449)	('rDLPFC_to_lIFG_T2', 0.006892910243927358)	('lIFG_to_lPTL_T1', -0.006549448974545424)	('L_DLPFC_T2', 0.0063799490638224415)	('rDLPFC_to_lIFG_T1', -0.006269896880172939)	('rDLPFC_to_lPTL_T1', 0.006239617981077863)	('L_IFGorb_T1', -0.005452072650264599)	('R_DLPFC_T1', 0.0052057617145479405)	('L_PTL_T1', -0.004988201817791065)	('L_IFGorb', -0.004948304658677806)	('lPTL_to_lIFG_T1', -0.004555121003982448)	('lDLPFC_to_lPTL_T1', 0.004534445265733506)	('lDLPFC_to_lIFG_T2', 0.004090622489800006)	('rDLPFC_to_lPTL_T2', -0.003928610180417281)	('lDLPFC_to_lIFG_T1', 0.0038041547893384333)	('T2', 0.003736681616759886)	('L_PTL', 0.0037138629734198123)	('lSMA_to_lIFG_T2', 0.0035437109439328007)	('lSMA_to_lPTL_T2', 0.003452633258656154)	('lPTL_to_lIFG_T2', -0.0033281906695024214)	('L_SMA_T1', -0.0027231282393494903)	('L_PTL_T2', -0.002247916274102913)	('L_IFGorb_T2', -0.0022089476086335626)	('L_SMA_T2', -0.001710856127596707)	('lIFG_to_lPTL_T2', -0.0016553595471365352)	('R_IFGorb_T2', 0.0013853383398953352)	('L_DLPFC_T1', -0.0010124777821697434)	('R_IFGorb_T1', -0.0005548375037647875)	('Age', -0.0003945115976816352)	('T1', -0.00036606102483711434)	
