predictors	pearson_correlation	mean_squared_error	r2	
rois + act_t1 + act_t2 + conn_t1 + conn_t2 + age + T1 + T2	0.04550732862032199	0.11355381255181872	-0.604698790286506	('L_IFGorb_T2', 0.02491289229675033)	('L_IFGorb_T1', 0.019763980040831623)	('L_IFGorb', 0.017696186344449395)	('R_DLPFC_T1', 0.016263563477163935)	('lSMA_to_lPTL_T1', 0.016177164543047018)	('L_SMA', -0.016154893314786888)	('L_SMA_T1', 0.015824065165599584)	('L_PTL_T1', 0.014590799675911563)	('lPTL_to_lIFG_T2', 0.01359850620642594)	('L_DLPFC_T2', 0.012983735385558826)	('lPTL_to_lIFG_T1', -0.012917721307595907)	('lSMA_to_lPTL_T2', 0.011371556759039475)	('lDLPFC_to_lIFG_T1', -0.011143950479041768)	('lDLPFC_to_lPTL_T1', 0.010710795532609419)	('L_DLPFC', -0.010676231863868534)	('rIFG_to_lIFG_T2', 0.010505069620613833)	('rDLPFC_to_lPTL_T1', -0.009584121240732641)	('L_SMA_T2', 0.009146385561312547)	('rDLPFC_to_lPTL_T2', 0.009021203069766285)	('rIFG_to_lIFG_T1', -0.00876405070310635)	('lIFG_to_lPTL_T2', 0.007166910232921996)	('Age', 0.005946266840122855)	('rDLPFC_to_lIFG_T2', 0.0038099244862012886)	('lDLPFC_to_lPTL_T2', -0.0031762991830990212)	('R_DLPFC_T2', 0.0031733542906970235)	('R_IFGorb_T1', 0.00312473794177491)	('R_IFGorb_T2', 0.0030905117883301713)	('lSMA_to_lIFG_T1', -0.0028895219890709496)	('lIFG_to_lPTL_T1', -0.0026168324843679307)	('L_PTL_T2', -0.002583781352656801)	('rDLPFC_to_lIFG_T1', -0.0023531992039354447)	('L_PTL', 0.0019320239283889715)	('T2', 0.0016936221661962426)	('L_DLPFC_T1', -0.0016920179003321668)	('lSMA_to_lIFG_T2', 0.0014909782783765636)	('T1', -0.001350321190179227)	('lDLPFC_to_lIFG_T2', 0.00043865263596539297)	
