predictors	pearson_correlation	mean_squared_error	r2	
rois + act_t1 + act_t2 + conn_t1 + conn_t2 + age + T1 + T2	0.14557170900243338	0.06929929128720153	0.020689077739791006	('L_IFGorb_T1', 0.016593258144999352)	('L_IFGorb_T2', 0.013417953665993684)	('lPTL_to_lIFG_T1', 0.010109236834071857)	('Age', -0.009440560684194518)	('lSMA_to_lPTL_T2', -0.009089887602319446)	('rDLPFC_to_lPTL_T2', -0.008010842366410875)	('T2', -0.007450509423668035)	('L_DLPFC_T1', 0.007178893876840216)	('lSMA_to_lIFG_T1', 0.006882565445586101)	('T1', 0.006702693404937107)	('rIFG_to_lIFG_T2', 0.006539314315168163)	('lIFG_to_lPTL_T1', 0.0062104095397114934)	('L_DLPFC', 0.005468290038899008)	('rDLPFC_to_lIFG_T2', 0.004911613619073283)	('rDLPFC_to_lIFG_T1', 0.0046103314052546454)	('L_PTL_T1', 0.004494656542605082)	('lSMA_to_lPTL_T1', 0.004426718363777758)	('rIFG_to_lIFG_T1', 0.004293052794772985)	('lSMA_to_lIFG_T2', 0.003732601356049616)	('L_DLPFC_T2', -0.0036483622890464626)	('L_IFGorb', -0.0033068688350487503)	('L_SMA_T2', 0.003087897326794771)	('R_IFGorb_T2', -0.0030840344711419326)	('L_SMA', -0.0029896448474327833)	('rDLPFC_to_lPTL_T1', 0.0029755055305630686)	('lDLPFC_to_lIFG_T2', 0.002833368435671374)	('lDLPFC_to_lPTL_T2', -0.00283315351799153)	('R_DLPFC_T2', 0.0026746573591641745)	('lDLPFC_to_lPTL_T1', -0.002237775043890211)	('R_DLPFC_T1', -0.0017788220753279214)	('lDLPFC_to_lIFG_T1', -0.0013519199372053784)	('L_SMA_T1', 0.0013240295292165241)	('L_PTL', -0.0011294127128819655)	('L_PTL_T2', -0.001069956006650277)	('lIFG_to_lPTL_T2', -0.001051154592740871)	('lPTL_to_lIFG_T2', 0.00035934481924346934)	('R_IFGorb_T1', 8.518594523894554e-05)	
