predictors	pearson_correlation	mean_squared_error	r2	
rois + act_t1 + act_t2 + conn_t1 + conn_t2 + age + T1 + T2	0.05864942412447097	0.07086361603968258	-0.0014173578039391455	('lSMA_to_lIFG_T1', 0.01180127017823912)	('R_DLPFC_T2', -0.011562517184610606)	('rDLPFC_to_lPTL_T2', 0.01120564085979589)	('R_DLPFC_T1', 0.009535061621431196)	('L_IFGorb_T1', 0.009186746547198171)	('L_SMA_T2', 0.00903911210597005)	('lDLPFC_to_lIFG_T2', -0.008476396155385367)	('L_DLPFC', 0.008018919238629225)	('L_PTL_T2', 0.007740758673115712)	('lDLPFC_to_lPTL_T1', -0.00769483368643327)	('rIFG_to_lIFG_T2', -0.004907600699191707)	('T1', -0.004778497564361453)	('lSMA_to_lPTL_T2', 0.004324768073587452)	('T2', 0.004294815221569657)	('rDLPFC_to_lIFG_T2', 0.004288229845350497)	('lPTL_to_lIFG_T2', 0.0036291514139183897)	('R_IFGorb_T2', -0.003622227368636664)	('lPTL_to_lIFG_T1', 0.003553707885088528)	('lDLPFC_to_lPTL_T2', -0.003445994186864801)	('L_PTL_T1', -0.003201159373332893)	('lDLPFC_to_lIFG_T1', -0.0029593839922654394)	('R_IFGorb_T1', 0.0029367911472936593)	('rDLPFC_to_lPTL_T1', -0.002423406486415653)	('L_DLPFC_T1', -0.0022034836693005087)	('rDLPFC_to_lIFG_T1', -0.002123027950788064)	('lIFG_to_lPTL_T1', 0.0019208713019975494)	('lSMA_to_lIFG_T2', 0.001906719540113504)	('L_PTL', 0.0013627228953665752)	('L_SMA', -0.0012623964478792407)	('L_IFGorb_T2', -0.0012142629901204884)	('Age', -0.0010502864763220951)	('lIFG_to_lPTL_T2', 0.000902484141296494)	('L_DLPFC_T2', -0.0007216633541848784)	('lSMA_to_lPTL_T1', 0.0006660158505505547)	('L_IFGorb', 0.0006153618384037827)	('rIFG_to_lIFG_T1', -0.00041299936522408366)	('L_SMA_T1', 0.0002452604717618124)	
