predictors	pearson_correlation	mean_squared_error	r2	
rois + act_t1 + act_t2 + conn_t1 + conn_t2 + age + T1 + T2	0.17431015700920557	0.06871424227803119	0.02895676524562041	('L_DLPFC_T2', 0.0117068542508368)	('R_IFGorb_T2', 0.011086925769807104)	('T2', 0.01005822848031561)	('lSMA_to_lPTL_T2', 0.007891141422743614)	('rDLPFC_to_lIFG_T1', 0.00747902982173557)	('L_SMA_T1', 0.0051973338813317465)	('L_DLPFC', 0.005139150841383458)	('lSMA_to_lIFG_T2', 0.0047231509329447845)	('L_SMA', 0.004685992050372716)	('rIFG_to_lIFG_T2', -0.004534555892328148)	('lSMA_to_lPTL_T1', 0.004424299942635375)	('L_IFGorb_T1', 0.004367207855702435)	('T1', -0.00421884548767165)	('L_SMA_T2', 0.004120346606781451)	('lDLPFC_to_lPTL_T2', -0.0036323166365019987)	('lPTL_to_lIFG_T2', -0.003457185324516485)	('L_PTL_T2', 0.0033899258140885334)	('L_IFGorb', 0.0030794529300170446)	('L_DLPFC_T1', -0.0029759972816972968)	('lDLPFC_to_lIFG_T2', 0.0027469103000854426)	('L_PTL', -0.002536641144243706)	('L_PTL_T1', -0.002305002862773579)	('lSMA_to_lIFG_T1', 0.0022241192239921036)	('R_IFGorb_T1', 0.0019620687256711998)	('Age', 0.0019288201803787882)	('lDLPFC_to_lPTL_T1', -0.001907996235386334)	('rDLPFC_to_lPTL_T2', -0.0017528824420439905)	('rDLPFC_to_lIFG_T2', 0.0016321847170310013)	('lIFG_to_lPTL_T1', -0.001117490338931544)	('lIFG_to_lPTL_T2', -0.0010497964582015082)	('R_DLPFC_T2', -0.000918720458602416)	('rDLPFC_to_lPTL_T1', -0.0009097797223716635)	('lDLPFC_to_lIFG_T1', 0.0008873515656393497)	('lPTL_to_lIFG_T1', 0.00035817244756688294)	('R_DLPFC_T1', -0.0003078843852785504)	('L_IFGorb_T2', 0.00019905037402034916)	('rIFG_to_lIFG_T1', 0.0)	
