predictors	pearson_correlation	mean_squared_error	r2	
rois + act_t1 + act_t2 + conn_t1 + conn_t2 + age + T1 + T2	-0.08686888116893288	0.07587036495251138	-0.07217080714337287	('rDLPFC_to_lPTL_T1', 0.01815404507128607)	('lPTL_to_lIFG_T2', 0.011710607348636756)	('T2', -0.010623930548459642)	('lDLPFC_to_lPTL_T2', 0.010270535738364487)	('rDLPFC_to_lPTL_T2', -0.009968221343969757)	('lDLPFC_to_lPTL_T1', 0.008873272146010547)	('rDLPFC_to_lIFG_T1', 0.007981598178685283)	('lIFG_to_lPTL_T1', -0.007904627924064827)	('lIFG_to_lPTL_T2', -0.006287911862818641)	('rIFG_to_lIFG_T2', 0.005367258261034956)	('L_IFGorb_T2', 0.004983949726581917)	('lSMA_to_lIFG_T2', 0.004911245732951327)	('L_PTL_T1', 0.004507714174441812)	('L_DLPFC', 0.004389972362922568)	('lDLPFC_to_lIFG_T1', 0.004229870711159235)	('R_IFGorb_T1', -0.004131899268481256)	('Age', 0.003896861977284274)	('L_SMA', 0.0030710739349824006)	('lDLPFC_to_lIFG_T2', -0.002646188342511606)	('T1', -0.002198308680832824)	('L_SMA_T1', 0.001336233940645313)	('L_PTL', -0.0013150215960699252)	('L_SMA_T2', 0.001183442444965635)	('lSMA_to_lPTL_T2', 0.0011778658229380445)	('L_PTL_T2', -0.0011516451253858419)	('lSMA_to_lIFG_T1', 0.0010491319090916481)	('R_IFGorb_T2', 0.0010133808122804267)	('lSMA_to_lPTL_T1', 0.0010009912825111775)	('L_DLPFC_T1', 0.0009123495146208174)	('rDLPFC_to_lIFG_T2', 0.0009075530694622774)	('R_DLPFC_T2', -0.0008959965005262304)	('L_IFGorb', -0.000843404454795659)	('L_IFGorb_T1', 0.0008348098165192058)	('R_DLPFC_T1', 0.0006742991567307931)	('lPTL_to_lIFG_T1', -0.0006422601683163275)	('L_DLPFC_T2', -0.00022293230809582903)	('rIFG_to_lIFG_T1', 6.731335254969108e-06)	
