predictors	pearson_correlation	mean_squared_error	r2	
rois + act_t1 + act_t2 + conn_t1 + conn_t2 + age + T1 + T2	-0.18134679418597163	0.07798473202123553	-0.10205022907696004	('lSMA_to_lIFG_T2', 0.016037956166111856)	('L_SMA_T1', 0.008453495761741283)	('lDLPFC_to_lIFG_T2', 0.0076912561589382285)	('R_IFGorb_T1', -0.006938435779876961)	('R_IFGorb_T2', 0.0058957905860905395)	('lSMA_to_lPTL_T1', -0.005698352771393881)	('L_DLPFC_T1', -0.00565792745311629)	('lPTL_to_lIFG_T1', 0.005396505593212622)	('L_DLPFC', 0.0048035302227321585)	('L_PTL', -0.004798670372954631)	('lDLPFC_to_lIFG_T1', 0.004596643265478069)	('rDLPFC_to_lPTL_T2', 0.004227182381657515)	('rIFG_to_lIFG_T2', 0.004161376569898069)	('rDLPFC_to_lIFG_T2', 0.004079293875716201)	('L_IFGorb_T1', -0.00374369253507877)	('lDLPFC_to_lPTL_T2', 0.003297330369234857)	('lPTL_to_lIFG_T2', -0.003215674368931035)	('rIFG_to_lIFG_T1', -0.0031928424509000634)	('T2', 0.0031885133046916578)	('L_DLPFC_T2', -0.003088790650243325)	('L_IFGorb_T2', 0.0028364511683858272)	('L_PTL_T2', 0.0027524820006067582)	('L_SMA_T2', 0.002480602076914784)	('T1', 0.0024676009900928605)	('rDLPFC_to_lIFG_T1', 0.0020580965447160047)	('R_DLPFC_T1', -0.0016833204257539734)	('lSMA_to_lIFG_T1', 0.0015386906119488457)	('rDLPFC_to_lPTL_T1', 0.0014738799233548448)	('L_IFGorb', 0.001285012608337476)	('lSMA_to_lPTL_T2', -0.0008459630063336341)	('R_DLPFC_T2', 0.0005617607186579396)	('L_PTL_T1', -0.00048827880580209885)	('Age', 0.0003484770117339503)	('L_SMA', 0.00034817306158638813)	('lIFG_to_lPTL_T1', 0.00021283532792043747)	('lIFG_to_lPTL_T2', 0.00011649700051059186)	('lDLPFC_to_lPTL_T1', 5.1210241933430564e-05)	
