predictors	pearson_correlation	mean_squared_error	r2	
rois + act_t1 + act_t2 + conn_t1 + conn_t2 + age + T1 + T2	0.07723040937552429	0.07308757354499056	-0.03284546962350254	('R_DLPFC_T1', 0.011026112887448378)	('lSMA_to_lPTL_T1', 0.010229366315564533)	('lIFG_to_lPTL_T2', 0.00827093664832634)	('L_DLPFC_T2', 0.008262981918316994)	('rDLPFC_to_lIFG_T1', 0.007017782694090028)	('T1', 0.006819494131442555)	('rDLPFC_to_lPTL_T1', 0.006315146886924817)	('lSMA_to_lIFG_T1', 0.006242087219099724)	('lIFG_to_lPTL_T1', 0.0060861183820215175)	('L_IFGorb_T2', 0.006085619566872704)	('lDLPFC_to_lIFG_T1', 0.005833966546095105)	('L_DLPFC_T1', 0.004854428087727401)	('rDLPFC_to_lPTL_T2', -0.004437828209900034)	('L_DLPFC', -0.004419455768515984)	('L_SMA_T2', -0.004116438609102114)	('rIFG_to_lIFG_T2', -0.004001799355919053)	('L_SMA', -0.0036702359947032486)	('L_IFGorb', 0.0034887731195501143)	('L_PTL', -0.003217889545408535)	('L_PTL_T1', -0.003173867263720885)	('R_DLPFC_T2', 0.0030815984515120943)	('lPTL_to_lIFG_T2', 0.0030650925805659744)	('lSMA_to_lIFG_T2', 0.0030180788512362278)	('L_PTL_T2', 0.00216458006314751)	('L_IFGorb_T1', 0.0021496490838061274)	('lDLPFC_to_lPTL_T2', 0.002040178991078264)	('lPTL_to_lIFG_T1', -0.0017965047495140875)	('lSMA_to_lPTL_T2', -0.0015960015315131413)	('T2', 0.001565335659494653)	('lDLPFC_to_lPTL_T1', 0.0015406084111302446)	('L_SMA_T1', 0.0015260211565827813)	('R_IFGorb_T2', -0.001230999550442746)	('rIFG_to_lIFG_T1', -0.0011178355317557928)	('Age', -0.0010612367591063885)	('lDLPFC_to_lIFG_T2', 0.0010579091864968857)	('R_IFGorb_T1', -0.0006244742671073097)	('rDLPFC_to_lIFG_T2', -0.0004349725111434808)	
