predictors	pearson_correlation	mean_squared_error	r2	
rois + act_t1 + act_t2 + conn_t1 + conn_t2 + age + T1 + T2	-0.0347093390932203	0.07520916134979388	-0.06282693222125446	('lSMA_to_lIFG_T2', 0.015121539610266308)	('L_SMA', 0.015037713191468684)	('R_IFGorb_T1', -0.014505955603217715)	('L_PTL_T1', 0.012129505454894505)	('lDLPFC_to_lPTL_T1', 0.010716975645067902)	('L_SMA_T2', -0.010533023901659304)	('lIFG_to_lPTL_T2', -0.010117264791531525)	('L_PTL_T2', 0.00813462383908504)	('R_IFGorb_T2', 0.007642481596823309)	('lSMA_to_lPTL_T2', 0.0072624790683089024)	('R_DLPFC_T2', 0.007059249474742105)	('rDLPFC_to_lIFG_T2', 0.0070487296322748125)	('L_IFGorb', 0.007045675626783674)	('lDLPFC_to_lIFG_T1', 0.006045282515809211)	('lPTL_to_lIFG_T1', -0.006042819237403166)	('L_IFGorb_T1', 0.005925293810107057)	('lSMA_to_lPTL_T1', 0.0056763390788097685)	('rDLPFC_to_lIFG_T1', -0.005286253774839296)	('L_DLPFC', 0.004923540511769146)	('lPTL_to_lIFG_T2', -0.003794061506391256)	('lDLPFC_to_lPTL_T2', 0.0037313859081101624)	('lDLPFC_to_lIFG_T2', 0.0029254028662616953)	('L_DLPFC_T1', -0.0027433374248251015)	('T1', -0.0026061782475574175)	('rIFG_to_lIFG_T2', -0.002414824005824206)	('lIFG_to_lPTL_T1', 0.0023868992292081035)	('rIFG_to_lIFG_T1', -0.002315005156412928)	('T2', 0.0022757308979181475)	('L_DLPFC_T2', -0.0019403888171563685)	('L_SMA_T1', 0.0015282034096091174)	('L_IFGorb_T2', -0.0012281671664673293)	('R_DLPFC_T1', -0.0009338480630676686)	('rDLPFC_to_lPTL_T1', 0.0006831546207731241)	('Age', -0.0005111030699304351)	('L_PTL', -0.00046011656373433384)	('rDLPFC_to_lPTL_T2', 0.0002566413948263114)	('lSMA_to_lIFG_T1', 7.096981709548222e-05)	
