predictors	pearson_correlation	mean_squared_error	r2	
rois + act_t1 + act_t2 + conn_t1 + conn_t2 + age + T1 + T2	-0.04573510510332899	0.0757201273683189	-0.07004770740597555	('lPTL_to_lIFG_T2', 0.025656122524236668)	('rDLPFC_to_lIFG_T1', 0.013860937290642266)	('rDLPFC_to_lPTL_T2', 0.013505883584338636)	('L_PTL_T2', -0.010060232225400654)	('lSMA_to_lIFG_T2', 0.009873817637736522)	('T1', -0.009630536144011779)	('L_PTL', -0.009624729556555302)	('lSMA_to_lPTL_T1', 0.009006185061800823)	('lSMA_to_lIFG_T1', 0.00830495634326856)	('lSMA_to_lPTL_T2', 0.007982565481599186)	('rIFG_to_lIFG_T1', 0.007826284113195435)	('L_DLPFC', 0.006917326748664214)	('L_DLPFC_T1', 0.006458637227820926)	('lDLPFC_to_lIFG_T1', 0.005925657292681401)	('L_SMA', -0.005676680946255118)	('rDLPFC_to_lIFG_T2', -0.005056002711812809)	('R_IFGorb_T2', 0.0047648549006038075)	('lDLPFC_to_lPTL_T2', 0.0037074218383493676)	('lPTL_to_lIFG_T1', 0.0035196559536307564)	('lDLPFC_to_lIFG_T2', -0.0035077448448059306)	('L_DLPFC_T2', -0.003506051665121568)	('rIFG_to_lIFG_T2', 0.0033569822675748777)	('L_SMA_T2', 0.0033508870149701595)	('L_PTL_T1', 0.003232867084751087)	('lIFG_to_lPTL_T2', 0.0029839877164404777)	('R_DLPFC_T2', 0.002714576826894119)	('Age', 0.002670969506073021)	('L_IFGorb', -0.0023811072492247753)	('L_SMA_T1', 0.0019191994088616142)	('lDLPFC_to_lPTL_T1', -0.0019002493616134541)	('L_IFGorb_T1', 0.001451592038113017)	('lIFG_to_lPTL_T1', 0.0014314969681116579)	('L_IFGorb_T2', -0.001097558468313442)	('T2', -0.0005152717750589236)	('rDLPFC_to_lPTL_T1', -0.00023701886567905885)	('R_DLPFC_T1', -0.00016265578192889023)	('R_IFGorb_T1', 0.00010922374926620506)	
