predictors	pearson_correlation	mean_squared_error	r2	
rois + act_t1 + act_t2 + conn_t1 + conn_t2 + age + T1 + T2	0.05981684140674758	0.07301539501208437	-0.031825470366442454	('rIFG_to_lIFG_T2', 0.014451512658660997)	('lDLPFC_to_lIFG_T2', 0.01284103916288889)	('L_SMA', 0.009564227722587713)	('rDLPFC_to_lPTL_T2', 0.009386066573904898)	('lPTL_to_lIFG_T1', 0.008386915835998788)	('L_IFGorb_T1', 0.008368763650827268)	('rDLPFC_to_lIFG_T2', 0.008249392013696333)	('lDLPFC_to_lIFG_T1', -0.007766978555641394)	('T1', 0.007572148373291783)	('lSMA_to_lIFG_T2', 0.00756709873640986)	('L_SMA_T1', 0.007354218725279399)	('L_DLPFC', 0.004891797371953915)	('L_PTL', 0.003721892932694134)	('lPTL_to_lIFG_T2', -0.0036944627409712673)	('lIFG_to_lPTL_T2', -0.0036022012488077697)	('lDLPFC_to_lPTL_T2', 0.0033907121055362557)	('Age', -0.0033121915763434434)	('rDLPFC_to_lIFG_T1', 0.003088643249191393)	('lSMA_to_lPTL_T2', 0.002704937116276807)	('L_PTL_T1', 0.002636125500868931)	('L_IFGorb_T2', 0.002624167041426877)	('lSMA_to_lPTL_T1', -0.0025919536593107272)	('lSMA_to_lIFG_T1', -0.00252298320349664)	('R_DLPFC_T1', 0.0024879901253110426)	('rIFG_to_lIFG_T1', -0.0023233855462738203)	('rDLPFC_to_lPTL_T1', -0.00212388443054435)	('R_IFGorb_T2', -0.0016650980598877526)	('T2', 0.0010184160423179595)	('L_SMA_T2', -0.0010003097400703496)	('L_DLPFC_T1', -0.0006888356031317864)	('R_DLPFC_T2', -0.000681694336020761)	('L_DLPFC_T2', -0.000629111958102649)	('L_PTL_T2', -0.0004049470087810489)	('lDLPFC_to_lPTL_T1', -0.0003886157228473477)	('L_IFGorb', -0.0003745253681929872)	('lIFG_to_lPTL_T1', 0.00024229345613273855)	('R_IFGorb_T1', 0.00011551871042332786)	
