predictors	pearson_correlation	mean_squared_error	r2	
rois + act_t1 + act_t2 + conn_t1 + conn_t2 + age + T1 + T2	-0.025764532890925874	0.08036872319083	-0.13573987506886542	('L_DLPFC_T2', 0.026972002431717847)	('T2', -0.02168405304136548)	('lPTL_to_lIFG_T2', -0.01548244191637844)	('T1', 0.0150466041470792)	('L_PTL', -0.0137839480072373)	('L_SMA', 0.013465143740981343)	('L_DLPFC', 0.013319355655363274)	('R_IFGorb_T2', -0.012515816026401429)	('lIFG_to_lPTL_T2', 0.012280519269341015)	('lDLPFC_to_lIFG_T1', 0.012084193622629944)	('rDLPFC_to_lIFG_T1', 0.011137946951362963)	('L_PTL_T2', 0.010967642146505998)	('L_IFGorb', 0.01047343448080005)	('lPTL_to_lIFG_T1', 0.01044756246200652)	('L_IFGorb_T2', -0.009020028381888832)	('rDLPFC_to_lIFG_T2', 0.00823787626131904)	('lDLPFC_to_lIFG_T2', 0.008112460114014345)	('R_IFGorb_T1', 0.007085295322290584)	('Age', 0.0068992265190210705)	('L_DLPFC_T1', -0.006869723019625757)	('lSMA_to_lIFG_T2', 0.006611145558619879)	('lDLPFC_to_lPTL_T2', 0.005548685218102462)	('L_IFGorb_T1', -0.00554164766785492)	('lSMA_to_lIFG_T1', 0.005336597691149246)	('L_PTL_T1', -0.005273366937996646)	('lSMA_to_lPTL_T2', -0.005236257913520686)	('lIFG_to_lPTL_T1', 0.004816946170357001)	('R_DLPFC_T2', 0.004128252916711641)	('R_DLPFC_T1', -0.0034338705153424314)	('L_SMA_T2', -0.003361785423654622)	('rDLPFC_to_lPTL_T2', -0.0020208399436423764)	('rIFG_to_lIFG_T2', -0.001951514799706051)	('rDLPFC_to_lPTL_T1', -0.0018452512169103846)	('L_SMA_T1', -0.001138166818682706)	('lSMA_to_lPTL_T1', 0.001114583901498847)	('lDLPFC_to_lPTL_T1', 0.0007999783601939583)	('rIFG_to_lIFG_T1', 0.0007221052631181355)	
