predictors	pearson_correlation	mean_squared_error	r2	
rois + act_t1 + act_t2 + conn_t1 + conn_t2 + age + T1 + T2	0.13182239136653368	0.07015283588044494	0.008627113940836595	('T2', 0.013048313179045187)	('lSMA_to_lIFG_T1', 0.009857662715973766)	('L_IFGorb_T1', 0.00865265642501439)	('L_DLPFC_T1', 0.008634414185939457)	('lPTL_to_lIFG_T2', 0.008553952895504825)	('L_SMA_T2', 0.008459075856364559)	('L_SMA', 0.008269394435038926)	('L_DLPFC_T2', -0.008173641986979379)	('L_IFGorb_T2', -0.00782007062896072)	('T1', 0.00767730982857368)	('R_DLPFC_T2', -0.0074522122002831735)	('L_PTL_T1', 0.0073889464129546605)	('lIFG_to_lPTL_T1', 0.007134769242089862)	('R_IFGorb_T2', 0.005979753254630678)	('Age', 0.005924318280511541)	('lDLPFC_to_lIFG_T1', -0.005919809781293591)	('lIFG_to_lPTL_T2', 0.005209622419006175)	('L_SMA_T1', -0.004758819813402527)	('lSMA_to_lPTL_T2', -0.004054650774663684)	('lSMA_to_lPTL_T1', -0.003481222800700864)	('L_PTL_T2', 0.00346059477006058)	('L_DLPFC', 0.003437424470858821)	('lDLPFC_to_lPTL_T1', -0.0033503350041485316)	('R_IFGorb_T1', 0.0033155602757083402)	('L_IFGorb', -0.0030929787520665433)	('R_DLPFC_T1', 0.0029381474661458224)	('lDLPFC_to_lIFG_T2', 0.00288210939446356)	('lPTL_to_lIFG_T1', 0.0024157116465058936)	('rDLPFC_to_lPTL_T2', 0.002194759494029746)	('lSMA_to_lIFG_T2', 0.002042626579539666)	('rIFG_to_lIFG_T1', 0.0011592764491695532)	('rDLPFC_to_lPTL_T1', 0.0009913341374033146)	('rDLPFC_to_lIFG_T2', 0.0008367849283189251)	('rDLPFC_to_lIFG_T1', -0.00029529563648752685)	('rIFG_to_lIFG_T2', -0.0002567343198865124)	('L_PTL', 6.801543075544879e-05)	('lDLPFC_to_lPTL_T2', -3.290074593023121e-05)	
