predictors	pearson_correlation	mean_squared_error	r2	
rois + act_t1 + act_t2 + conn_t1 + conn_t2 + age + T1 + T2	0.026029862230225895	0.07142397046446719	-0.009336070944224284	('rIFG_to_lIFG_T2', -0.016272693078494826)	('lDLPFC_to_lPTL_T2', 0.013891939775265368)	('lIFG_to_lPTL_T2', 0.012965599926114202)	('R_IFGorb_T1', 0.012920947948999681)	('lPTL_to_lIFG_T2', -0.01248822556987538)	('L_SMA', -0.011579113394890246)	('L_DLPFC_T1', 0.01117649380723658)	('L_DLPFC_T2', 0.009735183865868439)	('lSMA_to_lIFG_T1', 0.009723563840625882)	('rIFG_to_lIFG_T1', 0.009249765184024959)	('Age', -0.00909812085373691)	('L_SMA_T2', 0.007232269890950264)	('L_IFGorb', 0.007072561525927626)	('L_PTL', -0.00690479678566986)	('L_IFGorb_T2', -0.006527467083576179)	('lSMA_to_lPTL_T2', -0.0060476935005324755)	('T1', 0.005778051718331014)	('lDLPFC_to_lIFG_T2', 0.005731073005708508)	('rDLPFC_to_lPTL_T1', -0.005516674996034459)	('L_SMA_T1', -0.005362693171341703)	('L_PTL_T2', -0.004909019306812015)	('rDLPFC_to_lPTL_T2', -0.0044986095273273135)	('L_IFGorb_T1', 0.00411238501727294)	('R_DLPFC_T2', 0.0035211469498812975)	('rDLPFC_to_lIFG_T2', 0.0033844563367533614)	('lDLPFC_to_lPTL_T1', 0.0028156015158788)	('lSMA_to_lIFG_T2', -0.0027823089509268354)	('T2', -0.0026600507948132037)	('R_IFGorb_T2', 0.0021248275235766353)	('L_DLPFC', 0.002090727474821045)	('rDLPFC_to_lIFG_T1', 0.002004678391701932)	('R_DLPFC_T1', -0.0017058050260111612)	('lDLPFC_to_lIFG_T1', 0.0009529922321604339)	('lPTL_to_lIFG_T1', 0.0008059006132293562)	('L_PTL_T1', -0.0006037822364730699)	('lIFG_to_lPTL_T1', 0.00014040198447643672)	('lSMA_to_lPTL_T1', 3.663187579055225e-06)	
