predictors	pearson_correlation	mean_squared_error	r2	
rois + act_t1 + act_t2 + conn_t1 + conn_t2 + age + T1 + T2	-0.03844499521900361	0.07306238494260735	-0.03248951398568645	('rDLPFC_to_lIFG_T2', 0.01280327035714752)	('rIFG_to_lIFG_T2', 0.010628759019880314)	('lPTL_to_lIFG_T2', 0.01052303955323154)	('T2', 0.007530003864401845)	('lDLPFC_to_lPTL_T2', 0.007401229064269764)	('lSMA_to_lIFG_T1', -0.006675828749633943)	('lDLPFC_to_lIFG_T2', 0.006283482021683831)	('rDLPFC_to_lIFG_T1', 0.0060655183776242095)	('L_SMA_T1', -0.0056372282937274054)	('L_IFGorb_T1', -0.004775013972104061)	('L_DLPFC', 0.004752088976194162)	('lPTL_to_lIFG_T1', 0.004728644666909938)	('R_DLPFC_T1', -0.004702070368211831)	('lIFG_to_lPTL_T2', 0.004698375304780239)	('rIFG_to_lIFG_T1', 0.004481791237754321)	('Age', 0.004455528653537502)	('lSMA_to_lPTL_T1', -0.0043983743680254825)	('R_DLPFC_T2', -0.004356857960056749)	('rDLPFC_to_lPTL_T2', -0.004033233755607689)	('lDLPFC_to_lIFG_T1', -0.0039044448271421755)	('R_IFGorb_T1', 0.003877225189495925)	('L_SMA_T2', -0.0037177399172182916)	('lSMA_to_lIFG_T2', 0.003616894038003244)	('lSMA_to_lPTL_T2', -0.0032238517446986845)	('lIFG_to_lPTL_T1', -0.0029278963401952124)	('L_PTL', 0.0028486250947642273)	('T1', 0.0024678239551690494)	('rDLPFC_to_lPTL_T1', 0.0022334168212724726)	('L_PTL_T2', 0.001904621704978218)	('L_DLPFC_T1', -0.0016830468606142226)	('L_DLPFC_T2', -0.0013746004139252852)	('L_SMA', 0.0013347364621276443)	('L_IFGorb', -0.0010300230510344073)	('L_IFGorb_T2', 0.0009806240840271583)	('R_IFGorb_T2', -0.0002991247000544523)	('L_PTL_T1', 9.671538731096626e-05)	('lDLPFC_to_lPTL_T1', 4.0292612347471545e-06)	
