predictors	pearson_correlation	mean_squared_error	r2	
rois + act_t1 + act_t2 + conn_t1 + conn_t2 + age + T1 + T2	-0.10667682298674488	0.07648430154760612	-0.08084672289927552	('lSMA_to_lIFG_T2', 0.015751737673851286)	('lDLPFC_to_lIFG_T1', 0.012890267000242038)	('L_IFGorb_T2', 0.011869008739723361)	('L_PTL_T2', 0.011550175696986418)	('rDLPFC_to_lIFG_T2', 0.010541062021996846)	('lIFG_to_lPTL_T1', -0.010334677958229937)	('L_SMA_T1', -0.009270461096877092)	('rDLPFC_to_lIFG_T1', 0.008481880200899908)	('L_PTL', -0.00827695556238986)	('R_DLPFC_T1', 0.008185799819662304)	('R_IFGorb_T1', 0.008079631144010996)	('lDLPFC_to_lPTL_T1', 0.0074641319887399854)	('R_DLPFC_T2', 0.006600919043706432)	('lIFG_to_lPTL_T2', -0.006373952553536784)	('L_DLPFC', -0.005528913605629264)	('lSMA_to_lPTL_T2', 0.005283396358072865)	('R_IFGorb_T2', -0.004832013724827214)	('L_DLPFC_T1', -0.004814730315489536)	('L_PTL_T1', 0.004393168910380389)	('lSMA_to_lIFG_T1', -0.004332065922161212)	('Age', -0.003859473566768815)	('rDLPFC_to_lPTL_T1', 0.003530552393088759)	('L_IFGorb', 0.0034932616803591467)	('L_SMA', 0.0034308489574899313)	('lPTL_to_lIFG_T2', -0.0031266304062973686)	('T2', -0.0027991947835816237)	('lSMA_to_lPTL_T1', -0.0024397443771711166)	('L_SMA_T2', -0.002411077938951212)	('rDLPFC_to_lPTL_T2', 0.002228226183294757)	('L_DLPFC_T2', 0.002038222461911041)	('rIFG_to_lIFG_T1', 0.0015559902426001049)	('lDLPFC_to_lIFG_T2', 0.001444321150073671)	('T1', -0.0013881125757714027)	('L_IFGorb_T1', -0.0012727785264208106)	('lDLPFC_to_lPTL_T2', 0.0008325858847550113)	('rIFG_to_lIFG_T2', 0.0005791146339846521)	('lPTL_to_lIFG_T1', -0.0003426632713971493)	
