predictors	pearson_correlation	mean_squared_error	r2	
rois + act_t1 + act_t2 + conn_t1 + conn_t2 + age + T1 + T2	0.08125561220276914	0.07398553821841136	-0.0455351609053416	('lSMA_to_lPTL_T2', 0.024578411465051225)	('lIFG_to_lPTL_T2', 0.011939759867019768)	('rDLPFC_to_lPTL_T2', 0.011205033566877048)	('lPTL_to_lIFG_T2', -0.01092958851427986)	('L_DLPFC_T1', -0.010693707429252214)	('lDLPFC_to_lIFG_T1', 0.010526549168891758)	('L_PTL', -0.008825874746294152)	('R_DLPFC_T1', 0.00880322279453525)	('L_PTL_T2', -0.007362659934634625)	('rIFG_to_lIFG_T1', 0.007306245746411025)	('lIFG_to_lPTL_T1', 0.006962788186880369)	('L_SMA_T2', -0.006718841202086369)	('L_SMA_T1', -0.006212725810219618)	('lSMA_to_lIFG_T1', -0.005249982007360948)	('L_DLPFC_T2', 0.0048058897485687745)	('rDLPFC_to_lIFG_T2', 0.00475803547293477)	('lPTL_to_lIFG_T1', 0.00419835159229197)	('L_IFGorb', -0.0041945414305488305)	('L_IFGorb_T2', -0.004189277410011887)	('L_SMA', 0.0036390416705198714)	('Age', -0.0025982707609915044)	('R_IFGorb_T2', 0.002406069234814944)	('rIFG_to_lIFG_T2', 0.002383020930479475)	('L_PTL_T1', 0.0023054901315405977)	('R_IFGorb_T1', -0.002302395463476476)	('T1', -0.002271948089736505)	('lSMA_to_lPTL_T1', -0.0017779125025088984)	('L_DLPFC', 0.0017312771955905705)	('lDLPFC_to_lIFG_T2', 0.0016344616333516817)	('T2', -0.001610926467929661)	('R_DLPFC_T2', 0.001393718313143662)	('lDLPFC_to_lPTL_T1', 0.0013256523562833447)	('rDLPFC_to_lIFG_T1', 0.0013107375940568243)	('L_IFGorb_T1', 0.0012956550433602448)	('rDLPFC_to_lPTL_T1', -0.0008916561721947154)	('lSMA_to_lIFG_T2', 0.0006287940648846286)	('lDLPFC_to_lPTL_T2', -0.0006040304310907183)	
