predictors	pearson_correlation	mean_squared_error	r2	
rois + act_t1 + act_t2 + conn_t1 + conn_t2 + age + T1 + T2	0.07829539304797346	0.07810184505236728	-0.10370522537484428	('L_SMA_T2', 0.017755231674897204)	('Age', 0.013046978295334431)	('R_IFGorb_T2', -0.011667989631959239)	('L_DLPFC', 0.011661427057444046)	('T1', 0.011193888588746485)	('rIFG_to_lIFG_T1', 0.010666361864399735)	('L_IFGorb_T2', 0.010573554883220239)	('lPTL_to_lIFG_T2', -0.009087628807169689)	('L_PTL_T1', 0.008155233092702881)	('rDLPFC_to_lPTL_T1', 0.007845727597275597)	('rDLPFC_to_lIFG_T2', 0.0077124419698399735)	('lSMA_to_lPTL_T2', 0.00770437521246945)	('rDLPFC_to_lPTL_T2', -0.007516785343366433)	('L_IFGorb_T1', -0.0075130573982818616)	('L_IFGorb', 0.007357870637593512)	('lIFG_to_lPTL_T2', 0.006991593797243277)	('rDLPFC_to_lIFG_T1', -0.006764552501087938)	('lSMA_to_lIFG_T2', -0.006532846686982237)	('lSMA_to_lPTL_T1', 0.005486579469589277)	('R_DLPFC_T2', 0.005273949297010184)	('lDLPFC_to_lIFG_T2', 0.005219648710439859)	('L_DLPFC_T1', 0.004794446912135658)	('L_DLPFC_T2', 0.0046277662154112316)	('lDLPFC_to_lIFG_T1', -0.004365656794899639)	('rIFG_to_lIFG_T2', -0.004177749010957307)	('lSMA_to_lIFG_T1', -0.004006177259676148)	('L_PTL', -0.002975704718209982)	('lIFG_to_lPTL_T1', -0.0027670537355925897)	('lPTL_to_lIFG_T1', -0.0024566846541648926)	('R_IFGorb_T1', -0.0024013923184228654)	('L_SMA_T1', 0.002051481861990085)	('lDLPFC_to_lPTL_T2', -0.0019698870101565033)	('L_PTL_T2', 0.0018782112080126723)	('R_DLPFC_T1', -0.0018473513437884744)	('lDLPFC_to_lPTL_T1', 0.0010470421576570888)	('T2', -0.0009317182326482812)	('L_SMA', 0.0002112674831635428)	
