predictors	pearson_correlation	mean_squared_error	r2	
rois + act_t1 + act_t2 + conn_t1 + conn_t2 + age + T1 + T2	-0.3626146191523328	0.08762676291973036	-0.23830770005935498	('L_SMA', -0.015504850105786892)	('L_PTL_T1', -0.012087164467840422)	('lSMA_to_lPTL_T1', 0.010910437503648923)	('lDLPFC_to_lIFG_T2', 0.009465256202156108)	('L_IFGorb_T2', 0.0078506790285935)	('lDLPFC_to_lIFG_T1', -0.007579963108358758)	('rDLPFC_to_lPTL_T1', 0.00738523157779974)	('rDLPFC_to_lIFG_T1', 0.007345121060277844)	('rDLPFC_to_lIFG_T2', 0.006724306635834999)	('L_IFGorb_T1', -0.0063003644036487595)	('L_DLPFC_T1', 0.006079024001591689)	('lDLPFC_to_lPTL_T2', 0.005320829708479862)	('T1', 0.00524519211903319)	('lIFG_to_lPTL_T2', 0.005112531605636928)	('R_IFGorb_T1', -0.005098077844017214)	('R_DLPFC_T1', -0.0044900269308493805)	('L_PTL_T2', 0.004454300194961586)	('lPTL_to_lIFG_T2', 0.0041402995969140495)	('R_IFGorb_T2', 0.0037980095675880536)	('T2', -0.003466957791536688)	('lDLPFC_to_lPTL_T1', 0.003301053475920538)	('rIFG_to_lIFG_T2', -0.0030665228834665962)	('R_DLPFC_T2', 0.002965725861625789)	('L_SMA_T1', -0.002630788783388094)	('lPTL_to_lIFG_T1', 0.002464917707680478)	('lSMA_to_lIFG_T1', -0.002365274888517068)	('rDLPFC_to_lPTL_T2', -0.0023636998791059733)	('lSMA_to_lIFG_T2', 0.0017926926720025287)	('lSMA_to_lPTL_T2', -0.0017488323081727803)	('rIFG_to_lIFG_T1', 0.0015476004188314505)	('lIFG_to_lPTL_T1', -0.0014984150132899118)	('Age', 0.0014966202108832088)	('L_DLPFC_T2', 0.0012990891716840186)	('L_IFGorb', -0.0009598977697212581)	('L_DLPFC', 0.000581756642936668)	('L_SMA_T2', 0.0003832279281555458)	('L_PTL', -0.0003028989979058873)	
