predictors	pearson_correlation	mean_squared_error	r2	
rois + act_t1 + act_t2 + conn_t1 + conn_t2 + age + T1 + T2	-0.04137580494761689	0.07413166818783079	-0.047600213411129966	('lSMA_to_lIFG_T2', 0.009129657660177176)	('R_DLPFC_T1', 0.00778040682787389)	('lSMA_to_lIFG_T1', -0.00769863565516983)	('lPTL_to_lIFG_T1', 0.0067189860535000895)	('L_SMA_T1', -0.0066902682979091)	('lDLPFC_to_lIFG_T1', 0.004481533169147915)	('L_DLPFC', 0.004053905904890195)	('lDLPFC_to_lPTL_T2', -0.0038028861247726784)	('L_DLPFC_T2', 0.003593725941888034)	('lSMA_to_lPTL_T2', 0.0031019249040540116)	('L_SMA', 0.003073244676358596)	('Age', -0.0028116522224261743)	('lIFG_to_lPTL_T1', 0.0027374376880114327)	('rDLPFC_to_lIFG_T1', 0.0026011303086852836)	('rIFG_to_lIFG_T1', -0.002489801495758999)	('R_IFGorb_T1', -0.002359053097155948)	('L_SMA_T2', 0.0022300223054508538)	('L_PTL_T2', 0.002165203404597608)	('lSMA_to_lPTL_T1', 0.002129720407535305)	('R_DLPFC_T2', -0.0020746764859241166)	('L_DLPFC_T1', 0.0017956182426323243)	('rDLPFC_to_lPTL_T1', -0.0016848388777298466)	('lPTL_to_lIFG_T2', 0.0016429914638836321)	('rIFG_to_lIFG_T2', 0.0014218186997588189)	('rDLPFC_to_lIFG_T2', -0.0014057344535372157)	('L_PTL_T1', 0.0012985268895867354)	('L_IFGorb_T2', 0.0011505732600734576)	('lDLPFC_to_lPTL_T1', 0.0011026221433063162)	('T1', 0.0009874160642596014)	('L_IFGorb_T1', -0.0009448826738113924)	('T2', 0.0008657374422703874)	('rDLPFC_to_lPTL_T2', -0.0007588601300611932)	('lIFG_to_lPTL_T2', -0.000731270754360972)	('R_IFGorb_T2', -0.0006499659036929802)	('L_PTL', 0.0006103534633403127)	('L_IFGorb', 0.0005673899598708826)	('lDLPFC_to_lIFG_T2', -0.0002725578949475028)	
