predictors	pearson_correlation	mean_squared_error	r2	
rois + act_t1 + act_t2 + conn_t1 + conn_t2 + age + T1 + T2	-0.014006917390104377	0.07511252817562479	-0.06146134938254599	('lSMA_to_lIFG_T2', 0.018994895207554558)	('L_DLPFC_T2', -0.018340158014732637)	('T1', -0.010546718149485858)	('R_DLPFC_T2', 0.01026577487882678)	('L_IFGorb_T1', 0.009618892380073792)	('lSMA_to_lIFG_T1', 0.008392159955051557)	('R_DLPFC_T1', -0.008192261349891924)	('L_IFGorb', 0.008074328199699107)	('lDLPFC_to_lIFG_T1', 0.00775112739037091)	('rIFG_to_lIFG_T1', 0.006672510617381046)	('lIFG_to_lPTL_T1', 0.0063831518692628025)	('L_SMA', 0.00630260828184064)	('rDLPFC_to_lIFG_T1', -0.006288003375648266)	('lDLPFC_to_lPTL_T1', 0.006049250411681688)	('rDLPFC_to_lPTL_T1', -0.005861581801123025)	('lPTL_to_lIFG_T1', -0.005282424437792783)	('L_DLPFC', -0.0049538984038259406)	('L_PTL_T1', 0.004862514634893836)	('rDLPFC_to_lIFG_T2', 0.003999781826379351)	('L_PTL_T2', 0.003959109808102214)	('lDLPFC_to_lPTL_T2', -0.0030176406152911)	('lPTL_to_lIFG_T2', 0.002746242541690163)	('rIFG_to_lIFG_T2', 0.002709833939998046)	('lIFG_to_lPTL_T2', -0.0022066660744986645)	('L_PTL', 0.002185461543271732)	('L_SMA_T1', 0.0021057322943473147)	('lSMA_to_lPTL_T2', -0.0020528874699408135)	('lDLPFC_to_lIFG_T2', 0.0018961039654005643)	('R_IFGorb_T1', -0.0015255960916926291)	('L_SMA_T2', 0.0014697655332765417)	('Age', -0.0013236633297839257)	('rDLPFC_to_lPTL_T2', 0.0012845388115867225)	('T2', 0.0008507861464165429)	('lSMA_to_lPTL_T1', 0.0008477505557381676)	('L_IFGorb_T2', 0.000609033226369715)	('L_DLPFC_T1', 0.00040312819377267113)	('R_IFGorb_T2', 0.0003346962633391408)	
