predictors	pearson_correlation	mean_squared_error	r2	
rois + act_t1 + act_t2 + conn_t1 + conn_t2 + age + T1 + T2	0.029812566730572275	0.07350737511072988	-0.03877794383606914	('L_IFGorb_T2', -0.010706394900789487)	('rDLPFC_to_lPTL_T1', 0.010678958520474392)	('lDLPFC_to_lPTL_T2', 0.009878066741913325)	('T2', 0.008480352862394984)	('L_PTL_T1', -0.007694794939117349)	('rIFG_to_lIFG_T1', 0.006772126381852986)	('L_SMA_T1', 0.0065991946184743)	('L_PTL', -0.006325702528079089)	('L_IFGorb', 0.00620706216474158)	('rIFG_to_lIFG_T2', 0.006050075924827615)	('rDLPFC_to_lPTL_T2', 0.006027464835864819)	('lIFG_to_lPTL_T2', 0.005542814522883652)	('lDLPFC_to_lIFG_T1', -0.005445101751269503)	('R_DLPFC_T1', 0.005009431494361556)	('L_DLPFC_T2', 0.004762230297882979)	('rDLPFC_to_lIFG_T2', 0.0040361834471327445)	('L_SMA_T2', 0.003974527562800831)	('R_IFGorb_T2', -0.0034240878372272738)	('lSMA_to_lPTL_T2', 0.003382636826162437)	('T1', 0.00335312592994735)	('L_IFGorb_T1', -0.0028887446661745044)	('L_DLPFC_T1', 0.002504318745394322)	('rDLPFC_to_lIFG_T1', 0.002368117314334011)	('L_DLPFC', 0.0020649733397464115)	('R_IFGorb_T1', 0.002037658676582896)	('lDLPFC_to_lIFG_T2', 0.0018087738424036766)	('lPTL_to_lIFG_T1', -0.001215312217393887)	('lSMA_to_lIFG_T1', -0.0011921942160594684)	('lIFG_to_lPTL_T1', -0.0008692007707318539)	('lDLPFC_to_lPTL_T1', 0.00042475539101992046)	('Age', 0.00039583280142000446)	('L_SMA', 0.0003302503665052798)	('lSMA_to_lPTL_T1', -0.0003296524743484918)	('R_DLPFC_T2', 0.00030798577788425526)	('lSMA_to_lIFG_T2', -0.00027364837810311656)	('L_PTL_T2', -0.00023195567119100062)	('lPTL_to_lIFG_T2', 6.025399868903217e-05)	
