predictors	pearson_correlation	mean_squared_error	r2	
rois + act_t1 + act_t2 + conn_t1 + conn_t2 + age + T1 + T2	-0.08642270335183928	0.08012185616670767	-0.13225124526359178	('L_SMA_T2', 0.018308905666632815)	('T1', 0.016354637175125055)	('L_PTL_T1', 0.015018301538995584)	('L_DLPFC', 0.010160935962160311)	('L_DLPFC_T2', 0.007759089606603542)	('R_IFGorb_T2', 0.007442076101406656)	('L_SMA', 0.006941206979843325)	('lDLPFC_to_lPTL_T1', -0.006423363277622447)	('L_IFGorb_T2', -0.005965011399202687)	('L_IFGorb_T1', -0.005750562445801355)	('rIFG_to_lIFG_T1', -0.005185565772394362)	('lPTL_to_lIFG_T1', 0.005023884050317576)	('rDLPFC_to_lIFG_T1', -0.00455810511928653)	('rDLPFC_to_lPTL_T1', 0.004551582627239604)	('L_IFGorb', -0.004500474695475832)	('lSMA_to_lPTL_T2', 0.004418853420618236)	('L_SMA_T1', 0.00427893687256494)	('L_PTL_T2', 0.004211315947144229)	('lDLPFC_to_lPTL_T2', -0.0035876232676861596)	('rDLPFC_to_lIFG_T2', 0.0025358515888945074)	('L_PTL', 0.002320358483223457)	('R_DLPFC_T1', 0.0021310167171508716)	('lDLPFC_to_lIFG_T1', 0.0018704289929433997)	('rIFG_to_lIFG_T2', 0.0017719230686444865)	('R_IFGorb_T1', 0.0017333805036158995)	('T2', 0.0015989509011101392)	('L_DLPFC_T1', 0.0014352866996633648)	('lSMA_to_lIFG_T2', 0.0009400214584544277)	('lIFG_to_lPTL_T2', 0.0008554269491887858)	('lSMA_to_lPTL_T1', -0.0008514348435803312)	('Age', -0.0008468835394159504)	('lPTL_to_lIFG_T2', -0.0007279704952629792)	('lIFG_to_lPTL_T1', -0.0006731891607250305)	('lDLPFC_to_lIFG_T2', 0.0006521897989453942)	('rDLPFC_to_lPTL_T2', 0.0005408569424232065)	('lSMA_to_lIFG_T1', 0.00044583238005760394)	('R_DLPFC_T2', 0.00018817072546166699)	
