predictors	pearson_correlation	mean_squared_error	r2	
rois + act_t1 + act_t2 + conn_t1 + conn_t2 + age + T1 + T2	-0.08173588017551617	0.07559757013088099	-0.06831577567917657	('L_IFGorb_T1', 0.011774490153799843)	('L_DLPFC_T1', 0.010591807993606709)	('lSMA_to_lIFG_T1', 0.008354042151349503)	('L_IFGorb', 0.0083160456870354)	('rDLPFC_to_lPTL_T2', -0.008164745733619881)	('L_PTL_T2', 0.006624384352158295)	('R_DLPFC_T2', 0.006406366674813898)	('L_DLPFC', 0.006310541932850184)	('lPTL_to_lIFG_T2', -0.005795214964109434)	('lIFG_to_lPTL_T2', 0.005596872903529994)	('R_DLPFC_T1', 0.005465958375121981)	('lSMA_to_lPTL_T2', -0.005158402375189892)	('rDLPFC_to_lPTL_T1', -0.004851918150091849)	('lDLPFC_to_lPTL_T2', 0.0042444652075979555)	('R_IFGorb_T1', 0.003996992851379151)	('lPTL_to_lIFG_T1', -0.003987740248725172)	('lSMA_to_lIFG_T2', -0.003956264777752369)	('rDLPFC_to_lIFG_T1', 0.0038637766043925037)	('L_DLPFC_T2', 0.00371991615653212)	('T1', 0.003666871768485337)	('L_PTL_T1', 0.003631188841504214)	('rDLPFC_to_lIFG_T2', 0.003452851949633446)	('rIFG_to_lIFG_T2', -0.003316790540438653)	('L_PTL', -0.002797750474679508)	('lDLPFC_to_lIFG_T1', -0.0027667967674187303)	('lDLPFC_to_lPTL_T1', -0.0024692122449740447)	('L_SMA_T1', 0.002251486837510784)	('lIFG_to_lPTL_T1', -0.001970074015247119)	('R_IFGorb_T2', 0.0018869282600750324)	('lSMA_to_lPTL_T1', 0.0014880435881403167)	('lDLPFC_to_lIFG_T2', -0.0014684966328028285)	('L_IFGorb_T2', 0.0013766019219703131)	('rIFG_to_lIFG_T1', -0.0008048414480077686)	('Age', 0.0006645615557956922)	('L_SMA', 0.0006317335869184343)	('T2', -0.000595817732909658)	('L_SMA_T2', 4.207762724631996e-05)	
