predictors	pearson_correlation	mean_squared_error	r2	
rois + act_t1 + act_t2 + conn_t1 + conn_t2 + age + T1 + T2	-0.025715556381273236	0.07478520534152927	-0.056835749025300863	('R_DLPFC_T1', 0.020413926148476244)	('rDLPFC_to_lPTL_T1', 0.013738101511122739)	('rIFG_to_lIFG_T1', -0.013527652995114665)	('lSMA_to_lIFG_T2', -0.01281167713032379)	('L_IFGorb_T2', 0.01260230632672775)	('lSMA_to_lIFG_T1', -0.010175663119446895)	('L_DLPFC', 0.007998534015985007)	('lPTL_to_lIFG_T1', 0.00785649047252292)	('L_SMA_T1', 0.00752611635206161)	('lSMA_to_lPTL_T1', 0.006078845061666744)	('rDLPFC_to_lPTL_T2', 0.005566299354276365)	('L_PTL', -0.0052311185033957425)	('rIFG_to_lIFG_T2', 0.00482380602295996)	('lDLPFC_to_lPTL_T1', 0.004756783848150664)	('lDLPFC_to_lIFG_T2', 0.004592678551413566)	('T1', 0.0041901483214024215)	('L_PTL_T1', 0.003927612430080655)	('L_SMA', -0.0037506499973655053)	('rDLPFC_to_lIFG_T2', -0.003586949245453077)	('lIFG_to_lPTL_T1', 0.0032610760598811403)	('lSMA_to_lPTL_T2', -0.0024547918685110053)	('L_DLPFC_T2', 0.0023214681217706102)	('lIFG_to_lPTL_T2', 0.0022801161918530747)	('T2', 0.002248634777708647)	('L_IFGorb', -0.0021855689935000944)	('Age', 0.0018744639762134664)	('lPTL_to_lIFG_T2', 0.0018209724206217444)	('L_DLPFC_T1', -0.0015596425145381228)	('lDLPFC_to_lIFG_T1', -0.0006271920805561898)	('R_IFGorb_T2', -0.0005686501962699457)	('L_PTL_T2', -0.0005560675598284162)	('L_SMA_T2', -0.000284145195362307)	('R_DLPFC_T2', 0.000266829192349713)	('R_IFGorb_T1', -0.0002495115234296829)	('lDLPFC_to_lPTL_T2', -0.00022781575678192163)	('L_IFGorb_T1', -0.00011022029994031381)	('rDLPFC_to_lIFG_T1', 2.6631706186654746e-05)	
