predictors	pearson_correlation	mean_squared_error	r2	
rois + act_t1 + act_t2 + conn_t1 + conn_t2 + age + T1 + T2	-0.2345318343412436	0.11361949454061329	-0.6056269828816614	('lPTL_to_lIFG_T2', 0.019802767392634958)	('lSMA_to_lIFG_T2', 0.019771777825674044)	('L_IFGorb', 0.01770530336232236)	('L_SMA_T1', 0.015248424443648344)	('rDLPFC_to_lPTL_T1', -0.01381998729431113)	('R_IFGorb_T1', -0.013045421465690031)	('lSMA_to_lPTL_T2', -0.012464602672034714)	('lPTL_to_lIFG_T1', -0.012302811371536389)	('L_DLPFC_T1', 0.011969790474216797)	('L_PTL', -0.01184362092428648)	('rDLPFC_to_lIFG_T1', -0.009608217242436275)	('L_PTL_T1', -0.009557447122404784)	('rIFG_to_lIFG_T1', -0.008270244717427128)	('R_DLPFC_T2', 0.008003925192977338)	('T2', -0.007136665355595147)	('lSMA_to_lIFG_T1', -0.00713195571686279)	('lDLPFC_to_lPTL_T1', -0.006997498218225467)	('L_DLPFC', -0.006029491777021868)	('R_IFGorb_T2', -0.005928634507967246)	('rDLPFC_to_lPTL_T2', -0.004940388802134045)	('L_IFGorb_T2', 0.0031127948411665417)	('lDLPFC_to_lIFG_T2', -0.00310145140548025)	('R_DLPFC_T1', -0.00300977273811474)	('L_IFGorb_T1', 0.002756151054375913)	('rDLPFC_to_lIFG_T2', 0.0026160305205037175)	('T1', 0.0025046825215927454)	('lDLPFC_to_lPTL_T2', -0.002212467237199886)	('L_SMA_T2', 0.001421533673983145)	('L_SMA', 0.0013272267327248694)	('lIFG_to_lPTL_T2', 0.0012529720705190504)	('Age', -0.0012448908702214724)	('rIFG_to_lIFG_T2', 0.0008145890216137933)	('lDLPFC_to_lIFG_T1', -0.000709334668993947)	('L_DLPFC_T2', -0.0006980801546604198)	('lSMA_to_lPTL_T1', -0.0005127610227413314)	('lIFG_to_lPTL_T1', -0.00033430579956937704)	('L_PTL_T2', 0.0001574720493114042)	
