predictors	pearson_correlation	mean_squared_error	r2	
rois + act_t1 + act_t2 + conn_t1 + conn_t2 + age + T1 + T2	-0.12822877182554043	0.08144944286242903	-0.15101218967179775	('L_SMA_T1', -0.015249760084714131)	('L_DLPFC', 0.010850311879205841)	('L_IFGorb_T1', 0.00894328459954183)	('R_IFGorb_T2', -0.008876283975466356)	('lIFG_to_lPTL_T1', 0.008697378294420837)	('rDLPFC_to_lIFG_T2', 0.008090500968456768)	('lDLPFC_to_lPTL_T1', -0.007890525447115283)	('L_SMA', -0.007361603555219915)	('lPTL_to_lIFG_T1', 0.007215277831656348)	('lSMA_to_lPTL_T1', 0.00719697394144792)	('T1', 0.006750449680170887)	('L_SMA_T2', 0.0061612524749439885)	('R_IFGorb_T1', 0.005358047649576497)	('Age', 0.005170205207222508)	('lSMA_to_lIFG_T2', 0.00511677710458017)	('T2', 0.004975016738285518)	('R_DLPFC_T2', -0.004528325251171651)	('rDLPFC_to_lPTL_T2', 0.0043376564123607545)	('rDLPFC_to_lIFG_T1', -0.004013507660503934)	('L_PTL_T2', -0.003637256792672221)	('rDLPFC_to_lPTL_T1', 0.003531133764408563)	('L_IFGorb', 0.0033745814137233123)	('L_PTL_T1', 0.0033623799849689887)	('lDLPFC_to_lIFG_T2', -0.002782211251156385)	('L_DLPFC_T2', -0.002772721100836696)	('lIFG_to_lPTL_T2', 0.0024646152958641074)	('lDLPFC_to_lPTL_T2', 0.002375580185247779)	('rIFG_to_lIFG_T1', 0.0022868588574487653)	('lSMA_to_lIFG_T1', -0.0014391011759570037)	('L_PTL', -0.001308816976574722)	('lDLPFC_to_lIFG_T1', -0.0011019399186173904)	('lPTL_to_lIFG_T2', 0.0010691933729348373)	('rIFG_to_lIFG_T2', 0.0009604881837328313)	('lSMA_to_lPTL_T2', -0.0005406135875507068)	('L_IFGorb_T2', 0.0004470696684544999)	('L_DLPFC_T1', -0.0001235397436771562)	('R_DLPFC_T1', 8.305181491095508e-05)	
