predictors	pearson_correlation	mean_squared_error	r2	
rois + act_t1 + act_t2 + conn_t1 + conn_t2 + age + T1 + T2	0.01043941282700208	0.07858148767322408	-0.11048335035508239	('lDLPFC_to_lPTL_T2', -0.022803681845480518)	('L_SMA', 0.022582164445082115)	('rDLPFC_to_lIFG_T2', -0.020004808650176693)	('rIFG_to_lIFG_T2', 0.018673661185597462)	('L_DLPFC', -0.01777672223276195)	('rIFG_to_lIFG_T1', 0.015644447818297928)	('lSMA_to_lIFG_T2', 0.015148160768757328)	('R_IFGorb_T1', 0.010794392621203368)	('lDLPFC_to_lIFG_T1', 0.010511668283582822)	('L_SMA_T2', 0.010246172118670929)	('L_PTL_T2', 0.0094770923073858)	('R_DLPFC_T2', -0.006760221719255886)	('Age', 0.006427624425123588)	('T1', 0.006199152547807889)	('lSMA_to_lPTL_T1', -0.004711240254291818)	('lDLPFC_to_lPTL_T1', 0.0038510933087704704)	('rDLPFC_to_lIFG_T1', -0.0036273135797347776)	('rDLPFC_to_lPTL_T1', 0.003413845177211808)	('lPTL_to_lIFG_T1', 0.0034034757915031976)	('R_IFGorb_T2', -0.0033182239138391787)	('T2', -0.003107225267010871)	('lDLPFC_to_lIFG_T2', -0.0025180542116687576)	('L_IFGorb_T2', -0.002276838933260424)	('L_SMA_T1', 0.001827447301541606)	('lIFG_to_lPTL_T2', -0.0017497484301139206)	('lPTL_to_lIFG_T2', -0.0016580677275389673)	('lSMA_to_lIFG_T1', 0.001644523921718103)	('L_PTL_T1', 0.0014600996004929573)	('rDLPFC_to_lPTL_T2', 0.0014388846892331014)	('lIFG_to_lPTL_T1', 0.0011514474208661547)	('L_IFGorb', -0.001069048877430615)	('L_DLPFC_T2', 0.0009718327110665304)	('L_DLPFC_T1', -0.0007235172480513612)	('lSMA_to_lPTL_T2', -0.0006231619694195928)	('L_PTL', 0.0005717194001911246)	('L_IFGorb_T1', -0.00015335365209349637)	('R_DLPFC_T1', -0.0001008818089008907)	
