predictors	pearson_correlation	mean_squared_error	r2	
rois + act_t1 + act_t2 + conn_t1 + conn_t2 + age + T1 + T2	0.3205924018564848	0.06496180891804007	0.0819847097777392	('L_SMA_T1', -0.015084020284241727)	('T1', 0.013696876849445745)	('lPTL_to_lIFG_T2', 0.01075874874606157)	('L_DLPFC', 0.009695092699620128)	('L_PTL', 0.008289809887485976)	('L_IFGorb_T1', 0.008186778953783296)	('rIFG_to_lIFG_T2', -0.007963005325725981)	('lSMA_to_lPTL_T1', 0.007230413649258165)	('lIFG_to_lPTL_T2', -0.0070595366259866895)	('lDLPFC_to_lIFG_T1', 0.006428156787833273)	('R_DLPFC_T2', 0.005906667002909626)	('L_DLPFC_T2', 0.005075477601954359)	('rDLPFC_to_lIFG_T1', 0.004877721219621358)	('L_PTL_T1', 0.004876393048870148)	('lDLPFC_to_lPTL_T2', -0.0045706274352441175)	('L_IFGorb', 0.004412921016451038)	('L_SMA', -0.004201978073295601)	('lSMA_to_lPTL_T2', -0.004143926443635149)	('R_IFGorb_T1', 0.0037965453058398666)	('T2', 0.0037588675905816235)	('L_DLPFC_T1', 0.00373458732419061)	('rDLPFC_to_lPTL_T1', -0.003223891871507764)	('R_DLPFC_T1', 0.0030629629418568597)	('R_IFGorb_T2', -0.002973677479695182)	('L_SMA_T2', 0.0023509943811953556)	('L_IFGorb_T2', -0.0021012693897698373)	('L_PTL_T2', 0.0019738362996201122)	('lSMA_to_lIFG_T2', -0.0017099292508764232)	('lDLPFC_to_lPTL_T1', 0.0016370606682713736)	('lIFG_to_lPTL_T1', 0.0015068194358240218)	('lSMA_to_lIFG_T1', -0.001495282148727766)	('rIFG_to_lIFG_T1', 0.001361965707366812)	('rDLPFC_to_lIFG_T2', 0.0011056981017239164)	('rDLPFC_to_lPTL_T2', 0.001091847136620135)	('lDLPFC_to_lIFG_T2', -0.0010845409616936261)	('lPTL_to_lIFG_T1', 0.0005474052153605444)	('Age', -6.215037752381706e-05)	
