predictors	pearson_correlation	mean_squared_error	r2	
rois + act_t1 + act_t2 + conn_t1 + conn_t2 + age + T1 + T2	-0.05071325734966609	0.07321999534313334	-0.03471680352689144	('rDLPFC_to_lIFG_T2', -0.014268980061012364)	('rDLPFC_to_lIFG_T1', 0.012758705686542833)	('L_IFGorb', 0.008549491838826655)	('rIFG_to_lIFG_T1', -0.00819645187664589)	('lDLPFC_to_lIFG_T1', 0.0068606928058131695)	('R_DLPFC_T2', 0.006656311325005493)	('lPTL_to_lIFG_T1', -0.004978906811805086)	('lIFG_to_lPTL_T1', 0.004753990918701692)	('lDLPFC_to_lPTL_T2', 0.0038299093012588905)	('L_SMA_T2', 0.0037521135927887964)	('lSMA_to_lIFG_T1', -0.00364166146189862)	('rDLPFC_to_lPTL_T1', -0.0034782078040986202)	('T2', -0.0033676072876086633)	('L_DLPFC_T1', 0.003292714601028153)	('Age', -0.003234251132171498)	('lSMA_to_lPTL_T1', -0.0030533282998333514)	('T1', 0.002729711484200707)	('lIFG_to_lPTL_T2', -0.002659970654335419)	('L_IFGorb_T2', 0.0024716801965666726)	('L_DLPFC_T2', 0.002447601020367508)	('L_PTL_T2', 0.0023097561003905926)	('lSMA_to_lIFG_T2', -0.0020114144075785347)	('L_IFGorb_T1', 0.0019914751919602293)	('rDLPFC_to_lPTL_T2', -0.0019443383031364219)	('L_SMA_T1', 0.0017925927609622086)	('lDLPFC_to_lIFG_T2', 0.001789194248934627)	('R_IFGorb_T1', 0.0017489092361298979)	('L_PTL_T1', 0.0017407930774577672)	('R_IFGorb_T2', -0.00143559644435631)	('L_DLPFC', -0.0013372352484345741)	('L_PTL', -0.0013296584158391002)	('rIFG_to_lIFG_T2', 0.000995663186678361)	('lDLPFC_to_lPTL_T1', -0.0009593977175317301)	('R_DLPFC_T1', 0.000647822099156075)	('lSMA_to_lPTL_T2', -0.0004482182125666811)	('L_SMA', -0.00027843513903023616)	('lPTL_to_lIFG_T2', 2.54459500357728e-05)	
