predictors	pearson_correlation	mean_squared_error	r2	
rois + act_t1 + act_t2 + conn_t1 + conn_t2 + age + T1 + T2	0.04589670050723767	0.07391341648185748	-0.04451596427248017	('R_IFGorb_T1', 0.015697834156650676)	('rDLPFC_to_lIFG_T2', 0.014988351894647364)	('L_IFGorb', 0.01107129126553853)	('lDLPFC_to_lIFG_T1', 0.00984037307012021)	('lDLPFC_to_lPTL_T2', -0.008668971930481419)	('T1', -0.008020573568665769)	('L_PTL_T1', 0.007936595620327107)	('rIFG_to_lIFG_T2', -0.00667888782846256)	('L_IFGorb_T2', 0.006509034930259078)	('lIFG_to_lPTL_T1', -0.006317846937705844)	('L_DLPFC', -0.005887153949336512)	('rDLPFC_to_lPTL_T1', -0.005814954615928355)	('L_SMA_T2', 0.005695324650090068)	('L_PTL', 0.0054960029757477255)	('lSMA_to_lIFG_T2', -0.005491050911678024)	('R_DLPFC_T1', -0.005034955440880707)	('lSMA_to_lPTL_T2', -0.004744299044366916)	('rDLPFC_to_lPTL_T2', -0.004215286778116809)	('lDLPFC_to_lIFG_T2', -0.004201398998834262)	('L_PTL_T2', 0.003717850843199387)	('L_DLPFC_T1', 0.003626368287968822)	('Age', 0.003237502714678772)	('lIFG_to_lPTL_T2', -0.0029012280347261044)	('L_IFGorb_T1', -0.002269102171159828)	('lSMA_to_lIFG_T1', -0.0022157136888928683)	('lPTL_to_lIFG_T2', 0.0020162839137467937)	('R_IFGorb_T2', 0.0019561839292013385)	('L_SMA', 0.0016577520387405836)	('rDLPFC_to_lIFG_T1', 0.0010154149813255138)	('R_DLPFC_T2', 0.0006136419992611909)	('lDLPFC_to_lPTL_T1', 0.0005457505369958326)	('L_DLPFC_T2', -0.0004778796085191691)	('rIFG_to_lIFG_T1', 0.0003234741340036915)	('lSMA_to_lPTL_T1', -0.00031285828918837334)	('lPTL_to_lIFG_T1', -0.00028835931631438215)	('L_SMA_T1', 0.00011075750059257805)	('T2', 7.531710047788182e-05)	
