predictors	pearson_correlation	mean_squared_error	r2	
rois + act_t1 + act_t2 + conn_t1 + conn_t2 + age + T1 + T2	-0.11728928308665275	0.07748009161225118	-0.09491884497255287	('R_DLPFC_T1', 0.018943433642380745)	('lPTL_to_lIFG_T2', 0.014398471675266485)	('L_SMA', 0.011756734173397568)	('lDLPFC_to_lPTL_T2', 0.009817943838418443)	('lDLPFC_to_lIFG_T1', 0.009651582862506601)	('lDLPFC_to_lPTL_T1', -0.008241805938234634)	('R_DLPFC_T2', -0.0076264447653439415)	('rDLPFC_to_lIFG_T2', -0.006510658241811496)	('L_PTL_T2', -0.006284575601254396)	('T1', -0.005730992543231769)	('lIFG_to_lPTL_T1', -0.00545676675216405)	('lIFG_to_lPTL_T2', -0.005318490420858348)	('L_PTL', 0.0031869654499188985)	('rDLPFC_to_lPTL_T2', 0.0029974814191376467)	('lSMA_to_lIFG_T1', -0.002873125768661869)	('L_IFGorb', -0.00273399071456962)	('rIFG_to_lIFG_T2', -0.0026429123393684672)	('rDLPFC_to_lPTL_T1', 0.0026374509450092748)	('Age', -0.0026371643142066767)	('R_IFGorb_T2', -0.0026343745188481347)	('R_IFGorb_T1', 0.002483395804362698)	('rDLPFC_to_lIFG_T1', -0.0022037007653208534)	('L_IFGorb_T2', 0.0021938474116171332)	('lSMA_to_lPTL_T1', -0.0021735599889084107)	('lSMA_to_lPTL_T2', 0.0020294218879156867)	('L_DLPFC', 0.0019149985077573553)	('L_DLPFC_T1', 0.0019030010476659969)	('L_PTL_T1', 0.0017287201560861575)	('T2', -0.0016674846452893702)	('L_SMA_T1', -0.0014475687340143675)	('lSMA_to_lIFG_T2', -0.001092117946058324)	('L_DLPFC_T2', 0.0010916553540180804)	('lPTL_to_lIFG_T1', -0.0007611283421379509)	('L_IFGorb_T1', 0.0007002448902332644)	('rIFG_to_lIFG_T1', 0.00025633949494168704)	('L_SMA_T2', -0.00017447766050067307)	('lDLPFC_to_lIFG_T2', 6.521852780647841e-05)	
