predictors	pearson_correlation	mean_squared_error	r2	
rois + act_t1 + act_t2 + conn_t1 + conn_t2 + age + T1 + T2	0.12290740542772352	0.06981878330533367	0.01334781640891558	('lSMA_to_lPTL_T2', 0.008593576816628305)	('rDLPFC_to_lIFG_T1', 0.008161663156786512)	('lIFG_to_lPTL_T1', 0.007931784774059557)	('L_DLPFC_T1', 0.007754003967478127)	('rIFG_to_lIFG_T2', 0.007486823046151409)	('lSMA_to_lIFG_T2', 0.007287117216352675)	('R_IFGorb_T2', -0.007067732675266282)	('Age', 0.006305789571002632)	('L_PTL_T1', 0.005947609531514773)	('L_PTL_T2', 0.005738553396433395)	('L_IFGorb', -0.005675455575803153)	('rDLPFC_to_lPTL_T2', 0.005112498495942282)	('R_IFGorb_T1', 0.004414494054250797)	('rIFG_to_lIFG_T1', 0.004404336512710847)	('L_SMA', 0.0041683632509516245)	('R_DLPFC_T1', 0.0036438865219677852)	('lSMA_to_lIFG_T1', 0.0031083341810985146)	('T2', 0.0027708506021269868)	('L_IFGorb_T2', -0.002758636098477682)	('L_PTL', 0.002601916036471553)	('lIFG_to_lPTL_T2', -0.0024751106869824093)	('T1', -0.002410730733009445)	('rDLPFC_to_lIFG_T2', 0.0022683226189766687)	('lDLPFC_to_lPTL_T1', 0.0021121198545020646)	('L_DLPFC_T2', 0.0016836375505594155)	('lPTL_to_lIFG_T1', -0.001665725486306823)	('lDLPFC_to_lIFG_T1', -0.001658368823498576)	('R_DLPFC_T2', 0.0016430357918107061)	('L_IFGorb_T1', 0.0015609209007305233)	('L_SMA_T1', 0.0015368963540434467)	('lPTL_to_lIFG_T2', 0.0015342211326503357)	('rDLPFC_to_lPTL_T1', 0.0011536425816879615)	('lSMA_to_lPTL_T1', -0.0009662652398305068)	('L_DLPFC', -0.0008428461130558554)	('L_SMA_T2', -0.0005059592760607672)	('lDLPFC_to_lPTL_T2', 0.0002923633040717509)	('lDLPFC_to_lIFG_T2', -0.00015371591879394852)	
