predictors	pearson_correlation	mean_squared_error	r2	
rois + act_t1 + act_t2 + conn_t1 + conn_t2 + age + T1 + T2	0.24924242591097617	0.06661135308920409	0.058673986196502215	('R_IFGorb_T1', 0.028407136942061085)	('L_PTL', 0.020539908676614774)	('lPTL_to_lIFG_T1', 0.018943153310964644)	('T1', 0.015365416288560552)	('L_PTL_T2', 0.014110530360648906)	('rDLPFC_to_lIFG_T2', 0.014044505959375989)	('R_IFGorb_T2', 0.01379846827000821)	('lSMA_to_lPTL_T1', 0.01375340528399492)	('rDLPFC_to_lPTL_T1', 0.012712781668977907)	('L_SMA', 0.012611217406141982)	('L_DLPFC_T1', -0.011541456491853258)	('lDLPFC_to_lIFG_T1', -0.011319684669586189)	('lDLPFC_to_lPTL_T1', 0.010755517218896069)	('L_DLPFC', 0.009413443675857088)	('T2', -0.009130013434572893)	('lIFG_to_lPTL_T1', -0.009008787264059875)	('L_SMA_T1', -0.008363448716413858)	('rDLPFC_to_lPTL_T2', 0.007861736237688547)	('rDLPFC_to_lIFG_T1', 0.0075043845314480976)	('L_IFGorb_T2', 0.007149190711891178)	('L_IFGorb', 0.006627117908921423)	('lIFG_to_lPTL_T2', -0.005359880510190936)	('L_PTL_T1', 0.0050281009990207565)	('rIFG_to_lIFG_T2', 0.004877736806660263)	('R_DLPFC_T1', 0.0044954866510767055)	('lSMA_to_lIFG_T2', -0.004210866420598693)	('lPTL_to_lIFG_T2', -0.0038495095453562624)	('Age', -0.003682596584814564)	('lSMA_to_lPTL_T2', -0.003299648501810243)	('rIFG_to_lIFG_T1', -0.002536572664155539)	('lSMA_to_lIFG_T1', -0.0015543567822351452)	('L_SMA_T2', -0.0014433372532540022)	('lDLPFC_to_lIFG_T2', 0.0013908303918964866)	('L_DLPFC_T2', 0.0013819912809297861)	('L_IFGorb_T1', -0.0005348622641212563)	('lDLPFC_to_lPTL_T2', -0.0003202361865418397)	('R_DLPFC_T2', -0.00010072723583396717)	
