predictors	pearson_correlation	mean_squared_error	r2	
rois + act_t1 + act_t2 + conn_t1 + conn_t2 + age + T1 + T2	-0.15855345619285197	0.07684395816604628	-0.08592925185677824	('L_PTL_T1', 0.01661462412331577)	('R_DLPFC_T2', 0.010912096950283466)	('lPTL_to_lIFG_T2', -0.010107859195979195)	('L_PTL_T2', -0.009303947349486153)	('L_PTL', 0.008878639749318433)	('L_SMA_T2', 0.00878303598075311)	('rDLPFC_to_lIFG_T2', 0.008277406952838545)	('lSMA_to_lPTL_T2', 0.008251941302095476)	('L_DLPFC_T2', 0.007866902096957855)	('R_IFGorb_T2', 0.0076100442515126005)	('lSMA_to_lIFG_T1', -0.006229972473313399)	('R_IFGorb_T1', -0.005904937767795652)	('T1', -0.005499530059695613)	('lPTL_to_lIFG_T1', -0.0054574686037975936)	('lDLPFC_to_lIFG_T2', 0.004615703211961967)	('lDLPFC_to_lPTL_T1', 0.004184645195535195)	('L_IFGorb', 0.003993944609598808)	('R_DLPFC_T1', 0.0038363346090295033)	('lIFG_to_lPTL_T2', 0.003727703775019362)	('lSMA_to_lIFG_T2', -0.0035266515523300766)	('rDLPFC_to_lIFG_T1', -0.003345489256520293)	('L_SMA_T1', -0.003032108957834803)	('rDLPFC_to_lPTL_T1', 0.0029405831639136948)	('rIFG_to_lIFG_T1', 0.0026840730683303357)	('L_DLPFC', -0.002612295495646324)	('lDLPFC_to_lIFG_T1', 0.0023249609955383853)	('lSMA_to_lPTL_T1', 0.0020547072430719708)	('Age', -0.0018068171316100987)	('rDLPFC_to_lPTL_T2', -0.0017597996161560472)	('lDLPFC_to_lPTL_T2', -0.001634831044872854)	('T2', -0.0013135720477542646)	('L_IFGorb_T2', -0.0012407617382193324)	('rIFG_to_lIFG_T2', 0.0012149002481041669)	('lIFG_to_lPTL_T1', -0.0012082765992270273)	('L_IFGorb_T1', 0.0011782373918369496)	('L_SMA', 0.0008599982208720291)	('L_DLPFC_T1', 0.00042668071203668767)	
