predictors	pearson_correlation	mean_squared_error	r2	
rois + act_t1 + act_t2 + conn_t1 + conn_t2 + age + T1 + T2	-0.02736338647600295	0.07338395879321927	-0.03703387192020524	('Age', 0.0203079148543366)	('lPTL_to_lIFG_T2', 0.015239864804467054)	('lIFG_to_lPTL_T2', 0.01110905485197926)	('rDLPFC_to_lPTL_T1', -0.010545998111017875)	('T2', 0.009325687983081619)	('L_IFGorb_T1', -0.008923194373438432)	('lSMA_to_lIFG_T1', 0.007820185843443047)	('R_IFGorb_T2', -0.007814095917414186)	('lIFG_to_lPTL_T1', 0.007147181883400232)	('lDLPFC_to_lPTL_T1', 0.006462651831855049)	('rDLPFC_to_lPTL_T2', 0.0059987174219698755)	('rIFG_to_lIFG_T1', 0.0047024457073701585)	('lSMA_to_lIFG_T2', -0.0046423527062355585)	('L_IFGorb', -0.004152718048437107)	('lSMA_to_lPTL_T2', 0.004117207802986613)	('L_SMA_T1', -0.0038861035513864093)	('L_IFGorb_T2', 0.003577698387807389)	('lDLPFC_to_lIFG_T2', 0.003485059393148628)	('L_PTL_T2', 0.0031595681238251964)	('L_SMA_T2', 0.0031143310663735457)	('lSMA_to_lPTL_T1', 0.0028949542914526896)	('T1', 0.002894087511964482)	('lDLPFC_to_lPTL_T2', 0.0022124672908527135)	('L_SMA', -0.00204407817610041)	('rDLPFC_to_lIFG_T1', -0.0018007849070191982)	('L_DLPFC_T2', 0.0017600703949087542)	('R_IFGorb_T1', 0.0016021108724624462)	('R_DLPFC_T2', 0.0014479496638904847)	('lDLPFC_to_lIFG_T1', -0.0013941366488497795)	('L_PTL_T1', 0.0013593343261185582)	('lPTL_to_lIFG_T1', 0.0013577214060500346)	('L_DLPFC_T1', -0.0007446795883149075)	('L_DLPFC', -0.0007319046087788704)	('rDLPFC_to_lIFG_T2', 0.0007208027799273137)	('L_PTL', 0.0006470280590122064)	('rIFG_to_lIFG_T2', 0.0005052826446915053)	('R_DLPFC_T1', -5.237848934303743e-05)	
