predictors	pearson_correlation	mean_squared_error	r2	
rois + act_t1 + act_t2 + conn_t1 + conn_t2 + age + T1 + T2	-0.04750889164250275	0.07541676711816099	-0.06576073706557173	('lSMA_to_lPTL_T1', -0.014294511608903241)	('L_DLPFC', 0.014073011654183827)	('Age', -0.013879459787422468)	('lDLPFC_to_lPTL_T2', 0.013494556828470146)	('rDLPFC_to_lIFG_T2', -0.012765350939447842)	('lIFG_to_lPTL_T2', 0.012414069841460082)	('L_PTL', 0.012076722768744498)	('lDLPFC_to_lIFG_T2', 0.011671065167364807)	('lIFG_to_lPTL_T1', 0.01083470741364417)	('L_IFGorb_T1', 0.010111046427658246)	('L_SMA_T2', -0.010077965715638827)	('R_IFGorb_T1', 0.009409680978187536)	('lPTL_to_lIFG_T2', -0.008423680563298758)	('L_IFGorb_T2', 0.007924510655216151)	('L_PTL_T1', -0.007794819173210334)	('lDLPFC_to_lIFG_T1', -0.00754943677809723)	('lDLPFC_to_lPTL_T1', 0.0074410995033881155)	('L_IFGorb', 0.0072826237883219964)	('L_PTL_T2', -0.006204410271046902)	('rIFG_to_lIFG_T1', -0.006178082413905072)	('R_DLPFC_T1', 0.005834738335149506)	('lSMA_to_lPTL_T2', -0.005339212999446535)	('T2', 0.005258758721857964)	('L_SMA', -0.005246952397771037)	('rIFG_to_lIFG_T2', -0.004580349976346431)	('lSMA_to_lIFG_T1', 0.0040419453385918585)	('R_DLPFC_T2', 0.004031870574503592)	('lPTL_to_lIFG_T1', 0.0038746149170566257)	('lSMA_to_lIFG_T2', 0.003736790406404791)	('rDLPFC_to_lPTL_T1', -0.0028333402311202086)	('T1', -0.0027414894501985405)	('R_IFGorb_T2', 0.001865377550971576)	('rDLPFC_to_lIFG_T1', -0.0016405450644916388)	('L_SMA_T1', -0.001241596765303725)	('rDLPFC_to_lPTL_T2', 0.0006505395424811107)	('L_DLPFC_T2', -0.0002166003994831761)	('L_DLPFC_T1', 7.936424364886239e-05)	
