predictors	pearson_correlation	mean_squared_error	r2	
rois + act_t1 + act_t2 + conn_t1 + conn_t2 + age + T1 + T2	0.02084373763846115	0.07403899363771842	-0.046290572324549695	('lSMA_to_lPTL_T1', 0.021057340095116936)	('L_PTL', 0.020183426974991876)	('L_IFGorb_T2', 0.017341756676682665)	('L_DLPFC', -0.014815637581672954)	('L_SMA', -0.014101209123595027)	('rDLPFC_to_lIFG_T1', 0.014035888301906278)	('lSMA_to_lIFG_T2', 0.01332560650522395)	('T2', 0.012369140314582883)	('rDLPFC_to_lIFG_T2', 0.012017226233003497)	('lDLPFC_to_lPTL_T2', 0.010987871794963697)	('rIFG_to_lIFG_T2', 0.010387874440274593)	('lPTL_to_lIFG_T2', 0.010325065772674395)	('L_PTL_T1', 0.010206541370048509)	('R_DLPFC_T2', 0.009438249283027968)	('lPTL_to_lIFG_T1', -0.00877443184429509)	('lDLPFC_to_lPTL_T1', -0.008506934173612821)	('lSMA_to_lPTL_T2', -0.008205092025596794)	('L_IFGorb', -0.00692448744633536)	('lIFG_to_lPTL_T1', 0.006552081182870769)	('lSMA_to_lIFG_T1', 0.0065058511216096225)	('R_IFGorb_T1', -0.005762321821747525)	('R_DLPFC_T1', -0.004732032869969583)	('L_DLPFC_T2', -0.004451948480271844)	('T1', 0.004091294618632452)	('L_IFGorb_T1', 0.003617169937783626)	('L_DLPFC_T1', 0.00312359621496585)	('Age', 0.0028799468433848463)	('L_SMA_T1', -0.0028066219110338925)	('rIFG_to_lIFG_T1', -0.0027056559782608017)	('L_SMA_T2', -0.0026584647052366015)	('lDLPFC_to_lIFG_T2', -0.002631875748524136)	('rDLPFC_to_lPTL_T1', -0.002610376345176306)	('lIFG_to_lPTL_T2', 0.0024014047871568226)	('rDLPFC_to_lPTL_T2', 0.002244572492955922)	('lDLPFC_to_lIFG_T1', -0.002235656167309812)	('R_IFGorb_T2', -0.0018836751037777288)	('L_PTL_T2', 0.0016550440268614966)	
