predictors	pearson_correlation	mean_squared_error	r2	
rois + act_t1 + act_t2 + conn_t1 + conn_t2 + age + T1 + T2	0.148252200567959	0.07160053044972008	-0.011831148726126228	('Age', 0.01633938779078187)	('L_PTL_T2', 0.01429361168520122)	('lIFG_to_lPTL_T2', 0.012376509857202912)	('L_DLPFC_T1', -0.011717463472666842)	('L_DLPFC', -0.011228029487344434)	('lIFG_to_lPTL_T1', 0.010000930493020447)	('rDLPFC_to_lPTL_T2', -0.009233873499614874)	('L_PTL', -0.008626864266271853)	('R_IFGorb_T2', 0.008252336264904438)	('T2', 0.008175986298188248)	('R_IFGorb_T1', 0.007559296803923004)	('L_IFGorb', -0.007117582582282315)	('lDLPFC_to_lIFG_T2', -0.007093443533117791)	('rDLPFC_to_lIFG_T1', -0.007016513855164682)	('lDLPFC_to_lPTL_T2', 0.006422366855956644)	('rIFG_to_lIFG_T1', -0.006141227933078021)	('lSMA_to_lPTL_T2', 0.0052819940871811156)	('L_PTL_T1', -0.004880444882370468)	('L_SMA', -0.004789246956654076)	('L_IFGorb_T2', 0.004578842446365797)	('T1', 0.004526640919285292)	('lPTL_to_lIFG_T2', -0.0044737972875748214)	('lSMA_to_lPTL_T1', 0.004389889720138123)	('L_SMA_T2', -0.004248055271861022)	('L_SMA_T1', 0.0037549624358229495)	('L_DLPFC_T2', 0.003603412902177386)	('R_DLPFC_T1', -0.002640255961995424)	('lDLPFC_to_lPTL_T1', -0.0025907647852926505)	('lDLPFC_to_lIFG_T1', 0.0025849179067090433)	('L_IFGorb_T1', 0.0018773228060534398)	('rIFG_to_lIFG_T2', 0.0013354867283299592)	('rDLPFC_to_lIFG_T2', 0.0012061918904136897)	('rDLPFC_to_lPTL_T1', -0.0010748205399115146)	('lSMA_to_lIFG_T2', 0.0006649588162039497)	('R_DLPFC_T2', -0.00038640619821289006)	('lSMA_to_lIFG_T1', 0.0003473775663352943)	('lPTL_to_lIFG_T1', -0.0002048329650107559)	
