predictors	pearson_correlation	mean_squared_error	r2	
rois + act_t1 + act_t2 + conn_t1 + conn_t2 + age + T1 + T2	0.091202137373791	0.0705647509132507	0.0028060891774221997	('R_IFGorb_T1', 0.013751144134390695)	('L_DLPFC_T2', 0.010966978287450432)	('L_SMA_T1', -0.010308472656737021)	('L_PTL_T2', 0.008783158377542776)	('L_IFGorb_T2', 0.008384409697012587)	('T2', 0.007606149843206835)	('T1', 0.007506414697671778)	('lSMA_to_lPTL_T1', -0.007411773019484956)	('lIFG_to_lPTL_T1', -0.0073878016219484565)	('Age', -0.007257238605967268)	('rDLPFC_to_lIFG_T2', 0.006712917548413461)	('rDLPFC_to_lIFG_T1', -0.006204313773134931)	('L_PTL_T1', -0.006050835514053315)	('rIFG_to_lIFG_T2', -0.005777441841109141)	('lDLPFC_to_lIFG_T1', 0.005475018306638833)	('lPTL_to_lIFG_T1', -0.005420836006061183)	('lDLPFC_to_lPTL_T2', 0.0053176066104635945)	('L_PTL', -0.004925728489098174)	('lDLPFC_to_lIFG_T2', 0.004746595541593775)	('L_SMA', 0.004652981349901596)	('L_SMA_T2', -0.004309252544891714)	('rDLPFC_to_lPTL_T1', 0.004130709992438877)	('R_DLPFC_T2', 0.004123140866680009)	('lSMA_to_lIFG_T1', 0.003574148224630671)	('lSMA_to_lIFG_T2', -0.0032446880087666843)	('lSMA_to_lPTL_T2', 0.003117266867120277)	('L_IFGorb_T1', 0.0029106650286304285)	('R_IFGorb_T2', 0.00237587260197507)	('R_DLPFC_T1', -0.0021916090432416956)	('L_DLPFC_T1', -0.002133230090510606)	('L_IFGorb', 0.002024565422025057)	('lPTL_to_lIFG_T2', 0.0016433184886205877)	('lIFG_to_lPTL_T2', 0.0011012851695702977)	('rIFG_to_lIFG_T1', -0.0010276912520191905)	('rDLPFC_to_lPTL_T2', 0.0005555119010648816)	('L_DLPFC', -0.0004896545493474843)	('lDLPFC_to_lPTL_T1', 0.00015099088762326204)	
