predictors	pearson_correlation	mean_squared_error	r2	
rois + act_t1 + act_t2 + conn_t1 + conn_t2 + age + T1 + T2	0.11698033608823061	0.06981468271969027	0.01340576430756868	('L_PTL_T2', 0.010814055147622013)	('R_IFGorb_T1', 0.00901713024773735)	('L_PTL_T1', 0.008439048393427443)	('L_PTL', 0.007702675614778638)	('lDLPFC_to_lIFG_T2', 0.006493905756716996)	('rIFG_to_lIFG_T1', 0.006056879399682172)	('rDLPFC_to_lPTL_T1', -0.0057735083119635705)	('lIFG_to_lPTL_T1', 0.005724761517913559)	('lSMA_to_lIFG_T2', -0.005544105629489367)	('R_DLPFC_T2', 0.0053906033792183216)	('rIFG_to_lIFG_T2', 0.004369745459144686)	('lDLPFC_to_lPTL_T2', 0.004230383640726008)	('lIFG_to_lPTL_T2', -0.003906358873532172)	('rDLPFC_to_lIFG_T1', -0.0033044974473420453)	('lDLPFC_to_lIFG_T1', 0.003124806066231749)	('L_DLPFC', 0.0030985648180844763)	('lSMA_to_lPTL_T2', -0.0026477752573310703)	('L_IFGorb', 0.002583875212295576)	('L_SMA_T1', -0.002293201286413171)	('R_IFGorb_T2', 0.0022398638200333003)	('rDLPFC_to_lPTL_T2', 0.0021756458261736264)	('L_DLPFC_T1', 0.002155891002349945)	('lPTL_to_lIFG_T2', -0.0020275468568044064)	('Age', 0.001923597095189195)	('rDLPFC_to_lIFG_T2', 0.0017539718066354331)	('L_SMA', 0.0015156400003222554)	('lPTL_to_lIFG_T1', 0.001418674641884186)	('L_IFGorb_T2', 0.0012560808576001757)	('lSMA_to_lIFG_T1', -0.0011688433840528264)	('L_DLPFC_T2', 0.0011172250517708956)	('lSMA_to_lPTL_T1', -0.0009127238487010122)	('lDLPFC_to_lPTL_T1', -0.0009098149937885995)	('R_DLPFC_T1', 0.0009062497657272397)	('T2', 0.0006566066923171637)	('L_SMA_T2', 0.0005783679852480102)	('T1', 0.00043013673701703515)	('L_IFGorb_T1', 0.00022200467664683533)	
