predictors	pearson_correlation	mean_squared_error	r2	
rois + act_t1 + act_t2 + conn_t1 + conn_t2 + age + T1 + T2	-0.31393651843856873	0.09786865627091276	-0.3830421964320405	('R_IFGorb_T2', 0.0257352495490938)	('R_DLPFC_T2', -0.013733584224546465)	('L_DLPFC', 0.012759313726241714)	('rDLPFC_to_lPTL_T1', 0.011727719511613945)	('L_PTL_T1', -0.01149877824522212)	('R_DLPFC_T1', 0.0111291442587216)	('T1', 0.010639937796776964)	('rIFG_to_lIFG_T2', 0.009766495445711182)	('lSMA_to_lIFG_T2', 0.009082652574272673)	('lSMA_to_lIFG_T1', 0.0073897352830678215)	('L_PTL', 0.007326305321062555)	('L_IFGorb', -0.005651144657316266)	('lPTL_to_lIFG_T1', 0.0054476790235478975)	('rDLPFC_to_lIFG_T1', 0.005260358133691062)	('lDLPFC_to_lPTL_T1', -0.00522852278750556)	('lSMA_to_lPTL_T1', -0.004952959088220401)	('L_PTL_T2', 0.004573103959165386)	('Age', 0.004216079333466192)	('rDLPFC_to_lPTL_T2', 0.0041892898793310825)	('lDLPFC_to_lIFG_T2', 0.003986986130221248)	('T2', -0.0037985594576282226)	('L_SMA_T2', 0.0037208452086380894)	('L_DLPFC_T2', 0.003682496221598721)	('rIFG_to_lIFG_T1', -0.0033913829711291793)	('lDLPFC_to_lPTL_T2', 0.0033888846737138026)	('lPTL_to_lIFG_T2', 0.0032542574708122954)	('lSMA_to_lPTL_T2', -0.0029936911232429928)	('R_IFGorb_T1', -0.0029935561903971205)	('L_SMA', 0.0021391228014173685)	('L_DLPFC_T1', 0.0012409487907125377)	('L_IFGorb_T1', 0.0011125790689903228)	('L_SMA_T1', -0.0010604422452230302)	('lIFG_to_lPTL_T2', 0.0009694891478916409)	('rDLPFC_to_lIFG_T2', -0.00047000601147597157)	('lDLPFC_to_lIFG_T1', -0.0002863979918407872)	('lIFG_to_lPTL_T1', 2.563112596131859e-05)	('L_IFGorb_T2', -5.138182084914407e-06)	
