predictors	pearson_correlation	mean_squared_error	r2	
rois + act_t1 + act_t2 + conn_t1 + conn_t2 + age + T1 + T2	-0.053205862782745875	0.07194153641799562	-0.016650113871154115	('T2', 0.01119625769687885)	('lDLPFC_to_lPTL_T1', -0.007359852946377589)	('T1', -0.004880336495268107)	('L_IFGorb', 0.0036526889092500644)	('L_IFGorb_T1', -0.003489892325634376)	('rIFG_to_lIFG_T1', -0.0034175532034245192)	('L_DLPFC_T1', 0.003353179278548795)	('L_IFGorb_T2', 0.0032994481417758094)	('lDLPFC_to_lIFG_T1', 0.0032879286949877248)	('L_SMA', 0.0032306486796928506)	('R_IFGorb_T1', -0.0031907317760490462)	('lSMA_to_lPTL_T2', 0.003186243372319031)	('L_PTL', 0.0030348000650744457)	('L_PTL_T2', 0.0029365838757074414)	('rDLPFC_to_lIFG_T1', 0.0026150906201886084)	('L_DLPFC', -0.002590319773635027)	('L_PTL_T1', 0.0025096481812618937)	('lPTL_to_lIFG_T2', 0.002488969769265744)	('lIFG_to_lPTL_T2', 0.0024878327893834455)	('lPTL_to_lIFG_T1', 0.0023471869856414684)	('R_DLPFC_T2', 0.002145077828338416)	('R_DLPFC_T1', -0.0019235531197784336)	('lDLPFC_to_lIFG_T2', 0.0018771521892390944)	('rDLPFC_to_lPTL_T2', 0.0017874984602425086)	('Age', -0.0016718033208724349)	('lIFG_to_lPTL_T1', -0.0016512667256546533)	('rDLPFC_to_lIFG_T2', -0.001208538342119632)	('lSMA_to_lPTL_T1', 0.0010102127779533165)	('rIFG_to_lIFG_T2', -0.001006189723275794)	('L_SMA_T2', 0.0008036867949185896)	('L_DLPFC_T2', -0.0007787177378239265)	('lSMA_to_lIFG_T1', 0.0007126585312797627)	('L_SMA_T1', 0.00031655386053981477)	('R_IFGorb_T2', -0.00019798528392527128)	('lSMA_to_lIFG_T2', 0.00016704696468993732)	('rDLPFC_to_lPTL_T1', 0.00012513604119826147)	('lDLPFC_to_lPTL_T2', -7.498755642641801e-05)	
