predictors	pearson_correlation	mean_squared_error	r2	
rois + act_t1 + act_t2 + conn_t1 + conn_t2 + age + T1 + T2	0.34402524727999106	0.06507827366990161	0.08033887471308265	('lDLPFC_to_lIFG_T1', 0.013072875101080668)	('L_PTL', 0.011667216195000536)	('R_DLPFC_T1', 0.010423392458657251)	('T1', 0.009867395595463097)	('lDLPFC_to_lPTL_T2', 0.009706526118298186)	('R_DLPFC_T2', 0.006798900919618414)	('L_SMA_T2', 0.0067317187281626285)	('lDLPFC_to_lIFG_T2', 0.006019997456630425)	('L_IFGorb_T1', 0.0054673920039561945)	('lSMA_to_lPTL_T2', 0.005289126116121914)	('rDLPFC_to_lPTL_T1', -0.004841336480177703)	('L_DLPFC', -0.004694379640353751)	('L_PTL_T2', -0.004689921702822599)	('lSMA_to_lIFG_T2', -0.0037897970527020555)	('lIFG_to_lPTL_T1', -0.00352834573559973)	('rDLPFC_to_lPTL_T2', -0.0029566942830235626)	('lSMA_to_lIFG_T1', 0.00258783932394013)	('R_IFGorb_T1', -0.0020864750692354338)	('rIFG_to_lIFG_T1', 0.0018021051571830904)	('L_IFGorb_T2', -0.001755727928976976)	('T2', 0.0014653054332458958)	('L_PTL_T1', -0.0010690742531269987)	('L_DLPFC_T2', -0.001015219213881584)	('L_SMA', 0.0008644029967937423)	('Age', 0.0007973980924190222)	('lDLPFC_to_lPTL_T1', 0.0006564319764958796)	('L_IFGorb', 0.0005054115566521959)	('L_SMA_T1', -0.0004569643801878435)	('R_IFGorb_T2', -0.0004138470311532081)	('lPTL_to_lIFG_T2', 0.00024055073759312134)	('lSMA_to_lPTL_T1', -0.00021346277933043415)	('rIFG_to_lIFG_T2', 0.0001815163773038521)	('lIFG_to_lPTL_T2', 0.00017368235976904502)	('L_DLPFC_T1', 0.00012159000117028489)	('rDLPFC_to_lIFG_T1', 0.0)	('lPTL_to_lIFG_T1', 0.0)	('rDLPFC_to_lIFG_T2', 0.0)	
