predictors	pearson_correlation	mean_squared_error	r2	
rois + act_t1 + act_t2 + conn_t1 + conn_t2 + age + T1 + T2	0.33053214399260256	0.06319041557939747	0.10701735891353292	('lDLPFC_to_lPTL_T1', 0.012497348291247481)	('L_PTL', 0.007996139710073721)	('lSMA_to_lIFG_T1', 0.007135583852718787)	('lSMA_to_lPTL_T1', 0.006997561782080053)	('R_IFGorb_T1', 0.006351634818666384)	('L_SMA_T2', 0.005436774066927552)	('L_DLPFC', 0.005431329594021639)	('rIFG_to_lIFG_T2', -0.0053931792841724994)	('rDLPFC_to_lIFG_T2', 0.0053522799725137194)	('lPTL_to_lIFG_T1', 0.004923135504096467)	('L_IFGorb', 0.004655294252189532)	('lDLPFC_to_lIFG_T1', 0.00417332795458442)	('L_PTL_T2', -0.00415989514683025)	('lIFG_to_lPTL_T2', 0.003909530506075492)	('L_SMA', 0.003498721424643548)	('rIFG_to_lIFG_T1', 0.0034789479327452665)	('R_IFGorb_T2', -0.0030258719324019194)	('rDLPFC_to_lPTL_T1', -0.002713620724712709)	('R_DLPFC_T1', 0.002611638627498609)	('lSMA_to_lPTL_T2', -0.002569913949387218)	('R_DLPFC_T2', -0.0023312985197313832)	('L_IFGorb_T1', 0.0023260746944565366)	('L_DLPFC_T1', -0.0022370224931916255)	('lSMA_to_lIFG_T2', 0.0018580025322940444)	('lPTL_to_lIFG_T2', 0.0017990977244748414)	('lDLPFC_to_lIFG_T2', 0.001534921919178658)	('L_DLPFC_T2', -0.0014045362981385168)	('lIFG_to_lPTL_T1', -0.0013314432665854292)	('L_PTL_T1', 0.0012770555597031359)	('lDLPFC_to_lPTL_T2', 0.0010553042255089294)	('T1', 0.0009261416136991583)	('L_IFGorb_T2', -0.0008541211094466377)	('Age', 0.0007360362224131899)	('rDLPFC_to_lPTL_T2', 0.0006674959155451064)	('T2', 0.0004489897720748909)	('L_SMA_T1', -0.0001293532341761423)	('rDLPFC_to_lIFG_T1', 4.7647801249769786e-05)	
