predictors	pearson_correlation	mean_squared_error	r2	
rois + act_t1 + act_t2 + conn_t1 + conn_t2 + age + T1 + T2	-0.18918111953414687	0.08359653982009708	-0.18135413780344245	('L_SMA_T1', 0.010716954766381123)	('lSMA_to_lPTL_T1', -0.009996019568485025)	('L_DLPFC', -0.009856598933569835)	('rIFG_to_lIFG_T2', 0.008353595926394836)	('lDLPFC_to_lPTL_T2', -0.0067177312639379125)	('R_DLPFC_T2', 0.0066673326335548195)	('rIFG_to_lIFG_T1', 0.00647127113998347)	('L_SMA', -0.0063357233471884305)	('lDLPFC_to_lIFG_T1', 0.006325688190807339)	('R_DLPFC_T1', -0.006295005741322692)	('lDLPFC_to_lIFG_T2', 0.006182847057400856)	('L_IFGorb_T2', -0.0060822659901518675)	('lDLPFC_to_lPTL_T1', -0.006019754150473333)	('lSMA_to_lIFG_T2', -0.005978406062835127)	('R_IFGorb_T1', 0.005472027844802373)	('lPTL_to_lIFG_T2', -0.00436219832717172)	('lPTL_to_lIFG_T1', -0.004291402631224822)	('rDLPFC_to_lPTL_T1', -0.004262660497482572)	('lIFG_to_lPTL_T1', 0.004110305698869019)	('L_PTL_T1', 0.003306068556293481)	('Age', -0.002827777423845741)	('lIFG_to_lPTL_T2', -0.0025272398813336303)	('L_PTL_T2', 0.002449469775647171)	('T2', 0.0023822872208690534)	('lSMA_to_lPTL_T2', -0.0023610246765265242)	('R_IFGorb_T2', -0.0020611632309527747)	('L_DLPFC_T2', 0.002038897451109006)	('T1', -0.001498193975027261)	('rDLPFC_to_lIFG_T1', -0.0014638318902317157)	('lSMA_to_lIFG_T1', -0.001336455505233218)	('rDLPFC_to_lPTL_T2', 0.0012138734757252783)	('L_DLPFC_T1', -0.0011987093539953869)	('L_SMA_T2', -0.0009723222171295044)	('L_PTL', -0.0008481000965582888)	('L_IFGorb_T1', 0.0007116401469119224)	('L_IFGorb', 0.0004705707970048261)	('rDLPFC_to_lIFG_T2', 0.00023189365225686603)	
