predictors	pearson_correlation	mean_squared_error	r2	
rois + act_t1 + act_t2 + conn_t1 + conn_t2 + age + T1 + T2	0.015535311360868796	0.07263674748881772	-0.026474569248492674	('T1', 0.021927142238361803)	('lDLPFC_to_lPTL_T1', 0.014152660369388345)	('R_DLPFC_T2', 0.013548634826042037)	('L_PTL_T1', 0.010850616649563381)	('Age', 0.010762155664159693)	('L_DLPFC_T1', 0.008526965263124199)	('L_IFGorb_T2', -0.008389807094973565)	('lSMA_to_lPTL_T1', 0.007311422660771969)	('rDLPFC_to_lIFG_T1', -0.007042177367524837)	('L_SMA_T1', -0.0059458023242343234)	('L_DLPFC_T2', 0.005735935018459145)	('rIFG_to_lIFG_T2', -0.005572149824575735)	('L_DLPFC', 0.0054880730637474305)	('rDLPFC_to_lPTL_T2', -0.004288724585753231)	('lDLPFC_to_lIFG_T2', -0.004117385274330361)	('lIFG_to_lPTL_T2', -0.004093257143381049)	('L_SMA_T2', 0.004017944126196505)	('R_IFGorb_T2', 0.003808401886897055)	('lSMA_to_lIFG_T2', 0.0031574697677053494)	('L_SMA', 0.003030334811083308)	('lPTL_to_lIFG_T2', -0.002954399213279022)	('lSMA_to_lPTL_T2', -0.002919878177046197)	('R_DLPFC_T1', -0.00291972348443638)	('L_IFGorb', 0.0023470110716190874)	('rIFG_to_lIFG_T1', 0.002056794243054117)	('lSMA_to_lIFG_T1', 0.0018694607168829717)	('T2', -0.0017247635644080295)	('rDLPFC_to_lPTL_T1', -0.0016864417853755356)	('L_PTL', -0.0016077905957756651)	('lDLPFC_to_lIFG_T1', -0.0013622166036203222)	('lPTL_to_lIFG_T1', 0.0011917279086324757)	('R_IFGorb_T1', 0.0010460456729240696)	('L_PTL_T2', -0.0008141378674503216)	('rDLPFC_to_lIFG_T2', -0.000637909304619088)	('lIFG_to_lPTL_T1', -0.0006013217475105354)	('L_IFGorb_T1', 0.00028744422779060564)	('lDLPFC_to_lPTL_T2', -0.00017002287948397112)	
