predictors	pearson_correlation	mean_squared_error	r2	
rois + act_t1 + act_t2 + conn_t1 + conn_t2 + age + T1 + T2	-0.07571273361588367	0.07643020998420792	-0.08008232173652119	('L_SMA_T1', -0.018910861419696973)	('rDLPFC_to_lIFG_T1', 0.011565450935098675)	('L_SMA_T2', -0.01013504271356409)	('R_DLPFC_T2', 0.00954378013126816)	('lSMA_to_lPTL_T2', 0.009110939862570307)	('L_PTL_T2', -0.008519600298528215)	('rIFG_to_lIFG_T2', -0.007726828487570621)	('L_IFGorb', 0.007638074098244046)	('L_IFGorb_T2', 0.007487464060918229)	('lDLPFC_to_lIFG_T2', 0.007381648459368899)	('lDLPFC_to_lPTL_T2', 0.006917708896535345)	('R_IFGorb_T2', 0.00675970400132568)	('lPTL_to_lIFG_T1', 0.006717589124945467)	('rIFG_to_lIFG_T1', 0.006664565297480448)	('L_PTL', 0.00658959845974895)	('R_IFGorb_T1', -0.006447281556083216)	('rDLPFC_to_lIFG_T2', 0.006432206781176617)	('lPTL_to_lIFG_T2', 0.006188099441784273)	('lDLPFC_to_lPTL_T1', -0.0061480038812995194)	('L_DLPFC', 0.006126859492518256)	('lIFG_to_lPTL_T1', 0.005943331010996834)	('Age', -0.005785525885740875)	('R_DLPFC_T1', 0.005374344914669259)	('lSMA_to_lPTL_T1', 0.005134681122612583)	('L_IFGorb_T1', -0.003342058339684329)	('rDLPFC_to_lPTL_T2', 0.0031300161182321136)	('lIFG_to_lPTL_T2', -0.0031206823833471475)	('L_DLPFC_T2', 0.0028319019045086056)	('lSMA_to_lIFG_T2', 0.0027443978928290472)	('lDLPFC_to_lIFG_T1', 0.0026891151269411695)	('rDLPFC_to_lPTL_T1', 0.0022859512962413414)	('lSMA_to_lIFG_T1', -0.0014895149562298253)	('L_DLPFC_T1', -0.0012875389883822922)	('L_SMA', -0.0008537362088335087)	('L_PTL_T1', -0.00031692915929494884)	('T2', 0.0003143998060809146)	('T1', 0.00013841044706766953)	
