predictors	pearson_correlation	mean_squared_error	r2	
rois + act_t1 + act_t2 + conn_t1 + conn_t2 + age + T1 + T2	0.004602164981098021	0.09434116740453002	-0.3331930809384469	('L_PTL', 0.026731130852150942)	('R_IFGorb_T2', -0.02404530870870533)	('lIFG_to_lPTL_T2', 0.01862812754380403)	('R_DLPFC_T2', -0.01858004331214911)	('rIFG_to_lIFG_T2', -0.017071942310338945)	('rDLPFC_to_lPTL_T1', 0.016866334465725365)	('lIFG_to_lPTL_T1', 0.015852382609941575)	('T2', 0.01286143093645043)	('R_DLPFC_T1', 0.012758164182080948)	('L_PTL_T1', -0.011480878628121124)	('lSMA_to_lPTL_T2', -0.011211542984845078)	('lPTL_to_lIFG_T1', 0.011032988475078127)	('L_SMA', 0.010520405448991781)	('lDLPFC_to_lIFG_T1', 0.009929249283015133)	('L_IFGorb_T1', 0.009008827421540088)	('L_SMA_T1', 0.008911449905767314)	('L_IFGorb', 0.008449018774569505)	('L_PTL_T2', 0.008223564004455437)	('rIFG_to_lIFG_T1', -0.007944903002458988)	('Age', -0.00742902193187957)	('rDLPFC_to_lIFG_T2', -0.006271965184470292)	('lSMA_to_lIFG_T1', -0.005866075467463689)	('lSMA_to_lPTL_T1', -0.005804341010816462)	('lPTL_to_lIFG_T2', 0.005349079408246885)	('R_IFGorb_T1', 0.005002895653158387)	('L_DLPFC', 0.003863001831707704)	('lDLPFC_to_lIFG_T2', 0.003671096780184887)	('lSMA_to_lIFG_T2', -0.003593378386597603)	('L_IFGorb_T2', -0.0032532154303748454)	('L_DLPFC_T1', 0.0018424793680472896)	('L_SMA_T2', 0.001621113482897679)	('rDLPFC_to_lIFG_T1', 0.0013212064024042385)	('lDLPFC_to_lPTL_T2', 0.0011437694567151594)	('T1', -0.0010825565122287945)	('L_DLPFC_T2', 0.0007737059143628722)	('rDLPFC_to_lPTL_T2', -0.0004960746949097494)	('lDLPFC_to_lPTL_T1', 0.0003557393697290075)	
