predictors	pearson_correlation	mean_squared_error	r2	
rois + act_t1 + act_t2 + conn_t1 + conn_t2 + age + T1 + T2	0.10652797258611571	0.07033090557051364	0.006110701591321432	('L_SMA_T2', 0.025707992549476512)	('L_PTL_T2', 0.0191633507934039)	('lDLPFC_to_lPTL_T2', 0.018043244442341105)	('rIFG_to_lIFG_T2', 0.011808414056308487)	('L_SMA_T1', -0.010856747819968043)	('lSMA_to_lPTL_T1', -0.010751817647740504)	('L_IFGorb_T1', 0.010719884581343547)	('rDLPFC_to_lPTL_T1', 0.009769349213692855)	('R_IFGorb_T1', -0.00962873230143045)	('lSMA_to_lPTL_T2', -0.0092647518877297)	('L_DLPFC_T1', 0.00904429321112796)	('L_DLPFC_T2', 0.008082362182638084)	('lDLPFC_to_lPTL_T1', -0.007988867072438469)	('lIFG_to_lPTL_T2', 0.007841135020844417)	('lSMA_to_lIFG_T2', -0.007475865585707074)	('L_PTL', 0.006882695231125965)	('R_IFGorb_T2', -0.0066973074161836305)	('Age', -0.006342147856868523)	('T2', 0.0060561206046348195)	('lPTL_to_lIFG_T1', 0.005537358882860296)	('rDLPFC_to_lPTL_T2', -0.005259966714565711)	('lPTL_to_lIFG_T2', 0.004992397492131262)	('L_DLPFC', 0.004732081768585764)	('lDLPFC_to_lIFG_T2', 0.00470518879804659)	('L_PTL_T1', 0.004344516210306915)	('rIFG_to_lIFG_T1', 0.0036461814618976344)	('R_DLPFC_T2', -0.00352196441685731)	('lDLPFC_to_lIFG_T1', -0.003391308209308257)	('rDLPFC_to_lIFG_T2', -0.0027700090781963838)	('L_IFGorb_T2', 0.0020137444770274133)	('L_IFGorb', -0.0008109785210225606)	('lIFG_to_lPTL_T1', 0.0007934658528449817)	('lSMA_to_lIFG_T1', 0.0007639946015366303)	('L_SMA', 0.0005890479053269602)	('T1', -0.0004883088673654754)	('R_DLPFC_T1', 0.00039785558124125664)	('rDLPFC_to_lIFG_T1', -3.1256408014663214e-05)	
