predictors	pearson_correlation	mean_squared_error	r2	
rois + act_t1 + act_t2 + conn_t1 + conn_t2 + age + T1 + T2	0.07925370094240583	0.07057362218415301	0.002680723790163708	('rDLPFC_to_lIFG_T2', 0.021722346226000912)	('Age', 0.016159681775645782)	('rIFG_to_lIFG_T1', 0.011504059756028771)	('lPTL_to_lIFG_T1', -0.008973890283667628)	('lDLPFC_to_lIFG_T1', 0.006598565607210314)	('L_IFGorb_T2', 0.006247146246058434)	('R_IFGorb_T2', -0.005733786219335374)	('T2', -0.005154329227471579)	('L_IFGorb', 0.005086154070382169)	('lSMA_to_lPTL_T2', -0.00397685184725051)	('lDLPFC_to_lIFG_T2', -0.0033936079333430104)	('L_DLPFC_T2', -0.003390400937898196)	('T1', 0.003180288217100976)	('lPTL_to_lIFG_T2', 0.003054911530869426)	('rDLPFC_to_lPTL_T1', -0.0029331346062766712)	('lDLPFC_to_lPTL_T2', 0.0024497178610625773)	('lIFG_to_lPTL_T2', -0.0021078706639837803)	('L_PTL_T2', -0.0019497927086900696)	('rIFG_to_lIFG_T2', -0.001777059912967192)	('lSMA_to_lIFG_T2', -0.0017582173435203225)	('lDLPFC_to_lPTL_T1', 0.0016283400960151557)	('lSMA_to_lIFG_T1', -0.001613371128511954)	('L_IFGorb_T1', 0.0014852076820133936)	('L_PTL_T1', -0.0014328734805215092)	('R_IFGorb_T1', -0.0013983448817609702)	('rDLPFC_to_lPTL_T2', 0.001394775142373806)	('L_PTL', 0.00122536330566968)	('rDLPFC_to_lIFG_T1', -0.0009772134993345403)	('L_SMA_T1', -0.0009448779602644504)	('L_DLPFC', -0.0007173554600556274)	('lSMA_to_lPTL_T1', 0.0005587339305535822)	('L_SMA_T2', -0.000490212347330397)	('lIFG_to_lPTL_T1', 0.00032128723459684565)	('R_DLPFC_T2', 0.00024013934089753915)	('L_SMA', -0.00021289906603797553)	('L_DLPFC_T1', 0.0001675878849036271)	('R_DLPFC_T1', 0.0)	
