predictors	pearson_correlation	mean_squared_error	r2	
rois + act_t1 + act_t2 + conn_t1 + conn_t2 + age + T1 + T2	0.045368808294966936	0.07250147577518311	-0.024562961435849795	('L_PTL_T1', 0.015260610428279534)	('L_IFGorb_T1', -0.014696220984162045)	('L_DLPFC', -0.012633567859020532)	('rDLPFC_to_lIFG_T2', 0.012247711490215318)	('R_IFGorb_T1', 0.012018860620890179)	('L_SMA_T2', 0.011106418687473777)	('Age', 0.010921249594505002)	('L_DLPFC_T1', 0.009750983445393685)	('lSMA_to_lPTL_T1', 0.009065003281350622)	('rDLPFC_to_lPTL_T2', 0.008840956135808773)	('L_SMA', 0.008610570484259478)	('lDLPFC_to_lPTL_T2', -0.00845910717783168)	('lSMA_to_lIFG_T1', 0.008192023652788965)	('R_DLPFC_T2', 0.0073921392844756755)	('rIFG_to_lIFG_T1', -0.00602350121591854)	('lSMA_to_lPTL_T2', 0.005796433733933134)	('L_DLPFC_T2', -0.005608853763299875)	('L_PTL_T2', -0.0055699009008787345)	('T1', 0.005510267889243084)	('R_DLPFC_T1', 0.005113669435488547)	('lIFG_to_lPTL_T1', -0.004966091608726849)	('T2', 0.0046953034207840505)	('lPTL_to_lIFG_T1', -0.004300210754937585)	('lPTL_to_lIFG_T2', 0.003560292767903481)	('lIFG_to_lPTL_T2', 0.003368559145184206)	('L_SMA_T1', 0.0031137639052579644)	('L_PTL', -0.0029024894553627656)	('rDLPFC_to_lIFG_T1', 0.00280032453693265)	('L_IFGorb_T2', 0.002362549973247859)	('lDLPFC_to_lPTL_T1', 0.002165925700529221)	('lDLPFC_to_lIFG_T2', 0.002062530700107216)	('R_IFGorb_T2', -0.001998982906428119)	('rIFG_to_lIFG_T2', -0.0013705866815499127)	('lSMA_to_lIFG_T2', 0.00119416343816201)	('rDLPFC_to_lPTL_T1', 0.0009194627815927007)	('L_IFGorb', -0.0006518687535297512)	('lDLPFC_to_lIFG_T1', 0.0004981506931703129)	
