predictors	pearson_correlation	mean_squared_error	r2	
rois + act_t1 + act_t2 + conn_t1 + conn_t2 + age + T1 + T2	0.11146045991850616	0.06992101596479619	0.011903103798386327	('lSMA_to_lIFG_T1', -0.01725371759188406)	('L_IFGorb', 0.01359954289725379)	('rIFG_to_lIFG_T2', 0.013530076061173789)	('R_DLPFC_T1', 0.012518159380569775)	('L_PTL', 0.011177134237214854)	('R_DLPFC_T2', 0.00981952270168201)	('lSMA_to_lPTL_T1', 0.008864251167871663)	('L_PTL_T1', 0.008770706788349443)	('T1', 0.00804514337235723)	('L_IFGorb_T2', -0.00789212498324278)	('lSMA_to_lIFG_T2', -0.007780481958627348)	('R_IFGorb_T1', 0.007148291931809629)	('L_SMA_T1', 0.006750754748116249)	('L_SMA_T2', -0.006193521661134767)	('lIFG_to_lPTL_T2', 0.005916043309785061)	('L_DLPFC_T1', -0.005496867888377467)	('L_DLPFC', 0.005242459376573369)	('T2', 0.0052078150378963555)	('lSMA_to_lPTL_T2', 0.004672344951543594)	('lPTL_to_lIFG_T2', -0.004207546292399251)	('L_SMA', 0.0040817268966728635)	('rDLPFC_to_lIFG_T1', -0.004057559956457018)	('lIFG_to_lPTL_T1', -0.003692771637703876)	('lPTL_to_lIFG_T1', 0.0036254246613982902)	('rIFG_to_lIFG_T1', -0.0025926219838975917)	('L_IFGorb_T1', 0.0023930398380221356)	('Age', 0.0021988087670275487)	('rDLPFC_to_lPTL_T2', -0.0019336121607072137)	('lDLPFC_to_lIFG_T1', 0.0018707814151344498)	('rDLPFC_to_lPTL_T1', -0.0018512260722893783)	('lDLPFC_to_lPTL_T1', 0.0017541361138653558)	('rDLPFC_to_lIFG_T2', -0.0017241080025263175)	('L_PTL_T2', 0.0016079114334029362)	('lDLPFC_to_lIFG_T2', -0.0015026577966072297)	('R_IFGorb_T2', 0.0011838003034434165)	('lDLPFC_to_lPTL_T2', -0.00027664843974004044)	('L_DLPFC_T2', -0.0001113066335254002)	
