predictors	pearson_correlation	mean_squared_error	r2	
rois + act_t1 + act_t2 + conn_t1 + conn_t2 + age + T1 + T2	0.07879389924232018	0.07139812094741521	-0.008970775514589358	('lSMA_to_lPTL_T1', -0.015278361335738785)	('L_PTL_T2', 0.012859548162424999)	('R_IFGorb_T2', 0.0123809864782575)	('lDLPFC_to_lPTL_T2', 0.010716679001531998)	('L_IFGorb', 0.010691575289801835)	('rDLPFC_to_lPTL_T1', 0.010358786876824089)	('R_IFGorb_T1', 0.008834345951777543)	('rDLPFC_to_lIFG_T2', 0.008625344549532366)	('rDLPFC_to_lIFG_T1', 0.00853990514543004)	('lIFG_to_lPTL_T2', 0.008329806363396988)	('lDLPFC_to_lPTL_T1', 0.0074146326302629946)	('lIFG_to_lPTL_T1', 0.007214956112058051)	('T2', 0.0060909573308676225)	('lSMA_to_lIFG_T2', 0.005775160278016759)	('lSMA_to_lPTL_T2', -0.005638579163826905)	('L_SMA_T1', 0.004580932389197454)	('L_IFGorb_T2', 0.004239845020427908)	('L_DLPFC', 0.003403481048451849)	('L_PTL_T1', 0.002707629680010339)	('rDLPFC_to_lPTL_T2', -0.002652449429039554)	('R_DLPFC_T1', 0.0024928894695096415)	('rIFG_to_lIFG_T2', 0.002312721781355447)	('T1', 0.0019045928661031851)	('rIFG_to_lIFG_T1', -0.0018524835009755712)	('L_PTL', 0.0016608704019085564)	('L_SMA_T2', -0.0016219149852000063)	('lSMA_to_lIFG_T1', -0.00146298801083998)	('lDLPFC_to_lIFG_T2', 0.0013288281076096274)	('L_DLPFC_T2', 0.0012275121800561265)	('L_SMA', -0.0012150733429513077)	('lPTL_to_lIFG_T2', -0.0010526264902415716)	('lPTL_to_lIFG_T1', -0.0010094786137274717)	('R_DLPFC_T2', 0.0009035929857803593)	('Age', -0.0005177845643791527)	('L_DLPFC_T1', -0.0002486066479716541)	('lDLPFC_to_lIFG_T1', 8.105031649574275e-05)	('L_IFGorb_T1', -3.5194587261528695e-05)	
