predictors	pearson_correlation	mean_squared_error	r2	
rois + act_t1 + act_t2 + conn_t1 + conn_t2 + age + T1 + T2	0.1888166696755007	0.06844831643184436	0.032714726991617926	('R_DLPFC_T2', 0.021981722927960762)	('lIFG_to_lPTL_T1', 0.017109048652559203)	('lDLPFC_to_lPTL_T1', -0.01539681934363228)	('lSMA_to_lIFG_T2', 0.014611054624798208)	('lDLPFC_to_lIFG_T1', 0.012758705181592524)	('lPTL_to_lIFG_T1', -0.01222591308513912)	('rIFG_to_lIFG_T2', -0.0121774892759962)	('R_DLPFC_T1', -0.010373386859563214)	('rDLPFC_to_lPTL_T1', 0.009729683783355694)	('T2', 0.009571915519071226)	('L_PTL_T2', 0.00940918840327158)	('L_SMA', 0.007876539740006976)	('rIFG_to_lIFG_T1', -0.005871747476636418)	('L_PTL', 0.005583309845800233)	('L_IFGorb', 0.005230937824859186)	('lDLPFC_to_lPTL_T2', -0.005151303595213854)	('L_DLPFC_T2', 0.005063517147078593)	('L_DLPFC', 0.005050967288910059)	('L_PTL_T1', -0.00411177317930699)	('rDLPFC_to_lPTL_T2', -0.00348071637664085)	('L_DLPFC_T1', -0.0032021943106145595)	('T1', -0.002962134696734225)	('R_IFGorb_T2', 0.002374493392007895)	('R_IFGorb_T1', 0.0022925777297359757)	('L_SMA_T2', -0.0021547675169855188)	('lDLPFC_to_lIFG_T2', 0.0020714159313636425)	('rDLPFC_to_lIFG_T1', 0.0017126241694728186)	('L_IFGorb_T2', 0.0016267882252218688)	('rDLPFC_to_lIFG_T2', 0.0014047599745204693)	('lPTL_to_lIFG_T2', -0.0013519518681785903)	('L_IFGorb_T1', 0.0012779759963006008)	('lSMA_to_lIFG_T1', -0.0012586488984044186)	('lSMA_to_lPTL_T2', -0.0012561352567473584)	('Age', -0.0010879724019989903)	('L_SMA_T1', 0.0008859564635942236)	('lIFG_to_lPTL_T2', -0.0006120856029770295)	('lSMA_to_lPTL_T1', -0.0004341632091391516)	
