predictors	pearson_correlation	mean_squared_error	r2	
rois + act_t1 + act_t2 + conn_t1 + conn_t2 + age + T1 + T2	0.08538799459932525	0.07039487817644723	0.005206665337089356	('R_DLPFC_T2', 0.02045750499583366)	('lDLPFC_to_lPTL_T2', 0.016323736417185496)	('L_SMA_T2', -0.0162111311524491)	('R_IFGorb_T1', 0.015677785382532918)	('rDLPFC_to_lPTL_T2', 0.012743264502532757)	('L_DLPFC', -0.010811898213546414)	('lPTL_to_lIFG_T1', 0.009711496743386517)	('R_DLPFC_T1', 0.00936639549827193)	('lSMA_to_lIFG_T2', 0.009122423012184635)	('lIFG_to_lPTL_T2', 0.009100030283119202)	('rDLPFC_to_lIFG_T2', -0.00782397782697874)	('lDLPFC_to_lIFG_T2', -0.00746466471071895)	('lSMA_to_lIFG_T1', -0.006938653705613595)	('lIFG_to_lPTL_T1', 0.006276831412596888)	('L_PTL_T1', -0.005822122156885755)	('lPTL_to_lIFG_T2', -0.005630315120224796)	('rIFG_to_lIFG_T1', 0.005316461556372916)	('L_PTL', 0.00479200457191885)	('rDLPFC_to_lPTL_T1', -0.004385294868901042)	('L_DLPFC_T2', 0.00412478217607876)	('lSMA_to_lPTL_T1', 0.004002914293979256)	('L_IFGorb_T1', -0.0039534612108953595)	('T1', 0.0037739163127984677)	('rIFG_to_lIFG_T2', 0.0037372725764781897)	('rDLPFC_to_lIFG_T1', 0.003277605909249844)	('L_SMA', 0.0031840217838973377)	('L_PTL_T2', 0.0031369955445768208)	('L_SMA_T1', 0.002929340200779751)	('lDLPFC_to_lPTL_T1', 0.0025356383827614317)	('lSMA_to_lPTL_T2', 0.002378938800818297)	('lDLPFC_to_lIFG_T1', -0.0020909981123387877)	('L_IFGorb_T2', 0.0013564605448196031)	('L_IFGorb', 0.0011935238650470836)	('T2', -0.0010973530721553252)	('R_IFGorb_T2', -0.00028853809573295387)	('Age', 0.00018054865004919052)	('L_DLPFC_T1', -0.00014338037882038516)	
