predictors	pearson_correlation	mean_squared_error	r2	
rois + act_t1 + act_t2 + conn_t1 + conn_t2 + age + T1 + T2	-0.04130426224634088	0.07485589490681914	-0.05783470676487279	('lSMA_to_lPTL_T1', 0.015904726276861764)	('lIFG_to_lPTL_T1', 0.015554658581884604)	('rDLPFC_to_lPTL_T2', 0.01342452064506228)	('R_DLPFC_T2', -0.012357110779795384)	('L_DLPFC_T1', 0.011789702255601154)	('lIFG_to_lPTL_T2', 0.011708065820298093)	('T2', 0.011388578351313397)	('lPTL_to_lIFG_T1', 0.010972569620562134)	('T1', 0.01059992389676011)	('Age', -0.009804948967724944)	('lDLPFC_to_lPTL_T1', -0.009666390832709324)	('rDLPFC_to_lPTL_T1', 0.009392719308892008)	('lPTL_to_lIFG_T2', 0.009141107612169023)	('lSMA_to_lIFG_T1', 0.008596873755170922)	('L_SMA_T2', 0.007809195051561027)	('L_DLPFC_T2', 0.007318633108674654)	('L_PTL_T2', -0.00637903630514782)	('L_IFGorb_T2', 0.005433942820971808)	('lSMA_to_lIFG_T2', 0.0053059354451087315)	('L_PTL_T1', -0.005296119101988442)	('R_DLPFC_T1', -0.004854074340905858)	('L_IFGorb', 0.00406424812468161)	('lSMA_to_lPTL_T2', -0.003013960463711925)	('lDLPFC_to_lIFG_T2', 0.002584313339619187)	('L_SMA_T1', 0.0025332472537358767)	('L_PTL', -0.002524291302665058)	('L_SMA', -0.0022807249892878865)	('rIFG_to_lIFG_T1', 0.0021772843646463806)	('lDLPFC_to_lPTL_T2', 0.002163866790758457)	('rDLPFC_to_lIFG_T2', 0.0013418847319258591)	('R_IFGorb_T2', 0.0007574886679685432)	('rIFG_to_lIFG_T2', -0.0006479747422927077)	('L_IFGorb_T1', 0.0005169114424558748)	('L_DLPFC', 0.00046669296208413143)	('lDLPFC_to_lIFG_T1', 0.00041730741959148374)	('R_IFGorb_T1', -0.00031452337820996816)	('rDLPFC_to_lIFG_T1', 0.00011181996120811374)	
