predictors	pearson_correlation	mean_squared_error	r2	
rois + act_t1 + act_t2 + conn_t1 + conn_t2 + age + T1 + T2	-0.18692581591599336	0.07622173542461065	-0.07713623946879822	('R_IFGorb_T2', 0.009603502050576059)	('lSMA_to_lIFG_T1', 0.009042609800736857)	('lSMA_to_lIFG_T2', 0.008368937556798656)	('L_SMA_T1', 0.008357468903932892)	('T2', 0.008171063232562026)	('L_SMA_T2', 0.0069470406070071215)	('rIFG_to_lIFG_T1', 0.0069285945867728245)	('lSMA_to_lPTL_T1', 0.004773334167269425)	('rDLPFC_to_lIFG_T2', 0.004725977743092356)	('lIFG_to_lPTL_T2', -0.004103598658888295)	('rDLPFC_to_lIFG_T1', 0.003581621664309466)	('lDLPFC_to_lPTL_T2', 0.0034907677281251683)	('Age', 0.003252579889621231)	('L_PTL', 0.003087926223324451)	('lDLPFC_to_lIFG_T2', 0.0030250222366942844)	('rDLPFC_to_lPTL_T1', -0.0029966584186855542)	('R_IFGorb_T1', 0.0026058530935568177)	('lIFG_to_lPTL_T1', 0.0025383262318200684)	('lSMA_to_lPTL_T2', -0.0024624677252777496)	('L_PTL_T2', 0.0021770486766388803)	('L_IFGorb_T2', -0.002056275963867837)	('L_DLPFC_T2', 0.0020193392906507667)	('R_DLPFC_T1', -0.0019568760593534516)	('rIFG_to_lIFG_T2', 0.0017001442475663708)	('L_SMA', -0.001608437550314591)	('L_IFGorb', 0.0012989140451336327)	('rDLPFC_to_lPTL_T2', 0.0011805943243462628)	('L_PTL_T1', 0.0011714977145279727)	('L_IFGorb_T1', -0.0011082180218591078)	('T1', -0.0010593858389976918)	('L_DLPFC', -0.001004257686986017)	('R_DLPFC_T2', -0.0007671160424317132)	('lPTL_to_lIFG_T2', 0.0006691573678177669)	('L_DLPFC_T1', 0.00021431315001508121)	('lDLPFC_to_lPTL_T1', 0.00019816356431607998)	('lDLPFC_to_lIFG_T1', -7.367128468827304e-05)	('lPTL_to_lIFG_T1', -9.791463358562917e-06)	
