predictors	pearson_correlation	mean_squared_error	r2	
rois + act_t1 + act_t2 + conn_t1 + conn_t2 + age + T1 + T2	0.13800304670223776	0.06946089179706	0.018405401508653996	('L_SMA_T2', -0.014692034116431829)	('R_IFGorb_T2', 0.01334176829407632)	('lSMA_to_lIFG_T1', 0.011529732741162488)	('L_IFGorb_T1', 0.010368704365575278)	('lSMA_to_lIFG_T2', 0.010008589403043595)	('lPTL_to_lIFG_T2', 0.009646256475558838)	('L_PTL_T2', -0.007701410973803242)	('T2', -0.007368061517970354)	('L_SMA', 0.00666916671066497)	('L_SMA_T1', 0.005901864397579277)	('lPTL_to_lIFG_T1', 0.0058959955343769336)	('rDLPFC_to_lPTL_T1', -0.0058908900874616345)	('rIFG_to_lIFG_T1', -0.00581141815511976)	('L_PTL', 0.005678564676741202)	('L_DLPFC_T1', 0.0053568749572867275)	('rDLPFC_to_lIFG_T1', 0.004694171408549217)	('Age', 0.00462956792113077)	('R_DLPFC_T1', 0.004244862381888767)	('L_PTL_T1', -0.003603064943082138)	('lIFG_to_lPTL_T2', -0.0035765684533960295)	('rDLPFC_to_lPTL_T2', -0.0031595388303669197)	('L_IFGorb_T2', -0.0027225730362612196)	('R_DLPFC_T2', 0.0025330361307086074)	('lIFG_to_lPTL_T1', 0.00250439861172821)	('rDLPFC_to_lIFG_T2', -0.0024611490241191313)	('lDLPFC_to_lIFG_T1', 0.002012855732330313)	('T1', -0.0019511509537352713)	('lDLPFC_to_lIFG_T2', -0.0015182523032842986)	('lSMA_to_lPTL_T1', 0.0014800644792026668)	('L_DLPFC', 0.0014694936025447976)	('lDLPFC_to_lPTL_T2', 0.0013885307222671805)	('rIFG_to_lIFG_T2', 0.0010552324456274437)	('lDLPFC_to_lPTL_T1', 0.0007445617185003659)	('lSMA_to_lPTL_T2', 0.000558884396595649)	('L_IFGorb', -0.000473275113606238)	('R_IFGorb_T1', -0.0004569858804395812)	('L_DLPFC_T2', 3.9361643167971326e-05)	
