predictors	pearson_correlation	mean_squared_error	r2	
rois + act_t1 + act_t2 + conn_t1 + conn_t2 + age + T1 + T2	0.03757219787049824	0.07089521392302406	-0.0018638869343508002	('L_IFGorb', 0.009128997715752428)	('L_IFGorb_T2', 0.008510938432035745)	('L_SMA_T2', 0.008147764485446447)	('lPTL_to_lIFG_T1', 0.007722373320206921)	('lPTL_to_lIFG_T2', 0.006157946514947989)	('R_IFGorb_T2', -0.003753929976960458)	('L_PTL_T2', -0.0036182732337068117)	('rIFG_to_lIFG_T2', 0.0035591912456327678)	('rIFG_to_lIFG_T1', 0.0035366565331878164)	('rDLPFC_to_lPTL_T2', 0.0034760457052358286)	('L_PTL_T1', -0.0033199539114975077)	('L_DLPFC', 0.0030029327462819367)	('lDLPFC_to_lPTL_T2', 0.0029386094356161118)	('lDLPFC_to_lPTL_T1', -0.0028880014611382576)	('lSMA_to_lIFG_T1', 0.0028731044195489416)	('lDLPFC_to_lIFG_T1', 0.00258697627046277)	('lSMA_to_lPTL_T2', 0.002438175532854461)	('lIFG_to_lPTL_T2', 0.002356112253195741)	('L_DLPFC_T2', -0.0018663963505490169)	('T2', 0.0018239041395465957)	('R_IFGorb_T1', -0.0017522796770100312)	('rDLPFC_to_lPTL_T1', 0.0017282114943042589)	('lSMA_to_lPTL_T1', -0.0016470652945595099)	('L_IFGorb_T1', -0.0015371726441307453)	('lSMA_to_lIFG_T2', -0.0013252871785765848)	('T1', -0.0011731035597069884)	('L_SMA_T1', 0.0010794136016265407)	('Age', -0.0007033414277270902)	('L_PTL', -0.000625762709408077)	('rDLPFC_to_lIFG_T1', -0.0006248587116307657)	('lIFG_to_lPTL_T1', 0.0006059994815423591)	('L_DLPFC_T1', 0.0004885582719774921)	('L_SMA', 0.00019887832532135508)	('lDLPFC_to_lIFG_T2', -0.00010115572675958311)	('rDLPFC_to_lIFG_T2', 9.145924226068428e-05)	('R_DLPFC_T1', 3.4770553726868496e-05)	('R_DLPFC_T2', -2.8192165064814174e-05)	
