predictors	pearson_correlation	mean_squared_error	r2	
rois + act_t1 + act_t2 + conn_t1 + conn_t2 + age + T1 + T2	-0.0006125970873809006	0.07349896460860879	-0.03865908985595046	('L_DLPFC', 0.02291221532831896)	('L_SMA', 0.019390614312532882)	('R_DLPFC_T1', 0.015846293335939662)	('lSMA_to_lIFG_T1', 0.015589383282750927)	('rDLPFC_to_lPTL_T2', 0.01294392955858775)	('R_DLPFC_T2', 0.011869961402250665)	('R_IFGorb_T2', -0.01143672315399147)	('L_IFGorb_T1', 0.010568598647547923)	('lSMA_to_lPTL_T2', 0.009952783982889967)	('lPTL_to_lIFG_T1', 0.00942231899744334)	('L_PTL', -0.00819907917056552)	('lIFG_to_lPTL_T1', -0.007187204753710396)	('T1', -0.006967856885523305)	('L_PTL_T1', 0.006958009074251443)	('lSMA_to_lIFG_T2', 0.006491076852047524)	('L_IFGorb', -0.006026780932755)	('L_DLPFC_T2', 0.004293015170104471)	('R_IFGorb_T1', -0.004224529018846077)	('lIFG_to_lPTL_T2', -0.004073598483094213)	('T2', 0.003709344826873275)	('lDLPFC_to_lIFG_T1', 0.003678597773404176)	('rIFG_to_lIFG_T2', -0.003251391007559699)	('rDLPFC_to_lPTL_T1', 0.002629147480639737)	('Age', 0.0024048568347806915)	('lDLPFC_to_lIFG_T2', 0.002183038848768239)	('lSMA_to_lPTL_T1', 0.0016114542304426905)	('rDLPFC_to_lIFG_T1', 0.0015038862302303826)	('rIFG_to_lIFG_T1', -0.001434045461997783)	('rDLPFC_to_lIFG_T2', -0.0009861842660678524)	('L_PTL_T2', 0.0009003124493093658)	('lDLPFC_to_lPTL_T1', -0.0007457442218575669)	('L_SMA_T2', 0.0007311132958373111)	('L_SMA_T1', -0.0006847397745877448)	('lPTL_to_lIFG_T2', -0.0006632955964155916)	('lDLPFC_to_lPTL_T2', 0.00017995546590186056)	('L_IFGorb_T2', -0.00014614848551600899)	('L_DLPFC_T1', 5.2060240288955515e-05)	
