predictors	pearson_correlation	mean_squared_error	r2	
rois + act_t1 + act_t2 + conn_t1 + conn_t2 + age + T1 + T2	-0.035920193834214485	0.0763271248221542	-0.07862556188736503	('R_DLPFC_T2', -0.011771093851845752)	('rDLPFC_to_lPTL_T2', 0.010576469185804543)	('L_IFGorb_T1', -0.009885764216421601)	('lDLPFC_to_lIFG_T2', 0.00902850716669426)	('L_DLPFC', 0.008151181225138023)	('Age', 0.006538615035747407)	('L_DLPFC_T1', -0.005924591754535831)	('lIFG_to_lPTL_T2', -0.00530529899709485)	('lSMA_to_lIFG_T1', 0.005298449737722173)	('R_IFGorb_T1', 0.0037070602459034073)	('R_DLPFC_T1', 0.003633309671112942)	('T1', -0.003413185364467905)	('L_IFGorb_T2', 0.0033753194070361378)	('L_SMA_T2', 0.0031960023508715296)	('rIFG_to_lIFG_T1', 0.0031060412946061246)	('rDLPFC_to_lIFG_T1', 0.002875466542885596)	('L_PTL_T1', -0.0024547282823260863)	('lSMA_to_lIFG_T2', 0.00244458419499132)	('lPTL_to_lIFG_T1', 0.0023363218572758975)	('rDLPFC_to_lIFG_T2', 0.0022562231455311808)	('lDLPFC_to_lPTL_T2', 0.0022331589687630284)	('L_DLPFC_T2', -0.0018746098149184575)	('lSMA_to_lPTL_T2', 0.0018105009622664833)	('lDLPFC_to_lPTL_T1', -0.0018090815628623556)	('L_SMA', 0.001767391119990297)	('rIFG_to_lIFG_T2', 0.0015757088017556685)	('lPTL_to_lIFG_T2', 0.0012600785147827485)	('L_IFGorb', -0.001109447509620632)	('L_SMA_T1', 0.000913619381881053)	('rDLPFC_to_lPTL_T1', 0.0008589361011953338)	('lDLPFC_to_lIFG_T1', -0.0006976502105157867)	('L_PTL', 0.00046735135747848997)	('T2', 0.0004337724974290561)	('lSMA_to_lPTL_T1', -0.00037641156336442726)	('R_IFGorb_T2', 0.00028984745518458873)	('lIFG_to_lPTL_T1', 0.00028570169539995384)	('L_PTL_T2', -0.00016846108123193937)	
