predictors	pearson_correlation	mean_squared_error	r2	
rois + act_t1 + act_t2 + conn_t1 + conn_t2 + age + T1 + T2	0.24919600550712898	0.0670138484699253	0.05298607633222974	('lDLPFC_to_lIFG_T2', 0.019603809569434243)	('R_IFGorb_T1', -0.013147341996726679)	('L_IFGorb_T1', -0.012395939405793036)	('L_SMA_T1', 0.010078728106487125)	('lPTL_to_lIFG_T2', -0.009742181787459567)	('L_PTL', -0.009453007164582057)	('T2', -0.009033520070227646)	('Age', 0.008506014751246606)	('rIFG_to_lIFG_T2', 0.008233686492899017)	('rDLPFC_to_lIFG_T2', 0.007597833758838026)	('lSMA_to_lIFG_T2', -0.007023283253817483)	('rIFG_to_lIFG_T1', 0.007020018840081731)	('lSMA_to_lIFG_T1', 0.0067330426674580895)	('L_DLPFC', 0.006601897897862011)	('R_DLPFC_T1', -0.006591157693646864)	('T1', 0.0064696242258327095)	('L_PTL_T2', -0.006076563430222633)	('rDLPFC_to_lIFG_T1', 0.00601219000057644)	('lIFG_to_lPTL_T1', -0.005688699883641802)	('L_DLPFC_T2', -0.0055979969694765165)	('L_SMA', -0.005355064446752164)	('R_IFGorb_T2', -0.004962916820238391)	('lDLPFC_to_lPTL_T1', -0.004181110472815559)	('rDLPFC_to_lPTL_T1', -0.0037186208046574368)	('lDLPFC_to_lIFG_T1', -0.003535930093557143)	('rDLPFC_to_lPTL_T2', 0.003362191697341789)	('lPTL_to_lIFG_T1', 0.0032424038653359405)	('L_IFGorb_T2', 0.0027330082479265637)	('L_DLPFC_T1', -0.0024014734531197044)	('L_IFGorb', -0.0015175195593050736)	('lSMA_to_lPTL_T2', 0.00121223791323999)	('L_PTL_T1', -0.0009223756495507899)	('lIFG_to_lPTL_T2', 0.0009125331386766297)	('R_DLPFC_T2', -0.0005279303110604257)	('lSMA_to_lPTL_T1', -0.0003217249402580918)	('L_SMA_T2', -0.0002501124246739552)	('lDLPFC_to_lPTL_T2', 2.26881015568216e-05)	
