predictors	pearson_correlation	mean_squared_error	r2	
rois + act_t1 + act_t2 + conn_t1 + conn_t2 + age + T1 + T2	0.2688200464056664	0.0666973055831978	0.057459338620747036	('rIFG_to_lIFG_T2', 0.013408705755577167)	('lSMA_to_lIFG_T1', 0.012993643142925915)	('L_SMA_T1', 0.01168628560743846)	('Age', -0.009488583999056124)	('L_PTL_T2', 0.009156459298285076)	('R_IFGorb_T2', 0.008698289495691867)	('L_DLPFC_T2', -0.007627102494788432)	('L_IFGorb_T2', -0.007473398978400613)	('rIFG_to_lIFG_T1', 0.006963036606479625)	('lIFG_to_lPTL_T1', 0.006885887541265168)	('L_DLPFC', 0.005672207716333647)	('L_PTL', 0.005328538096707028)	('lSMA_to_lPTL_T2', 0.005279894173924252)	('L_SMA', -0.003990816499021295)	('L_IFGorb_T1', -0.003635347037514907)	('lIFG_to_lPTL_T2', -0.0034940465527287983)	('T1', -0.0034156515098008916)	('lDLPFC_to_lPTL_T2', 0.003356325215436416)	('L_PTL_T1', 0.003186493856259075)	('lPTL_to_lIFG_T2', 0.0030672664830610065)	('rDLPFC_to_lPTL_T2', 0.002916089062494262)	('L_DLPFC_T1', 0.0029010267308250148)	('rDLPFC_to_lPTL_T1', 0.0027723198238650986)	('lPTL_to_lIFG_T1', -0.0027237503459116995)	('rDLPFC_to_lIFG_T1', -0.0027062016590544947)	('T2', -0.0023496044683832826)	('R_DLPFC_T1', -0.0022135670175767123)	('R_IFGorb_T1', -0.0021391457457827965)	('L_IFGorb', 0.0020162663863216596)	('lSMA_to_lPTL_T1', 0.0013565720565677502)	('rDLPFC_to_lIFG_T2', -0.0012921784625923092)	('lSMA_to_lIFG_T2', 0.001054275566448761)	('lDLPFC_to_lPTL_T1', 0.0010227357048503696)	('R_DLPFC_T2', 0.0009693143235064241)	('lDLPFC_to_lIFG_T1', 0.0006982073671308198)	('L_SMA_T2', -0.0006359044267849277)	('lDLPFC_to_lIFG_T2', -0.0002482153864925207)	
