predictors	pearson_correlation	mean_squared_error	r2	
rois + act_t1 + act_t2 + conn_t1 + conn_t2 + age + T1 + T2	-0.0318732218629898	0.07599241906359963	-0.07389562888217105	('L_DLPFC', 0.016734940772464235)	('L_DLPFC_T1', 0.014784495345728878)	('lIFG_to_lPTL_T2', -0.012202742227260222)	('L_SMA_T1', 0.011583562496121214)	('Age', 0.010330889936245652)	('R_DLPFC_T2', 0.010242928675290515)	('lSMA_to_lIFG_T1', 0.01016897690495764)	('T2', 0.00941483569755939)	('lIFG_to_lPTL_T1', 0.008951373103499192)	('lSMA_to_lPTL_T1', 0.008403269348824032)	('rDLPFC_to_lIFG_T1', -0.007807956340085844)	('R_DLPFC_T1', 0.007547768907238444)	('L_DLPFC_T2', 0.0075032001534908865)	('L_SMA', 0.007424149665057018)	('L_PTL_T2', 0.006599946302139177)	('lSMA_to_lIFG_T2', 0.006418731996823251)	('L_PTL_T1', -0.006214043321173904)	('L_IFGorb_T1', -0.005862801625460243)	('rIFG_to_lIFG_T1', 0.0056867572702229115)	('lPTL_to_lIFG_T2', 0.004910974770812288)	('rDLPFC_to_lIFG_T2', 0.004732614845344543)	('L_IFGorb_T2', -0.004581351808102995)	('L_SMA_T2', -0.0043925380581171574)	('R_IFGorb_T1', -0.004327096812842699)	('lDLPFC_to_lIFG_T2', 0.0041865399837171385)	('lDLPFC_to_lIFG_T1', -0.003771651550364917)	('L_IFGorb', 0.003447886450146804)	('L_PTL', 0.002902717579444047)	('lPTL_to_lIFG_T1', 0.002598314404645167)	('R_IFGorb_T2', -0.0019077213113428669)	('rDLPFC_to_lPTL_T1', 0.0014380370374253324)	('lSMA_to_lPTL_T2', -0.00047837740365455297)	('T1', -0.00028996613061171443)	('lDLPFC_to_lPTL_T1', 0.00020503640368699455)	('rIFG_to_lIFG_T2', 0.00017942306858923282)	('rDLPFC_to_lPTL_T2', 9.648648286607153e-05)	('lDLPFC_to_lPTL_T2', -4.663397015587004e-05)	
