predictors	pearson_correlation	mean_squared_error	r2	
rois + act_t1 + act_t2 + conn_t1 + conn_t2 + age + T1 + T2	-0.12665847694391075	0.08162558566427323	-0.1535013719782754	('L_SMA_T1', 0.01945830244592148)	('L_PTL_T1', 0.01667841561876839)	('L_IFGorb', 0.01580645765922534)	('L_PTL_T2', -0.013870207422183858)	('lSMA_to_lIFG_T1', 0.01255860236142042)	('rDLPFC_to_lIFG_T1', 0.01138782660219509)	('L_PTL', -0.009989816154233836)	('R_IFGorb_T1', -0.009475035934605278)	('lDLPFC_to_lIFG_T1', 0.009380950714302458)	('lSMA_to_lPTL_T2', 0.009326552868910666)	('L_IFGorb_T1', 0.009201432384732559)	('T1', 0.009140631105433577)	('R_IFGorb_T2', -0.00894835692683121)	('lIFG_to_lPTL_T2', 0.005409020931742186)	('lSMA_to_lIFG_T2', 0.00514697996440435)	('L_SMA_T2', 0.005086973117838693)	('Age', 0.00496162312669213)	('L_DLPFC', 0.004563307706380128)	('lPTL_to_lIFG_T1', 0.004404565219305098)	('rIFG_to_lIFG_T2', -0.004213236429612884)	('R_DLPFC_T1', -0.004143909564048594)	('L_SMA', 0.0035113410062170038)	('rDLPFC_to_lIFG_T2', 0.002989518606659129)	('rDLPFC_to_lPTL_T2', -0.002911998739658999)	('lIFG_to_lPTL_T1', -0.0023475569046451255)	('lPTL_to_lIFG_T2', -0.0021458401311440873)	('lDLPFC_to_lIFG_T2', 0.001981712976806393)	('R_DLPFC_T2', -0.0017732238305530276)	('rDLPFC_to_lPTL_T1', 0.0014320547344151295)	('lDLPFC_to_lPTL_T2', 0.0013391214579622096)	('L_DLPFC_T1', 0.0010897054615688052)	('T2', 0.0009584780130369893)	('lSMA_to_lPTL_T1', -0.0009316628218258083)	('rIFG_to_lIFG_T1', -0.0006892192799264235)	('lDLPFC_to_lPTL_T1', -0.00048795967882397457)	('L_DLPFC_T2', -0.00037890937627229216)	('L_IFGorb_T2', -0.00024007683863915048)	
