predictors	pearson_correlation	mean_squared_error	r2	
rois + act_t1 + act_t2 + conn_t1 + conn_t2 + age + T1 + T2	0.008878958445693969	0.11110953373352901	-0.5701571824383105	('T2', 0.02326578485165351)	('L_IFGorb_T2', 0.01843741079721434)	('L_IFGorb', -0.014878631392912846)	('lPTL_to_lIFG_T1', 0.014602277905987381)	('L_DLPFC_T1', 0.013278050542202161)	('rDLPFC_to_lIFG_T2', 0.013127210373972362)	('L_SMA_T1', 0.011552122179046269)	('rDLPFC_to_lPTL_T1', -0.011348534565202123)	('lIFG_to_lPTL_T1', 0.010753367319725577)	('lDLPFC_to_lIFG_T2', 0.010584712501852308)	('R_DLPFC_T1', 0.009773455404990595)	('L_SMA', -0.009453868247501591)	('lSMA_to_lIFG_T1', -0.009317343241155138)	('L_IFGorb_T1', 0.00899261090401994)	('lDLPFC_to_lPTL_T2', 0.00872172795586678)	('lDLPFC_to_lIFG_T1', 0.008705034570404113)	('lPTL_to_lIFG_T2', -0.008196097684626676)	('lSMA_to_lPTL_T2', 0.006383989167246305)	('lSMA_to_lPTL_T1', -0.005905425128724464)	('L_PTL_T2', 0.005604360546941084)	('rIFG_to_lIFG_T2', 0.005496079319759744)	('L_DLPFC_T2', -0.005264980467575421)	('L_SMA_T2', 0.004656458687056438)	('rIFG_to_lIFG_T1', 0.0038132131134740155)	('lIFG_to_lPTL_T2', 0.0035549470476973102)	('L_DLPFC', -0.0034076528584336785)	('R_DLPFC_T2', 0.0026890448601007808)	('T1', -0.0026652504758286222)	('L_PTL', 0.002125044911677495)	('R_IFGorb_T1', -0.0017155373579147547)	('rDLPFC_to_lPTL_T2', 0.0016093386075939293)	('L_PTL_T1', -0.0009357624498023931)	('rDLPFC_to_lIFG_T1', -0.0005330624909168082)	('lDLPFC_to_lPTL_T1', 0.0005234650756992984)	('Age', -0.00035193357473593746)	('R_IFGorb_T2', -0.00021149232414265388)	('lSMA_to_lIFG_T2', 0.0001816650439972358)	
