predictors	pearson_correlation	mean_squared_error	r2	
rois + act_t1 + act_t2 + conn_t1 + conn_t2 + age + T1 + T2	0.018405941275072397	0.07182582352338238	-0.01501490376386072	('L_IFGorb_T2', 0.01692211175114123)	('L_SMA_T2', 0.009402769488249701)	('lSMA_to_lPTL_T1', -0.008040246038929515)	('lDLPFC_to_lIFG_T1', 0.007170062211375682)	('lDLPFC_to_lPTL_T1', 0.006797705957940182)	('R_IFGorb_T2', 0.006027912489119665)	('L_PTL_T1', 0.005828295733615142)	('lIFG_to_lPTL_T2', -0.005543180295776567)	('L_IFGorb_T1', 0.005390098390732416)	('L_DLPFC', 0.005274825264504967)	('lSMA_to_lIFG_T1', 0.004973668738869296)	('L_PTL_T2', -0.004733471771354813)	('Age', -0.0041298894831152426)	('L_SMA', -0.003979493265488104)	('L_DLPFC_T2', 0.003862464836403244)	('rDLPFC_to_lIFG_T1', 0.0037069112364035693)	('lIFG_to_lPTL_T1', 0.003568523758720981)	('R_IFGorb_T1', 0.003426715159943571)	('R_DLPFC_T1', -0.003188012291173954)	('rDLPFC_to_lPTL_T2', 0.0029857824633051696)	('lPTL_to_lIFG_T1', -0.0028688543749809184)	('L_SMA_T1', -0.002681817227207007)	('lSMA_to_lIFG_T2', 0.0025789275251745214)	('lDLPFC_to_lIFG_T2', 0.002209106385008872)	('rIFG_to_lIFG_T1', 0.002006978630649036)	('rDLPFC_to_lIFG_T2', -0.0015808602205267875)	('T1', 0.0013626462255794621)	('lSMA_to_lPTL_T2', 0.001290510759028913)	('T2', -0.001159059870687304)	('L_IFGorb', -0.0008584458237038871)	('rIFG_to_lIFG_T2', 0.0008495668732441638)	('lDLPFC_to_lPTL_T2', 0.0007635819338295336)	('L_DLPFC_T1', -0.0005356053582617358)	('rDLPFC_to_lPTL_T1', -0.0003355362968926007)	('lPTL_to_lIFG_T2', -0.0002517995004372509)	('R_DLPFC_T2', -0.00017479507268583817)	('L_PTL', -7.06496022065736e-05)	
