predictors	pearson_correlation	mean_squared_error	r2	
rois + act_t1 + act_t2 + conn_t1 + conn_t2 + age + T1 + T2	0.004934357501355445	0.09502645798796384	-0.3428773438048227	('R_DLPFC_T2', -0.01841874908106774)	('lDLPFC_to_lPTL_T2', 0.0158180370792206)	('L_DLPFC_T1', 0.015520650699114496)	('Age', 0.012548235041556352)	('rDLPFC_to_lPTL_T1', 0.012231127865119635)	('lPTL_to_lIFG_T1', -0.010512835323299203)	('rIFG_to_lIFG_T1', 0.009962141416334844)	('L_DLPFC_T2', -0.009269791763093465)	('lPTL_to_lIFG_T2', -0.00915735832631672)	('L_SMA_T2', 0.009046032739209203)	('L_DLPFC', -0.00773246808002612)	('rDLPFC_to_lIFG_T1', 0.007414938127826196)	('L_SMA', 0.007390026655535005)	('lIFG_to_lPTL_T2', 0.007270096381035227)	('lDLPFC_to_lPTL_T1', 0.00688701608442915)	('L_IFGorb_T2', -0.006858486645255874)	('L_PTL_T2', 0.006598604191391385)	('lDLPFC_to_lIFG_T1', 0.006325989057206962)	('lSMA_to_lIFG_T2', 0.005785454770116821)	('lSMA_to_lPTL_T1', 0.005322167042131332)	('rIFG_to_lIFG_T2', -0.005304152052605821)	('lSMA_to_lIFG_T1', -0.00484101476791181)	('lIFG_to_lPTL_T1', -0.004721758244735519)	('rDLPFC_to_lPTL_T2', 0.00444396841923537)	('L_SMA_T1', 0.00440179746108816)	('R_IFGorb_T1', 0.004078657302863179)	('L_IFGorb', 0.0035086933912351938)	('R_IFGorb_T2', -0.002762658449451719)	('rDLPFC_to_lIFG_T2', 0.0024950759533530855)	('L_IFGorb_T1', 0.0019393875940628472)	('R_DLPFC_T1', 0.001740268618392598)	('T2', 0.001587001627615029)	('lDLPFC_to_lIFG_T2', 0.0013932022420031095)	('L_PTL', -0.0009647724104126299)	('lSMA_to_lPTL_T2', -0.0006898721706358906)	('L_PTL_T1', 0.0006373230386598652)	('T1', 0.0003436633561858303)	
