predictors	pearson_correlation	mean_squared_error	r2	
rois + act_t1 + act_t2 + conn_t1 + conn_t2 + age + T1 + T2	-0.3146772706016772	0.09234899108325946	-0.3050404116362033	('rDLPFC_to_lPTL_T1', 0.016674815006313525)	('T1', 0.016199227074048077)	('lSMA_to_lPTL_T1', 0.013409344328013845)	('L_IFGorb', 0.013215912881692115)	('Age', 0.013188055346084316)	('lPTL_to_lIFG_T1', 0.012850262294293119)	('lSMA_to_lPTL_T2', 0.012199223484524112)	('lIFG_to_lPTL_T1', 0.011808236189959558)	('L_DLPFC_T1', 0.010163039916934553)	('rDLPFC_to_lPTL_T2', -0.01011953081799715)	('lDLPFC_to_lPTL_T1', 0.008202217160366137)	('L_DLPFC_T2', 0.008175267875428941)	('rDLPFC_to_lIFG_T2', -0.008140729730270463)	('L_DLPFC', -0.008111636627068472)	('lPTL_to_lIFG_T2', -0.006860496687558351)	('L_IFGorb_T2', 0.006728148897375)	('lDLPFC_to_lPTL_T2', 0.006666372425456718)	('L_PTL', 0.0065302272252235226)	('T2', 0.005752356881836485)	('lSMA_to_lIFG_T1', 0.005605867455167953)	('rIFG_to_lIFG_T1', -0.004414785888296221)	('R_IFGorb_T1', -0.004193304817654721)	('L_PTL_T2', 0.004151626060057995)	('rDLPFC_to_lIFG_T1', -0.003924265944698015)	('L_PTL_T1', -0.003738195651145391)	('L_SMA_T2', 0.002601944305315927)	('R_DLPFC_T1', 0.002592484272234022)	('R_DLPFC_T2', -0.0024735250239635476)	('L_SMA_T1', 0.0020860626304553672)	('L_IFGorb_T1', 0.0011959697548848277)	('rIFG_to_lIFG_T2', 0.0011804413366210366)	('lDLPFC_to_lIFG_T2', -0.0010619344624665198)	('L_SMA', 0.001007722468292571)	('lDLPFC_to_lIFG_T1', -0.0007584976806233154)	('R_IFGorb_T2', -0.0006374953405797092)	('lSMA_to_lIFG_T2', 0.00012143296999390642)	('lIFG_to_lPTL_T2', -4.1193813776857895e-05)	
