predictors	pearson_correlation	mean_squared_error	r2	
rois + act_t1 + act_t2 + conn_t1 + conn_t2 + age + T1 + T2	-0.038464423380587816	0.08003109400524158	-0.13096862931758868	('lIFG_to_lPTL_T1', 0.01241667887256225)	('lDLPFC_to_lPTL_T2', -0.012258273694985285)	('Age', -0.01139909949596883)	('R_DLPFC_T1', 0.0111046299561827)	('rDLPFC_to_lPTL_T1', 0.00957201229708769)	('L_SMA', 0.00934517151704109)	('R_IFGorb_T1', 0.007535018013605327)	('L_IFGorb', 0.006860932634808946)	('rIFG_to_lIFG_T1', 0.006850784595288331)	('lSMA_to_lIFG_T1', 0.00599078685233852)	('L_DLPFC', 0.005179341789243623)	('L_IFGorb_T2', 0.005013265465073424)	('lPTL_to_lIFG_T2', 0.00478934495753761)	('lSMA_to_lIFG_T2', 0.004299417862766773)	('T2', 0.004183240854130715)	('R_IFGorb_T2', 0.004114598260052951)	('lPTL_to_lIFG_T1', 0.0036831127140827123)	('L_DLPFC_T2', -0.003479262112276141)	('L_PTL_T1', -0.0030921311776873446)	('rDLPFC_to_lIFG_T2', 0.00306748714314553)	('lDLPFC_to_lIFG_T1', 0.0029022941967166314)	('lDLPFC_to_lIFG_T2', 0.0028218743402197866)	('L_IFGorb_T1', -0.0026246214643161217)	('L_DLPFC_T1', 0.002434830244949363)	('R_DLPFC_T2', 0.0020914996883496188)	('T1', -0.002046000393822332)	('rDLPFC_to_lIFG_T1', 0.0019802635263049917)	('lSMA_to_lPTL_T1', -0.0018248379474708693)	('L_PTL_T2', 0.0017339576000528943)	('lSMA_to_lPTL_T2', -0.0013431870224134858)	('lIFG_to_lPTL_T2', -0.0011958851180887083)	('L_SMA_T1', -0.001158319285717108)	('rDLPFC_to_lPTL_T2', -0.0006085350079322511)	('lDLPFC_to_lPTL_T1', 0.0005618877943548765)	('rIFG_to_lIFG_T2', -0.0003480216719434258)	('L_SMA_T2', -0.00031630437579955743)	('L_PTL', 0.0002675096115678859)	
