predictors	pearson_correlation	mean_squared_error	r2	
rois + act_t1 + act_t2 + conn_t1 + conn_t2 + age + T1 + T2	0.11269661638090342	0.0722076893256017	-0.020411284361768978	('L_PTL', 0.031938684725618706)	('rDLPFC_to_lPTL_T2', -0.020426907953676673)	('rIFG_to_lIFG_T1', 0.019017320851920816)	('R_DLPFC_T2', 0.01595153396337884)	('L_IFGorb', 0.01489318962682484)	('T1', 0.012135124138350856)	('L_DLPFC', 0.011974285219029905)	('lDLPFC_to_lPTL_T1', -0.011062940861380577)	('L_SMA_T1', 0.01033126321808494)	('lDLPFC_to_lPTL_T2', -0.010083663676507162)	('R_DLPFC_T1', 0.00964043719109481)	('lSMA_to_lIFG_T1', 0.009144994369508315)	('L_DLPFC_T2', 0.009087192261905762)	('lIFG_to_lPTL_T2', 0.008793476002794376)	('rDLPFC_to_lIFG_T1', 0.008466319261114399)	('lSMA_to_lPTL_T2', -0.0074927016542051415)	('L_SMA_T2', -0.007216757148467295)	('L_DLPFC_T1', -0.006463757693226993)	('L_PTL_T2', -0.006445545015041159)	('R_IFGorb_T1', 0.006292954587931183)	('rIFG_to_lIFG_T2', -0.004848194100049877)	('L_PTL_T1', 0.004735515437957517)	('Age', -0.004721806204916767)	('rDLPFC_to_lIFG_T2', 0.004479462492787687)	('T2', 0.004360155630306043)	('R_IFGorb_T2', -0.003836202063711349)	('lPTL_to_lIFG_T1', -0.003755414539139622)	('L_IFGorb_T2', 0.00278405241348956)	('lSMA_to_lIFG_T2', 0.0026085597695023463)	('L_SMA', -0.00241566558938859)	('lDLPFC_to_lIFG_T2', -0.001734732560072065)	('lIFG_to_lPTL_T1', 0.0017139445090735327)	('L_IFGorb_T1', 0.0016670580716261485)	('lPTL_to_lIFG_T2', -0.0013840278357187576)	('lDLPFC_to_lIFG_T1', 0.000978878409226516)	('rDLPFC_to_lPTL_T1', -0.00039836519777500517)	('lSMA_to_lPTL_T1', -2.7276071129484255e-05)	
