predictors	pearson_correlation	mean_squared_error	r2	
rois + act_t1 + act_t2 + conn_t1 + conn_t2 + age + T1 + T2	-0.008379678342627223	0.07708374092890623	-0.08931776960749072	('lPTL_to_lIFG_T1', 0.025784912088123533)	('L_PTL_T2', 0.015710275942897103)	('lDLPFC_to_lPTL_T2', 0.012996615497017186)	('lIFG_to_lPTL_T2', 0.010568658311224366)	('rIFG_to_lIFG_T2', 0.007787086435576427)	('L_IFGorb_T2', -0.0071397082691866814)	('rDLPFC_to_lPTL_T2', -0.006810128569392122)	('L_SMA', 0.006684821956124122)	('L_IFGorb', 0.006098768388134798)	('lSMA_to_lPTL_T2', 0.005969394383475843)	('lDLPFC_to_lIFG_T2', 0.0059473965436723335)	('rDLPFC_to_lIFG_T2', 0.005849957506218492)	('L_SMA_T2', 0.004689967717735913)	('L_PTL', -0.004536558832203507)	('lDLPFC_to_lPTL_T1', -0.00449772636253317)	('lSMA_to_lIFG_T1', 0.004279564603709337)	('T2', -0.004194239006530472)	('lDLPFC_to_lIFG_T1', 0.003984504388543365)	('rDLPFC_to_lIFG_T1', 0.0036236064859577334)	('L_PTL_T1', -0.003038384532745818)	('L_DLPFC_T1', 0.002851537981546718)	('T1', 0.0027075721860887955)	('lIFG_to_lPTL_T1', 0.0026637948409907845)	('R_DLPFC_T2', 0.0025568556394317933)	('L_IFGorb_T1', 0.0024973237097198953)	('Age', 0.002456229757714574)	('R_IFGorb_T2', 0.0023504096219879303)	('R_DLPFC_T1', -0.0023481175457096635)	('rDLPFC_to_lPTL_T1', -0.0023031921329185953)	('lPTL_to_lIFG_T2', -0.0019949207116396876)	('L_SMA_T1', 0.0015979415777509203)	('R_IFGorb_T1', -0.0014645209776282158)	('lSMA_to_lIFG_T2', 0.0012865163295383173)	('lSMA_to_lPTL_T1', 0.0010925227884750332)	('L_DLPFC_T2', 0.0010375552591055238)	('rIFG_to_lIFG_T1', 0.0009990253521925416)	('L_DLPFC', -0.0007726887798116499)	
