predictors	pearson_correlation	mean_squared_error	r2	
rois + act_t1 + act_t2 + conn_t1 + conn_t2 + age + T1 + T2	0.08147385106872741	0.07265244226630342	-0.026696361805511604	('L_IFGorb_T2', 0.018889098072423314)	('L_DLPFC_T2', -0.01728834817807034)	('L_DLPFC', 0.015444192775808888)	('lPTL_to_lIFG_T1', 0.010861999458383056)	('lDLPFC_to_lIFG_T2', 0.009066527694168014)	('Age', 0.009057668184615689)	('L_SMA', 0.007882229958948543)	('rDLPFC_to_lIFG_T2', 0.0076076688303574475)	('R_IFGorb_T1', 0.007575892569705497)	('lSMA_to_lIFG_T1', -0.007295924017653294)	('lIFG_to_lPTL_T2', 0.006846930697010937)	('lDLPFC_to_lIFG_T1', 0.006100495130162369)	('L_SMA_T2', 0.006063260761623592)	('L_PTL', 0.00559776329177501)	('R_DLPFC_T2', 0.005349123861273627)	('R_IFGorb_T2', -0.005128535593882927)	('lDLPFC_to_lPTL_T2', 0.004991134393282053)	('lSMA_to_lIFG_T2', 0.004548509097272987)	('L_PTL_T2', -0.003596270752448157)	('rDLPFC_to_lPTL_T1', 0.0034184748324180858)	('L_IFGorb_T1', 0.003207074201892162)	('T1', -0.0031894539184471517)	('L_IFGorb', -0.0030204727710830756)	('L_PTL_T1', -0.0029005391068848614)	('L_SMA_T1', 0.002781364470996025)	('lDLPFC_to_lPTL_T1', 0.0023399092619896494)	('rDLPFC_to_lPTL_T2', 0.0023308634322955196)	('R_DLPFC_T1', 0.0018692798864876359)	('T2', 0.0014148748668883434)	('rIFG_to_lIFG_T2', -0.001269275366040753)	('lIFG_to_lPTL_T1', 0.0011069861693403312)	('rIFG_to_lIFG_T1', 0.0006275280577251876)	('L_DLPFC_T1', -0.0004996719210313831)	('lSMA_to_lPTL_T1', -0.0004691529894408324)	('rDLPFC_to_lIFG_T1', 0.00039899449175066754)	('lPTL_to_lIFG_T2', -0.0003914684020182727)	('lSMA_to_lPTL_T2', 0.00018745351390522731)	
