predictors	pearson_correlation	mean_squared_error	r2	
rois + act_t1 + act_t2 + conn_t1 + conn_t2 + age + T1 + T2	-0.14174031572497078	0.08655865382583205	-0.2232135932886956	('lSMA_to_lPTL_T1', 0.022463298706151432)	('L_DLPFC_T1', 0.013198695119684257)	('L_DLPFC', 0.011439625716854042)	('Age', -0.01040273942196256)	('lPTL_to_lIFG_T2', 0.00978109334448268)	('lDLPFC_to_lIFG_T2', 0.00945619790704909)	('lIFG_to_lPTL_T2', -0.00878606971263542)	('lSMA_to_lIFG_T2', -0.0081846255718024)	('lIFG_to_lPTL_T1', -0.007623947555511695)	('L_DLPFC_T2', 0.00738599352877007)	('L_IFGorb_T2', 0.006705451457695488)	('L_SMA_T1', 0.00621615455270374)	('rIFG_to_lIFG_T2', -0.00594321639000261)	('R_DLPFC_T1', 0.0057679845255472085)	('L_SMA_T2', -0.005508541470641559)	('L_IFGorb', -0.0047157834006337175)	('rDLPFC_to_lPTL_T1', -0.004402352992311196)	('R_IFGorb_T1', -0.004299561622568219)	('L_IFGorb_T1', -0.004210576532801935)	('T1', -0.0033618895480223144)	('rIFG_to_lIFG_T1', 0.0029634141898864856)	('lDLPFC_to_lPTL_T2', -0.002878389080271755)	('R_IFGorb_T2', -0.002692114578217569)	('lDLPFC_to_lPTL_T1', 0.0023180579849323207)	('L_PTL_T1', -0.001978700662376497)	('rDLPFC_to_lIFG_T2', 0.001958440131927784)	('lPTL_to_lIFG_T1', 0.0018973309886611636)	('T2', -0.0018863932439688344)	('R_DLPFC_T2', -0.001751015223012536)	('lSMA_to_lPTL_T2', -0.0015737821762837076)	('lSMA_to_lIFG_T1', -0.0015508450216320205)	('lDLPFC_to_lIFG_T1', 0.0013914015815583956)	('L_PTL', 0.0013757851641862493)	('L_PTL_T2', -0.0009083704998684867)	('rDLPFC_to_lPTL_T2', 0.0008832406663977243)	('L_SMA', -0.0007091009054164096)	('rDLPFC_to_lIFG_T1', 0.0002997144044719184)	
