predictors	pearson_correlation	mean_squared_error	r2	
rois + act_t1 + act_t2 + conn_t1 + conn_t2 + age + T1 + T2	-0.34818733156549664	0.1002438225574885	-0.4166071325724108	('rDLPFC_to_lPTL_T1', 0.017271794759611523)	('L_IFGorb', 0.01628906650521096)	('lDLPFC_to_lPTL_T2', -0.014698198507791681)	('L_SMA_T1', 0.01452946039457655)	('lDLPFC_to_lPTL_T1', -0.013429095217564965)	('Age', 0.012930924111424815)	('lSMA_to_lPTL_T2', 0.01293087981912407)	('L_PTL_T2', 0.011711514435140706)	('rDLPFC_to_lIFG_T1', 0.010740727668448191)	('rDLPFC_to_lPTL_T2', 0.010351559760377478)	('L_DLPFC_T1', 0.009584092504510863)	('T2', 0.008606995066760492)	('rIFG_to_lIFG_T1', -0.008407811707573891)	('lPTL_to_lIFG_T1', 0.007625115936608538)	('lIFG_to_lPTL_T2', -0.0071997570830163015)	('L_IFGorb_T2', -0.006955886625439382)	('lDLPFC_to_lIFG_T1', -0.005383459990832931)	('L_PTL_T1', 0.0050948297429566185)	('rDLPFC_to_lIFG_T2', -0.005082347065904826)	('lSMA_to_lIFG_T2', -0.004918220579321566)	('R_IFGorb_T1', 0.004764617009831682)	('L_SMA_T2', 0.004684205630242182)	('R_DLPFC_T2', -0.004507737396909934)	('L_SMA', -0.004359970145814147)	('L_IFGorb_T1', -0.004114057927820862)	('R_DLPFC_T1', -0.003990340479384318)	('lDLPFC_to_lIFG_T2', -0.0038653115290287043)	('lIFG_to_lPTL_T1', 0.0036283320742971584)	('L_DLPFC', 0.00310333328281511)	('lPTL_to_lIFG_T2', 0.0028882590002025383)	('rIFG_to_lIFG_T2', 0.0025123561630600874)	('L_DLPFC_T2', -0.002457001583826929)	('T1', 0.0023673835426494803)	('L_PTL', 0.000993603330030303)	('R_IFGorb_T2', 0.0007158986746310252)	('lSMA_to_lPTL_T1', -0.000578074470728242)	('lSMA_to_lIFG_T1', 0.00024749262213139765)	
