predictors	pearson_correlation	mean_squared_error	r2	
rois + act_t1 + act_t2 + conn_t1 + conn_t2 + age + T1 + T2	0.09469137023886909	0.07058692178973103	0.0024927788810258367	('lSMA_to_lPTL_T1', -0.013887235181056135)	('L_DLPFC_T1', 0.012495400674159943)	('lDLPFC_to_lIFG_T1', 0.011711433596208737)	('Age', 0.009475836750725782)	('T1', 0.008064729042267457)	('L_PTL_T2', 0.007378313983790382)	('lPTL_to_lIFG_T1', 0.007121070185474034)	('T2', 0.007032243394098747)	('lDLPFC_to_lPTL_T2', 0.006875035135899063)	('rIFG_to_lIFG_T2', 0.00649343170949549)	('L_SMA_T1', 0.005287374320218943)	('lIFG_to_lPTL_T1', 0.004747986437677745)	('lDLPFC_to_lPTL_T1', -0.0046339403304139415)	('R_IFGorb_T1', -0.004110939873887582)	('R_DLPFC_T2', 0.00389168562146712)	('L_IFGorb_T1', -0.0038798051848003387)	('L_DLPFC', 0.0037999636269741405)	('lSMA_to_lPTL_T2', 0.0031774620775498526)	('L_SMA', 0.003120645900872429)	('R_DLPFC_T1', 0.0026097325995245533)	('L_SMA_T2', 0.002571370927549708)	('L_PTL', 0.00253474960655982)	('rDLPFC_to_lIFG_T2', 0.002455999520607844)	('L_IFGorb_T2', -0.002418245723022586)	('lPTL_to_lIFG_T2', -0.002182697852999196)	('L_IFGorb', -0.0021514268422311166)	('lDLPFC_to_lIFG_T2', -0.0015591790651306174)	('lSMA_to_lIFG_T2', 0.0014235135788384934)	('rDLPFC_to_lPTL_T2', 0.0013200038418068093)	('rIFG_to_lIFG_T1', 0.0013151790889763286)	('R_IFGorb_T2', -0.0011740766389251745)	('rDLPFC_to_lIFG_T1', 0.0011164532845116247)	('L_PTL_T1', 0.0008881880205311709)	('lIFG_to_lPTL_T2', 0.0006317776745228356)	('L_DLPFC_T2', -0.00045712359084989373)	('rDLPFC_to_lPTL_T1', 0.00016641951348164336)	('lSMA_to_lIFG_T1', 0.00016467780910712246)	
