predictors	pearson_correlation	mean_squared_error	r2	
rois + act_t1 + act_t2 + conn_t1 + conn_t2 + age + T1 + T2	-0.07252353501240388	0.0765706369568496	-0.08206678168601744	('R_DLPFC_T2', 0.01896777605915786)	('R_IFGorb_T1', 0.013309586123614055)	('lIFG_to_lPTL_T1', -0.012516047621539114)	('Age', 0.012406547461876881)	('lPTL_to_lIFG_T2', -0.012288692645284462)	('T2', 0.01188185284837247)	('lIFG_to_lPTL_T2', 0.011307162046481615)	('lDLPFC_to_lPTL_T2', -0.011171640937293345)	('L_PTL', 0.01115319773680627)	('rIFG_to_lIFG_T1', 0.010888322842345075)	('lSMA_to_lPTL_T1', 0.010523590351268106)	('L_DLPFC_T2', 0.009953517169404036)	('lDLPFC_to_lIFG_T2', 0.009129760381185499)	('rIFG_to_lIFG_T2', 0.00908244059989767)	('L_SMA_T1', 0.008643518160125332)	('L_PTL_T1', 0.008116351713512847)	('L_IFGorb_T2', 0.007390444920743277)	('L_SMA', -0.007324238013722107)	('lSMA_to_lIFG_T2', 0.006544031539132774)	('lDLPFC_to_lPTL_T1', -0.006080103687041396)	('lSMA_to_lIFG_T1', -0.006000128751469027)	('lDLPFC_to_lIFG_T1', 0.00582898669311755)	('R_IFGorb_T2', 0.004619885863180489)	('L_PTL_T2', -0.004587566010130446)	('rDLPFC_to_lIFG_T1', 0.00414781879038414)	('L_IFGorb', -0.003928843235679083)	('rDLPFC_to_lIFG_T2', 0.003420840249846559)	('lPTL_to_lIFG_T1', -0.0032839444161355466)	('L_IFGorb_T1', 0.003100312385628806)	('L_SMA_T2', -0.0021441164192454462)	('lSMA_to_lPTL_T2', 0.0021406421377826775)	('L_DLPFC_T1', 0.001661414150222644)	('rDLPFC_to_lPTL_T2', 0.0013116737312999045)	('R_DLPFC_T1', 0.0012665515466291142)	('T1', -0.0010328570152183985)	('L_DLPFC', -0.0008755213137976715)	('rDLPFC_to_lPTL_T1', 0.0008091299626772787)	
