predictors	pearson_correlation	mean_squared_error	r2	
rois + act_t1 + act_t2 + conn_t1 + conn_t2 + age + T1 + T2	-0.0950290193739961	0.08198621479363372	-0.15859764408594046	('L_IFGorb_T1', 0.016916893313818963)	('rDLPFC_to_lPTL_T1', 0.012281076687784704)	('rDLPFC_to_lPTL_T2', -0.011144174863422432)	('L_SMA', 0.010730782933098806)	('Age', 0.010512791498210095)	('L_SMA_T1', 0.009909897542777083)	('L_DLPFC_T1', 0.00943962415995903)	('rDLPFC_to_lIFG_T2', 0.00881103821146486)	('R_DLPFC_T2', 0.008801407984863088)	('lPTL_to_lIFG_T1', -0.008500762089909535)	('L_PTL_T1', 0.008421895914189369)	('L_IFGorb_T2', 0.007708841392929515)	('lDLPFC_to_lIFG_T1', 0.007636790140455041)	('rIFG_to_lIFG_T1', -0.007550872001712993)	('rDLPFC_to_lIFG_T1', -0.007328298549523121)	('L_SMA_T2', 0.006741346516137481)	('lSMA_to_lPTL_T1', 0.006474447216699262)	('L_DLPFC_T2', 0.005584447330342676)	('L_DLPFC', -0.005270391652072169)	('lSMA_to_lIFG_T2', 0.004981495625488936)	('L_PTL_T2', -0.004377424512433233)	('R_IFGorb_T2', 0.0033976858687836667)	('lSMA_to_lIFG_T1', 0.0032229644596043785)	('lSMA_to_lPTL_T2', -0.0028858372050526086)	('lPTL_to_lIFG_T2', 0.0027910077620659055)	('lIFG_to_lPTL_T2', -0.002541032651016737)	('lDLPFC_to_lPTL_T1', -0.0023581967538481136)	('lIFG_to_lPTL_T1', 0.002176497833863321)	('L_PTL', 0.002159424977294056)	('T2', -0.0017501882343255583)	('rIFG_to_lIFG_T2', 0.0015588039188729017)	('T1', 0.001478696802437353)	('lDLPFC_to_lIFG_T2', -0.0014738442396333871)	('R_IFGorb_T1', -0.0012571813287337828)	('lDLPFC_to_lPTL_T2', 0.0007351190427785646)	('L_IFGorb', 0.0004973137200124603)	('R_DLPFC_T1', 0.00022001088553662827)	
