predictors	pearson_correlation	mean_squared_error	r2	
rois + act_t1 + act_t2 + conn_t1 + conn_t2 + age + T1 + T2	-0.06375440509611878	0.07521901440882157	-0.06296617186056785	('Age', 0.019535168995214517)	('lSMA_to_lPTL_T2', 0.015491868603490805)	('lDLPFC_to_lPTL_T1', 0.013406991895133226)	('lIFG_to_lPTL_T1', 0.012913546163422229)	('rDLPFC_to_lIFG_T2', 0.01184796657160729)	('R_IFGorb_T2', -0.01024934139221786)	('rDLPFC_to_lPTL_T2', 0.009372085219502689)	('rDLPFC_to_lIFG_T1', -0.008900267048362477)	('L_IFGorb_T1', -0.008385640660420518)	('lIFG_to_lPTL_T2', 0.00797670830660378)	('lPTL_to_lIFG_T1', 0.007427020374259444)	('L_DLPFC_T2', -0.0062293026980257404)	('lDLPFC_to_lIFG_T1', 0.006138103252911819)	('L_SMA', -0.005945216952821412)	('L_PTL_T2', -0.005669171960999731)	('T1', -0.005419719710974306)	('L_SMA_T1', 0.005101016999405133)	('L_PTL_T1', -0.004939220067057911)	('L_DLPFC_T1', 0.004428190752901278)	('R_DLPFC_T1', -0.004297865337146959)	('lDLPFC_to_lIFG_T2', 0.004182681355806886)	('R_DLPFC_T2', -0.003693275781348942)	('R_IFGorb_T1', 0.0033251800265907466)	('L_SMA_T2', 0.003258530296846074)	('L_DLPFC', -0.0032076436049256365)	('rIFG_to_lIFG_T2', -0.003106620618366154)	('rDLPFC_to_lPTL_T1', 0.002756934473052509)	('T2', -0.0022957769716666857)	('lSMA_to_lIFG_T1', 0.002027338417563442)	('L_IFGorb', -0.0015275938230787463)	('lSMA_to_lIFG_T2', 0.0013770937158924814)	('L_IFGorb_T2', 0.0013528945367722272)	('lDLPFC_to_lPTL_T2', -0.0013507263402717518)	('lPTL_to_lIFG_T2', -0.0012542833309617865)	('lSMA_to_lPTL_T1', -0.0005028713518878633)	('L_PTL', 0.0004495758650406179)	('rIFG_to_lIFG_T1', 0.00024486532406689624)	
