predictors	pearson_correlation	mean_squared_error	r2	
rois + act_t1 + act_t2 + conn_t1 + conn_t2 + age + T1 + T2	0.0730345055797472	0.07195802204686487	-0.016883082435653174	('R_IFGorb_T2', 0.028101103236653456)	('lDLPFC_to_lIFG_T1', -0.017589848456186316)	('L_PTL_T1', 0.015537941783840197)	('T2', 0.015169913220572451)	('L_SMA_T1', 0.013604150687225607)	('L_SMA', 0.012470332947415147)	('lDLPFC_to_lIFG_T2', 0.010258096153683595)	('lDLPFC_to_lPTL_T2', 0.010192690967639497)	('L_DLPFC', 0.009229951138139706)	('rIFG_to_lIFG_T2', -0.008340506841280834)	('L_PTL_T2', 0.008123040846842688)	('rDLPFC_to_lIFG_T2', 0.007535502764664845)	('lPTL_to_lIFG_T1', 0.00626370757200978)	('lPTL_to_lIFG_T2', 0.0057725026145366565)	('lSMA_to_lPTL_T1', -0.00503636454065925)	('Age', -0.004512986391537113)	('R_DLPFC_T2', 0.004356536072461494)	('R_DLPFC_T1', -0.0031395250012744885)	('L_IFGorb_T2', 0.00296447701931808)	('T1', -0.002896378999915414)	('lSMA_to_lIFG_T1', 0.0028082335930852058)	('L_DLPFC_T1', -0.002472065183097595)	('L_IFGorb', 0.002451618181651407)	('L_PTL', -0.002415166464257876)	('lSMA_to_lIFG_T2', -0.0023111104009588754)	('lDLPFC_to_lPTL_T1', -0.002175170529165298)	('lSMA_to_lPTL_T2', 0.002001964817704896)	('R_IFGorb_T1', -0.0018032451714524323)	('rIFG_to_lIFG_T1', 0.0017278832593965081)	('L_SMA_T2', 0.001604141323769235)	('rDLPFC_to_lIFG_T1', 0.0012081176069303398)	('lIFG_to_lPTL_T1', -0.0011964514677886883)	('rDLPFC_to_lPTL_T2', 0.0007240154902258491)	('rDLPFC_to_lPTL_T1', -0.000712164795155485)	('lIFG_to_lPTL_T2', -0.0004757078350612999)	('L_IFGorb_T1', 0.00022469804594109206)	('L_DLPFC_T2', -0.00017858852780284638)	
