predictors	pearson_correlation	mean_squared_error	r2	
rois + act_t1 + act_t2 + conn_t1 + conn_t2 + age + T1 + T2	-0.04697012431767007	0.0770692210449061	-0.08911258019318136	('lDLPFC_to_lIFG_T2', 0.018855535686796578)	('lIFG_to_lPTL_T1', 0.008733510424205008)	('L_DLPFC', 0.008427756019052867)	('rDLPFC_to_lIFG_T2', 0.008363732249616047)	('L_PTL_T1', 0.008158567193532291)	('rDLPFC_to_lPTL_T2', 0.008040410096401338)	('lSMA_to_lPTL_T1', 0.007354708440081961)	('L_DLPFC_T2', 0.00628875081102141)	('L_SMA_T1', -0.005936361096755114)	('lSMA_to_lIFG_T2', -0.005864175210654971)	('lSMA_to_lIFG_T1', 0.005808929619817913)	('rDLPFC_to_lIFG_T1', 0.005504839766503691)	('rIFG_to_lIFG_T2', -0.004546121493396616)	('L_IFGorb_T1', 0.004282525674351335)	('lDLPFC_to_lPTL_T2', -0.004004237286146558)	('lPTL_to_lIFG_T1', 0.0039763012394667535)	('L_SMA', 0.003502146697752337)	('rDLPFC_to_lPTL_T1', 0.003136230237029882)	('R_DLPFC_T2', 0.0030328174635810144)	('lIFG_to_lPTL_T2', -0.0029845490587159635)	('L_DLPFC_T1', 0.002588859798216326)	('R_IFGorb_T2', 0.0024903628988585274)	('rIFG_to_lIFG_T1', -0.002394872629718812)	('lSMA_to_lPTL_T2', 0.0023896225615017102)	('T2', 0.002281928552754162)	('Age', -0.002064414754742609)	('L_PTL_T2', 0.0018502343762740012)	('L_SMA_T2', 0.0018030634023421443)	('R_IFGorb_T1', -0.0014737506174184384)	('lDLPFC_to_lPTL_T1', -0.0014253422630485838)	('L_PTL', -0.001332469471978338)	('L_IFGorb_T2', -0.0009042448215659225)	('lPTL_to_lIFG_T2', -0.0006013264826527844)	('lDLPFC_to_lIFG_T1', 0.0002571645889399036)	('R_DLPFC_T1', -0.00019150314889424056)	('L_IFGorb', 0.0001648471904103745)	('T1', -0.0001314024296686482)	
