predictors	pearson_correlation	mean_squared_error	r2	
rois + act_t1 + act_t2 + conn_t1 + conn_t2 + age + T1 + T2	-0.052920052047928996	0.07387133651112429	-0.04392130631592739	('L_PTL_T1', 0.010960277392483035)	('lDLPFC_to_lIFG_T1', -0.008218982635490677)	('R_DLPFC_T2', 0.0076923740056093716)	('rDLPFC_to_lPTL_T2', 0.006868516051134706)	('L_DLPFC_T1', -0.006626200262823094)	('T2', 0.006417099361652933)	('L_PTL_T2', 0.0062524484162494775)	('lDLPFC_to_lPTL_T2', 0.005700309871825409)	('lIFG_to_lPTL_T1', 0.005256702107098662)	('L_SMA', 0.005011135883441733)	('L_IFGorb_T1', 0.003808143342635545)	('lPTL_to_lIFG_T2', 0.003668494258939425)	('rIFG_to_lIFG_T1', 0.0034367259248440606)	('lSMA_to_lPTL_T2', -0.0033046658866471667)	('lSMA_to_lPTL_T1', -0.003070882486578813)	('L_PTL', 0.0024287984413290708)	('rDLPFC_to_lPTL_T1', -0.002394606892678109)	('T1', -0.00236211262548052)	('lSMA_to_lIFG_T1', 0.002304300661255935)	('R_IFGorb_T2', -0.00216730681498463)	('L_SMA_T2', 0.0018220921089088966)	('L_IFGorb', -0.0016235462153255157)	('rIFG_to_lIFG_T2', -0.0014764659806502413)	('lPTL_to_lIFG_T1', 0.0014046969110783469)	('lSMA_to_lIFG_T2', 0.001401158838294308)	('rDLPFC_to_lIFG_T1', -0.0013331215776573452)	('lDLPFC_to_lPTL_T1', -0.0009260755076856196)	('rDLPFC_to_lIFG_T2', 0.0009139177830908563)	('L_IFGorb_T2', 0.0007815518398065934)	('lIFG_to_lPTL_T2', 0.0005419028951083883)	('lDLPFC_to_lIFG_T2', 0.0004004718463943477)	('L_DLPFC', 0.0003598687602226047)	('L_DLPFC_T2', 0.00030064630904051584)	('R_IFGorb_T1', 0.00017585821863590775)	('R_DLPFC_T1', 0.00015676140425530352)	('L_SMA_T1', 8.56787293938405e-05)	('Age', -2.9280859612934448e-05)	
