predictors	pearson_correlation	mean_squared_error	r2	
rois + act_t1 + act_t2 + conn_t1 + conn_t2 + age + T1 + T2	-0.00988231744267645	0.07960296329460051	-0.12491845083382613	('R_DLPFC_T2', -0.020505520631894182)	('rIFG_to_lIFG_T1', -0.017877850495559025)	('L_IFGorb_T2', -0.015223879425944246)	('Age', 0.014708933548285777)	('R_DLPFC_T1', -0.014574976128962061)	('rDLPFC_to_lPTL_T2', 0.01400252558873779)	('lDLPFC_to_lPTL_T1', 0.01332669255091217)	('R_IFGorb_T2', 0.011101922201595397)	('T2', -0.010281777245084294)	('L_SMA', 0.010239294715041095)	('lSMA_to_lIFG_T2', 0.007825078409492594)	('L_IFGorb', -0.007612118000671003)	('L_SMA_T1', 0.007343645556955387)	('lDLPFC_to_lIFG_T1', 0.006709329879515118)	('L_PTL_T2', 0.006090622090751031)	('lSMA_to_lIFG_T1', 0.005992633519901406)	('L_PTL_T1', -0.00512288337410728)	('lPTL_to_lIFG_T1', 0.004788551394026459)	('lPTL_to_lIFG_T2', 0.004666559504291211)	('L_SMA_T2', 0.0043986895605409755)	('L_PTL', 0.004250719007046629)	('rDLPFC_to_lPTL_T1', -0.003944964083746025)	('lIFG_to_lPTL_T2', -0.0037955909338933886)	('lSMA_to_lPTL_T1', 0.0037664281041535426)	('lDLPFC_to_lIFG_T2', 0.003739239901764621)	('L_IFGorb_T1', 0.0037265835003555074)	('rDLPFC_to_lIFG_T1', 0.0031744071132343964)	('L_DLPFC_T2', -0.0025438773463058936)	('lIFG_to_lPTL_T1', 0.0024813127425072586)	('R_IFGorb_T1', -0.002256255433355972)	('L_DLPFC', -0.002061993174072421)	('rDLPFC_to_lIFG_T2', -0.0019820733148243055)	('lSMA_to_lPTL_T2', -0.0014000367978654856)	('L_DLPFC_T1', 0.0008656614932156218)	('lDLPFC_to_lPTL_T2', -0.0005510521324418249)	('rIFG_to_lIFG_T2', 0.0004433063829033226)	('T1', -0.0002370680825869295)	
