predictors	pearson_correlation	mean_squared_error	r2	
rois + act_t1 + act_t2 + conn_t1 + conn_t2 + age + T1 + T2	0.09476889181707343	0.0704467608813754	0.004473478912397244	('L_DLPFC_T2', -0.01593077854244535)	('rDLPFC_to_lPTL_T2', 0.013416913333906565)	('L_DLPFC_T1', 0.01010851411068967)	('R_IFGorb_T2', 0.009248023181828718)	('lSMA_to_lIFG_T1', 0.008831528285937544)	('R_IFGorb_T1', 0.008633271677906245)	('lIFG_to_lPTL_T1', 0.007157547972691984)	('L_SMA_T2', 0.007061379587550911)	('R_DLPFC_T1', -0.006639171396434466)	('lSMA_to_lIFG_T2', 0.005880984972737102)	('L_IFGorb_T2', 0.005660002596390594)	('T1', -0.005636571300423867)	('L_IFGorb_T1', 0.005561089610467747)	('L_PTL_T1', 0.004775373760957662)	('lDLPFC_to_lIFG_T1', 0.004761216919850829)	('L_PTL_T2', -0.004646799727993326)	('T2', 0.004604166714401472)	('rDLPFC_to_lIFG_T2', 0.004377129448531792)	('L_PTL', -0.00419823734353538)	('lPTL_to_lIFG_T1', 0.004119520493989903)	('L_SMA', 0.00397265794457957)	('rDLPFC_to_lPTL_T1', 0.003364155887119522)	('R_DLPFC_T2', 0.0033183169110141356)	('rIFG_to_lIFG_T2', -0.003230316759437648)	('rIFG_to_lIFG_T1', -0.0031718551216605257)	('lDLPFC_to_lIFG_T2', 0.0026774297823120023)	('lIFG_to_lPTL_T2', -0.002658098126343475)	('lSMA_to_lPTL_T2', 0.00252447158863343)	('lSMA_to_lPTL_T1', -0.002334721279537135)	('L_DLPFC', -0.0019367381745963507)	('rDLPFC_to_lIFG_T1', -0.0015881409282004543)	('lPTL_to_lIFG_T2', -0.001487202491076134)	('lDLPFC_to_lPTL_T2', -0.0012548254109978514)	('lDLPFC_to_lPTL_T1', -0.000607819014642045)	('L_SMA_T1', 0.0005768547701771364)	('L_IFGorb', 0.0004145077086365247)	('Age', -0.0003162505619686877)	
