predictors	pearson_correlation	mean_squared_error	r2	
rois + act_t1 + act_t2 + conn_t1 + conn_t2 + age + T1 + T2	0.27721022166650355	0.06563913021213562	0.07241306584218743	('lPTL_to_lIFG_T2', 0.013571474784971706)	('L_DLPFC_T1', 0.012257413170531223)	('lPTL_to_lIFG_T1', -0.009793266265689656)	('L_SMA_T2', -0.009099737458849103)	('rIFG_to_lIFG_T2', 0.008900418990175376)	('L_DLPFC_T2', 0.008603369784486201)	('L_DLPFC', -0.008214459655372578)	('L_IFGorb_T2', 0.007659545812765584)	('L_SMA_T1', -0.00677950208064352)	('T1', -0.006598033123899614)	('T2', -0.00655476477186565)	('lSMA_to_lPTL_T1', 0.006443352817586917)	('lSMA_to_lPTL_T2', 0.006401826399205668)	('rDLPFC_to_lIFG_T1', 0.006385037074959001)	('rDLPFC_to_lPTL_T1', 0.006115932512251218)	('lSMA_to_lIFG_T1', 0.00609652130358881)	('lIFG_to_lPTL_T1', 0.006040456458127123)	('lDLPFC_to_lPTL_T2', 0.005957817730630385)	('lDLPFC_to_lPTL_T1', 0.005444759130112309)	('lIFG_to_lPTL_T2', 0.005395804563524333)	('R_IFGorb_T2', -0.005239498016799089)	('lSMA_to_lIFG_T2', 0.004738796683527603)	('rDLPFC_to_lPTL_T2', -0.004593557726131831)	('R_IFGorb_T1', 0.0032621906345693405)	('L_IFGorb', 0.0032459390182170782)	('L_PTL', -0.0028834564445907)	('lDLPFC_to_lIFG_T2', 0.0023399463092237233)	('R_DLPFC_T2', 0.001865079656633152)	('lDLPFC_to_lIFG_T1', -0.0017225974609646484)	('L_SMA', -0.001615557424285752)	('L_PTL_T2', -0.0015953747865555023)	('L_IFGorb_T1', -0.0012005564205332334)	('rDLPFC_to_lIFG_T2', 0.0010010146960233951)	('L_PTL_T1', 0.0008817053945540502)	('Age', 0.0008344948773117859)	('R_DLPFC_T1', -0.0008026798354993607)	('rIFG_to_lIFG_T1', -0.000639516788874647)	
