predictors	pearson_correlation	mean_squared_error	r2	
rois + act_t1 + act_t2 + conn_t1 + conn_t2 + age + T1 + T2	-0.11856764814862228	0.08425906869983017	-0.19071674103045777	('lSMA_to_lPTL_T2', 0.021165182259421808)	('L_PTL', 0.017739865084382887)	('L_DLPFC_T1', 0.014439430600826902)	('lSMA_to_lPTL_T1', -0.014163414482655675)	('lPTL_to_lIFG_T2', -0.011782058471444376)	('lDLPFC_to_lPTL_T2', 0.011541658377733365)	('T1', 0.011225046344161434)	('T2', 0.01083193726780097)	('L_IFGorb_T1', 0.010730471536754538)	('rDLPFC_to_lIFG_T2', 0.0102754063485907)	('L_SMA_T1', 0.009669960921123372)	('rDLPFC_to_lIFG_T1', -0.008769737192358594)	('L_IFGorb_T2', 0.008567781644392865)	('lPTL_to_lIFG_T1', 0.00835859085015475)	('L_SMA_T2', 0.008038446592297759)	('R_DLPFC_T2', -0.00675651213615276)	('L_SMA', 0.006183649480617644)	('lDLPFC_to_lPTL_T1', -0.005862460226257177)	('L_PTL_T1', 0.005184775139206607)	('Age', -0.004953534621374601)	('R_IFGorb_T1', 0.004950781445512982)	('lIFG_to_lPTL_T2', -0.004707502399998267)	('rIFG_to_lIFG_T2', 0.003705523765565457)	('rDLPFC_to_lPTL_T2', 0.003297072654445038)	('L_DLPFC_T2', 0.003254243069514833)	('L_IFGorb', 0.002315003812026781)	('lDLPFC_to_lIFG_T2', -0.0022400208636094744)	('lDLPFC_to_lIFG_T1', -0.002219131334730111)	('L_PTL_T2', 0.0021409638483479917)	('rDLPFC_to_lPTL_T1', -0.0021274988124599125)	('L_DLPFC', 0.0017606984171300486)	('lIFG_to_lPTL_T1', 0.0016858374275856788)	('lSMA_to_lIFG_T2', -0.001270608856183095)	('rIFG_to_lIFG_T1', 0.0010165760818661917)	('R_IFGorb_T2', 0.0009285697026851825)	('R_DLPFC_T1', 0.0008187322721718115)	('lSMA_to_lIFG_T1', -0.00046830321671932493)	
