predictors	pearson_correlation	mean_squared_error	r2	
rois + act_t1 + act_t2 + conn_t1 + conn_t2 + age + T1 + T2	0.17302394491853193	0.07008563867787514	0.00957671895410006	('lSMA_to_lPTL_T1', 0.029522012288027737)	('lSMA_to_lPTL_T2', -0.016635464363570093)	('rDLPFC_to_lPTL_T1', 0.014021167251356227)	('L_SMA', -0.012895749304954006)	('lDLPFC_to_lPTL_T1', 0.012577602023130467)	('R_IFGorb_T2', -0.010385805124475341)	('Age', 0.010226840505166526)	('lIFG_to_lPTL_T2', -0.008778189587683392)	('lDLPFC_to_lIFG_T2', -0.008617376693325008)	('R_DLPFC_T2', 0.008591296393946941)	('L_PTL_T2', 0.008307797837996357)	('L_SMA_T1', -0.0075719669099169095)	('R_IFGorb_T1', 0.007334962298269883)	('L_PTL', 0.006995128683365391)	('L_IFGorb_T1', 0.0069270161865531464)	('lDLPFC_to_lIFG_T1', -0.00650444288857453)	('rDLPFC_to_lIFG_T1', 0.0060730266702630235)	('L_DLPFC_T1', -0.005940869871895405)	('R_DLPFC_T1', 0.005559208676771496)	('L_IFGorb_T2', -0.005350301667557288)	('L_IFGorb', 0.004986086993009245)	('lSMA_to_lIFG_T1', -0.004923466234512032)	('rIFG_to_lIFG_T2', 0.00463111039301186)	('rDLPFC_to_lPTL_T2', 0.004275716561814767)	('rDLPFC_to_lIFG_T2', -0.004142036592059049)	('L_DLPFC_T2', 0.004095408088411537)	('L_DLPFC', 0.004037645875992469)	('L_PTL_T1', -0.003298320785312023)	('lPTL_to_lIFG_T1', 0.00286210165949149)	('lSMA_to_lIFG_T2', -0.002502490406459017)	('T1', 0.0013839970905621696)	('L_SMA_T2', -0.0008682072841847986)	('rIFG_to_lIFG_T1', 0.0006176643203494798)	('lIFG_to_lPTL_T1', 0.0005552349020574808)	('T2', -0.00030851223695812005)	('lDLPFC_to_lPTL_T2', 0.00026280833768631577)	('lPTL_to_lIFG_T2', 0.00016944492960817325)	
