predictors	pearson_correlation	mean_squared_error	r2	
rois + act_t1 + act_t2 + conn_t1 + conn_t2 + age + T1 + T2	-0.031237942640015396	0.07594116331086738	-0.07317130230469826	('lIFG_to_lPTL_T1', 0.0259061641024327)	('lSMA_to_lPTL_T1', 0.02526180416045955)	('lDLPFC_to_lIFG_T2', -0.015039197071784196)	('L_DLPFC_T2', 0.013859044307112435)	('L_DLPFC_T1', 0.013826455715069049)	('R_DLPFC_T2', 0.01209735772268832)	('rDLPFC_to_lIFG_T2', 0.01193741005394133)	('R_DLPFC_T1', 0.011316350073623036)	('lPTL_to_lIFG_T2', -0.010901228357090119)	('lIFG_to_lPTL_T2', 0.009579644109578631)	('T2', -0.008396201967885101)	('L_PTL', 0.007480596680841527)	('lSMA_to_lPTL_T2', -0.007334468149675124)	('T1', -0.006405463205398262)	('L_PTL_T2', 0.006399515231432391)	('rIFG_to_lIFG_T2', 0.006337945818885118)	('R_IFGorb_T2', -0.006291439789210629)	('rDLPFC_to_lIFG_T1', -0.00594567374416067)	('L_SMA_T2', -0.005428435452563246)	('R_IFGorb_T1', 0.005388464662235551)	('Age', -0.005364092515932014)	('lPTL_to_lIFG_T1', 0.00522396353373349)	('L_SMA_T1', 0.005071810268304077)	('L_IFGorb_T1', -0.0049472484385151725)	('L_DLPFC', 0.0048769700332330955)	('rIFG_to_lIFG_T1', 0.0048708654930629605)	('L_SMA', 0.004540284915995271)	('lDLPFC_to_lPTL_T1', -0.004252286058132954)	('rDLPFC_to_lPTL_T2', 0.004011515596313165)	('lDLPFC_to_lIFG_T1', -0.003512732317931017)	('L_PTL_T1', -0.002927312856005902)	('L_IFGorb_T2', -0.0019246211255456596)	('rDLPFC_to_lPTL_T1', -0.0019156842505846506)	('lSMA_to_lIFG_T2', 0.001814242381381513)	('L_IFGorb', -0.0009392766461765104)	('lSMA_to_lIFG_T1', 0.0007397082871867238)	('lDLPFC_to_lPTL_T2', 0.00019668738228838145)	
