predictors	pearson_correlation	mean_squared_error	r2	
rois + act_t1 + act_t2 + conn_t1 + conn_t2 + age + T1 + T2	0.1148206040553543	0.07089358788371312	-0.0018409083724109099	('Age', 0.011867831406670262)	('R_DLPFC_T2', -0.00913809453045933)	('rDLPFC_to_lPTL_T1', 0.008929314790200512)	('rDLPFC_to_lIFG_T2', 0.008150042426208051)	('L_PTL', 0.00749937455327867)	('lIFG_to_lPTL_T1', 0.007437361010535876)	('rIFG_to_lIFG_T2', -0.00655408405994434)	('L_SMA', -0.0058210659567808675)	('L_PTL_T1', 0.0052852391671947465)	('L_SMA_T1', 0.005079876602840792)	('R_DLPFC_T1', 0.00504198645844532)	('rDLPFC_to_lPTL_T2', 0.004670812068587292)	('lSMA_to_lPTL_T1', 0.004166123419556081)	('R_IFGorb_T1', 0.0037128514182817344)	('T2', -0.003660929523379965)	('lSMA_to_lIFG_T1', -0.0036289506580195327)	('rIFG_to_lIFG_T1', 0.0032770932025154996)	('L_SMA_T2', 0.003259122107113583)	('lDLPFC_to_lPTL_T2', 0.0026145418290249157)	('T1', 0.002390798528987738)	('L_DLPFC', -0.0018926414329048702)	('lSMA_to_lIFG_T2', 0.0018113669655571989)	('L_PTL_T2', 0.0017952175428522963)	('lDLPFC_to_lIFG_T2', -0.001736544819165312)	('L_IFGorb_T2', -0.0014500986373490673)	('lDLPFC_to_lPTL_T1', 0.0014097259099199197)	('lPTL_to_lIFG_T1', 0.0011114325357765241)	('L_IFGorb', -0.0010063532391563566)	('lIFG_to_lPTL_T2', 0.0008033622791746011)	('L_IFGorb_T1', -0.0006877506749158321)	('lPTL_to_lIFG_T2', -0.0006554404212442063)	('L_DLPFC_T1', 0.00037415531341258813)	('R_IFGorb_T2', -0.0003256978172922234)	('lSMA_to_lPTL_T2', -0.0002853341093646006)	('lDLPFC_to_lIFG_T1', -0.00027701116682020155)	('rDLPFC_to_lIFG_T1', 0.0002669390815873056)	('L_DLPFC_T2', -7.629635866644927e-05)	
