predictors	pearson_correlation	mean_squared_error	r2	
rois + act_t1 + act_t2 + conn_t1 + conn_t2 + age + T1 + T2	0.08221384835643408	0.07250623016886872	-0.02463014869820923	('rDLPFC_to_lPTL_T1', 0.01938344374986805)	('lDLPFC_to_lIFG_T2', 0.017098493688325826)	('rIFG_to_lIFG_T2', 0.01640253270430199)	('lPTL_to_lIFG_T1', 0.01586102506169027)	('lSMA_to_lIFG_T1', 0.013040384230617751)	('R_DLPFC_T2', -0.01029526146255193)	('T1', -0.009346068130419336)	('T2', 0.009108470389608964)	('lSMA_to_lPTL_T1', -0.008759437559451813)	('lPTL_to_lIFG_T2', -0.008705782281085003)	('R_DLPFC_T1', 0.008113304955335446)	('L_SMA_T2', -0.00774565372979905)	('rIFG_to_lIFG_T1', 0.007589998353986517)	('rDLPFC_to_lIFG_T1', 0.007066899459307698)	('lIFG_to_lPTL_T2', 0.0067828976160588415)	('L_DLPFC_T2', 0.006536443122173518)	('L_PTL_T1', -0.005540610637817228)	('Age', 0.004897604355848074)	('rDLPFC_to_lPTL_T2', 0.004625444981298334)	('L_IFGorb_T2', 0.003380868308913072)	('L_SMA', 0.003330794183980465)	('lDLPFC_to_lIFG_T1', -0.003182320261708433)	('L_DLPFC', 0.0023830811480085676)	('lDLPFC_to_lPTL_T2', -0.002120484519512284)	('R_IFGorb_T2', 0.002104988780816023)	('L_PTL', -0.0021039155956993553)	('lSMA_to_lPTL_T2', 0.001901402647602021)	('L_SMA_T1', -0.0018369560505458594)	('L_PTL_T2', 0.0017510305430567827)	('L_IFGorb', -0.0017054614166113595)	('lIFG_to_lPTL_T1', -0.0009771006786591045)	('lSMA_to_lIFG_T2', 0.0009543212583994731)	('L_IFGorb_T1', -0.0006627138102669238)	('rDLPFC_to_lIFG_T2', 0.0003913571199105218)	('R_IFGorb_T1', 0.00037940828020182677)	('lDLPFC_to_lPTL_T1', 0.00017973044975497265)	('L_DLPFC_T1', 7.942339779641112e-05)	
