predictors	pearson_correlation	mean_squared_error	r2	
rois + act_t1 + act_t2 + conn_t1 + conn_t2 + age + T1 + T2	-0.22237846362695118	0.0820948694942681	-0.16013311051149426	('rDLPFC_to_lIFG_T1', 0.022443105990616306)	('L_DLPFC_T1', 0.015277660306061088)	('rIFG_to_lIFG_T1', 0.014808859484853878)	('lDLPFC_to_lPTL_T1', 0.013769486562878599)	('lDLPFC_to_lPTL_T2', 0.012969566146931693)	('lDLPFC_to_lIFG_T2', -0.012967314029678196)	('L_PTL', -0.01226048556622291)	('Age', -0.012194693688538831)	('L_SMA', 0.01196049539494079)	('rDLPFC_to_lPTL_T1', -0.010788101132760868)	('L_PTL_T1', 0.00946322491737405)	('L_SMA_T2', -0.008932483622989037)	('L_DLPFC_T2', 0.008630553531155228)	('rDLPFC_to_lIFG_T2', 0.008220635341981818)	('L_IFGorb_T2', 0.00820254842666726)	('lIFG_to_lPTL_T2', -0.008148970883815217)	('R_IFGorb_T1', 0.0080764846536658)	('L_IFGorb_T1', 0.007982835182273844)	('L_SMA_T1', 0.006449207364167236)	('R_IFGorb_T2', 0.00617468670486401)	('lPTL_to_lIFG_T2', -0.005343907855155877)	('lIFG_to_lPTL_T1', 0.0052222475252107405)	('T2', -0.005208388617831086)	('lSMA_to_lPTL_T1', 0.004508163227285934)	('lPTL_to_lIFG_T1', 0.004425838928097375)	('T1', 0.004246500760800218)	('lSMA_to_lPTL_T2', -0.00394294509550097)	('L_IFGorb', -0.003933667578484252)	('R_DLPFC_T2', 0.0035848517347785605)	('lDLPFC_to_lIFG_T1', -0.0034696649216212207)	('rIFG_to_lIFG_T2', -0.0034389690276234973)	('rDLPFC_to_lPTL_T2', -0.0027482931635506073)	('R_DLPFC_T1', -0.0011641455416091695)	('L_PTL_T2', -0.00102658724613207)	('lSMA_to_lIFG_T1', 0.0009321387900457368)	('lSMA_to_lIFG_T2', 0.000703459040954869)	('L_DLPFC', -4.6917104361722834e-05)	
