predictors	pearson_correlation	mean_squared_error	r2	
rois + act_t1 + act_t2 + conn_t1 + conn_t2 + age + T1 + T2	0.17175682404194478	0.07043404606734	0.004653159772447846	('lPTL_to_lIFG_T2', 0.017317255580474415)	('T1', 0.015174058017628516)	('R_IFGorb_T1', 0.013510198972027467)	('R_DLPFC_T1', -0.012913498839667081)	('Age', 0.011171373123879695)	('lSMA_to_lPTL_T1', -0.010120345579918203)	('L_DLPFC_T1', 0.009834729869152438)	('lDLPFC_to_lPTL_T1', 0.009243944949602885)	('rDLPFC_to_lPTL_T1', 0.008889269541489506)	('rIFG_to_lIFG_T2', -0.008669175997557019)	('L_PTL_T1', -0.008391377617610937)	('lSMA_to_lPTL_T2', 0.008314855371028409)	('L_IFGorb_T2', -0.0075265102567953325)	('L_DLPFC_T2', 0.007072196336154812)	('rIFG_to_lIFG_T1', 0.007066760829503188)	('rDLPFC_to_lIFG_T2', 0.00652337210647398)	('L_PTL_T2', 0.005153879161303493)	('L_IFGorb_T1', -0.005106246739584105)	('lSMA_to_lIFG_T1', 0.004974831399485084)	('lDLPFC_to_lPTL_T2', -0.004426760893858683)	('L_SMA_T2', -0.004159649604459607)	('lSMA_to_lIFG_T2', 0.004130727941422353)	('L_PTL', 0.004076910767014631)	('lIFG_to_lPTL_T2', -0.004056216206414479)	('T2', -0.0037187796238104653)	('L_DLPFC', 0.0028951097572911303)	('rDLPFC_to_lPTL_T2', -0.002264319835148247)	('lDLPFC_to_lIFG_T2', 0.0018332596315789565)	('lDLPFC_to_lIFG_T1', -0.0018250393818726072)	('lPTL_to_lIFG_T1', 0.0018015190129259781)	('R_IFGorb_T2', -0.0017394198636983863)	('L_SMA_T1', -0.0014468716044924715)	('rDLPFC_to_lIFG_T1', 0.0013198337588854112)	('lIFG_to_lPTL_T1', -0.0010423213749754978)	('R_DLPFC_T2', 0.0007814301912530203)	('L_IFGorb', -0.0006933921000519633)	('L_SMA', -0.00029936191288882703)	
