predictors	pearson_correlation	mean_squared_error	r2	
rois + act_t1 + act_t2 + conn_t1 + conn_t2 + age + T1 + T2	-0.08167006368132829	0.08126213580783016	-0.14836523844072613	('L_PTL_T2', -0.015423628761189807)	('L_DLPFC', -0.014023869311110255)	('R_IFGorb_T2', 0.0118281846881469)	('T1', -0.011639773031289415)	('lSMA_to_lIFG_T1', 0.010889377627823658)	('lSMA_to_lPTL_T2', 0.010376572032376843)	('L_PTL', 0.009000312405250599)	('lDLPFC_to_lIFG_T2', 0.008733714821477244)	('lPTL_to_lIFG_T1', 0.008404328799102754)	('rDLPFC_to_lPTL_T1', 0.00807716868221446)	('R_DLPFC_T1', 0.007974486918186575)	('lDLPFC_to_lPTL_T1', -0.007689088643983798)	('L_IFGorb_T2', 0.006347023028165938)	('L_IFGorb_T1', 0.00613545298073614)	('rDLPFC_to_lIFG_T1', 0.0054752143301666925)	('L_DLPFC_T1', -0.004891800781588238)	('R_DLPFC_T2', 0.004286320258015898)	('lSMA_to_lPTL_T1', 0.0041373730451291476)	('Age', 0.00389599212994914)	('L_PTL_T1', 0.003854075873600522)	('rIFG_to_lIFG_T1', 0.0037829608353821026)	('lDLPFC_to_lIFG_T1', -0.0029009595713324014)	('T2', -0.0028653169726509894)	('rDLPFC_to_lPTL_T2', -0.0027990224710757374)	('lSMA_to_lIFG_T2', 0.0021201590577266)	('L_IFGorb', -0.0018982875511285285)	('L_DLPFC_T2', 0.0015542639497269077)	('L_SMA', -0.001495773487387517)	('lDLPFC_to_lPTL_T2', 0.0014880562314124254)	('rDLPFC_to_lIFG_T2', -0.001093166977837201)	('lIFG_to_lPTL_T2', 0.0010485211269512856)	('lPTL_to_lIFG_T2', -0.0008673683956176296)	('L_SMA_T2', -0.0007864622332662573)	('L_SMA_T1', 0.00045807808185293345)	('lIFG_to_lPTL_T1', -0.0002690674512874974)	('rIFG_to_lIFG_T2', -0.0001271663294065099)	('R_IFGorb_T1', 5.2130023389286266e-05)	
