predictors	pearson_correlation	mean_squared_error	r2	
rois + act_t1 + act_t2 + conn_t1 + conn_t2 + age + T1 + T2	0.05945193742022589	0.07251712644594557	-0.024784130693625395	('rDLPFC_to_lIFG_T2', 0.020908290884851705)	('rDLPFC_to_lIFG_T1', 0.01557866983613274)	('lIFG_to_lPTL_T2', 0.014692447938360796)	('R_IFGorb_T1', 0.013224791662661134)	('L_IFGorb', -0.011299144549221677)	('lPTL_to_lIFG_T2', 0.011048194327818612)	('L_SMA_T2', 0.010269503401484708)	('lSMA_to_lPTL_T2', -0.009810232628651713)	('lSMA_to_lPTL_T1', 0.008660300097509562)	('lIFG_to_lPTL_T1', -0.007245313856105167)	('lPTL_to_lIFG_T1', 0.007069814106254455)	('L_IFGorb_T2', 0.006068985850018822)	('R_IFGorb_T2', -0.005936867866534985)	('L_DLPFC_T1', -0.005804269562661186)	('L_SMA', 0.005340733329546193)	('R_DLPFC_T1', -0.004988371236516469)	('lDLPFC_to_lIFG_T1', 0.004795772832095626)	('rDLPFC_to_lPTL_T1', -0.004677610089474069)	('Age', 0.004636709743306722)	('L_IFGorb_T1', 0.004278531652951239)	('R_DLPFC_T2', -0.0038806973566494845)	('L_DLPFC', -0.00345135900291665)	('rIFG_to_lIFG_T1', -0.0032656256213656164)	('lSMA_to_lIFG_T1', 0.002725652484508415)	('L_DLPFC_T2', 0.002463787623666621)	('L_PTL_T2', -0.002111433232237541)	('T2', 0.0017114725383196162)	('lDLPFC_to_lPTL_T1', -0.0017061148373767024)	('T1', -0.0016095477698824276)	('L_SMA_T1', 0.0016002421407941582)	('lSMA_to_lIFG_T2', 0.0013590470698046596)	('L_PTL_T1', -0.0008083127586282843)	('rIFG_to_lIFG_T2', 0.0008075717919496483)	('lDLPFC_to_lPTL_T2', -0.00040026443064012496)	('rDLPFC_to_lPTL_T2', 5.348972625139066e-05)	('L_PTL', 2.4509183803901348e-05)	('lDLPFC_to_lIFG_T2', -1.0699097120441286e-05)	
