predictors	pearson_correlation	mean_squared_error	r2	
rois + act_t1 + act_t2 + conn_t1 + conn_t2 + age + T1 + T2	0.04807284898398777	0.07393645163633464	-0.04484148821300571	('L_PTL_T1', 0.017822694198627188)	('L_SMA_T1', 0.0165882140685107)	('L_PTL', 0.015925071930429083)	('L_DLPFC', -0.01505542240236014)	('rIFG_to_lIFG_T1', -0.012255888197789834)	('T2', 0.009802948719353197)	('R_DLPFC_T1', 0.009598065739738855)	('lIFG_to_lPTL_T2', -0.009309118324125865)	('lSMA_to_lPTL_T1', -0.007851404115181398)	('L_PTL_T2', 0.00667655816462126)	('rDLPFC_to_lIFG_T1', 0.006453758886443242)	('lDLPFC_to_lIFG_T1', 0.005859682896959023)	('Age', -0.005736791513885059)	('L_DLPFC_T2', 0.005243935845126936)	('R_DLPFC_T2', 0.005146257530862859)	('rDLPFC_to_lIFG_T2', 0.004806933364193877)	('L_IFGorb_T1', 0.004362864821363918)	('L_DLPFC_T1', 0.004243172663800164)	('lSMA_to_lIFG_T1', -0.004172737908454145)	('R_IFGorb_T1', 0.0035972128861165974)	('lIFG_to_lPTL_T1', -0.0034145875159173043)	('lDLPFC_to_lPTL_T1', -0.0031394933903451092)	('rIFG_to_lIFG_T2', 0.0031115179856549316)	('lSMA_to_lPTL_T2', 0.0031008603550743553)	('lSMA_to_lIFG_T2', 0.0027441529980142742)	('lPTL_to_lIFG_T2', 0.0024256011420119607)	('R_IFGorb_T2', -0.002325010065920678)	('L_SMA', 0.0022679275325316536)	('lDLPFC_to_lIFG_T2', -0.0021451063980824233)	('L_IFGorb', 0.002142744550178585)	('rDLPFC_to_lPTL_T2', -0.0013359652469575535)	('rDLPFC_to_lPTL_T1', -0.0011221799864567857)	('lPTL_to_lIFG_T1', 0.0009812034570038592)	('T1', -0.0008392471151891536)	('L_SMA_T2', -0.0007281480294614058)	('lDLPFC_to_lPTL_T2', 0.0007017364137558007)	('L_IFGorb_T2', 0.00012512096747575068)	
