predictors	pearson_correlation	mean_squared_error	r2	
rois + act_t1 + act_t2 + conn_t1 + conn_t2 + age + T1 + T2	-0.02767684990653395	0.0717884101652783	-0.01448619258155004	('lSMA_to_lIFG_T2', 0.008020222316733874)	('lIFG_to_lPTL_T2', -0.003966812381702604)	('R_IFGorb_T2', 0.003959772428033637)	('lSMA_to_lIFG_T1', 0.0033131964292586326)	('lDLPFC_to_lPTL_T2', -0.002803060101717952)	('R_IFGorb_T1', 0.0025885996350790163)	('lDLPFC_to_lIFG_T1', 0.002575747483664653)	('L_PTL_T1', 0.0025679992231768633)	('rIFG_to_lIFG_T1', -0.002173830713357803)	('L_IFGorb_T1', 0.002170453004435482)	('L_SMA_T2', 0.0021071138016267588)	('Age', 0.002094001570928982)	('L_SMA_T1', 0.00208463489553889)	('rIFG_to_lIFG_T2', -0.0020629902834396596)	('L_PTL_T2', 0.0017880825841067823)	('L_DLPFC', 0.001737629373667722)	('L_DLPFC_T2', 0.0016967938996101572)	('R_DLPFC_T1', -0.0016681675359144096)	('rDLPFC_to_lPTL_T1', -0.0016382089798697341)	('L_IFGorb', 0.001549293003646464)	('L_IFGorb_T2', -0.0014334113173729295)	('L_DLPFC_T1', -0.001413611341679317)	('lPTL_to_lIFG_T2', 0.0013572676687308228)	('T1', 0.0013400541776016537)	('lIFG_to_lPTL_T1', 0.0012461655559773703)	('L_SMA', 0.0011151627577143327)	('lDLPFC_to_lIFG_T2', -0.0010926037523981882)	('rDLPFC_to_lIFG_T2', 0.0010676839696702517)	('L_PTL', 0.0009214299631085635)	('rDLPFC_to_lPTL_T2', -0.0008842487929254145)	('lSMA_to_lPTL_T1', 0.0008783392254340921)	('lPTL_to_lIFG_T1', 0.0005150002798115438)	('lDLPFC_to_lPTL_T1', -0.0004632844447309275)	('rDLPFC_to_lIFG_T1', -0.0004363787565779743)	('R_DLPFC_T2', 0.00041157835125754585)	('lSMA_to_lPTL_T2', 0.0003262122213448795)	('T2', 0.00012103946500956615)	
