predictors	pearson_correlation	mean_squared_error	r2	
rois + act_t1 + act_t2 + conn_t1 + conn_t2 + age + T1 + T2	0.07333165261135008	0.07041824432593513	0.004876463902419026	('L_PTL', -0.01304392884565422)	('lPTL_to_lIFG_T2', 0.011557858668823548)	('rIFG_to_lIFG_T1', -0.010703398659923686)	('lDLPFC_to_lPTL_T2', 0.01024421886173223)	('lDLPFC_to_lIFG_T2', -0.009583052273683355)	('R_DLPFC_T1', 0.006273712544348702)	('L_SMA_T2', 0.00508315727902467)	('R_DLPFC_T2', 0.0047006093016058875)	('L_PTL_T2', 0.004498703959022692)	('lSMA_to_lPTL_T1', 0.004268533180658268)	('lSMA_to_lPTL_T2', -0.003783538306683073)	('rIFG_to_lIFG_T2', 0.0034011299348490113)	('lDLPFC_to_lPTL_T1', -0.0032811950125724272)	('L_IFGorb_T1', 0.0028338967381784028)	('lPTL_to_lIFG_T1', 0.002829392139712227)	('lSMA_to_lIFG_T1', -0.0027223046122414924)	('T1', -0.002674172166080028)	('lIFG_to_lPTL_T1', 0.002461998409943637)	('L_SMA', 0.0024168846432278076)	('rDLPFC_to_lIFG_T1', 0.0021643331925857625)	('L_IFGorb', -0.0016247180687982289)	('L_PTL_T1', 0.0012620617622234593)	('lDLPFC_to_lIFG_T1', 0.001245210107561335)	('L_DLPFC', -0.0011694035006918017)	('L_IFGorb_T2', -0.0010861636208409165)	('T2', 0.000951785189140167)	('Age', 0.0007815178044761026)	('L_DLPFC_T2', -0.0007098605866261074)	('R_IFGorb_T1', 0.0006870766052894719)	('rDLPFC_to_lIFG_T2', 0.0006193502222103571)	('lSMA_to_lIFG_T2', -0.0004906626579975517)	('L_DLPFC_T1', 0.0003891367783696413)	('rDLPFC_to_lPTL_T2', -0.0003599827379585146)	('R_IFGorb_T2', 0.0003332352919558508)	('rDLPFC_to_lPTL_T1', 0.0003104535033501957)	('L_SMA_T1', 0.00019769394506510168)	('lIFG_to_lPTL_T2', 0.0)	
