predictors	pearson_correlation	mean_squared_error	r2	
rois + act_t1 + act_t2 + conn_t1 + conn_t2 + age + T1 + T2	-0.09197215065448239	0.07524660594784757	-0.06335608487451405	('lDLPFC_to_lPTL_T1', -0.009441854478159246)	('rDLPFC_to_lPTL_T1', 0.009400718854626284)	('L_DLPFC_T2', 0.008733852511994801)	('T2', 0.008589398806983329)	('L_SMA_T1', -0.007945192185830946)	('R_IFGorb_T2', 0.007855531832770981)	('L_PTL_T2', -0.007634337266463169)	('L_SMA', 0.0075994295728925715)	('Age', 0.007581631432349158)	('T1', 0.00737119671830214)	('L_IFGorb', 0.006505553186130258)	('rDLPFC_to_lPTL_T2', -0.005556652286442477)	('lPTL_to_lIFG_T1', -0.005523449409067409)	('lIFG_to_lPTL_T1', 0.005185668839429262)	('R_DLPFC_T1', 0.004873098924073311)	('lSMA_to_lPTL_T2', 0.004393774537409941)	('L_PTL_T1', 0.004379508653063573)	('rDLPFC_to_lIFG_T1', -0.004211765644001944)	('lSMA_to_lIFG_T1', 0.004109317137912832)	('R_IFGorb_T1', 0.004007193759197276)	('lDLPFC_to_lIFG_T1', -0.003512048567129688)	('lIFG_to_lPTL_T2', 0.0032597296938572926)	('rDLPFC_to_lIFG_T2', -0.0032426063811613714)	('R_DLPFC_T2', 0.00305219146564198)	('L_DLPFC', -0.0025561882904609804)	('L_SMA_T2', -0.002398911166272498)	('lDLPFC_to_lPTL_T2', 0.0023861398877587417)	('lDLPFC_to_lIFG_T2', 0.0021679979944743528)	('lPTL_to_lIFG_T2', -0.001843336908043147)	('L_DLPFC_T1', 0.0014255167234614556)	('L_IFGorb_T1', -0.0013423326053999467)	('rIFG_to_lIFG_T1', -0.0009562701154047135)	('lSMA_to_lPTL_T1', -0.0008862921690321378)	('rIFG_to_lIFG_T2', 0.000802216918517033)	('lSMA_to_lIFG_T2', -0.0006721342654695765)	('L_PTL', 0.0006053609545809148)	('L_IFGorb_T2', 0.0005523100581766503)	
