predictors	pearson_correlation	mean_squared_error	r2	
rois + act_t1 + act_t2 + conn_t1 + conn_t2 + age + T1 + T2	0.10715949582008777	0.06997925413987724	0.011080104314697414	('rDLPFC_to_lPTL_T1', 0.009508619930953333)	('L_DLPFC_T1', 0.009120618413178355)	('rDLPFC_to_lIFG_T2', 0.008502173021015634)	('R_DLPFC_T2', 0.008339218608787276)	('lIFG_to_lPTL_T1', 0.007994992085729345)	('L_SMA_T1', -0.0073831725770390376)	('R_IFGorb_T1', -0.0056096719327192405)	('L_SMA', 0.0055502854360016795)	('rIFG_to_lIFG_T1', -0.005093783951286512)	('lDLPFC_to_lIFG_T1', 0.005017454682958052)	('lSMA_to_lPTL_T1', 0.004298355207440881)	('L_SMA_T2', 0.00418879960965667)	('lIFG_to_lPTL_T2', -0.0038807359767624302)	('T1', -0.003508627220383272)	('Age', -0.003390458937702682)	('rDLPFC_to_lIFG_T1', 0.003196082051663054)	('rIFG_to_lIFG_T2', 0.0029921184826164123)	('L_IFGorb_T1', 0.0029376586810808303)	('lSMA_to_lIFG_T1', 0.0027961736008404537)	('lPTL_to_lIFG_T1', -0.002651701344874784)	('L_PTL_T1', -0.0024886397518561537)	('L_IFGorb_T2', -0.0022393008077893238)	('lDLPFC_to_lPTL_T2', 0.0021846202129608364)	('lDLPFC_to_lIFG_T2', 0.002044172532611376)	('T2', -0.0019752131139159617)	('lDLPFC_to_lPTL_T1', -0.001934299448879437)	('L_IFGorb', -0.0013818679027768129)	('R_IFGorb_T2', 0.0012457698282176022)	('L_DLPFC', 0.0012170270677047533)	('R_DLPFC_T1', -0.0010411332633445877)	('lPTL_to_lIFG_T2', -0.0007426951314253896)	('rDLPFC_to_lPTL_T2', -0.000627009198110574)	('L_PTL', 0.0005549353358888008)	('lSMA_to_lIFG_T2', -0.0005198146961541999)	('L_DLPFC_T2', 0.0005082319664694987)	('L_PTL_T2', 0.0004968954485449925)	('lSMA_to_lPTL_T2', 0.0004214850433991175)	
