predictors	pearson_correlation	mean_squared_error	r2	
rois + act_t1 + act_t2 + conn_t1 + conn_t2 + age + T1 + T2	0.15106192828698436	0.06959777685781031	0.016470994495291325	('lDLPFC_to_lIFG_T2', 0.01237023492352469)	('L_IFGorb_T1', 0.010598356447150806)	('L_PTL_T1', 0.008901909172472132)	('L_DLPFC_T1', 0.005995517394447328)	('lIFG_to_lPTL_T1', 0.005645011559503098)	('lPTL_to_lIFG_T1', 0.0054045340285870285)	('T2', 0.0053287609300927035)	('lPTL_to_lIFG_T2', 0.005031234464697305)	('rDLPFC_to_lPTL_T1', -0.00502472495049033)	('L_IFGorb', 0.004283060691191253)	('rDLPFC_to_lPTL_T2', 0.00413733392972705)	('R_DLPFC_T2', 0.004127921113643627)	('lSMA_to_lIFG_T1', 0.0041112573019796575)	('R_IFGorb_T1', 0.00388120246316478)	('rDLPFC_to_lIFG_T1', 0.003253271335024398)	('L_SMA_T2', -0.0029953087643139606)	('L_SMA', -0.00284057621470753)	('L_PTL', 0.002550044743563824)	('rIFG_to_lIFG_T1', 0.002518913049781688)	('L_IFGorb_T2', -0.002475784171243287)	('R_IFGorb_T2', 0.00242009005003982)	('T1', 0.002325369345148309)	('L_PTL_T2', 0.0021618740014539765)	('lDLPFC_to_lPTL_T1', 0.0020829886568530073)	('R_DLPFC_T1', -0.002075256570055625)	('lDLPFC_to_lIFG_T1', -0.001964603860763918)	('rIFG_to_lIFG_T2', 0.001803640780747284)	('rDLPFC_to_lIFG_T2', -0.0017991452008458816)	('lSMA_to_lPTL_T1', -0.0012201226537279643)	('Age', -0.0012000451351882292)	('lSMA_to_lPTL_T2', 0.001003344814721069)	('L_DLPFC_T2', 0.0008718386276225843)	('lSMA_to_lIFG_T2', 0.0004568788839875494)	('L_DLPFC', -0.00016363074749140607)	('L_SMA_T1', 0.00016196718584998338)	('lDLPFC_to_lPTL_T2', 5.0791677936003764e-05)	('lIFG_to_lPTL_T2', -2.7728877108310762e-05)	
