predictors	pearson_correlation	mean_squared_error	r2	
rois + act_t1 + act_t2 + conn_t1 + conn_t2 + age + T1 + T2	0.16336181458969024	0.07124215993292521	-0.0067667944622600285	('L_PTL_T2', 0.014854825862114843)	('L_SMA_T2', 0.014810947108758932)	('L_IFGorb', 0.013268082438848293)	('R_IFGorb_T2', 0.011912314794654238)	('lIFG_to_lPTL_T2', 0.010017566042049291)	('L_SMA', -0.009806289366948757)	('lSMA_to_lIFG_T2', 0.00872752151285731)	('T2', 0.008647603337698817)	('lDLPFC_to_lPTL_T1', 0.008180804100261107)	('lSMA_to_lPTL_T2', 0.007712992100979302)	('lPTL_to_lIFG_T2', 0.007579709218938439)	('R_IFGorb_T1', 0.0073389342608009105)	('rDLPFC_to_lIFG_T1', 0.0073146728798982414)	('L_SMA_T1', 0.007070701681377175)	('lDLPFC_to_lPTL_T2', 0.006538804369641529)	('R_DLPFC_T2', -0.006240301874979119)	('lIFG_to_lPTL_T1', 0.005427943029492061)	('L_DLPFC_T1', 0.005190249318356007)	('L_IFGorb_T2', -0.005008630666046116)	('L_DLPFC_T2', -0.004862296101934092)	('rDLPFC_to_lPTL_T2', -0.004761098125129028)	('rIFG_to_lIFG_T1', -0.00423471317243156)	('lSMA_to_lIFG_T1', 0.00403790342703201)	('lDLPFC_to_lIFG_T1', 0.0038443922360803418)	('L_PTL_T1', 0.003754222666075789)	('T1', -0.0035633125352621613)	('rDLPFC_to_lPTL_T1', -0.003487787352451508)	('rDLPFC_to_lIFG_T2', -0.0034427802919381693)	('L_PTL', -0.00290930072993755)	('R_DLPFC_T1', 0.002486565389826304)	('lPTL_to_lIFG_T1', 0.0017439961508018342)	('lDLPFC_to_lIFG_T2', 0.0016774928661194813)	('L_DLPFC', 0.001370570301304554)	('Age', -0.001135389800902293)	('rIFG_to_lIFG_T2', 0.0006044040789556196)	('L_IFGorb_T1', -0.0004455817713237433)	('lSMA_to_lPTL_T1', 0.00026809144624020004)	
