predictors	pearson_correlation	mean_squared_error	r2	
rois + act_t1 + act_t2 + conn_t1 + conn_t2 + age + T1 + T2	0.12137910739254164	0.07116926863520098	-0.0057367226870204124	('lSMA_to_lIFG_T1', 0.014602420402826213)	('L_SMA', -0.013849850823737068)	('rIFG_to_lIFG_T1', 0.010417468898859217)	('L_SMA_T2', 0.00972575646745734)	('L_IFGorb_T2', 0.009570685995404145)	('rDLPFC_to_lPTL_T1', -0.008723143564601334)	('R_IFGorb_T1', 0.00848649071939692)	('rDLPFC_to_lIFG_T2', 0.008288221344108346)	('L_PTL_T1', 0.007897051820670957)	('R_IFGorb_T2', 0.007399313543678734)	('Age', 0.007327343433213447)	('T1', 0.007317399926784504)	('L_DLPFC_T1', -0.006836647492783339)	('lSMA_to_lPTL_T2', -0.00646805534692153)	('L_DLPFC_T2', -0.006387475356585894)	('R_DLPFC_T2', 0.005436932878046908)	('lSMA_to_lIFG_T2', 0.00526872690931548)	('L_IFGorb', 0.004452234402600413)	('L_SMA_T1', 0.004437656437972863)	('rDLPFC_to_lPTL_T2', 0.0042791748919537385)	('rIFG_to_lIFG_T2', 0.004181102673514766)	('L_PTL', 0.0038681440238638527)	('lIFG_to_lPTL_T2', -0.0037230285222575312)	('lDLPFC_to_lPTL_T1', -0.003581871231203858)	('L_IFGorb_T1', 0.0030501418014757817)	('lPTL_to_lIFG_T1', -0.002841999162522968)	('L_PTL_T2', -0.002284242391720333)	('rDLPFC_to_lIFG_T1', -0.002024495084556191)	('T2', 0.002013995331114778)	('lSMA_to_lPTL_T1', -0.0018501810471168848)	('lDLPFC_to_lPTL_T2', 0.0017065499368997962)	('L_DLPFC', -0.0016612848610541848)	('lPTL_to_lIFG_T2', -0.0014216233383262267)	('lIFG_to_lPTL_T1', -0.0011636788339935513)	('lDLPFC_to_lIFG_T2', -0.0003111667102985162)	('lDLPFC_to_lIFG_T1', 0.00017151575179744522)	('R_DLPFC_T1', 2.6199776950430945e-06)	
