predictors	pearson_correlation	mean_squared_error	r2	
rois + act_t1 + act_t2 + conn_t1 + conn_t2 + age + T1 + T2	-0.09794041314145846	0.07738034012309246	-0.09350919530615132	('lSMA_to_lIFG_T2', 0.013181645023860347)	('L_IFGorb_T1', 0.01248884941007146)	('R_IFGorb_T2', 0.011960152235798318)	('rIFG_to_lIFG_T2', -0.009756888663018508)	('rIFG_to_lIFG_T1', -0.009178070388269934)	('L_SMA', 0.009028730568147132)	('L_IFGorb_T2', 0.008366917286691956)	('lDLPFC_to_lPTL_T1', 0.007410577669994751)	('T2', -0.006647975922199538)	('lSMA_to_lIFG_T1', 0.006543218495768888)	('rDLPFC_to_lPTL_T1', -0.005719233721893954)	('lSMA_to_lPTL_T2', 0.005237910427327847)	('lIFG_to_lPTL_T1', -0.005071295761715632)	('lPTL_to_lIFG_T2', -0.005063639407938231)	('L_PTL', -0.004401008179097182)	('L_PTL_T2', 0.004164906991857712)	('rDLPFC_to_lPTL_T2', 0.004103904678472199)	('R_DLPFC_T2', -0.003991065493513784)	('lSMA_to_lPTL_T1', 0.0036422473901457507)	('L_PTL_T1', 0.00344860956838391)	('R_DLPFC_T1', 0.003144951021640833)	('rDLPFC_to_lIFG_T1', 0.0027014531433721353)	('lIFG_to_lPTL_T2', -0.002631902251162631)	('lDLPFC_to_lIFG_T2', -0.0026258243825847856)	('Age', -0.0024847290811344574)	('R_IFGorb_T1', 0.002375768951612535)	('T1', 0.002297143593535344)	('L_IFGorb', -0.002296280845218493)	('L_DLPFC_T2', -0.0021127573142148298)	('lDLPFC_to_lIFG_T1', 0.0019348430202263884)	('L_DLPFC', -0.0018169897967889007)	('L_DLPFC_T1', 0.0017081665808424346)	('lDLPFC_to_lPTL_T2', 0.001542623387227913)	('rDLPFC_to_lIFG_T2', 0.0013936126638838492)	('lPTL_to_lIFG_T1', 0.0006837130689781219)	('L_SMA_T1', 0.00032550705244301467)	('L_SMA_T2', 0.00023410769945366572)	
