predictors	pearson_correlation	mean_squared_error	r2	
rois + act_t1 + act_t2 + conn_t1 + conn_t2 + age + T1 + T2	-0.19699898702825902	0.07887755977130523	-0.11466732733438101	('lSMA_to_lPTL_T2', 0.015106032713260146)	('lIFG_to_lPTL_T1', 0.01123401694040807)	('lPTL_to_lIFG_T2', -0.010276598539617206)	('Age', 0.01021386554474451)	('lDLPFC_to_lIFG_T1', -0.009042705893385879)	('rDLPFC_to_lIFG_T1', -0.008876789828844777)	('lIFG_to_lPTL_T2', 0.007361560516047935)	('rDLPFC_to_lPTL_T2', 0.007352669014050411)	('lPTL_to_lIFG_T1', -0.006094178131004841)	('rDLPFC_to_lPTL_T1', -0.005813340174353817)	('L_DLPFC', 0.004800925273366195)	('L_PTL_T1', 0.0045294667231188185)	('L_IFGorb_T1', 0.004045660860342388)	('rDLPFC_to_lIFG_T2', 0.0039163293992653826)	('L_IFGorb_T2', 0.0038049265423900935)	('T2', 0.0036728434904677513)	('L_SMA_T2', -0.0035083284061480763)	('L_IFGorb', -0.002496503455594576)	('L_DLPFC_T1', -0.002245128303220943)	('L_DLPFC_T2', -0.002036641618834851)	('rIFG_to_lIFG_T2', 0.0019004015219166398)	('R_DLPFC_T2', 0.001756240626218001)	('L_PTL_T2', 0.0016916885013487858)	('lSMA_to_lPTL_T1', -0.0014653083243287921)	('lDLPFC_to_lIFG_T2', -0.001314005047618052)	('lSMA_to_lIFG_T1', -0.0011164416539946303)	('lSMA_to_lIFG_T2', 0.0010062765860905925)	('R_IFGorb_T1', 0.0008715372361473116)	('T1', 0.0007394884763055797)	('lDLPFC_to_lPTL_T2', -0.0007123555989483043)	('R_DLPFC_T1', -0.0006385395176488572)	('lDLPFC_to_lPTL_T1', 0.000616351903887948)	('L_SMA', 0.00046977181724866686)	('R_IFGorb_T2', 0.00032337007354037677)	('L_PTL', 0.00024370777367127891)	('L_SMA_T1', -0.00016955594934045558)	('rIFG_to_lIFG_T1', 0.00014895037171165832)	
