predictors	pearson_correlation	mean_squared_error	r2	
rois + act_t1 + act_t2 + conn_t1 + conn_t2 + age + T1 + T2	0.34546401074362104	0.06371099585380388	0.09966071876368521	('L_IFGorb_T2', 0.019166874340260046)	('L_IFGorb', 0.017389516626631803)	('lSMA_to_lPTL_T1', -0.01657294795331334)	('T2', 0.01518141930725427)	('lDLPFC_to_lPTL_T1', -0.013872613139198842)	('L_SMA', -0.013231599174307544)	('lDLPFC_to_lPTL_T2', -0.012968023614001008)	('lIFG_to_lPTL_T2', -0.01269058185009168)	('L_PTL', 0.012128831372641181)	('lDLPFC_to_lIFG_T2', 0.010595742401093119)	('lPTL_to_lIFG_T1', 0.010515136675337461)	('rIFG_to_lIFG_T1', 0.009576650788565249)	('L_PTL_T2', -0.0093920072567416)	('lSMA_to_lPTL_T2', 0.00793371937175608)	('lDLPFC_to_lIFG_T1', 0.007524806831108872)	('L_DLPFC', 0.006824627748072298)	('lPTL_to_lIFG_T2', 0.0066743314714486)	('rDLPFC_to_lPTL_T1', 0.00649100174756168)	('rIFG_to_lIFG_T2', 0.005561001167353778)	('L_DLPFC_T2', 0.005559221949279053)	('lSMA_to_lIFG_T1', -0.004185338849544737)	('lIFG_to_lPTL_T1', 0.0035983088494159696)	('Age', -0.003228240421237391)	('R_IFGorb_T2', 0.0028682699878786883)	('R_DLPFC_T1', 0.0027361043184314375)	('L_PTL_T1', 0.002666730316072219)	('L_DLPFC_T1', 0.0025563350427636566)	('L_IFGorb_T1', 0.0024713751862966665)	('R_DLPFC_T2', -0.0022577680412169065)	('L_SMA_T2', -0.0015985804850459228)	('rDLPFC_to_lPTL_T2', -0.0015012042398266788)	('T1', 0.0013638879580359668)	('lSMA_to_lIFG_T2', -0.0008024635641770823)	('rDLPFC_to_lIFG_T2', -0.000701404143549291)	('R_IFGorb_T1', 0.0006118829723498766)	('L_SMA_T1', -0.0004945755065344162)	('rDLPFC_to_lIFG_T1', 0.00010134299997766355)	
