predictors	pearson_correlation	mean_squared_error	r2	
rois + act_t1 + act_t2 + conn_t1 + conn_t2 + age + T1 + T2	-0.1478538507956388	0.11421838004346839	-0.24454910761499438	('lPTL_to_lIFG_T1', 0.02242103871119118)	('rDLPFC_to_lPTL_T2', 0.021469058625397223)	('lDLPFC_to_lPTL_T1', 0.018878582068705428)	('lIFG_to_lPTL_T2', 0.01831587911072692)	('lIFG_to_lPTL_T1', 0.017819677687243)	('R_IFGorb_T2', -0.01695804118882415)	('lDLPFC_to_lIFG_T1', 0.016685658818051032)	('L_PTL_T2', 0.01614209994869226)	('R_DLPFC_T2', 0.013907320281473375)	('lSMA_to_lIFG_T1', -0.013438167722090976)	('L_PTL', -0.011431649601799133)	('L_IFGorb_T2', -0.011157379675505293)	('L_PTL_T1', -0.010539094907405962)	('lSMA_to_lPTL_T1', 0.01046119026507716)	('L_SMA_T1', 0.009866786461647925)	('L_IFGorb', 0.009740987062346744)	('rIFG_to_lIFG_T1', -0.008743749431473673)	('L_SMA_T2', -0.00861050012153327)	('L_DLPFC_T1', 0.00788530668063734)	('L_IFGorb_T1', 0.0061061021570618925)	('T2', -0.005242428513546729)	('lDLPFC_to_lPTL_T2', -0.0051077261028676935)	('rDLPFC_to_lIFG_T1', 0.0050206903343085665)	('lSMA_to_lPTL_T2', -0.0036571591238974926)	('lSMA_to_lIFG_T2', -0.0035481820254633766)	('Age', -0.0027709677903688954)	('lPTL_to_lIFG_T2', 0.0025103911360269283)	('L_DLPFC', 0.0024874996852177695)	('R_DLPFC_T1', 0.001637903777942156)	('rDLPFC_to_lIFG_T2', -0.001635927834729952)	('L_SMA', -0.001325087548855932)	('R_IFGorb_T1', -0.0012732680062047764)	('T1', 0.0010888650703617568)	('lDLPFC_to_lIFG_T2', 0.0009181683098091325)	('rIFG_to_lIFG_T2', -0.0009151069796248864)	('L_DLPFC_T2', -0.0005126724396183508)	('rDLPFC_to_lPTL_T1', 0.00019966674412878808)	
