predictors	pearson_correlation	mean_squared_error	r2	
rois + act_t1 + act_t2 + conn_t1 + conn_t2 + age + T1 + T2	-0.24207907282332855	0.09772346007582153	-0.23707162769149126	('L_SMA', 0.025651019787750407)	('Age', 0.022821260812640843)	('lSMA_to_lPTL_T2', -0.016727141235212593)	('L_DLPFC_T1', 0.01649576207602739)	('lIFG_to_lPTL_T2', 0.015985565299776655)	('lPTL_to_lIFG_T2', 0.014445610036665349)	('L_IFGorb', 0.011844907118821909)	('lDLPFC_to_lPTL_T1', 0.010422867705921693)	('L_SMA_T2', 0.008943450733715738)	('R_IFGorb_T2', 0.008832331924456536)	('rIFG_to_lIFG_T1', 0.008751732942196742)	('L_IFGorb_T2', 0.008612475233227838)	('L_IFGorb_T1', 0.007148248643869259)	('lSMA_to_lIFG_T2', -0.006895766004912547)	('rDLPFC_to_lIFG_T1', 0.005905303445153824)	('L_PTL_T2', 0.005350486661577837)	('lSMA_to_lPTL_T1', 0.004926330356990144)	('L_PTL', 0.00446648873366473)	('rDLPFC_to_lPTL_T1', -0.004296655170362851)	('rIFG_to_lIFG_T2', 0.004018817517317787)	('L_DLPFC_T2', 0.003676112849260729)	('R_DLPFC_T2', 0.0034824621462190442)	('rDLPFC_to_lIFG_T2', 0.003422890061678013)	('L_PTL_T1', -0.002972862155521042)	('L_DLPFC', -0.002189397854541482)	('R_DLPFC_T1', 0.0018750686281451124)	('lSMA_to_lIFG_T1', 0.0016397623724881895)	('lDLPFC_to_lIFG_T2', 0.0010770589231811302)	('T2', -0.0010260026819428614)	('lPTL_to_lIFG_T1', -0.0009255952803734655)	('T1', 0.0008523314296488748)	('lIFG_to_lPTL_T1', 0.0004935562570750542)	('lDLPFC_to_lPTL_T2', 0.00048620511390163067)	('R_IFGorb_T1', -0.0003749061577352345)	('rDLPFC_to_lPTL_T2', 0.0003256977577198379)	('lDLPFC_to_lIFG_T1', -0.00021273616074852318)	('L_SMA_T1', -0.00011295873201193495)	
