predictors	pearson_correlation	mean_squared_error	r2	
rois + act_t1 + act_t2 + conn_t1 + conn_t2 + age + T1 + T2	0.05036291824614399	0.095689414014746	-0.042653334559038525	('L_IFGorb', 0.014158938530527358)	('rDLPFC_to_lPTL_T2', 0.011602854996472699)	('lPTL_to_lIFG_T2', -0.011270445782637199)	('L_PTL_T2', 0.010334644573990215)	('lDLPFC_to_lIFG_T2', 0.010089961882611067)	('lDLPFC_to_lPTL_T2', 0.009851718930880781)	('L_PTL', 0.009179713841194944)	('Age', 0.008141325702677638)	('L_SMA_T1', -0.008088325555349893)	('lSMA_to_lIFG_T1', -0.007517619110641377)	('R_IFGorb_T2', -0.007221512170246943)	('lIFG_to_lPTL_T2', 0.006749836649235737)	('lSMA_to_lPTL_T1', 0.006669714111859741)	('rIFG_to_lIFG_T2', 0.0065276802314096945)	('lSMA_to_lPTL_T2', 0.006112986998640963)	('R_IFGorb_T1', 0.005805373941016562)	('L_IFGorb_T2', 0.0057958053006714645)	('rIFG_to_lIFG_T1', 0.005473051280714773)	('R_DLPFC_T2', -0.005253039910607242)	('rDLPFC_to_lPTL_T1', 0.0051425701175988854)	('lSMA_to_lIFG_T2', 0.004649029786532745)	('lIFG_to_lPTL_T1', -0.004094372850460539)	('L_SMA', -0.004034078061617987)	('rDLPFC_to_lIFG_T1', 0.0036095113532736774)	('L_PTL_T1', 0.0035480280241216217)	('T2', -0.003314099498672389)	('L_SMA_T2', 0.002363044260964377)	('L_DLPFC_T1', -0.002230420050806699)	('lPTL_to_lIFG_T1', 0.0020549762080070513)	('lDLPFC_to_lIFG_T1', 0.001940988265832505)	('L_IFGorb_T1', -0.0019345869323158394)	('T1', 0.001536138384735464)	('R_DLPFC_T1', 0.001132658844004799)	('L_DLPFC', 0.0006272708834104712)	('L_DLPFC_T2', 0.00047030365848406284)	('lDLPFC_to_lPTL_T1', 0.000405628663788954)	('rDLPFC_to_lIFG_T2', 0.00020507124811543743)	
