predictors	pearson_correlation	mean_squared_error	r2	
rois + act_t1 + act_t2 + conn_t1 + conn_t2 + age + T1 + T2	-0.2542172818102912	0.10442480437481315	-0.1378361087601152	('lPTL_to_lIFG_T1', 0.01662603423503176)	('L_SMA_T1', -0.01305048106023405)	('rDLPFC_to_lIFG_T2', 0.011502814917590936)	('L_IFGorb', 0.010046140132389683)	('lPTL_to_lIFG_T2', 0.009911087820755692)	('T1', -0.007450499006560694)	('rIFG_to_lIFG_T2', 0.007113632693730855)	('L_PTL_T2', 0.006698317498788913)	('rDLPFC_to_lIFG_T1', 0.006170964820595559)	('L_IFGorb_T1', 0.006127514344364666)	('R_DLPFC_T1', 0.005973244311011697)	('lDLPFC_to_lPTL_T2', -0.0056684794437632325)	('lDLPFC_to_lIFG_T1', 0.005323424932007777)	('L_PTL_T1', 0.005261006035028896)	('lDLPFC_to_lIFG_T2', -0.004941737355625717)	('L_SMA', 0.004833738385154767)	('lDLPFC_to_lPTL_T1', 0.0030992225089779813)	('rDLPFC_to_lPTL_T2', 0.002907156406021759)	('lSMA_to_lIFG_T1', -0.002851453656736956)	('R_DLPFC_T2', -0.0028150581380787824)	('lSMA_to_lPTL_T2', -0.002533568311359114)	('R_IFGorb_T2', 0.0024706869564541448)	('L_DLPFC_T2', -0.002271418046670283)	('L_DLPFC', 0.002234476191158299)	('rDLPFC_to_lPTL_T1', 0.0017145247621477924)	('rIFG_to_lIFG_T1', 0.0016904618462706892)	('lIFG_to_lPTL_T1', -0.0013743336541955158)	('T2', 0.0013192475756905267)	('L_SMA_T2', 0.001314421554921417)	('R_IFGorb_T1', 0.0012219876354775754)	('L_PTL', 0.0005488516509870201)	('L_DLPFC_T1', 0.0004745098593538787)	('L_IFGorb_T2', -0.0004598279528483359)	('lSMA_to_lIFG_T2', 0.00036376578161580897)	('lSMA_to_lPTL_T1', -0.00022636247062116479)	('lIFG_to_lPTL_T2', 5.843296095025351e-05)	('Age', 3.685673202024387e-05)	
