predictors	pearson_correlation	mean_squared_error	r2	
rois + act_t1 + act_t2 + conn_t1 + conn_t2 + age + T1 + T2	-0.3220634251972733	0.13307232714227143	-0.4499859473592249	('R_IFGorb_T1', 0.028753054372399663)	('L_PTL', 0.020422688807837264)	('L_IFGorb', -0.013737815987594517)	('L_DLPFC_T1', 0.009982449182532997)	('T1', 0.009256168872724986)	('L_DLPFC_T2', 0.00905028963514118)	('rIFG_to_lIFG_T2', 0.008833523304663018)	('lDLPFC_to_lPTL_T2', 0.008731023613122217)	('L_PTL_T2', 0.008494354139281284)	('lIFG_to_lPTL_T2', 0.008131266118158186)	('lSMA_to_lPTL_T1', 0.007689999703852315)	('lPTL_to_lIFG_T2', 0.006437334095554245)	('lSMA_to_lIFG_T2', 0.005804168047744983)	('L_IFGorb_T1', 0.005656388542145693)	('L_IFGorb_T2', 0.005542642923205112)	('L_PTL_T1', 0.005467279656087295)	('lIFG_to_lPTL_T1', 0.005410150418015801)	('rIFG_to_lIFG_T1', -0.005049165852857088)	('lDLPFC_to_lIFG_T1', -0.004891825799925967)	('rDLPFC_to_lIFG_T2', 0.004809834486251711)	('Age', -0.004773095151156156)	('lPTL_to_lIFG_T1', 0.004682967750112954)	('lSMA_to_lPTL_T2', -0.004171167901494856)	('rDLPFC_to_lPTL_T2', 0.003907544498881346)	('R_DLPFC_T1', -0.0029822446872536552)	('lSMA_to_lIFG_T1', -0.0023322882421304004)	('rDLPFC_to_lPTL_T1', 0.002208401366097043)	('lDLPFC_to_lPTL_T1', -0.001995759577951864)	('L_SMA_T2', -0.001792256038978746)	('R_DLPFC_T2', 0.0010973501661964559)	('rDLPFC_to_lIFG_T1', 0.0010118489916092408)	('T2', -0.0007727286334850198)	('L_DLPFC', -0.0007552569191719942)	('L_SMA_T1', -0.0005185373283626951)	('R_IFGorb_T2', 0.0004429405194423168)	('lDLPFC_to_lIFG_T2', -0.0004103123960279074)	('L_SMA', 0.0003664744815176934)	
