predictors	pearson_correlation	mean_squared_error	r2	
rois + act_t1 + act_t2 + conn_t1 + conn_t2 + age + T1 + T2	-0.18197972781315738	0.09276398976428173	-0.1742901829286474	('L_IFGorb_T2', 0.018420654099936012)	('T2', 0.012589084053405728)	('lDLPFC_to_lPTL_T2', 0.012256685873698417)	('lSMA_to_lIFG_T1', 0.01134607014162936)	('lPTL_to_lIFG_T1', -0.01117374183049392)	('T1', 0.009865302530864808)	('lDLPFC_to_lIFG_T2', -0.00930387325150395)	('rDLPFC_to_lIFG_T2', -0.008954602699138595)	('L_PTL', 0.008928250251442909)	('lSMA_to_lIFG_T2', 0.008923138504261177)	('R_IFGorb_T2', 0.008684275998814668)	('lIFG_to_lPTL_T2', 0.008076461457051053)	('R_DLPFC_T2', 0.0077421583253452645)	('lDLPFC_to_lPTL_T1', -0.007468414976944393)	('L_DLPFC', 0.006889168638454457)	('L_DLPFC_T1', 0.006263322378937303)	('R_IFGorb_T1', 0.006190846241919877)	('lSMA_to_lPTL_T1', -0.00589965725259836)	('rDLPFC_to_lIFG_T1', -0.005121817076250847)	('L_SMA_T1', 0.005119028326386265)	('L_DLPFC_T2', 0.005104987203036277)	('L_SMA', 0.004708226195584864)	('rDLPFC_to_lPTL_T2', 0.003956945612053671)	('rDLPFC_to_lPTL_T1', 0.0038068502557338513)	('lIFG_to_lPTL_T1', 0.00369546625767161)	('R_DLPFC_T1', -0.002898948995913018)	('rIFG_to_lIFG_T1', -0.0028362761154062965)	('L_PTL_T1', -0.002373523563406769)	('lDLPFC_to_lIFG_T1', -0.0023175667471535613)	('L_IFGorb', 0.0021243946323270192)	('L_PTL_T2', -0.0015577220623746988)	('rIFG_to_lIFG_T2', 0.0011869303799875905)	('Age', -0.0010457410148467143)	('L_IFGorb_T1', 0.0007462502588653883)	('L_SMA_T2', -0.0005507254209431928)	('lPTL_to_lIFG_T2', 0.0004662513329687903)	('lSMA_to_lPTL_T2', -2.9989284380754968e-05)	
