predictors	pearson_correlation	mean_squared_error	r2	
rois + act_t1 + act_t2 + conn_t1 + conn_t2 + age + T1 + T2	-0.13903347316243214	0.09472165572783121	-0.1990720829772683	('L_SMA_T1', 0.027110541426330643)	('T2', 0.02507389638137575)	('L_DLPFC', 0.01718772344155239)	('R_IFGorb_T1', 0.016761639868259792)	('R_DLPFC_T1', 0.016154680379083738)	('lSMA_to_lIFG_T1', 0.01586404956075869)	('lSMA_to_lPTL_T2', 0.015026307487186991)	('lPTL_to_lIFG_T2', -0.013719184284064977)	('L_PTL_T1', 0.010951809207205853)	('L_SMA_T2', 0.010854787897846854)	('lIFG_to_lPTL_T2', 0.010248701084378985)	('L_PTL', -0.010139176262616144)	('L_DLPFC_T1', 0.009940712974660405)	('lDLPFC_to_lPTL_T2', 0.008757031557858405)	('L_IFGorb_T1', -0.008320708156642407)	('rIFG_to_lIFG_T2', -0.008023264207512239)	('lDLPFC_to_lPTL_T1', 0.0075821026746478275)	('lSMA_to_lPTL_T1', 0.006675864683195669)	('rDLPFC_to_lIFG_T1', -0.0060856885679884355)	('L_IFGorb', 0.00522852801182004)	('L_SMA', 0.005020727485737223)	('rDLPFC_to_lPTL_T2', 0.004675058329180139)	('rIFG_to_lIFG_T1', 0.0038633622995451733)	('L_DLPFC_T2', 0.003692054460277003)	('lIFG_to_lPTL_T1', -0.0034317840693495)	('R_DLPFC_T2', 0.0031687482215090636)	('Age', -0.0027935354144810903)	('T1', 0.002680940925983694)	('L_PTL_T2', 0.0023260851048206737)	('lDLPFC_to_lIFG_T1', 0.001474142314204093)	('lSMA_to_lIFG_T2', 0.0011812352515505554)	('lDLPFC_to_lIFG_T2', -0.0011576153166099861)	('R_IFGorb_T2', -0.0011088977118411795)	('rDLPFC_to_lPTL_T1', 0.0008067774060957441)	('rDLPFC_to_lIFG_T2', 0.0006506756898996573)	('L_IFGorb_T2', -0.00031254852856016867)	('lPTL_to_lIFG_T1', -0.00029292791089829604)	
