predictors	pearson_correlation	mean_squared_error	r2	
rois + act_t1 + act_t2 + conn_t1 + conn_t2 + age + T1 + T2	-0.19387415966734348	0.08561143211394298	-0.08374666218350968	('rIFG_to_lIFG_T2', 0.01755663112601034)	('L_PTL', 0.011833036715892824)	('L_SMA', 0.008962023519756635)	('T1', 0.008859553981533513)	('lIFG_to_lPTL_T2', 0.008546835252019038)	('R_DLPFC_T1', 0.007695069731232702)	('lDLPFC_to_lPTL_T2', -0.00758463206113066)	('L_SMA_T2', 0.005731372639205196)	('L_DLPFC_T1', 0.005685340486374084)	('lDLPFC_to_lIFG_T1', -0.0055271087335257265)	('lSMA_to_lPTL_T1', 0.005085374663443675)	('lSMA_to_lPTL_T2', 0.0048119863584782565)	('L_IFGorb', 0.004729317492188679)	('R_DLPFC_T2', -0.004105990542424172)	('rDLPFC_to_lPTL_T1', 0.0039837722274895385)	('R_IFGorb_T2', 0.0038573330453312888)	('L_PTL_T1', 0.0037149207253363535)	('L_SMA_T1', 0.003552865157872147)	('lDLPFC_to_lPTL_T1', -0.0035493138348384416)	('L_IFGorb_T2', 0.0031903519244033743)	('lPTL_to_lIFG_T1', 0.003025266975264591)	('lPTL_to_lIFG_T2', 0.0022217140151205364)	('rIFG_to_lIFG_T1', -0.0018405527095187923)	('rDLPFC_to_lPTL_T2', -0.0014482493276995292)	('lIFG_to_lPTL_T1', 0.0013541896731973102)	('rDLPFC_to_lIFG_T2', 0.0011272507069628676)	('lSMA_to_lIFG_T2', 0.0007432794661965486)	('L_DLPFC_T2', -0.0006688553007746576)	('lSMA_to_lIFG_T1', 0.0006134737720670853)	('T2', -0.0005520972058105384)	('L_PTL_T2', -0.0005520055546438478)	('L_DLPFC', 0.0005183864945878131)	('rDLPFC_to_lIFG_T1', -0.0005148801694337519)	('L_IFGorb_T1', 0.00028749866517600474)	('Age', -0.0001896471748449682)	('lDLPFC_to_lIFG_T2', 3.796436225445078e-05)	('R_IFGorb_T1', 1.1264190952746803e-05)	
