predictors	pearson_correlation	mean_squared_error	r2	
rois + act_t1 + act_t2 + conn_t1 + conn_t2 + age + T1 + T2	-0.04461471935614198	0.10226145933868527	-0.11426381563923904	('lSMA_to_lPTL_T2', 0.021671764100153694)	('L_DLPFC', 0.01726909275179318)	('lPTL_to_lIFG_T1', 0.01694529983019135)	('rDLPFC_to_lPTL_T2', -0.01112024842300596)	('lIFG_to_lPTL_T2', 0.00990807000797192)	('L_PTL_T1', 0.009848002462154063)	('lDLPFC_to_lIFG_T1', -0.009595731427563793)	('R_IFGorb_T1', 0.009468008614134535)	('lSMA_to_lIFG_T1', -0.00942769210877999)	('L_SMA', 0.009383953150868297)	('lSMA_to_lIFG_T2', 0.007940019948638839)	('rDLPFC_to_lIFG_T1', 0.007536677388986695)	('T2', 0.006788581941264273)	('L_PTL_T2', -0.0057921367260268366)	('L_SMA_T1', 0.005553402100853134)	('lDLPFC_to_lIFG_T2', 0.0055259497259154185)	('Age', 0.0052439075138034)	('R_DLPFC_T1', 0.004838215788624133)	('T1', -0.0044177237609501)	('rDLPFC_to_lPTL_T1', -0.004099793370045188)	('rIFG_to_lIFG_T1', 0.004091261422513059)	('lIFG_to_lPTL_T1', -0.003946010310280358)	('lSMA_to_lPTL_T1', -0.003536641147285579)	('L_IFGorb', 0.0034185250625811377)	('R_IFGorb_T2', 0.0033342705197139124)	('L_DLPFC_T1', -0.003323997835372959)	('rIFG_to_lIFG_T2', -0.003175435667280846)	('lPTL_to_lIFG_T2', -0.0028934742342344587)	('L_IFGorb_T2', 0.0024971110636711467)	('R_DLPFC_T2', -0.0024217311862301284)	('lDLPFC_to_lPTL_T1', 0.0019692605247898023)	('L_PTL', -0.0018092599629269722)	('L_SMA_T2', -0.0017364702580964164)	('L_DLPFC_T2', -0.0015845640271754094)	('lDLPFC_to_lPTL_T2', 0.0015298605054950307)	('rDLPFC_to_lIFG_T2', 0.0014392165893671598)	('L_IFGorb_T1', 0.00010243309884863796)	
