predictors	pearson_correlation	mean_squared_error	r2	
rois + act_t1 + act_t2 + conn_t1 + conn_t2 + age + T1 + T2	-0.05497711970164906	0.08120791962555758	-0.028003032584842602	('L_IFGorb', 0.01998140906626087)	('R_IFGorb_T2', 0.019523643440841874)	('lPTL_to_lIFG_T2', 0.014835480563015304)	('lDLPFC_to_lPTL_T2', 0.012532482638095902)	('L_DLPFC_T2', 0.011468758069932233)	('L_DLPFC_T1', 0.010809066656509558)	('lSMA_to_lIFG_T1', 0.010255776951422498)	('lSMA_to_lIFG_T2', 0.009770122056358098)	('R_DLPFC_T1', 0.009608181766210396)	('L_PTL_T2', 0.009457014232494617)	('L_PTL_T1', -0.008574347107619616)	('L_DLPFC', 0.00811615080901008)	('lDLPFC_to_lPTL_T1', -0.00753347642974572)	('rIFG_to_lIFG_T1', -0.007511651110931796)	('T1', 0.007033435560238731)	('L_IFGorb_T2', 0.006792612310337622)	('rIFG_to_lIFG_T2', 0.006487275669698868)	('rDLPFC_to_lIFG_T1', 0.0057819827002049485)	('L_SMA', 0.004894941853804459)	('R_IFGorb_T1', -0.0047057229444496885)	('lIFG_to_lPTL_T2', 0.004625694768280976)	('lSMA_to_lPTL_T1', 0.004282944734076313)	('lDLPFC_to_lIFG_T1', 0.003426960579623878)	('R_DLPFC_T2', 0.003400436148270732)	('lDLPFC_to_lIFG_T2', -0.0030700909336604833)	('L_SMA_T2', 0.0027591135614974368)	('L_PTL', 0.0026754037776337953)	('rDLPFC_to_lIFG_T2', 0.002232205078320178)	('L_IFGorb_T1', 0.0021807692834354495)	('rDLPFC_to_lPTL_T2', 0.0020363572770010782)	('lIFG_to_lPTL_T1', -0.0015320045040160735)	('rDLPFC_to_lPTL_T1', 0.0014054992927777742)	('T2', 0.0011645478566096746)	('L_SMA_T1', -0.00022824450894445982)	('lPTL_to_lIFG_T1', -0.00013437846053662852)	('Age', -5.439923582990475e-05)	('lSMA_to_lPTL_T2', -1.3026043181660211e-05)	
