predictors	pearson_correlation	mean_squared_error	r2	
rois + act_t1 + act_t2 + conn_t1 + conn_t2 + age + T1 + T2	0.05083077134931671	0.08005730296059596	-0.013437489884362552	('lIFG_to_lPTL_T2', 0.01818704477298587)	('lDLPFC_to_lPTL_T2', 0.01592309137502266)	('R_DLPFC_T2', 0.011791375500884676)	('rDLPFC_to_lPTL_T1', 0.010073980857157199)	('lPTL_to_lIFG_T1', -0.008966446436145619)	('L_PTL_T2', 0.0079767974054667)	('Age', 0.00778029181483218)	('lSMA_to_lIFG_T2', 0.007047132031164867)	('lSMA_to_lPTL_T2', 0.00702283322100476)	('rDLPFC_to_lPTL_T2', 0.006899840380795692)	('L_PTL_T1', 0.006794543074746468)	('lDLPFC_to_lIFG_T1', 0.0054222603383823394)	('L_SMA', -0.004798739720116048)	('lSMA_to_lPTL_T1', 0.004736018165724076)	('rIFG_to_lIFG_T1', 0.004655472257948203)	('L_IFGorb_T1', 0.004410043159307562)	('lIFG_to_lPTL_T1', -0.004395073948188571)	('R_DLPFC_T1', 0.004244684365747179)	('T1', 0.004193552090028093)	('rIFG_to_lIFG_T2', 0.0038860249200621147)	('L_DLPFC_T2', 0.0037404201556467094)	('R_IFGorb_T2', -0.003397732316340267)	('T2', -0.003224444236208489)	('L_IFGorb', -0.0031894648627795283)	('R_IFGorb_T1', -0.00293553873894887)	('lPTL_to_lIFG_T2', -0.0028582736204197053)	('rDLPFC_to_lIFG_T2', -0.0025492693843017725)	('L_SMA_T1', -0.002005384354181861)	('L_SMA_T2', 0.0016344134297757843)	('L_DLPFC_T1', 0.001403238369014991)	('lDLPFC_to_lIFG_T2', 0.0009553015409215768)	('lSMA_to_lIFG_T1', -0.000782373845888082)	('L_DLPFC', 0.0005311576168068837)	('rDLPFC_to_lIFG_T1', 0.0004894278620048988)	('L_IFGorb_T2', 0.00034252602366114775)	('L_PTL', 8.263305722464472e-05)	('lDLPFC_to_lPTL_T1', 1.473769286882593e-05)	
