predictors	pearson_correlation	mean_squared_error	r2	
rois + act_t1 + act_t2 + conn_t1 + conn_t2 + age + T1 + T2	-0.0909924717584485	0.08742859801049666	-0.10674998576303674	('L_SMA_T2', 0.01533396243924286)	('L_PTL_T1', 0.013848667208931166)	('L_DLPFC_T2', 0.013518529117895148)	('lDLPFC_to_lPTL_T2', 0.013485846315428242)	('Age', 0.01182515374424757)	('L_SMA_T1', 0.01019355712139121)	('lDLPFC_to_lPTL_T1', 0.009944028686959433)	('lIFG_to_lPTL_T1', 0.009693667102112438)	('lDLPFC_to_lIFG_T2', 0.00960351668894191)	('L_DLPFC_T1', 0.009273565011794814)	('lPTL_to_lIFG_T1', 0.008366492559958326)	('lSMA_to_lPTL_T1', 0.006893603795751295)	('lSMA_to_lPTL_T2', 0.0067113045210579125)	('rDLPFC_to_lPTL_T2', -0.006399127185598963)	('R_DLPFC_T2', 0.006301405360381363)	('lIFG_to_lPTL_T2', 0.005826682419648746)	('T2', -0.005699540562544996)	('rDLPFC_to_lPTL_T1', 0.005655464861782207)	('lPTL_to_lIFG_T2', 0.005466063519657544)	('L_DLPFC', -0.005026589875112553)	('rDLPFC_to_lIFG_T1', 0.005010281189173668)	('T1', -0.0038004502241327353)	('lSMA_to_lIFG_T1', 0.0036582456770808923)	('rIFG_to_lIFG_T1', 0.0030379646119000083)	('L_IFGorb', 0.0024281991880566126)	('rDLPFC_to_lIFG_T2', 0.00231819329008784)	('L_IFGorb_T2', 0.0022652716104475156)	('L_SMA', 0.0019707717623695864)	('R_DLPFC_T1', -0.001953782077908033)	('L_PTL', 0.0017813898751909412)	('lDLPFC_to_lIFG_T1', 0.0010972054951825419)	('lSMA_to_lIFG_T2', -0.001079626910688383)	('R_IFGorb_T1', 0.0010792085550899225)	('L_IFGorb_T1', 0.0008852183049723935)	('L_PTL_T2', -0.0006798261141289936)	('rIFG_to_lIFG_T2', -0.00016474754689994233)	('R_IFGorb_T2', 0.00012259550344897804)	
