predictors	pearson_correlation	mean_squared_error	r2	
rois + act_t1 + act_t2 + conn_t1 + conn_t2 + age + T1 + T2	-0.35537980717231815	0.10096084670589042	-0.27805338524304224	('rDLPFC_to_lPTL_T1', 0.017556783987722233)	('lSMA_to_lPTL_T1', 0.01584284328262844)	('L_IFGorb', 0.01455667038194648)	('lSMA_to_lIFG_T2', 0.01432559772779997)	('R_IFGorb_T2', 0.012895173230764794)	('rDLPFC_to_lIFG_T1', 0.01277142729821879)	('L_SMA_T1', 0.012172469783358751)	('lIFG_to_lPTL_T2', 0.011143551316838243)	('lSMA_to_lIFG_T1', -0.009300041851443215)	('lIFG_to_lPTL_T1', -0.008920195558361559)	('rIFG_to_lIFG_T1', 0.008820544788191538)	('L_DLPFC_T2', 0.008725707471769307)	('lPTL_to_lIFG_T1', 0.008097581180838677)	('L_PTL_T1', 0.007485425399567417)	('R_DLPFC_T2', -0.00697881657380591)	('L_IFGorb_T2', 0.006569853778883014)	('lDLPFC_to_lIFG_T2', -0.006167649895327148)	('T1', 0.005785607949733054)	('L_SMA', 0.005660558525630949)	('rDLPFC_to_lIFG_T2', -0.005128962969545165)	('rIFG_to_lIFG_T2', -0.00435770771971335)	('lPTL_to_lIFG_T2', 0.004246191412639197)	('lDLPFC_to_lIFG_T1', -0.0039918140777707055)	('L_DLPFC', 0.0038292383067730688)	('R_DLPFC_T1', -0.003783773412163073)	('lSMA_to_lPTL_T2', -0.003306353964110679)	('lDLPFC_to_lPTL_T1', -0.003078343276538814)	('rDLPFC_to_lPTL_T2', -0.002584330453604323)	('L_SMA_T2', 0.002573452825382497)	('T2', 0.0020234045124426637)	('lDLPFC_to_lPTL_T2', 0.00196634134076611)	('L_PTL_T2', -0.0017048996573603662)	('L_IFGorb_T1', 0.0016690898929701083)	('Age', 0.0015842565883920695)	('L_DLPFC_T1', 0.001422613206666846)	('L_PTL', -0.0003068596426554038)	('R_IFGorb_T1', -0.0002846102813162044)	
