predictors	pearson_correlation	mean_squared_error	r2	
rois + act_t1 + act_t2 + conn_t1 + conn_t2 + age + T1 + T2	0.12910512592484732	0.0783777587507675	0.007823694357581679	('lSMA_to_lIFG_T1', 0.015173089576719903)	('L_SMA_T1', 0.013954900049843514)	('T1', 0.013717999601603288)	('rIFG_to_lIFG_T1', 0.007583597541795213)	('T2', 0.00699540455136306)	('rDLPFC_to_lIFG_T2', -0.0069732783114735825)	('R_IFGorb_T1', -0.006859032631502482)	('lSMA_to_lPTL_T1', 0.006262947825595412)	('L_PTL', 0.005800723515039769)	('lDLPFC_to_lPTL_T2', -0.005564675253558396)	('rIFG_to_lIFG_T2', 0.005444975416138711)	('L_IFGorb', 0.005013347564481043)	('rDLPFC_to_lIFG_T1', 0.0045597146823701945)	('L_SMA_T2', 0.004559561003082438)	('rDLPFC_to_lPTL_T1', 0.004537781587798152)	('L_PTL_T1', 0.004241254099639598)	('lPTL_to_lIFG_T1', 0.003808487656082531)	('L_DLPFC_T2', 0.0038063464058064613)	('L_DLPFC_T1', 0.0037838211228851753)	('R_DLPFC_T1', -0.003716251053706708)	('L_IFGorb_T2', 0.003621728811538732)	('lIFG_to_lPTL_T1', 0.003495400313073326)	('L_PTL_T2', 0.0028406659278984244)	('R_DLPFC_T2', 0.002830237076871716)	('lIFG_to_lPTL_T2', 0.0023783093243795426)	('rDLPFC_to_lPTL_T2', 0.0022333262039935207)	('Age', 0.002031729101639942)	('lDLPFC_to_lIFG_T2', 0.001879057159384649)	('lSMA_to_lIFG_T2', 0.001637944513550384)	('lSMA_to_lPTL_T2', 0.0015821582771401031)	('L_IFGorb_T1', 0.0013340581469499647)	('L_SMA', 0.0012630083101534302)	('L_DLPFC', 0.000996635005469412)	('lPTL_to_lIFG_T2', 0.0004572154109834835)	('R_IFGorb_T2', 4.257031451777792e-05)	('lDLPFC_to_lIFG_T1', -2.727670840235021e-05)	('lDLPFC_to_lPTL_T1', 2.501888380488442e-06)	
