predictors	pearson_correlation	mean_squared_error	r2	
rois + act_t1 + act_t2 + conn_t1 + conn_t2 + age + T1 + T2	0.014598892972949223	0.09893453944514943	-0.07801294968376982	('lDLPFC_to_lIFG_T2', 0.022803322525583786)	('Age', 0.021718486798344434)	('R_DLPFC_T2', 0.017612052267543178)	('L_IFGorb_T2', 0.01728930528331053)	('T1', 0.015191566470395943)	('L_DLPFC_T1', 0.012810906631683121)	('lSMA_to_lPTL_T2', 0.011023659910681993)	('lPTL_to_lIFG_T2', -0.00980668565209449)	('L_SMA', -0.00861580370640389)	('lDLPFC_to_lIFG_T1', -0.008000431430539095)	('R_IFGorb_T1', -0.007897334035122185)	('L_SMA_T2', 0.007614163083897204)	('rDLPFC_to_lIFG_T1', 0.007433629720125114)	('rIFG_to_lIFG_T1', -0.0071972173966223935)	('T2', 0.007141696169957128)	('lSMA_to_lIFG_T2', 0.006977506048197452)	('L_SMA_T1', -0.006975326883151338)	('lIFG_to_lPTL_T2', 0.006751274187081471)	('L_PTL', -0.006443894645097529)	('L_DLPFC_T2', -0.006208138162590995)	('R_IFGorb_T2', 0.00602247458069208)	('L_DLPFC', -0.006017222265216308)	('rDLPFC_to_lPTL_T1', 0.0051947733110528915)	('rDLPFC_to_lPTL_T2', -0.004737396905473104)	('lDLPFC_to_lPTL_T2', 0.003843987048935269)	('L_PTL_T2', 0.0035450856219539843)	('lIFG_to_lPTL_T1', 0.00318408820783509)	('rIFG_to_lIFG_T2', 0.002463600897768159)	('L_PTL_T1', -0.001931395218825079)	('R_DLPFC_T1', 0.0017461008870947633)	('lDLPFC_to_lPTL_T1', 0.00163320185557698)	('lSMA_to_lPTL_T1', -0.0012841224750281622)	('L_IFGorb', 0.0009512756913644846)	('lSMA_to_lIFG_T1', 0.0006788610845669426)	('lPTL_to_lIFG_T1', 0.0005635818340842408)	('L_IFGorb_T1', 0.00035756630860737004)	('rDLPFC_to_lIFG_T2', 0.0003139609686666199)	
