predictors	pearson_correlation	mean_squared_error	r2	
rois + act_t1 + act_t2 + conn_t1 + conn_t2 + age + T1 + T2	0.018073918755824047	0.09846802186242509	-0.07292966938295198	('T1', -0.017063360642304046)	('lSMA_to_lPTL_T2', 0.016144853228023434)	('rDLPFC_to_lIFG_T2', 0.01568828271690255)	('R_IFGorb_T2', 0.014928167803540235)	('rDLPFC_to_lPTL_T1', 0.01478607695737731)	('rIFG_to_lIFG_T2', 0.01410833775451171)	('lPTL_to_lIFG_T2', 0.0133375723991631)	('L_SMA_T1', 0.01293510213568239)	('lSMA_to_lIFG_T1', 0.0127994572778901)	('R_DLPFC_T2', -0.011064255534530049)	('L_DLPFC_T1', -0.010735583018833851)	('rDLPFC_to_lPTL_T2', 0.009893205891177793)	('T2', 0.009821128571839888)	('L_DLPFC_T2', 0.009457720791773355)	('L_PTL', -0.009415480020569257)	('rIFG_to_lIFG_T1', 0.007828682919618938)	('L_IFGorb_T1', 0.006067356270487641)	('lSMA_to_lPTL_T1', -0.006037019322054011)	('R_IFGorb_T1', 0.00531296239058709)	('rDLPFC_to_lIFG_T1', 0.004926954733471636)	('L_PTL_T2', 0.0048695181349124456)	('lDLPFC_to_lPTL_T1', -0.004121857836980882)	('L_IFGorb_T2', -0.004025395118433702)	('lDLPFC_to_lIFG_T1', 0.003647106882168409)	('lSMA_to_lIFG_T2', 0.003589201314048164)	('L_SMA', 0.0030724978408967485)	('L_DLPFC', 0.002526956042730809)	('lPTL_to_lIFG_T1', 0.0017856580995145152)	('lIFG_to_lPTL_T2', -0.001649894480203266)	('lDLPFC_to_lPTL_T2', 0.0012731731947410074)	('lIFG_to_lPTL_T1', 0.0009240323509796059)	('Age', 0.0007860203422120518)	('R_DLPFC_T1', -0.0007217952787467389)	('L_SMA_T2', 0.0004934518332310496)	('L_IFGorb', -0.00033755588151868933)	('lDLPFC_to_lIFG_T2', 0.0001546435213303805)	('L_PTL_T1', 0.00012153443779526595)	
