predictors	pearson_correlation	mean_squared_error	r2	
rois + act_t1 + act_t2 + conn_t1 + conn_t2 + age + T1 + T2	0.08736432928604418	0.08144497809142925	-0.031003932286985725	('lSMA_to_lIFG_T1', 0.027090407657480258)	('T2', 0.020151099374933572)	('L_PTL_T1', 0.019775367650901734)	('lPTL_to_lIFG_T1', 0.019665262706652996)	('rDLPFC_to_lIFG_T1', 0.018125812006104233)	('L_SMA_T1', 0.01518712810028324)	('lDLPFC_to_lIFG_T1', 0.014114292446838393)	('rIFG_to_lIFG_T2', 0.013730366035732725)	('Age', 0.012969609127696595)	('lSMA_to_lIFG_T2', -0.012838863016663279)	('R_IFGorb_T2', -0.012078240224514671)	('lDLPFC_to_lPTL_T1', 0.011362487022659002)	('L_DLPFC', 0.011087988943077538)	('rDLPFC_to_lPTL_T1', 0.011077078780751664)	('L_IFGorb_T1', 0.007935533913420592)	('lSMA_to_lPTL_T2', 0.007722519835122736)	('lDLPFC_to_lPTL_T2', 0.007556151250545323)	('R_DLPFC_T1', 0.00746207152114692)	('lSMA_to_lPTL_T1', 0.006929798760382428)	('R_DLPFC_T2', 0.006752667829344785)	('rIFG_to_lIFG_T1', -0.0066833909815154505)	('L_PTL_T2', -0.006440840195279208)	('L_SMA_T2', 0.004531794634784778)	('T1', 0.004477338497889055)	('lIFG_to_lPTL_T1', -0.004267044728387112)	('lIFG_to_lPTL_T2', 0.003739983723536628)	('lPTL_to_lIFG_T2', 0.0035586201142297686)	('L_DLPFC_T1', 0.003466507884883374)	('L_SMA', -0.0029373624904464953)	('rDLPFC_to_lPTL_T2', -0.0027962145997437564)	('lDLPFC_to_lIFG_T2', -0.0023781234533517695)	('R_IFGorb_T1', -0.0016452455815346187)	('rDLPFC_to_lIFG_T2', 0.0013895015842647733)	('L_PTL', -0.0011089349135977764)	('L_DLPFC_T2', 0.0010179171677452132)	('L_IFGorb_T2', -0.0009678912405508118)	('L_IFGorb', -0.00027232786830681403)	
