predictors	pearson_correlation	mean_squared_error	r2	
rois + act_t1 + act_t2 + conn_t1 + conn_t2 + age + T1 + T2	-0.04007768035413969	0.0856209680216887	-0.08386737629767804	('L_SMA_T1', 0.020082705489509498)	('L_PTL_T2', 0.015461694684726768)	('R_IFGorb_T1', 0.011498880883116677)	('rDLPFC_to_lIFG_T2', 0.010172452467325732)	('lDLPFC_to_lPTL_T1', 0.009870881011628613)	('lSMA_to_lIFG_T1', 0.008488188998342432)	('L_PTL', 0.007073135825742586)	('rDLPFC_to_lPTL_T2', -0.007029204443053338)	('lIFG_to_lPTL_T1', 0.006654309884630901)	('L_IFGorb_T2', 0.0060754451458903055)	('L_SMA', 0.005617902470237712)	('L_DLPFC', 0.00493740617849563)	('lDLPFC_to_lIFG_T2', 0.004723184739976699)	('R_IFGorb_T2', 0.004341195217028336)	('T1', 0.003960653186798599)	('lPTL_to_lIFG_T2', 0.0039521407332298066)	('T2', -0.0038441714778873035)	('lDLPFC_to_lPTL_T2', 0.0036690776984696022)	('lIFG_to_lPTL_T2', 0.0035742555641638542)	('lDLPFC_to_lIFG_T1', 0.002974974340589777)	('L_DLPFC_T2', 0.0026836810430785414)	('L_SMA_T2', 0.0026405790159534015)	('L_DLPFC_T1', 0.0024943877914010548)	('rDLPFC_to_lIFG_T1', 0.0024450348254328328)	('L_IFGorb', 0.002430085822220678)	('rIFG_to_lIFG_T2', 0.0022599847131662344)	('rIFG_to_lIFG_T1', 0.002255477414155839)	('lPTL_to_lIFG_T1', 0.002198574384696945)	('lSMA_to_lIFG_T2', -0.0019143300061240389)	('lSMA_to_lPTL_T2', 0.0015914005371070292)	('R_DLPFC_T1', 0.0014862482570171917)	('R_DLPFC_T2', -0.0014086231493292316)	('L_IFGorb_T1', 0.0010973455958709995)	('Age', 0.0008598882848050011)	('rDLPFC_to_lPTL_T1', -0.0008558025926277042)	('L_PTL_T1', -0.0006547965816107243)	('lSMA_to_lPTL_T1', -4.7813235188340385e-05)	
