predictors	pearson_correlation	mean_squared_error	r2	
rois + act_t1 + act_t2 + conn_t1 + conn_t2 + age + T1 + T2	-0.06377642912559003	0.11166224060913513	-0.2166968385605017	('lPTL_to_lIFG_T2', 0.022212966915325642)	('L_IFGorb_T1', 0.021381954184120408)	('lDLPFC_to_lPTL_T2', -0.0187789087181718)	('R_DLPFC_T1', 0.017720802990259046)	('rIFG_to_lIFG_T2', 0.016653217860307754)	('L_SMA_T1', -0.015638289821609554)	('lDLPFC_to_lPTL_T1', 0.014663729776127675)	('T1', 0.0136551337779274)	('L_PTL_T2', -0.013460440975196879)	('lSMA_to_lPTL_T1', -0.012168924136527797)	('lPTL_to_lIFG_T1', 0.010826926726195469)	('rDLPFC_to_lIFG_T2', -0.010588356874963135)	('L_PTL', 0.01035229133923895)	('L_IFGorb_T2', 0.01027171408017583)	('lIFG_to_lPTL_T1', -0.009907584171306475)	('rDLPFC_to_lPTL_T2', 0.009582181053425044)	('lSMA_to_lIFG_T1', 0.009508727859869618)	('R_IFGorb_T1', -0.009295703907325823)	('L_DLPFC_T2', 0.007186148670085881)	('lSMA_to_lPTL_T2', -0.006840320867341741)	('L_SMA_T2', 0.0066232366338368105)	('rDLPFC_to_lPTL_T1', -0.0053708249653859055)	('lDLPFC_to_lIFG_T2', -0.005236069365754622)	('lDLPFC_to_lIFG_T1', -0.003675789002657599)	('Age', -0.003462022965406392)	('rIFG_to_lIFG_T1', 0.0033458895350264787)	('L_SMA', 0.0032513993285681352)	('L_DLPFC', -0.0028766626964713926)	('lSMA_to_lIFG_T2', -0.0027037557344197017)	('L_DLPFC_T1', 0.0019636653236542127)	('L_PTL_T1', 0.0019130472795066908)	('L_IFGorb', 0.0014887553829996225)	('lIFG_to_lPTL_T2', 0.0007660411737968977)	('rDLPFC_to_lIFG_T1', 0.0006366497673208752)	('R_IFGorb_T2', 0.0005552503956809105)	('R_DLPFC_T2', 0.0002314647886418676)	('T2', 0.00014908071483431398)	
