predictors	pearson_correlation	mean_squared_error	r2	
rois + act_t1 + act_t2 + conn_t1 + conn_t2 + age + T1 + T2	-0.022162770596415804	0.10159879131660761	-0.10704323612123234	('L_PTL_T2', 0.01571177053879377)	('Age', 0.013947353252382307)	('rDLPFC_to_lIFG_T1', -0.010284109858753686)	('lSMA_to_lPTL_T1', 0.009851821891906584)	('R_IFGorb_T2', 0.009442684986600638)	('L_PTL', 0.009109977451535273)	('lSMA_to_lIFG_T2', 0.008974651953386047)	('L_SMA', 0.0087296034095741)	('L_DLPFC_T1', -0.008646444586080519)	('lDLPFC_to_lPTL_T1', -0.008635714011989898)	('rDLPFC_to_lIFG_T2', 0.008437705605910926)	('R_IFGorb_T1', -0.007472432501857453)	('L_IFGorb_T1', 0.007368405953748436)	('rDLPFC_to_lPTL_T2', 0.006707427936742606)	('lDLPFC_to_lIFG_T1', 0.005921781834541766)	('lDLPFC_to_lPTL_T2', -0.005823348479350392)	('lDLPFC_to_lIFG_T2', 0.00554432374444809)	('rIFG_to_lIFG_T2', 0.005078882741759656)	('rDLPFC_to_lPTL_T1', -0.005053228614593859)	('L_IFGorb_T2', 0.004335332136559901)	('L_DLPFC', 0.003955059359598845)	('R_DLPFC_T2', 0.003661445325383637)	('R_DLPFC_T1', 0.003508529510302982)	('lPTL_to_lIFG_T1', -0.003336472169115635)	('lIFG_to_lPTL_T1', -0.0032636123706529943)	('lSMA_to_lIFG_T1', 0.003252572049358109)	('L_SMA_T2', 0.002595954146844761)	('lIFG_to_lPTL_T2', -0.002341676791117887)	('T1', 0.002296985650387508)	('L_SMA_T1', -0.0017832341513060407)	('L_PTL_T1', -0.0017729083863449355)	('lSMA_to_lPTL_T2', 0.0013730447863289444)	('T2', -0.0012439945535212221)	('L_IFGorb', 0.000976673937675941)	('L_DLPFC_T2', -0.0008592139375541044)	('rIFG_to_lIFG_T1', 0.0005189621726079038)	('lPTL_to_lIFG_T2', -0.00016636588753600535)	
