predictors	pearson_correlation	mean_squared_error	r2	
rois + act_t1 + act_t2 + conn_t1 + conn_t2 + age + T1 + T2	-0.15170000121287466	0.087227973769929	-0.10421030331993819	('lSMA_to_lIFG_T1', 0.01442001313873062)	('L_SMA_T1', 0.013371381797321542)	('rDLPFC_to_lIFG_T1', 0.011742241057960233)	('lDLPFC_to_lPTL_T2', 0.011212449515748726)	('rDLPFC_to_lPTL_T1', 0.009969873111910657)	('L_IFGorb_T1', 0.009224830227452688)	('lIFG_to_lPTL_T1', 0.008368256772315976)	('lDLPFC_to_lIFG_T2', 0.008069153981993892)	('L_PTL_T2', 0.007618249261412261)	('L_PTL_T1', 0.007291479995043356)	('lSMA_to_lPTL_T1', 0.0072636488363475825)	('Age', -0.005766927465021781)	('R_IFGorb_T2', 0.005160450970704045)	('L_SMA_T2', 0.0048407513249478324)	('L_PTL', 0.0047641383616694455)	('L_IFGorb', 0.004357012201009627)	('lPTL_to_lIFG_T2', 0.004185831977300307)	('rIFG_to_lIFG_T1', 0.0036073484245876058)	('R_DLPFC_T2', 0.003370511233657307)	('rIFG_to_lIFG_T2', -0.003219473360927604)	('L_DLPFC_T1', 0.002856830758407188)	('R_IFGorb_T1', -0.002538424830371196)	('L_DLPFC', 0.0021719429888020503)	('T1', 0.0020257165567834495)	('lSMA_to_lIFG_T2', -0.001942384871428014)	('rDLPFC_to_lIFG_T2', -0.001805769695162827)	('T2', 0.0016455059884419503)	('lPTL_to_lIFG_T1', 0.0016020199912127138)	('L_DLPFC_T2', -0.0015662273717685505)	('L_SMA', 0.0013765370040696866)	('R_DLPFC_T1', 0.0012461079349225736)	('lDLPFC_to_lPTL_T1', -0.0012019693805320065)	('L_IFGorb_T2', 0.0011579838261979861)	('lSMA_to_lPTL_T2', 0.0009736297755668906)	('lIFG_to_lPTL_T2', 0.0009706552050649479)	('lDLPFC_to_lIFG_T1', -0.0008771170234443106)	('rDLPFC_to_lPTL_T2', 2.981340278120183e-05)	
