predictors	pearson_correlation	mean_squared_error	r2	
rois + act_t1 + act_t2 + conn_t1 + conn_t2 + age + T1 + T2	0.26608436122753976	0.08560541913606645	0.06722413719882214	('L_DLPFC_T1', 0.024566259165835443)	('L_PTL_T1', 0.016608861710340275)	('R_DLPFC_T1', 0.01625231757184493)	('lSMA_to_lPTL_T2', 0.014886313349435373)	('L_DLPFC', -0.01461554232452612)	('lDLPFC_to_lPTL_T2', 0.012963626880985171)	('rIFG_to_lIFG_T1', 0.012809461150496883)	('lDLPFC_to_lIFG_T2', 0.011659571811124847)	('rDLPFC_to_lPTL_T1', 0.011429121156164275)	('R_IFGorb_T1', 0.010903184967903344)	('T1', -0.00986433478750113)	('L_SMA', 0.00942835178046799)	('R_DLPFC_T2', 0.007945414231676244)	('lDLPFC_to_lPTL_T1', 0.007742184178203073)	('rDLPFC_to_lIFG_T2', -0.007732072015709106)	('L_PTL_T2', 0.007242099145546712)	('lIFG_to_lPTL_T2', -0.007031291716438396)	('Age', -0.006675826562942397)	('rDLPFC_to_lPTL_T2', 0.0064191418292543585)	('T2', 0.006216860960692465)	('lSMA_to_lIFG_T1', -0.005491070804002254)	('R_IFGorb_T2', 0.004950671434804191)	('lPTL_to_lIFG_T2', 0.004645316323724284)	('rDLPFC_to_lIFG_T1', -0.0046363210647381355)	('lDLPFC_to_lIFG_T1', 0.0045840071666235225)	('L_DLPFC_T2', -0.004431103825441237)	('L_SMA_T1', 0.003888610799395539)	('lSMA_to_lPTL_T1', -0.0029473575697694333)	('L_IFGorb', -0.002862587918577332)	('lSMA_to_lIFG_T2', 0.0023562692695325814)	('lPTL_to_lIFG_T1', -0.0012981938451825416)	('L_SMA_T2', 0.0006668518557188108)	('lIFG_to_lPTL_T1', 0.0003070084372837428)	('L_PTL', -0.00020073769705985153)	('rIFG_to_lIFG_T2', 0.00011339774187930274)	('L_IFGorb_T2', -7.803069265882378e-05)	('L_IFGorb_T1', -7.647054591743919e-05)	
