predictors	pearson_correlation	mean_squared_error	r2	
rois + act_t1 + act_t2 + conn_t1 + conn_t2 + age + T1 + T2	0.21793941353341847	0.07608797015335361	0.036809902020249585	('T1', -0.019591278356356816)	('L_SMA_T1', 0.01751466465009885)	('L_IFGorb_T2', 0.01697266978294739)	('rIFG_to_lIFG_T1', 0.016099918324287973)	('rDLPFC_to_lPTL_T2', 0.014845574696257188)	('lDLPFC_to_lIFG_T2', -0.014203682091905642)	('rDLPFC_to_lPTL_T1', -0.014064158632524087)	('rDLPFC_to_lIFG_T1', 0.013985736931808733)	('R_IFGorb_T2', 0.01282665152801199)	('L_IFGorb_T1', 0.012233487672471803)	('L_DLPFC_T1', 0.011710468828806615)	('L_DLPFC_T2', 0.01149666848457838)	('lPTL_to_lIFG_T2', 0.011055227250257519)	('lSMA_to_lPTL_T2', 0.010563882411745794)	('L_PTL_T2', -0.010554729007176753)	('L_DLPFC', -0.009925061232602748)	('lIFG_to_lPTL_T1', 0.009316060288759578)	('lSMA_to_lIFG_T2', 0.008062172301907847)	('L_SMA_T2', 0.007965402884674443)	('lDLPFC_to_lPTL_T2', -0.007605205633320431)	('rDLPFC_to_lIFG_T2', 0.0073937173210405155)	('L_PTL', -0.005969459965593119)	('T2', 0.005149273264615832)	('Age', 0.005001506792390512)	('lSMA_to_lIFG_T1', -0.004845398886799047)	('R_DLPFC_T1', -0.004511442560057864)	('lIFG_to_lPTL_T2', 0.004453616859683897)	('lPTL_to_lIFG_T1', 0.004452785239961706)	('L_IFGorb', 0.004163633832657491)	('lDLPFC_to_lIFG_T1', 0.0035908313751152427)	('L_PTL_T1', -0.0026188422268056794)	('lDLPFC_to_lPTL_T1', -0.001899755721402226)	('L_SMA', -0.0014269946615761864)	('lSMA_to_lPTL_T1', -0.0013701887219281215)	('R_IFGorb_T1', 0.0006190314271338874)	('rIFG_to_lIFG_T2', -0.00027241463240225113)	('R_DLPFC_T2', 0.00018094703237411168)	
