predictors	pearson_correlation	mean_squared_error	r2	
rois + act_t1 + act_t2 + conn_t1 + conn_t2 + age + T1 + T2	0.29677036802255224	0.07505328815823373	0.049907839187567804	('L_IFGorb', 0.012497218809038898)	('rDLPFC_to_lPTL_T2', 0.00824320508452344)	('L_DLPFC_T2', -0.007162187704699356)	('lDLPFC_to_lIFG_T1', 0.0067711977879924504)	('L_IFGorb_T1', 0.00520370716780099)	('lPTL_to_lIFG_T1', 0.00456135457215113)	('L_DLPFC_T1', 0.004524166572243155)	('Age', -0.004396657072740315)	('L_SMA', -0.0036189188463897747)	('R_DLPFC_T1', 0.0034543231790947954)	('rIFG_to_lIFG_T1', 0.0034013418896581284)	('lDLPFC_to_lIFG_T2', -0.0028764167080368797)	('L_PTL_T2', -0.002751331384153725)	('lIFG_to_lPTL_T2', 0.002728461728853654)	('lSMA_to_lIFG_T2', -0.002687495668973456)	('R_IFGorb_T1', 0.0025443211207630692)	('T1', 0.002540603070048293)	('rIFG_to_lIFG_T2', 0.0024967261726156725)	('lPTL_to_lIFG_T2', 0.002265284737236085)	('L_PTL', 0.002259060925194452)	('L_IFGorb_T2', 0.0020068255666455545)	('lSMA_to_lPTL_T2', -0.0017400381175958267)	('R_DLPFC_T2', 0.001617936807151759)	('T2', -0.0015341651117865836)	('lIFG_to_lPTL_T1', -0.0013277751187930709)	('rDLPFC_to_lPTL_T1', 0.0012865686671123993)	('R_IFGorb_T2', -0.0011684413823004002)	('lDLPFC_to_lPTL_T2', 0.0010288839861168854)	('L_SMA_T1', 0.0007296951801052442)	('L_PTL_T1', -0.000659401486086009)	('rDLPFC_to_lIFG_T2', -0.0004199434884904287)	('L_SMA_T2', 0.0004081500653414339)	('L_DLPFC', -0.0003937573937233545)	('lSMA_to_lIFG_T1', -0.0003659332192661942)	('lSMA_to_lPTL_T1', -0.00023798333133462604)	('rDLPFC_to_lIFG_T1', -4.667374133600465e-05)	('lDLPFC_to_lPTL_T1', 4.491830160009939e-05)	
