predictors	pearson_correlation	mean_squared_error	r2	
rois + act_t1 + act_t2 + conn_t1 + conn_t2 + age + T1 + T2	0.10695349753558607	0.09074363488220556	0.011236985050830928	('lSMA_to_lPTL_T1', 0.018865099675070843)	('lIFG_to_lPTL_T2', 0.01422136110728841)	('lDLPFC_to_lPTL_T2', 0.013079824710879526)	('lSMA_to_lIFG_T1', 0.011880975023697563)	('L_SMA_T1', 0.011323685783470733)	('R_DLPFC_T1', 0.010676859889277628)	('rDLPFC_to_lIFG_T1', -0.00933341178404693)	('L_IFGorb_T1', 0.007863101796225958)	('L_DLPFC_T2', -0.007234537066635523)	('L_DLPFC', 0.006787285277416245)	('lDLPFC_to_lPTL_T1', 0.006605164975449681)	('rDLPFC_to_lIFG_T2', -0.006498314740458014)	('L_PTL_T1', -0.006089300835743249)	('lIFG_to_lPTL_T1', 0.006001616682096162)	('R_IFGorb_T2', 0.005967002991887677)	('R_DLPFC_T2', -0.004873361017647691)	('L_PTL', 0.00421395889139826)	('lPTL_to_lIFG_T1', 0.003630999799495206)	('L_IFGorb', 0.0033273131002869616)	('L_IFGorb_T2', 0.003199491137364976)	('rDLPFC_to_lPTL_T2', -0.0029606495892870992)	('lSMA_to_lPTL_T2', -0.00293586870378431)	('rIFG_to_lIFG_T1', 0.002107626163355325)	('L_PTL_T2', 0.0018793770864458507)	('rIFG_to_lIFG_T2', 0.001840354259476925)	('Age', -0.0015139402021186671)	('lDLPFC_to_lIFG_T1', -0.0014324327641407261)	('lPTL_to_lIFG_T2', 0.0013642041545182313)	('lDLPFC_to_lIFG_T2', 0.0012906061096286156)	('rDLPFC_to_lPTL_T1', 0.0012595199961968906)	('T2', 0.0012270207656894757)	('lSMA_to_lIFG_T2', -0.001127202986098784)	('R_IFGorb_T1', 0.0011254881338669418)	('L_SMA_T2', -0.001108178286763057)	('L_SMA', 0.0008779139545333926)	('T1', -6.538366570011883e-05)	('L_DLPFC_T1', 0.0)	
