predictors	pearson_correlation	mean_squared_error	r2	
rois + act_t1 + act_t2 + conn_t1 + conn_t2 + age + T1 + T2	0.12393917182716001	0.0795799645526443	-0.007394910130982257	('L_SMA', 0.023628684543259733)	('L_PTL', 0.016422773727523328)	('lDLPFC_to_lIFG_T2', 0.014087983238496084)	('rIFG_to_lIFG_T2', 0.013974738394345)	('L_IFGorb', 0.012372827316493246)	('lPTL_to_lIFG_T1', 0.011775262266573694)	('lDLPFC_to_lPTL_T2', 0.011268579321566326)	('L_DLPFC', 0.011228716058981897)	('R_IFGorb_T2', -0.010020042800590058)	('T1', 0.009525876657535803)	('lSMA_to_lPTL_T2', -0.009381693288829457)	('L_SMA_T1', 0.0088298807872956)	('R_DLPFC_T2', 0.00879813876315211)	('lSMA_to_lIFG_T1', -0.008264307560898293)	('L_IFGorb_T1', 0.007431221053331621)	('T2', 0.00732573295214321)	('lIFG_to_lPTL_T2', -0.007310398156266596)	('lSMA_to_lPTL_T1', 0.007177507772776021)	('L_DLPFC_T1', 0.00635243880127539)	('rDLPFC_to_lPTL_T2', 0.00595372610458165)	('L_IFGorb_T2', -0.0058777983280679826)	('R_DLPFC_T1', -0.005386117939930435)	('R_IFGorb_T1', -0.0052617621682178395)	('lDLPFC_to_lIFG_T1', 0.0050882077327354626)	('lSMA_to_lIFG_T2', -0.004115276689419735)	('lIFG_to_lPTL_T1', 0.0037916843639934504)	('rDLPFC_to_lIFG_T1', 0.003581868351651947)	('lPTL_to_lIFG_T2', -0.0035190635115002053)	('L_SMA_T2', 0.0033177948037859876)	('Age', -0.0031110333916925343)	('rIFG_to_lIFG_T1', 0.002965984969336506)	('L_DLPFC_T2', -0.0027113359541683616)	('rDLPFC_to_lPTL_T1', 0.0027080081998604928)	('L_PTL_T2', -0.0023284118961475176)	('L_PTL_T1', 0.0016063461894233696)	('rDLPFC_to_lIFG_T2', -0.0010431777344790773)	('lDLPFC_to_lPTL_T1', 0.00030347511539733073)	
