predictors	pearson_correlation	mean_squared_error	r2	
rois + act_t1 + act_t2 + conn_t1 + conn_t2 + age + T1 + T2	0.0131527773800994	0.08138811198230633	-0.03028406982899856	('rDLPFC_to_lPTL_T2', 0.018701297913177192)	('L_PTL', 0.017232577525439146)	('R_IFGorb_T2', 0.012640618634248257)	('L_SMA', 0.010999036477994066)	('L_DLPFC_T2', -0.010493904374306272)	('L_SMA_T2', 0.010055938135910618)	('lDLPFC_to_lIFG_T1', 0.008663111137569988)	('Age', 0.00787019510393941)	('T1', -0.007715775518687713)	('rDLPFC_to_lIFG_T2', 0.007388621425519877)	('L_IFGorb', -0.006018392559768183)	('L_IFGorb_T1', 0.005725993291536519)	('L_DLPFC', -0.005493829456990996)	('lPTL_to_lIFG_T1', 0.0051987683187467324)	('rDLPFC_to_lPTL_T1', -0.005168118228304473)	('lDLPFC_to_lIFG_T2', 0.004743299678195268)	('lDLPFC_to_lPTL_T1', -0.00398788766976114)	('lSMA_to_lPTL_T2', 0.0036742744191293453)	('R_IFGorb_T1', -0.0032784342315194826)	('T2', 0.0030424579043689154)	('rDLPFC_to_lIFG_T1', 0.002830715418649891)	('lSMA_to_lIFG_T2', 0.0028306011391136215)	('lIFG_to_lPTL_T1', 0.0026299844761626845)	('L_IFGorb_T2', 0.0022503448632033517)	('L_PTL_T1', 0.002247317874589483)	('L_PTL_T2', -0.0021477396890663214)	('lSMA_to_lPTL_T1', 0.00193048422037809)	('lSMA_to_lIFG_T1', -0.0019058642866570646)	('L_DLPFC_T1', -0.0017780173748805958)	('L_SMA_T1', 0.0016295055836585016)	('rIFG_to_lIFG_T2', -0.0015722275452111417)	('rIFG_to_lIFG_T1', 0.0015602648846601195)	('lDLPFC_to_lPTL_T2', 0.0015600569297149784)	('R_DLPFC_T2', 0.0009898031002922862)	('R_DLPFC_T1', 0.00041953223964696706)	('lPTL_to_lIFG_T2', 0.0002691231650183134)	('lIFG_to_lPTL_T2', 6.0139421138078296e-05)	
