predictors	pearson_correlation	mean_squared_error	r2	
rois + act_t1 + act_t2 + conn_t1 + conn_t2 + age + T1 + T2	-0.30654929227241134	0.10737202289338213	-0.16994966330217287	('rIFG_to_lIFG_T2', 0.014838915840521664)	('R_IFGorb_T1', 0.013843486600415417)	('T2', 0.011932160559449182)	('lSMA_to_lIFG_T1', 0.011148318470413504)	('lSMA_to_lPTL_T2', 0.01073230861690601)	('R_DLPFC_T1', 0.009018415083339495)	('lDLPFC_to_lPTL_T2', -0.008944727979881963)	('lIFG_to_lPTL_T2', 0.008909035567996944)	('lPTL_to_lIFG_T1', 0.008718813140040747)	('L_IFGorb_T2', -0.00835468766773209)	('rIFG_to_lIFG_T1', 0.007777135823581543)	('rDLPFC_to_lPTL_T1', 0.007527327879491942)	('L_PTL_T2', 0.007056193220058081)	('lIFG_to_lPTL_T1', -0.007017736278713887)	('L_PTL_T1', 0.006367386153618305)	('R_DLPFC_T2', -0.006202863062677441)	('L_SMA_T1', 0.005576280840754682)	('lSMA_to_lPTL_T1', -0.0048812883751667415)	('lDLPFC_to_lIFG_T1', -0.004833937199423141)	('lDLPFC_to_lPTL_T1', -0.004326693769360637)	('L_PTL', -0.004138640962260386)	('L_DLPFC_T2', 0.004127707592544842)	('rDLPFC_to_lIFG_T1', -0.0036842080654324086)	('L_IFGorb_T1', 0.0033641212745499755)	('T1', 0.0028636724525616325)	('R_IFGorb_T2', 0.0027485298988040568)	('lPTL_to_lIFG_T2', 0.002535845892563417)	('Age', -0.002509101953956815)	('lDLPFC_to_lIFG_T2', -0.0019266875010446624)	('rDLPFC_to_lIFG_T2', -0.0015724417218251812)	('L_DLPFC_T1', -0.0013141814794090487)	('lSMA_to_lIFG_T2', 0.0009904484784756663)	('L_SMA_T2', 0.0007361651946628646)	('L_IFGorb', -0.0006531018948854977)	('L_SMA', 0.00035361973136089806)	('rDLPFC_to_lPTL_T2', 8.580566499783452e-05)	('L_DLPFC', -1.8332441619008947e-05)	
