predictors	pearson_correlation	mean_squared_error	r2	
rois + act_t1 + act_t2 + conn_t1 + conn_t2 + age + T1 + T2	-0.08568877050415886	0.09766734286768049	-0.06420529132736896	('lSMA_to_lPTL_T1', -0.02301643853216606)	('L_DLPFC_T1', -0.02127872133102276)	('R_IFGorb_T2', 0.020304396436153133)	('Age', 0.01858549154042571)	('R_DLPFC_T1', 0.015393845483714155)	('L_SMA_T1', 0.015105530385167902)	('rDLPFC_to_lPTL_T1', 0.014677263132101116)	('L_PTL_T2', 0.012764329773733006)	('L_DLPFC', 0.012584612890406117)	('L_SMA', -0.012460317060407903)	('T1', 0.012357455179290497)	('lDLPFC_to_lPTL_T2', -0.012077970335522556)	('L_DLPFC_T2', 0.011894590351161699)	('L_IFGorb', 0.011022504097273874)	('lSMA_to_lIFG_T2', 0.010280031179704191)	('L_IFGorb_T1', -0.009731370231248907)	('lPTL_to_lIFG_T1', -0.008883774453585047)	('rIFG_to_lIFG_T1', -0.008799864959020227)	('L_PTL', 0.00841359253815747)	('L_IFGorb_T2', 0.006929330661213694)	('lSMA_to_lIFG_T1', 0.006736476606234855)	('lSMA_to_lPTL_T2', 0.006282601633434922)	('L_PTL_T1', -0.006280156098712886)	('R_IFGorb_T1', 0.006035641268944873)	('rIFG_to_lIFG_T2', 0.005145503520988067)	('rDLPFC_to_lIFG_T2', -0.004851264168613166)	('L_SMA_T2', -0.00394753911475164)	('rDLPFC_to_lIFG_T1', 0.002986591740630263)	('lDLPFC_to_lIFG_T2', 0.0026354904586694348)	('T2', 0.0023306393564984083)	('R_DLPFC_T2', -0.002279728547999541)	('rDLPFC_to_lPTL_T2', 0.0017916428957250054)	('lDLPFC_to_lIFG_T1', 0.0017448923893402574)	('lIFG_to_lPTL_T2', 0.001739393317689489)	('lPTL_to_lIFG_T2', -0.0008953951245953524)	('lIFG_to_lPTL_T1', 0.0007458317116225881)	('lDLPFC_to_lPTL_T1', 0.00012839985119389745)	
