predictors	pearson_correlation	mean_squared_error	r2	
rois + act_t1 + act_t2 + conn_t1 + conn_t2 + age + T1 + T2	0.31993708570454904	0.07118360868348803	0.09889372940015162	('L_PTL_T1', 0.017820560952048346)	('lPTL_to_lIFG_T1', 0.015771769592299093)	('L_IFGorb_T2', 0.013614346866671552)	('R_DLPFC_T1', 0.013212410109401931)	('rIFG_to_lIFG_T1', 0.012194305535626788)	('lSMA_to_lIFG_T1', -0.011490142193490304)	('L_DLPFC_T2', 0.010815772314791507)	('L_SMA_T1', 0.010447922191106284)	('rDLPFC_to_lPTL_T1', 0.010446520943897303)	('T1', 0.009624508866789241)	('Age', 0.009327969988985536)	('lDLPFC_to_lPTL_T1', 0.009041801906968802)	('lIFG_to_lPTL_T2', 0.008881788300447647)	('L_IFGorb', 0.008420114853535535)	('lPTL_to_lIFG_T2', -0.00840539082461753)	('rDLPFC_to_lIFG_T2', 0.007284290192792443)	('rIFG_to_lIFG_T2', -0.006253209253733164)	('lDLPFC_to_lPTL_T2', 0.006009403357068963)	('lSMA_to_lPTL_T1', -0.0058005560082130024)	('L_DLPFC_T1', -0.005207084182619612)	('R_DLPFC_T2', 0.004723152779587367)	('L_PTL_T2', -0.0037560366480536567)	('lIFG_to_lPTL_T1', -0.0035595840943259335)	('lSMA_to_lPTL_T2', 0.00354929966939822)	('T2', -0.0030323426824070284)	('R_IFGorb_T2', 0.0025382150957663427)	('L_IFGorb_T1', 0.002358689774193469)	('rDLPFC_to_lIFG_T1', -0.002281409757435565)	('L_DLPFC', 0.0015785331222663175)	('L_PTL', 0.0013196623891356802)	('lSMA_to_lIFG_T2', 0.001168934548977795)	('lDLPFC_to_lIFG_T1', 0.0011683017867724554)	('L_SMA_T2', -0.0011141893627025735)	('L_SMA', 0.0010987559874837485)	('lDLPFC_to_lIFG_T2', -0.0007662219305562105)	('rDLPFC_to_lPTL_T2', 0.0005837684571972891)	('R_IFGorb_T1', 0.0004966614803575186)	
