predictors	pearson_correlation	mean_squared_error	r2	
rois + act_t1 + act_t2 + conn_t1 + conn_t2 + age + T1 + T2	-0.10197327077847065	0.10078736574536704	-0.27585730690073196	('rDLPFC_to_lIFG_T2', 0.020222477399389666)	('L_IFGorb_T2', 0.019828254186056212)	('L_SMA_T2', 0.015522157618396811)	('L_PTL_T2', 0.015422362468955345)	('L_IFGorb_T1', 0.014606261441959804)	('lDLPFC_to_lIFG_T2', 0.013466867957442685)	('L_SMA', 0.012067828393533455)	('R_IFGorb_T2', 0.010704817712191108)	('L_IFGorb', 0.010577654774057242)	('rDLPFC_to_lPTL_T1', 0.01056333943609165)	('rIFG_to_lIFG_T2', 0.010472312943682886)	('lDLPFC_to_lPTL_T1', 0.009692167011144894)	('L_DLPFC_T1', -0.00898976624009242)	('R_DLPFC_T1', 0.008975702139552528)	('lDLPFC_to_lPTL_T2', 0.008900017032558098)	('R_DLPFC_T2', -0.008435952685531423)	('rDLPFC_to_lIFG_T1', 0.008425244786772175)	('T2', 0.008381501566505885)	('lPTL_to_lIFG_T1', -0.007982364558210065)	('lSMA_to_lIFG_T1', -0.007167346124300803)	('L_PTL_T1', 0.006816929258525807)	('lIFG_to_lPTL_T1', -0.006250799020424701)	('Age', 0.0049059275738476005)	('T1', 0.004799098528296931)	('rIFG_to_lIFG_T1', 0.004721470818294911)	('L_DLPFC', 0.004534343806139198)	('lSMA_to_lPTL_T1', 0.004238925086430564)	('lSMA_to_lPTL_T2', 0.004188589522613416)	('L_SMA_T1', 0.00397835242730545)	('rDLPFC_to_lPTL_T2', -0.003830653768908085)	('lIFG_to_lPTL_T2', 0.003462437617147675)	('lDLPFC_to_lIFG_T1', 0.003120571631247075)	('L_PTL', -0.0023530281572902703)	('R_IFGorb_T1', 0.0007149268125048852)	('lPTL_to_lIFG_T2', -0.00039453695898590595)	('L_DLPFC_T2', 0.00021536020806263266)	('lSMA_to_lIFG_T2', 6.126749388401263e-05)	
