predictors	pearson_correlation	mean_squared_error	r2	
rois + act_t1 + act_t2 + conn_t1 + conn_t2 + age + T1 + T2	-0.12005760434299945	0.09637165079959845	-0.050087139708849815	('rDLPFC_to_lIFG_T2', 0.01443950098444249)	('T2', 0.013808751102474226)	('lDLPFC_to_lPTL_T1', 0.010798989958295766)	('lSMA_to_lIFG_T2', -0.010489156371878586)	('lSMA_to_lIFG_T1', -0.009211193270609631)	('L_PTL_T1', -0.00913076243084617)	('L_IFGorb', 0.009083344576694775)	('L_SMA_T1', 0.008242191020724224)	('rDLPFC_to_lPTL_T2', -0.008050512035884047)	('lPTL_to_lIFG_T1', 0.007670440849496395)	('lSMA_to_lPTL_T1', 0.007439417839990853)	('lSMA_to_lPTL_T2', 0.006969732648936044)	('R_IFGorb_T2', -0.006580482994681572)	('lDLPFC_to_lIFG_T2', -0.006518777258831502)	('lDLPFC_to_lIFG_T1', 0.006219937617521265)	('L_IFGorb_T1', 0.005672423276550738)	('rIFG_to_lIFG_T2', 0.005642537088063347)	('rIFG_to_lIFG_T1', 0.0038879292625962577)	('R_DLPFC_T1', 0.003368572229805638)	('lPTL_to_lIFG_T2', 0.003354686071313809)	('rDLPFC_to_lIFG_T1', 0.003288447469340968)	('R_DLPFC_T2', 0.0032610848442291805)	('lIFG_to_lPTL_T2', -0.002756722409730838)	('T1', 0.0026017321839097757)	('Age', 0.0020536852072449746)	('L_IFGorb_T2', -0.0020268805416469465)	('L_SMA_T2', 0.0019881967727011464)	('L_DLPFC_T2', 0.0012559890389858587)	('rDLPFC_to_lPTL_T1', -0.0012147924331467356)	('L_SMA', -0.0011018252637642568)	('L_DLPFC_T1', 0.0010955792678398841)	('lDLPFC_to_lPTL_T2', 0.001089850870279276)	('L_PTL_T2', 0.001073074606505393)	('R_IFGorb_T1', 0.0010517326741044152)	('lIFG_to_lPTL_T1', -0.00048371745064246105)	('L_DLPFC', 0.00017272601959629616)	('L_PTL', 2.603805643206489e-05)	
