predictors	pearson_correlation	mean_squared_error	r2	
rois + act_t1 + act_t2 + conn_t1 + conn_t2 + age + T1 + T2	-0.013576371948913667	0.09565602078329631	-0.04228947441336617	('R_IFGorb_T2', -0.01993742315041296)	('L_DLPFC_T2', 0.017470401781487843)	('lDLPFC_to_lPTL_T2', 0.016034781303413875)	('lPTL_to_lIFG_T2', 0.01564235496137724)	('lIFG_to_lPTL_T2', 0.014173493999666218)	('T2', -0.01113737778495671)	('L_DLPFC', 0.009932019313529017)	('lSMA_to_lIFG_T1', -0.009266839175293941)	('L_SMA_T1', 0.008928909783800386)	('rDLPFC_to_lIFG_T1', 0.008881583411649715)	('L_SMA_T2', -0.008466296531859822)	('L_IFGorb', 0.008224588792234925)	('rIFG_to_lIFG_T2', 0.007563933009596774)	('rDLPFC_to_lPTL_T2', 0.0066458014321792575)	('lDLPFC_to_lIFG_T1', -0.006355750649210599)	('R_IFGorb_T1', 0.0054603316319599745)	('R_DLPFC_T1', 0.005170929449690923)	('Age', 0.004528929775554224)	('rDLPFC_to_lIFG_T2', -0.004400647513793252)	('T1', -0.004384536878844349)	('L_IFGorb_T2', 0.003890120176138702)	('L_SMA', 0.003755813531943177)	('lSMA_to_lPTL_T2', -0.0036886818602005463)	('lPTL_to_lIFG_T1', 0.003269226808352255)	('lSMA_to_lIFG_T2', 0.002052085893136144)	('L_PTL', -0.0020262062846473617)	('L_IFGorb_T1', -0.0015641578731489072)	('lSMA_to_lPTL_T1', 0.001502800780816291)	('R_DLPFC_T2', 0.0014703522257546718)	('lDLPFC_to_lPTL_T1', 0.0014544803859169928)	('L_DLPFC_T1', -0.0013107621467144458)	('rDLPFC_to_lPTL_T1', -0.0011453992220219512)	('rIFG_to_lIFG_T1', 0.0011248160198259942)	('lDLPFC_to_lIFG_T2', -0.0010374453930818122)	('L_PTL_T2', -0.0009959663821695573)	('lIFG_to_lPTL_T1', 0.0005333841152990402)	('L_PTL_T1', -0.00023546554977432675)	
