predictors	pearson_correlation	mean_squared_error	r2	
rois + act_t1 + act_t2 + conn_t1 + conn_t2 + age + T1 + T2	0.21999412125426185	0.07558824401798861	0.04313588580343042	('R_IFGorb_T2', 0.01678050275740789)	('L_SMA', 0.01569476164697527)	('rIFG_to_lIFG_T1', 0.013721863452207215)	('L_DLPFC_T2', 0.01322512523652525)	('lDLPFC_to_lPTL_T1', 0.012482651385136557)	('T2', -0.01141751283148592)	('R_IFGorb_T1', 0.010859778120028788)	('lPTL_to_lIFG_T2', 0.010844387849017815)	('rDLPFC_to_lPTL_T1', 0.010212042915747198)	('L_IFGorb', 0.009540008643853971)	('Age', 0.008826219996666758)	('L_PTL', 0.008223100339238433)	('lSMA_to_lPTL_T2', -0.007979422882708653)	('rDLPFC_to_lIFG_T2', 0.0067858970270160196)	('T1', -0.0066990378705147425)	('lDLPFC_to_lIFG_T1', 0.00658109752650937)	('lDLPFC_to_lIFG_T2', 0.0063542528650840455)	('lSMA_to_lPTL_T1', 0.006174203520697368)	('R_DLPFC_T1', 0.005565394450581256)	('L_DLPFC_T1', -0.005023241312604916)	('lDLPFC_to_lPTL_T2', 0.004617850852540688)	('lIFG_to_lPTL_T2', 0.004345862808255033)	('lSMA_to_lIFG_T1', 0.004207197692933893)	('lSMA_to_lIFG_T2', -0.0033885123724594042)	('L_SMA_T1', -0.0027687527408619475)	('L_DLPFC', 0.002724543505748154)	('rDLPFC_to_lPTL_T2', 0.0025938070061955836)	('R_DLPFC_T2', -0.0021404118385309643)	('L_IFGorb_T1', 0.0021047216849412933)	('L_IFGorb_T2', 0.0020093284232985532)	('L_SMA_T2', 0.0016716466889891213)	('L_PTL_T2', -0.0016117411106147022)	('lPTL_to_lIFG_T1', -0.001314826302060152)	('lIFG_to_lPTL_T1', -0.0012635987445173335)	('rIFG_to_lIFG_T2', -0.0012086415437994752)	('rDLPFC_to_lIFG_T1', 0.0009713352408912233)	('L_PTL_T1', -0.0005811346863947373)	
