predictors	pearson_correlation	mean_squared_error	r2	
rois + act_t1 + act_t2 + conn_t1 + conn_t2 + age + T1 + T2	0.04783007587945979	0.11307744827760143	-0.2321172589885392	('L_SMA_T2', -0.02178564886238638)	('lPTL_to_lIFG_T1', 0.01810602204517863)	('L_SMA', 0.015833729588445904)	('rIFG_to_lIFG_T1', -0.015481141580293003)	('R_IFGorb_T2', 0.014628855026219587)	('rDLPFC_to_lIFG_T1', 0.014591420049242187)	('lSMA_to_lPTL_T1', 0.013464070002392919)	('rDLPFC_to_lPTL_T1', 0.012988046969577218)	('lIFG_to_lPTL_T1', 0.01233781732058059)	('L_DLPFC_T2', 0.011616438156687114)	('rDLPFC_to_lIFG_T2', -0.01148990088138451)	('L_PTL', 0.011286329373598355)	('lSMA_to_lIFG_T1', 0.010108573459859225)	('L_SMA_T1', 0.009499529254802843)	('R_DLPFC_T1', 0.00881492823914538)	('R_DLPFC_T2', 0.008772033794213357)	('Age', 0.008083277456234422)	('lPTL_to_lIFG_T2', 0.00797993782421073)	('L_IFGorb_T2', 0.007923999061513424)	('T2', 0.007804456984743341)	('lIFG_to_lPTL_T2', 0.006934577676895467)	('L_IFGorb', -0.006872774135411025)	('L_IFGorb_T1', 0.006774565094517291)	('L_DLPFC', 0.0066707908016158494)	('lDLPFC_to_lIFG_T1', -0.0060781010136342585)	('L_PTL_T1', 0.005985491062475114)	('rIFG_to_lIFG_T2', -0.004291795740334372)	('lDLPFC_to_lPTL_T2', 0.004044589394562674)	('lDLPFC_to_lPTL_T1', 0.0036215126439948604)	('L_DLPFC_T1', -0.003147599047859204)	('rDLPFC_to_lPTL_T2', -0.002216792187667546)	('lDLPFC_to_lIFG_T2', 0.00204327910625557)	('lSMA_to_lPTL_T2', 0.0020359734680078403)	('T1', -0.001414836758650247)	('L_PTL_T2', -0.0010098727593322613)	('R_IFGorb_T1', -0.0008303927753444014)	('lSMA_to_lIFG_T2', -0.000592523667323352)	
