predictors	pearson_correlation	mean_squared_error	r2	
rois + act_t1 + act_t2 + conn_t1 + conn_t2 + age + T1 + T2	0.223400956414854	0.07660973483053864	0.03020493451320061	('L_IFGorb_T2', 0.023921970983877883)	('L_IFGorb_T1', 0.02029393607549112)	('Age', 0.018348497988517707)	('lDLPFC_to_lIFG_T1', 0.017742004427951787)	('L_PTL', -0.015338835263257451)	('rDLPFC_to_lIFG_T2', 0.015336842316882579)	('L_PTL_T2', 0.014307486167864421)	('lDLPFC_to_lPTL_T1', 0.013142160100293706)	('L_SMA_T1', 0.011505069635087432)	('rIFG_to_lIFG_T1', 0.011200429935917305)	('lDLPFC_to_lIFG_T2', 0.010157169876681017)	('rDLPFC_to_lPTL_T2', 0.009919029717605615)	('L_DLPFC', 0.008362204077597092)	('lIFG_to_lPTL_T2', -0.007078609917876245)	('rIFG_to_lIFG_T2', 0.007038143328715383)	('R_IFGorb_T2', 0.006644783895583523)	('R_IFGorb_T1', -0.005906129057521562)	('lSMA_to_lIFG_T1', 0.00559417261014312)	('lSMA_to_lIFG_T2', -0.005396229158481341)	('lPTL_to_lIFG_T2', -0.0045211795189957936)	('L_PTL_T1', 0.004466945720152577)	('lDLPFC_to_lPTL_T2', 0.004362189601614742)	('T2', -0.0042749253021695756)	('L_DLPFC_T1', -0.004213211487949847)	('rDLPFC_to_lPTL_T1', -0.0023044489352802362)	('L_SMA', 0.002196498532823478)	('lIFG_to_lPTL_T1', 0.0020595438402974753)	('R_DLPFC_T1', -0.001768152624490744)	('lSMA_to_lPTL_T1', 0.00168904596906264)	('L_DLPFC_T2', -0.0015865579750079842)	('lPTL_to_lIFG_T1', 0.0013780170946746141)	('R_DLPFC_T2', 0.0013240534964957312)	('L_IFGorb', 0.0013116826295925855)	('L_SMA_T2', 0.0011397280122719194)	('T1', 0.0008250437754214254)	('lSMA_to_lPTL_T2', 0.0003214934230439866)	('rDLPFC_to_lIFG_T1', -0.00020154213120712343)	
