predictors	pearson_correlation	mean_squared_error	r2	
rois + act_t1 + act_t2 + conn_t1 + conn_t2 + age + T1 + T2	0.03203751152878436	0.09991885571541206	-0.08873828071455536	('lDLPFC_to_lPTL_T2', 0.01867474156847221)	('rDLPFC_to_lPTL_T1', 0.018475284841155837)	('R_DLPFC_T1', 0.014809706196795162)	('lDLPFC_to_lPTL_T1', 0.012996205644881806)	('L_PTL_T2', 0.012751850852518495)	('Age', -0.012511880211137718)	('rDLPFC_to_lPTL_T2', 0.010669949866970929)	('L_DLPFC_T2', -0.009173524623344479)	('T1', -0.008279432350025475)	('lSMA_to_lPTL_T1', -0.0081255219248826)	('rIFG_to_lIFG_T2', 0.008067861723372913)	('R_IFGorb_T2', 0.007742574640396496)	('L_DLPFC_T1', 0.007700013970796635)	('L_SMA', -0.0074439245500706784)	('L_PTL', 0.007442378195013975)	('R_DLPFC_T2', -0.006380050330816697)	('L_PTL_T1', -0.00577861273525002)	('L_IFGorb_T1', 0.005714198614185968)	('rDLPFC_to_lIFG_T1', 0.005376485966055032)	('lIFG_to_lPTL_T1', -0.005150444100637078)	('L_SMA_T1', 0.004483532480551195)	('rIFG_to_lIFG_T1', -0.00444165495968339)	('lPTL_to_lIFG_T1', 0.004358556303797258)	('L_DLPFC', 0.004194904493025157)	('lDLPFC_to_lIFG_T1', 0.0037059803146995162)	('lPTL_to_lIFG_T2', 0.0031111672449527466)	('lDLPFC_to_lIFG_T2', -0.0029989085215554523)	('lSMA_to_lPTL_T2', 0.0028665980439208276)	('rDLPFC_to_lIFG_T2', 0.002746691849511873)	('T2', 0.0026327735035954285)	('lSMA_to_lIFG_T2', 0.002599892045246521)	('R_IFGorb_T1', 0.001712611951611763)	('L_IFGorb', 0.0013482298361272144)	('lSMA_to_lIFG_T1', 0.0008689497884865024)	('L_IFGorb_T2', -0.0008093849428670526)	('L_SMA_T2', -0.0002537111971355707)	('lIFG_to_lPTL_T2', 0.00015957650721815504)	
