predictors	pearson_correlation	mean_squared_error	r2	
rois + act_t1 + act_t2 + conn_t1 + conn_t2 + age + T1 + T2	0.024153755224273016	0.1055238631699312	-0.1498117000980419	('lSMA_to_lIFG_T1', 0.020959722299286734)	('R_DLPFC_T1', -0.01764964545999685)	('lSMA_to_lPTL_T2', -0.015124862927662247)	('L_DLPFC', -0.014995089980031372)	('L_IFGorb_T2', 0.014406455503799804)	('lDLPFC_to_lIFG_T1', 0.013509770788804719)	('L_DLPFC_T2', -0.01323694174930372)	('rDLPFC_to_lPTL_T1', 0.013030774866115015)	('lSMA_to_lIFG_T2', 0.012949070738890608)	('L_IFGorb_T1', 0.012916340864288061)	('rIFG_to_lIFG_T1', 0.011342102543254169)	('L_SMA_T2', -0.01032854730698518)	('R_IFGorb_T1', 0.010246445117969809)	('Age', 0.01013758045058642)	('L_IFGorb', -0.009445711839498066)	('rDLPFC_to_lIFG_T2', 0.009364442436865964)	('lSMA_to_lPTL_T1', -0.009187218319678255)	('T2', 0.007060997322015626)	('L_PTL', 0.006824349608935125)	('rDLPFC_to_lIFG_T1', -0.006113954022948356)	('lIFG_to_lPTL_T2', -0.005413704019086162)	('lIFG_to_lPTL_T1', -0.005080779302720271)	('T1', 0.00459752019404535)	('L_PTL_T2', -0.004533524545372803)	('lDLPFC_to_lPTL_T2', 0.004423352691487962)	('L_PTL_T1', -0.004199139140447906)	('lPTL_to_lIFG_T1', 0.003995901809825282)	('L_SMA', 0.0032805725359318907)	('R_IFGorb_T2', -0.002163630755238584)	('L_DLPFC_T1', -0.0019212523719135117)	('lPTL_to_lIFG_T2', 0.0017469463075252426)	('lDLPFC_to_lPTL_T1', -0.001100059056311905)	('R_DLPFC_T2', 0.0009669234028352151)	('rIFG_to_lIFG_T2', -0.0008181444817861619)	('rDLPFC_to_lPTL_T2', -0.0005372129074016369)	('lDLPFC_to_lIFG_T2', 0.00019478371344322577)	('L_SMA_T1', -5.874678710349013e-05)	
