predictors	pearson_correlation	mean_squared_error	r2	
rois + act_t1 + act_t2 + conn_t1 + conn_t2 + age + T1 + T2	0.03242013952286528	0.09628964976624321	-0.04919363804259502	('T1', 0.024662424828094946)	('rDLPFC_to_lPTL_T2', 0.02133351378422421)	('lDLPFC_to_lPTL_T1', 0.01928248340774256)	('L_IFGorb', 0.01259628162203176)	('R_DLPFC_T2', 0.01245489181001505)	('R_IFGorb_T2', 0.012024533779523222)	('lSMA_to_lPTL_T1', -0.011942910294850851)	('rIFG_to_lIFG_T1', -0.01135346907821484)	('L_PTL', 0.010551171910632784)	('lDLPFC_to_lIFG_T2', -0.010383777389823443)	('L_IFGorb_T1', 0.009325305704737703)	('lDLPFC_to_lPTL_T2', 0.008880056324290179)	('L_DLPFC', 0.008755945342633246)	('lPTL_to_lIFG_T2', 0.008632994199884952)	('T2', 0.008225515033134234)	('lPTL_to_lIFG_T1', 0.007148019327587576)	('rDLPFC_to_lIFG_T2', 0.00698133757162372)	('R_IFGorb_T1', -0.006400666565486862)	('lDLPFC_to_lIFG_T1', 0.006213120561734077)	('lIFG_to_lPTL_T1', -0.006103486953223508)	('R_DLPFC_T1', -0.006011637456963421)	('L_IFGorb_T2', -0.005007612065490121)	('rDLPFC_to_lPTL_T1', 0.004731460968727443)	('lSMA_to_lIFG_T1', 0.0038017890459119724)	('rDLPFC_to_lIFG_T1', 0.002415749433453434)	('L_SMA', -0.0023913923222975506)	('Age', -0.0016277742196065012)	('L_DLPFC_T1', 0.001278756825445403)	('L_DLPFC_T2', -0.0011804144665669167)	('lSMA_to_lIFG_T2', 0.001016856578576532)	('lIFG_to_lPTL_T2', 0.0008942226485415285)	('L_SMA_T2', -0.00041260321446207076)	('rIFG_to_lIFG_T2', -0.0003376284703824456)	('L_PTL_T1', -0.00019157129009842204)	('L_SMA_T1', -8.264353885907063e-05)	('L_PTL_T2', 6.422500533340019e-05)	('lSMA_to_lPTL_T2', 5.4002683606417894e-05)	
