predictors	pearson_correlation	mean_squared_error	r2	
rois + act_t1 + act_t2 + conn_t1 + conn_t2 + age + T1 + T2	0.029734839380249137	0.0961418321202477	-0.04758298379112125	('L_IFGorb_T1', 0.021833660010926754)	('lSMA_to_lIFG_T1', 0.014127430886147839)	('lPTL_to_lIFG_T2', 0.013879040223716206)	('Age', 0.013072225150509442)	('L_DLPFC', -0.012130131158314643)	('lDLPFC_to_lPTL_T1', 0.009963635962130913)	('R_DLPFC_T2', 0.009404360738054597)	('L_PTL', -0.008624907005635039)	('rIFG_to_lIFG_T1', 0.008487814260688478)	('lSMA_to_lIFG_T2', 0.008254343600981501)	('lPTL_to_lIFG_T1', -0.008090994028534401)	('lIFG_to_lPTL_T1', 0.00797493945110581)	('lSMA_to_lPTL_T2', 0.00782324540300986)	('rDLPFC_to_lIFG_T2', 0.00759875116115236)	('lDLPFC_to_lPTL_T2', 0.007591845592056479)	('L_SMA_T1', 0.007389757555887325)	('L_IFGorb', 0.00682750735264965)	('L_IFGorb_T2', -0.006696060131347231)	('R_DLPFC_T1', 0.006363301552366804)	('L_DLPFC_T1', 0.0062873421115022116)	('T1', 0.006259415018364551)	('rDLPFC_to_lPTL_T2', 0.005584840962851543)	('rDLPFC_to_lPTL_T1', -0.004643820838966278)	('lIFG_to_lPTL_T2', -0.004630536925937282)	('L_SMA', 0.004571688957152146)	('lDLPFC_to_lIFG_T2', -0.004484120186461649)	('R_IFGorb_T2', 0.004216478254543524)	('lDLPFC_to_lIFG_T1', 0.003945009103218799)	('R_IFGorb_T1', 0.0035853655843964293)	('L_SMA_T2', 0.0031366804152722786)	('L_PTL_T2', 0.002032794963131511)	('rIFG_to_lIFG_T2', 0.0012457469268614902)	('L_DLPFC_T2', 0.0008349321307422276)	('T2', 0.0007400999490376935)	('lSMA_to_lPTL_T1', 0.0005673164559755342)	('L_PTL_T1', -0.0005595886409843277)	('rDLPFC_to_lIFG_T1', -0.0003038884725455052)	
