predictors	pearson_correlation	mean_squared_error	r2	
rois + act_t1 + act_t2 + conn_t1 + conn_t2 + age + T1 + T2	-0.06263565105238272	0.09446544716138736	-0.19582876404368466	('lDLPFC_to_lIFG_T1', 0.019770557047006174)	('rDLPFC_to_lPTL_T1', 0.018676349258036705)	('lDLPFC_to_lPTL_T1', 0.018224545217294816)	('L_DLPFC_T2', 0.01695550219867845)	('L_IFGorb', 0.016947869444674746)	('lIFG_to_lPTL_T1', 0.01559469698616194)	('lSMA_to_lPTL_T2', 0.014335855381580115)	('T2', 0.01400648417826105)	('rDLPFC_to_lPTL_T2', 0.012190305381345877)	('lPTL_to_lIFG_T1', 0.011372928302360794)	('L_PTL_T1', 0.010673577856125417)	('rDLPFC_to_lIFG_T1', 0.009636976722324072)	('L_SMA_T2', 0.00962332949249843)	('L_SMA_T1', 0.007417432532336348)	('lDLPFC_to_lPTL_T2', 0.007397859227757472)	('L_PTL', -0.007063879748669363)	('R_IFGorb_T1', 0.006834754435482505)	('lSMA_to_lPTL_T1', -0.00679100921880481)	('lSMA_to_lIFG_T1', -0.006637951092222978)	('T1', -0.006328850082778805)	('lIFG_to_lPTL_T2', -0.006085461433284399)	('L_SMA', 0.005868515943611705)	('rIFG_to_lIFG_T1', 0.005406303456822821)	('L_IFGorb_T1', 0.005273314581871594)	('rDLPFC_to_lIFG_T2', -0.0050342720853287755)	('L_IFGorb_T2', -0.005002294727314418)	('lDLPFC_to_lIFG_T2', -0.004472014430762622)	('Age', 0.004417785707496249)	('lPTL_to_lIFG_T2', 0.003340008289779166)	('R_DLPFC_T2', 0.002755152663236522)	('L_DLPFC', -0.002372062060257707)	('L_DLPFC_T1', -0.002324331991983968)	('L_PTL_T2', 0.001969223009572576)	('R_IFGorb_T2', -0.0013964392744026744)	('rIFG_to_lIFG_T2', -0.0010356832458808696)	('lSMA_to_lIFG_T2', -0.00019201158042172255)	('R_DLPFC_T1', 0.00013256045974801615)	
