predictors	pearson_correlation	mean_squared_error	r2	
rois + act_t1 + act_t2 + conn_t1 + conn_t2 + age + T1 + T2	-0.09783695863473707	0.13512797506287416	-0.4723847485345096	('rDLPFC_to_lPTL_T2', 0.03062195355080923)	('lDLPFC_to_lIFG_T2', 0.024599997924331825)	('lSMA_to_lPTL_T1', 0.021513611880890956)	('lDLPFC_to_lIFG_T1', 0.020503083480738205)	('L_PTL', 0.020102666804472806)	('rDLPFC_to_lIFG_T1', 0.01758890822471734)	('T2', 0.016828042418286598)	('L_DLPFC', -0.01641378161921924)	('lDLPFC_to_lPTL_T2', 0.015441355106641689)	('lIFG_to_lPTL_T1', 0.013710569374755866)	('rIFG_to_lIFG_T2', 0.013488513175270033)	('L_SMA', -0.013401265405662706)	('lDLPFC_to_lPTL_T1', -0.012468242379281675)	('lPTL_to_lIFG_T1', -0.010775487693722188)	('L_SMA_T2', 0.010650293494000327)	('lSMA_to_lPTL_T2', 0.009366682333333858)	('L_PTL_T2', 0.009265476235276661)	('L_PTL_T1', 0.008739917363712454)	('L_DLPFC_T1', -0.008739433045531767)	('L_SMA_T1', -0.007432815052517906)	('R_DLPFC_T2', 0.0067554062350054095)	('R_IFGorb_T2', -0.006198943265936309)	('T1', -0.005659325529496645)	('lSMA_to_lIFG_T2', 0.005124485256436835)	('L_DLPFC_T2', -0.004879632077115542)	('rDLPFC_to_lPTL_T1', -0.004499247594476745)	('R_IFGorb_T1', -0.003930287215335185)	('rIFG_to_lIFG_T1', -0.0037202522222845227)	('R_DLPFC_T1', 0.0020827730458825382)	('lIFG_to_lPTL_T2', 0.001785658866282619)	('Age', 0.0017147746027477736)	('lSMA_to_lIFG_T1', 0.0016074395636765304)	('L_IFGorb_T1', -0.0015503659395081641)	('L_IFGorb_T2', -0.0013699062360761254)	('lPTL_to_lIFG_T2', -0.0008699319899576477)	('L_IFGorb', 0.0006947494312064675)	('rDLPFC_to_lIFG_T2', 3.968747138610902e-05)	
