predictors	pearson_correlation	mean_squared_error	r2	
rois + act_t1 + act_t2 + conn_t1 + conn_t2 + age + T1 + T2	-0.021611420642932963	0.09912264338058656	-0.08006257238808456	('L_PTL', 0.016852473781119495)	('lIFG_to_lPTL_T2', 0.014157363274840185)	('L_IFGorb_T2', 0.011979093827860105)	('lSMA_to_lIFG_T2', 0.011824955936876564)	('L_DLPFC_T1', 0.011797146883786828)	('L_PTL_T2', 0.0110661038243655)	('rDLPFC_to_lIFG_T1', -0.00933160438748686)	('L_SMA', -0.008991905043959178)	('L_PTL_T1', 0.008874632403110917)	('T2', 0.008510574472035704)	('L_DLPFC_T2', 0.00810990275525458)	('rDLPFC_to_lIFG_T2', -0.007687785602321292)	('rDLPFC_to_lPTL_T2', 0.0075289364033594664)	('lDLPFC_to_lPTL_T2', 0.006851582454556978)	('L_SMA_T2', 0.0068316094911788595)	('R_DLPFC_T2', 0.006615759288963619)	('R_DLPFC_T1', 0.005471203459969615)	('L_DLPFC', -0.004816575137455408)	('L_SMA_T1', 0.004703893165958759)	('lSMA_to_lPTL_T1', -0.0045001626831906874)	('L_IFGorb_T1', -0.004044718207647344)	('rIFG_to_lIFG_T1', 0.0039292378885327)	('lDLPFC_to_lIFG_T1', 0.003647027790677028)	('L_IFGorb', 0.0028996370186941474)	('lDLPFC_to_lIFG_T2', 0.0028570108020019858)	('rDLPFC_to_lPTL_T1', 0.002840060440413309)	('lSMA_to_lPTL_T2', 0.0027229900417896913)	('T1', 0.002210953278162686)	('lSMA_to_lIFG_T1', 0.0019315991495242625)	('lPTL_to_lIFG_T1', 0.0019220939780487578)	('Age', -0.0019165375357951076)	('lDLPFC_to_lPTL_T1', 0.0017633836666401102)	('rIFG_to_lIFG_T2', 0.0012427966984585896)	('lIFG_to_lPTL_T1', 0.0012090109518097473)	('lPTL_to_lIFG_T2', -0.0008166994069212332)	('R_IFGorb_T1', -0.00033399894861701096)	('R_IFGorb_T2', 9.735604129488351e-05)	
