predictors	pearson_correlation	mean_squared_error	r2	
rois + act_t1 + act_t2 + conn_t1 + conn_t2 + age + T1 + T2	0.06849226705408583	0.0830016955850314	-0.05071026526140199	('rDLPFC_to_lPTL_T2', 0.021913060481232406)	('R_DLPFC_T1', 0.02021708363168688)	('lDLPFC_to_lIFG_T2', 0.019792570324033303)	('lSMA_to_lPTL_T2', 0.017678285694758333)	('lIFG_to_lPTL_T1', 0.01745151237011988)	('lSMA_to_lIFG_T2', -0.014736016900250875)	('lDLPFC_to_lPTL_T1', 0.014448849140267117)	('L_DLPFC_T1', 0.012910475943923808)	('lIFG_to_lPTL_T2', 0.01254931026037297)	('rIFG_to_lIFG_T1', -0.012347022097090536)	('T2', 0.01212347354098317)	('lSMA_to_lIFG_T1', -0.011155122084126333)	('rDLPFC_to_lIFG_T1', -0.010797450084306139)	('L_DLPFC', 0.00919401815170678)	('lSMA_to_lPTL_T1', 0.008509323994702885)	('T1', 0.008227706643401262)	('L_SMA_T2', 0.008182644117797221)	('lDLPFC_to_lPTL_T2', 0.008038164243891522)	('rDLPFC_to_lIFG_T2', 0.00795902066380912)	('L_PTL', 0.007592887634849286)	('R_IFGorb_T1', -0.007317530941541431)	('lPTL_to_lIFG_T2', -0.006158413782925545)	('L_PTL_T1', 0.006012386125737863)	('Age', 0.00533320593596624)	('L_SMA', 0.005327657045317303)	('lDLPFC_to_lIFG_T1', 0.004789553712420151)	('L_SMA_T1', -0.004504954404246525)	('L_IFGorb_T2', 0.0038904943550198993)	('L_PTL_T2', -0.0031698489647049325)	('L_IFGorb', -0.002196729278990858)	('L_IFGorb_T1', 0.0019729765659832633)	('R_DLPFC_T2', -0.0017146141271117059)	('lPTL_to_lIFG_T1', 0.0014850209371979485)	('rDLPFC_to_lPTL_T1', -0.0007170671708614597)	('rIFG_to_lIFG_T2', -0.0005940478445662419)	('R_IFGorb_T2', 0.00017853221222167574)	('L_DLPFC_T2', 0.00014515449182328467)	
