predictors	pearson_correlation	mean_squared_error	r2	
rois + act_t1 + act_t2 + conn_t1 + conn_t2 + age + T1 + T2	-0.07920972225592914	0.08715265501790889	-0.1032568506783218	('R_IFGorb_T1', 0.01756679602720641)	('lDLPFC_to_lPTL_T1', 0.013400638870171113)	('lSMA_to_lIFG_T1', 0.012189436213915458)	('lSMA_to_lPTL_T1', 0.011654467041755788)	('Age', 0.009983265546590117)	('T2', 0.008316365533274651)	('lPTL_to_lIFG_T2', 0.008267718934786727)	('L_IFGorb', 0.008168601373255804)	('R_DLPFC_T1', 0.007259314370327016)	('L_PTL_T2', 0.007242632610786083)	('lSMA_to_lPTL_T2', 0.00703039288472341)	('lIFG_to_lPTL_T1', -0.006817108855815794)	('rIFG_to_lIFG_T1', 0.006740829983174603)	('L_SMA', 0.0060171719623559545)	('rDLPFC_to_lPTL_T1', 0.005485087905480698)	('rIFG_to_lIFG_T2', -0.005150210647471499)	('L_DLPFC_T1', 0.004862474278256836)	('lIFG_to_lPTL_T2', -0.004698654760828017)	('L_PTL_T1', -0.004588339278278978)	('lDLPFC_to_lPTL_T2', -0.004266779182533723)	('L_SMA_T1', -0.00426072759507917)	('L_PTL', 0.0040217212677674365)	('lSMA_to_lIFG_T2', 0.003914487839076384)	('rDLPFC_to_lPTL_T2', -0.0034469567776350676)	('rDLPFC_to_lIFG_T2', 0.003381806909697994)	('R_DLPFC_T2', -0.0031896948050279417)	('lPTL_to_lIFG_T1', 0.0028727585375596717)	('L_IFGorb_T2', -0.002016184565840893)	('R_IFGorb_T2', -0.0019427195858061576)	('T1', -0.0016836072971032636)	('L_DLPFC', -0.0012379377215229)	('L_SMA_T2', 0.0008197535940791043)	('L_IFGorb_T1', 0.0006027306036626806)	('L_DLPFC_T2', -0.0004788978662232256)	('rDLPFC_to_lIFG_T1', -0.00043797541197381515)	('lDLPFC_to_lIFG_T1', 0.00015693478663452378)	('lDLPFC_to_lIFG_T2', -0.0001337491570550897)	
