predictors	pearson_correlation	mean_squared_error	r2	
rois + act_t1 + act_t2 + conn_t1 + conn_t2 + age + T1 + T2	-0.11689514550746104	0.10036946519603353	-0.09364822276396012	('lDLPFC_to_lPTL_T1', 0.018579320249128423)	('lIFG_to_lPTL_T1', 0.01842015414481456)	('R_DLPFC_T2', 0.017396797885025687)	('rDLPFC_to_lIFG_T2', 0.016311906080698973)	('rIFG_to_lIFG_T2', 0.015712395049405206)	('L_DLPFC_T2', -0.014900064655957215)	('L_PTL_T1', 0.011121163951184605)	('Age', -0.010776138264728525)	('L_DLPFC', -0.010477371602583592)	('L_PTL_T2', -0.010223892157799019)	('lDLPFC_to_lIFG_T2', 0.010092039432987934)	('L_SMA', 0.009913274105509922)	('R_IFGorb_T2', -0.008963985326950663)	('rDLPFC_to_lIFG_T1', 0.008288593215841755)	('lSMA_to_lIFG_T2', 0.006440732784857801)	('lIFG_to_lPTL_T2', 0.006249331108220225)	('L_SMA_T1', 0.005784280356661036)	('lDLPFC_to_lIFG_T1', 0.005260355749944868)	('rDLPFC_to_lPTL_T2', -0.004959928870208428)	('rIFG_to_lIFG_T1', 0.004899456125339786)	('L_SMA_T2', -0.004835250866891841)	('lSMA_to_lPTL_T2', -0.00374131403534724)	('lDLPFC_to_lPTL_T2', 0.003403130214620719)	('lSMA_to_lPTL_T1', 0.003343883557220204)	('T1', 0.003324043107018975)	('L_IFGorb_T1', -0.0031047546966176975)	('lSMA_to_lIFG_T1', 0.003066820190943085)	('L_IFGorb_T2', 0.0024815130214008506)	('T2', -0.0024375329602031788)	('L_DLPFC_T1', 0.00115884797879014)	('R_DLPFC_T1', -0.0009147216923742766)	('lPTL_to_lIFG_T1', 0.0009035725346279326)	('L_PTL', 0.0008519422174955058)	('lPTL_to_lIFG_T2', 0.0007201215821483393)	('rDLPFC_to_lPTL_T1', 0.0006352623760254154)	('R_IFGorb_T1', -0.00043823561068696365)	('L_IFGorb', 0.0002790342510333726)	
