predictors	pearson_correlation	mean_squared_error	r2	
rois + act_t1 + act_t2 + conn_t1 + conn_t2 + age + T1 + T2	0.11470303951393868	0.07828990524546003	0.008935823202843474	('R_IFGorb_T2', 0.021259950913483216)	('lSMA_to_lIFG_T1', 0.014238804393775204)	('R_IFGorb_T1', 0.01348346181756431)	('R_DLPFC_T2', 0.012829176065405354)	('L_PTL_T2', 0.012486470973108383)	('rDLPFC_to_lPTL_T2', 0.01124759603783143)	('rIFG_to_lIFG_T2', -0.010183027848098063)	('lSMA_to_lIFG_T2', 0.008900789106825601)	('Age', 0.00859245654069619)	('lSMA_to_lPTL_T2', 0.008424177060199902)	('R_DLPFC_T1', 0.0072704910772729385)	('lDLPFC_to_lIFG_T1', -0.0065161310198133615)	('lDLPFC_to_lPTL_T2', 0.006473220541996092)	('lIFG_to_lPTL_T1', 0.006284457160099305)	('lDLPFC_to_lIFG_T2', 0.006268090660923556)	('L_SMA', -0.0061867492838739765)	('rIFG_to_lIFG_T1', 0.0061081853153449285)	('rDLPFC_to_lIFG_T2', 0.005428472533270668)	('L_DLPFC_T1', 0.005329783361354097)	('L_IFGorb_T1', -0.005025524967695449)	('L_SMA_T1', 0.004843753564348479)	('L_PTL', 0.004715073197966582)	('lPTL_to_lIFG_T2', 0.004432344741252137)	('T2', -0.00434829841592107)	('lIFG_to_lPTL_T2', 0.003340236906291044)	('L_IFGorb', -0.00324042622898996)	('L_PTL_T1', 0.003137269461071987)	('rDLPFC_to_lPTL_T1', 0.003022888039274918)	('lDLPFC_to_lPTL_T1', 0.0024931205523778654)	('L_SMA_T2', -0.0022442879912456786)	('lSMA_to_lPTL_T1', 0.002129861477872654)	('L_DLPFC_T2', -0.0018159731481446196)	('L_DLPFC', -0.0013431148942791974)	('rDLPFC_to_lIFG_T1', 0.0006468511277702587)	('lPTL_to_lIFG_T1', -0.0002489560081153528)	('L_IFGorb_T2', -0.00021870338651108716)	('T1', -0.00013160614591894307)	
