predictors	pearson_correlation	mean_squared_error	r2	
rois + act_t1 + act_t2 + conn_t1 + conn_t2 + age + T1 + T2	-0.10056317332331016	0.08811155818891765	-0.1153955111968703	('L_PTL_T2', 0.034725006041904455)	('T1', 0.03133133323709881)	('lPTL_to_lIFG_T1', -0.029323488990885375)	('L_SMA', 0.02527232696650726)	('R_IFGorb_T1', 0.02450641927189821)	('R_DLPFC_T2', 0.022095785869767754)	('rIFG_to_lIFG_T2', 0.017145910784374645)	('L_IFGorb_T2', 0.016851658322759942)	('lSMA_to_lPTL_T2', 0.014045775821972495)	('rIFG_to_lIFG_T1', 0.012853418019930833)	('lDLPFC_to_lIFG_T1', -0.012476781508857008)	('lDLPFC_to_lIFG_T2', 0.01193058691336257)	('lSMA_to_lIFG_T2', 0.011035779567016417)	('L_SMA_T2', 0.01026154299769736)	('lIFG_to_lPTL_T2', 0.009959359192203681)	('rDLPFC_to_lIFG_T2', -0.00966512566653783)	('L_DLPFC_T1', 0.0089061255126269)	('rDLPFC_to_lPTL_T1', 0.008354549226774258)	('lIFG_to_lPTL_T1', -0.008312354269220869)	('L_DLPFC_T2', 0.007888592615348649)	('rDLPFC_to_lIFG_T1', 0.007290176157524816)	('L_PTL_T1', 0.007249826797796643)	('L_DLPFC', 0.006254209055269478)	('lDLPFC_to_lPTL_T1', 0.0061477991818916795)	('lDLPFC_to_lPTL_T2', 0.005702411197510772)	('Age', -0.0056980711109622505)	('R_DLPFC_T1', 0.005264855791473844)	('L_PTL', -0.005038539256057492)	('lSMA_to_lPTL_T1', 0.0047666954082063)	('L_IFGorb_T1', 0.004427688617210905)	('T2', 0.004173481729708126)	('lSMA_to_lIFG_T1', 0.0037029726104309477)	('lPTL_to_lIFG_T2', 0.0034485357229354463)	('L_IFGorb', -0.002137155383983847)	('rDLPFC_to_lPTL_T2', -0.00135100623198856)	('L_SMA_T1', 0.001140103113473443)	('R_IFGorb_T2', -0.00034866739800809945)	
