predictors	pearson_correlation	mean_squared_error	r2	
rois + act_t1 + act_t2 + conn_t1 + conn_t2 + age + T1 + T2	0.16543862224441566	0.0909440097207523	0.00905365583177764	('lDLPFC_to_lIFG_T2', 0.019442518329444478)	('L_SMA_T1', 0.01830879286720101)	('lDLPFC_to_lIFG_T1', -0.01812652943833222)	('rDLPFC_to_lIFG_T1', 0.017775619659207684)	('lSMA_to_lPTL_T2', 0.01732998355185525)	('L_DLPFC_T2', 0.01459486140964998)	('lPTL_to_lIFG_T2', 0.013171917324524746)	('Age', 0.012145862920278987)	('rIFG_to_lIFG_T2', -0.011874854056423285)	('L_DLPFC_T1', 0.01166011091197654)	('R_DLPFC_T1', 0.009032620345942835)	('L_SMA', 0.007928485342453136)	('rDLPFC_to_lIFG_T2', 0.0075080827061960445)	('L_IFGorb_T1', 0.007243294521053315)	('lDLPFC_to_lPTL_T2', 0.007105079843787913)	('T1', -0.006986274240458269)	('L_IFGorb_T2', -0.006707240386704638)	('L_DLPFC', -0.005945149503438218)	('lDLPFC_to_lPTL_T1', -0.005905663262000921)	('L_SMA_T2', -0.005785379412142121)	('lSMA_to_lIFG_T1', -0.005721173899180114)	('lIFG_to_lPTL_T2', -0.005375682112668613)	('rDLPFC_to_lPTL_T2', 0.005158688069420259)	('rDLPFC_to_lPTL_T1', -0.00508125755992454)	('lSMA_to_lIFG_T2', -0.005032447597444263)	('rIFG_to_lIFG_T1', 0.004918259642120819)	('lSMA_to_lPTL_T1', 0.004441948355325909)	('R_DLPFC_T2', -0.004352515786189702)	('lIFG_to_lPTL_T1', 0.004143053432640419)	('L_PTL', -0.0038822125641600797)	('L_IFGorb', 0.0036863423705439727)	('R_IFGorb_T1', 0.001512117747643403)	('L_PTL_T2', -0.0014554800991468868)	('R_IFGorb_T2', 0.0013188494591685554)	('L_PTL_T1', 0.000252311133694682)	('lPTL_to_lIFG_T1', 7.443169478227013e-05)	('T2', -9.440232070880422e-06)	
