predictors	pearson_correlation	mean_squared_error	r2	
rois + act_t1 + act_t2 + conn_t1 + conn_t2 + age + T1 + T2	0.16571378288471253	0.08254272363971614	-0.044900184744242955	('rIFG_to_lIFG_T1', 0.03010789254105719)	('T2', -0.022000923813044547)	('lDLPFC_to_lPTL_T1', 0.018335232350996832)	('lDLPFC_to_lIFG_T2', 0.018321176339217708)	('L_IFGorb', 0.012659327407425678)	('L_IFGorb_T1', 0.011175552718666224)	('L_SMA', 0.009695151655548276)	('R_IFGorb_T1', 0.008924468423772211)	('L_SMA_T1', 0.008687945899540379)	('Age', -0.008524082069459798)	('R_DLPFC_T1', 0.008392048563329672)	('L_IFGorb_T2', -0.007798055965922237)	('L_PTL', 0.007599386145694055)	('R_DLPFC_T2', 0.007442210686320729)	('lIFG_to_lPTL_T2', -0.007224227803582035)	('rDLPFC_to_lPTL_T1', 0.00630316982168846)	('L_DLPFC_T1', 0.006067742401696084)	('lDLPFC_to_lPTL_T2', 0.005384903032885115)	('L_PTL_T2', 0.005349860248615502)	('lIFG_to_lPTL_T1', 0.004969344828348347)	('L_DLPFC_T2', 0.004807549393328585)	('L_PTL_T1', -0.004569995240632573)	('rDLPFC_to_lIFG_T2', 0.004510983951881641)	('lDLPFC_to_lIFG_T1', -0.004488737694785959)	('T1', 0.0038942726871975205)	('lSMA_to_lIFG_T2', 0.003751048848953836)	('L_SMA_T2', 0.003230768818053077)	('lSMA_to_lPTL_T1', -0.003150407632553131)	('lPTL_to_lIFG_T1', 0.0030864981767478386)	('R_IFGorb_T2', 0.002829143122539504)	('lPTL_to_lIFG_T2', 0.002765276787350299)	('lSMA_to_lIFG_T1', 0.0021303392945512486)	('rIFG_to_lIFG_T2', 0.0021245320344458196)	('L_DLPFC', 0.0020113060267984177)	('rDLPFC_to_lIFG_T1', 0.000685019514292459)	('lSMA_to_lPTL_T2', -0.0006546648781943573)	('rDLPFC_to_lPTL_T2', -0.0005019074888476385)	
