predictors	pearson_correlation	mean_squared_error	r2	
rois + act_t1 + act_t2 + conn_t1 + conn_t2 + age + T1 + T2	0.05876423021676734	0.07987788743812547	-0.0111662865085973	('lDLPFC_to_lPTL_T2', 0.016058254768406506)	('rDLPFC_to_lIFG_T2', 0.01571128227654405)	('rDLPFC_to_lPTL_T2', -0.014635739347016022)	('T1', 0.01284633077946202)	('L_DLPFC_T1', 0.012321181276155741)	('lDLPFC_to_lIFG_T2', 0.011700531524925232)	('L_PTL_T1', -0.009240357243666493)	('lPTL_to_lIFG_T2', -0.00919326316055878)	('R_IFGorb_T1', 0.009156935391985746)	('R_IFGorb_T2', 0.008208290932134836)	('L_DLPFC_T2', 0.007422147561316225)	('rDLPFC_to_lIFG_T1', 0.006173919356146797)	('L_SMA', -0.0057724420401553825)	('L_DLPFC', 0.005753305798291777)	('lDLPFC_to_lIFG_T1', 0.005472083786066581)	('L_PTL', 0.005247207941645388)	('lSMA_to_lPTL_T2', 0.0051735878938609795)	('lIFG_to_lPTL_T1', 0.004490512784117472)	('T2', -0.004403346591461887)	('L_SMA_T2', 0.003965418746605207)	('rDLPFC_to_lPTL_T1', 0.0037820960205068735)	('rIFG_to_lIFG_T2', 0.0037698213768629506)	('lSMA_to_lIFG_T1', 0.0037422385832844803)	('R_DLPFC_T2', -0.003507920246802413)	('lSMA_to_lIFG_T2', 0.0034682771740359836)	('R_DLPFC_T1', -0.0030376770213593985)	('lSMA_to_lPTL_T1', -0.0029827916924416204)	('lPTL_to_lIFG_T1', 0.002945378989474333)	('L_IFGorb_T2', 0.002700607304798831)	('lIFG_to_lPTL_T2', -0.00172832300287672)	('L_IFGorb', 0.0016360192617661232)	('rIFG_to_lIFG_T1', -0.0011920857617267076)	('L_IFGorb_T1', 0.001163279356111877)	('Age', -0.001145398617059468)	('L_SMA_T1', 0.0009636865895622835)	('L_PTL_T2', -0.0009365000921696503)	('lDLPFC_to_lPTL_T1', 0.0008546965267673983)	
