predictors	pearson_correlation	mean_squared_error	r2	
rois + act_t1 + act_t2 + conn_t1 + conn_t2 + age + T1 + T2	0.04270601193752609	0.08169069753239429	-0.03411447041727911	('R_IFGorb_T1', 0.024065523987370708)	('lSMA_to_lPTL_T2', 0.022039478925619038)	('lDLPFC_to_lIFG_T2', 0.020017333152335892)	('Age', 0.019757654247660572)	('rDLPFC_to_lIFG_T2', 0.018086504480579038)	('L_IFGorb_T1', 0.017849994563912105)	('L_PTL_T2', 0.013318033924455012)	('L_DLPFC', -0.013092736056151499)	('lSMA_to_lIFG_T1', -0.011205113070226872)	('rIFG_to_lIFG_T1', 0.009886132590879148)	('lSMA_to_lIFG_T2', -0.009636465190692601)	('T1', 0.009363261168946427)	('lDLPFC_to_lPTL_T2', 0.008652371192988442)	('L_IFGorb_T2', 0.007926348776624702)	('L_IFGorb', 0.006942133878169885)	('rDLPFC_to_lIFG_T1', 0.006253441360091047)	('rDLPFC_to_lPTL_T2', -0.006151828241321261)	('lDLPFC_to_lPTL_T1', -0.004735991359616747)	('L_PTL_T1', -0.004308303045536635)	('lSMA_to_lPTL_T1', 0.0043082873543045614)	('L_PTL', 0.004055605319628337)	('T2', -0.003523026525806592)	('lDLPFC_to_lIFG_T1', 0.003405507576820622)	('L_DLPFC_T2', -0.0030561039917008383)	('rDLPFC_to_lPTL_T1', 0.002149770401009376)	('L_SMA', -0.0018359652248011238)	('R_DLPFC_T1', 0.001834444713853636)	('lPTL_to_lIFG_T1', 0.001720829334576884)	('lIFG_to_lPTL_T1', 0.0015437983663559801)	('lIFG_to_lPTL_T2', 0.0013801389752277112)	('L_SMA_T2', 0.0013036830123285975)	('R_DLPFC_T2', 0.0011533638277426372)	('L_SMA_T1', 0.0009969955456023325)	('rIFG_to_lIFG_T2', 0.0007535961829434533)	('L_DLPFC_T1', 0.00048486398799271947)	('lPTL_to_lIFG_T2', 0.0003758158562100751)	('R_IFGorb_T2', 0.00034843441372132484)	
