predictors	pearson_correlation	mean_squared_error	r2	
rois + act_t1 + act_t2 + conn_t1 + conn_t2 + age + T1 + T2	0.11964443152599716	0.09101041510832315	0.008330087822752574	('L_PTL_T2', -0.020416939955265168)	('lSMA_to_lPTL_T1', 0.015143474897885782)	('rDLPFC_to_lIFG_T1', 0.01052795039489685)	('L_IFGorb', 0.0103371158251468)	('rDLPFC_to_lPTL_T1', 0.009334933385337613)	('R_IFGorb_T1', 0.008952438740842405)	('R_DLPFC_T1', 0.007660058148560751)	('T2', -0.007412839381721729)	('T1', 0.00660822776390258)	('rIFG_to_lIFG_T1', 0.006165334646292436)	('lSMA_to_lIFG_T1', -0.006136739738687085)	('R_IFGorb_T2', 0.006134139069141652)	('lDLPFC_to_lPTL_T2', 0.006086012186450342)	('lSMA_to_lPTL_T2', -0.005977414493474994)	('L_SMA', -0.005861169658551282)	('lIFG_to_lPTL_T2', 0.005617861699751429)	('lPTL_to_lIFG_T1', 0.005210901292507625)	('lDLPFC_to_lIFG_T2', 0.005189561669456907)	('lDLPFC_to_lPTL_T1', 0.004937840939253471)	('L_DLPFC_T1', -0.004802086264605023)	('lDLPFC_to_lIFG_T1', 0.003997656534244005)	('lIFG_to_lPTL_T1', 0.0035452389652770406)	('lPTL_to_lIFG_T2', 0.0034637980148641096)	('L_DLPFC_T2', 0.0029172960455371684)	('L_PTL_T1', 0.0027092071810480836)	('rDLPFC_to_lPTL_T2', -0.0026287638393027485)	('L_DLPFC', -0.0025010544198510983)	('R_DLPFC_T2', -0.0017888093187242425)	('rDLPFC_to_lIFG_T2', 0.0015114075706492243)	('L_SMA_T2', 0.0012859930248763027)	('rIFG_to_lIFG_T2', 0.0009686453555590039)	('L_SMA_T1', -0.0005372520261297832)	('lSMA_to_lIFG_T2', -0.0004586096963014987)	('L_IFGorb_T2', 0.0004458361962976752)	('Age', 0.00032125397423831824)	('L_PTL', 0.00021731971830843592)	('L_IFGorb_T1', -0.00015089630632638426)	
