predictors	pearson_correlation	mean_squared_error	r2	
rois + act_t1 + act_t2 + conn_t1 + conn_t2 + age + T1 + T2	-0.07037562640061767	0.10311557560452625	-0.12357045819578105	('L_DLPFC', 0.019488239836436685)	('lDLPFC_to_lPTL_T1', 0.018856300580212027)	('R_DLPFC_T2', -0.012024529495848164)	('lPTL_to_lIFG_T2', 0.009738418481478644)	('lIFG_to_lPTL_T2', -0.009299439885732806)	('L_IFGorb_T1', 0.009240098330077329)	('lPTL_to_lIFG_T1', 0.009117988590487517)	('lDLPFC_to_lPTL_T2', 0.009086824393171029)	('L_SMA', -0.008931739953837099)	('L_PTL_T2', 0.00886714036235662)	('rDLPFC_to_lPTL_T1', 0.008781259483821253)	('R_IFGorb_T2', -0.008164235447524051)	('L_PTL_T1', 0.006788440749181453)	('rDLPFC_to_lIFG_T1', 0.006730768755209542)	('T2', 0.006561890463897576)	('L_SMA_T2', -0.004985740537717491)	('Age', 0.004666194634593286)	('lIFG_to_lPTL_T1', 0.00448403316143708)	('L_DLPFC_T2', 0.00432949128622147)	('lSMA_to_lIFG_T2', 0.0041976201656216084)	('rDLPFC_to_lPTL_T2', -0.004176965459208342)	('R_DLPFC_T1', -0.004059732277546214)	('rDLPFC_to_lIFG_T2', 0.004034187555889238)	('L_IFGorb', 0.0040276566862502555)	('rIFG_to_lIFG_T1', -0.0029973394628973475)	('lSMA_to_lPTL_T1', 0.0028110383355363184)	('L_SMA_T1', -0.002297568791782242)	('lSMA_to_lPTL_T2', -0.0022631679182674625)	('T1', -0.0020866582384697946)	('lSMA_to_lIFG_T1', 0.0019791541417384876)	('R_IFGorb_T1', 0.0015268493867808674)	('lDLPFC_to_lIFG_T2', -0.0013312055640644347)	('L_DLPFC_T1', -0.0006741704955177942)	('L_IFGorb_T2', 0.0004075312383802409)	('rIFG_to_lIFG_T2', -0.00033871025178049233)	('lDLPFC_to_lIFG_T1', -0.00023052380671069968)	('L_PTL', -0.00013359988083351876)	
