predictors	pearson_correlation	mean_squared_error	r2	
rois + act_t1 + act_t2 + conn_t1 + conn_t2 + age + T1 + T2	0.1023292585371319	0.07827842435386811	0.0090811586753895	('rDLPFC_to_lPTL_T1', 0.012181302345522279)	('L_DLPFC', 0.010631253075689212)	('lSMA_to_lPTL_T1', 0.008139143004141399)	('T1', 0.00762753354461473)	('L_IFGorb_T1', -0.00728923591835461)	('R_DLPFC_T1', -0.006890828917816042)	('L_PTL', 0.005761426768246257)	('lPTL_to_lIFG_T1', 0.0054290641436139184)	('rDLPFC_to_lIFG_T2', -0.00521041142205524)	('R_IFGorb_T2', -0.0051500490480955305)	('L_SMA_T2', 0.004917060408594412)	('L_DLPFC_T2', 0.004395733287220185)	('rIFG_to_lIFG_T1', -0.003886412349456573)	('lDLPFC_to_lPTL_T1', 0.0037951750920205024)	('rDLPFC_to_lIFG_T1', 0.003727892607150727)	('lIFG_to_lPTL_T2', 0.0036768794298380624)	('R_IFGorb_T1', -0.0035413606668229106)	('lDLPFC_to_lIFG_T2', 0.0035334392113119963)	('L_IFGorb_T2', 0.0031724969674885983)	('L_SMA', -0.0030819547352457077)	('lDLPFC_to_lIFG_T1', 0.0029005522216867816)	('R_DLPFC_T2', 0.002408368737364803)	('L_DLPFC_T1', 0.0022568104727588253)	('T2', 0.0021488088090257096)	('lIFG_to_lPTL_T1', 0.001991195264152911)	('lPTL_to_lIFG_T2', 0.001942037840080399)	('L_SMA_T1', 0.001847917373810197)	('Age', 0.001807782103085517)	('lSMA_to_lPTL_T2', 0.0018059095026302285)	('lSMA_to_lIFG_T1', 0.0017747968008222262)	('rIFG_to_lIFG_T2', 0.0015147111079829398)	('rDLPFC_to_lPTL_T2', -0.0013474679652764948)	('lDLPFC_to_lPTL_T2', 0.0012315300408446517)	('L_PTL_T2', 0.0012271809938646729)	('L_PTL_T1', -0.0010390872494495502)	('lSMA_to_lIFG_T2', 0.00032892207563924074)	('L_IFGorb', 0.000270629672790223)	
