predictors	pearson_correlation	mean_squared_error	r2	
rois + act_t1 + act_t2 + conn_t1 + conn_t2 + age + T1 + T2	0.08915712006705591	0.09801431872011862	-0.0679860181013916	('rDLPFC_to_lIFG_T1', 0.021997060115212998)	('lIFG_to_lPTL_T2', 0.0195861899006845)	('L_IFGorb_T1', -0.017500723843575934)	('L_PTL_T2', -0.017077639314781925)	('L_SMA_T2', 0.01472502536819384)	('R_DLPFC_T2', 0.014053910882164972)	('lDLPFC_to_lPTL_T1', 0.01275530048947214)	('R_IFGorb_T2', 0.01250420194077597)	('L_SMA', -0.01154772938489079)	('L_DLPFC', 0.011021776582018061)	('rIFG_to_lIFG_T1', 0.009704252105274277)	('T2', -0.00964237483058401)	('lSMA_to_lPTL_T2', 0.009496136014474904)	('rDLPFC_to_lIFG_T2', -0.009034861459023439)	('T1', -0.00880184155944881)	('L_PTL', 0.0070475472185056315)	('L_DLPFC_T2', 0.006749306342289118)	('lPTL_to_lIFG_T1', -0.006533175998949044)	('lSMA_to_lIFG_T1', 0.006288998053705832)	('rIFG_to_lIFG_T2', 0.005723727529328031)	('rDLPFC_to_lPTL_T1', -0.0055136523118560115)	('L_IFGorb_T2', -0.005511672757506065)	('rDLPFC_to_lPTL_T2', 0.004901964967808129)	('L_PTL_T1', 0.003969006896102016)	('L_SMA_T1', 0.0036083790247943607)	('R_DLPFC_T1', 0.0030884938336496613)	('L_IFGorb', 0.0030261689368061566)	('lDLPFC_to_lPTL_T2', 0.002725162043747346)	('lSMA_to_lPTL_T1', -0.0018280299605319206)	('lDLPFC_to_lIFG_T2', -0.0011668317026467588)	('Age', -0.0010885525182500158)	('R_IFGorb_T1', 0.0005285849543301338)	('lPTL_to_lIFG_T2', -0.0005178501681399172)	('lSMA_to_lIFG_T2', 0.0003225431699752478)	('L_DLPFC_T1', -0.00016633587524176644)	('lDLPFC_to_lIFG_T1', -9.495830837918567e-05)	('lIFG_to_lPTL_T1', 6.67634813596542e-05)	
