predictors	pearson_correlation	mean_squared_error	r2	
rois + act_t1 + act_t2 + conn_t1 + conn_t2 + age + T1 + T2	0.09143766573624224	0.09167242585034531	0.0011166701757708841	('L_SMA', 0.020640328759138356)	('L_DLPFC_T2', 0.01558684725725246)	('L_DLPFC', 0.014770897567597254)	('L_IFGorb_T2', 0.014232589081425141)	('L_DLPFC_T1', -0.011678934967170389)	('T2', 0.010908264772742244)	('R_IFGorb_T2', -0.007940757982551718)	('rDLPFC_to_lPTL_T2', 0.0072673614005242335)	('rIFG_to_lIFG_T2', 0.007159997896631214)	('R_DLPFC_T2', 0.006251991350893351)	('L_IFGorb', -0.006098692872052748)	('L_PTL_T1', -0.005622035190120932)	('rDLPFC_to_lIFG_T1', -0.005579249371317634)	('lSMA_to_lPTL_T2', 0.0053968766540948695)	('rIFG_to_lIFG_T1', 0.005376159658836994)	('lDLPFC_to_lPTL_T1', 0.005373997814569301)	('lIFG_to_lPTL_T2', 0.005319663627787564)	('lDLPFC_to_lIFG_T2', 0.005191341422268346)	('lPTL_to_lIFG_T1', -0.004599865478383376)	('lSMA_to_lIFG_T2', 0.0042118072767126065)	('rDLPFC_to_lPTL_T1', 0.003962797999234259)	('rDLPFC_to_lIFG_T2', 0.0038380281499834188)	('lDLPFC_to_lIFG_T1', -0.003557061016483462)	('lPTL_to_lIFG_T2', -0.003536732465954414)	('L_SMA_T1', 0.003427876315086661)	('T1', 0.0024353183071841745)	('L_SMA_T2', -0.002345556758956674)	('R_IFGorb_T1', 0.002263154026868064)	('lDLPFC_to_lPTL_T2', 0.0019202266141519916)	('L_IFGorb_T1', -0.00187937111694307)	('lSMA_to_lIFG_T1', 0.0016281700453991714)	('Age', 0.0015835444385460433)	('lSMA_to_lPTL_T1', 0.001031612620192517)	('L_PTL_T2', 0.0010102290030139318)	('lIFG_to_lPTL_T1', -0.00033797122337818374)	('L_PTL', 0.0003090155237089511)	('R_DLPFC_T1', 9.5363507103707e-05)	
