predictors	pearson_correlation	mean_squared_error	r2	
rois + act_t1 + act_t2 + conn_t1 + conn_t2 + age + T1 + T2	-0.3287666526573751	0.10629208567341879	-0.1581824249393622	('lPTL_to_lIFG_T1', 0.01731715067740111)	('T2', 0.01726643325319866)	('R_DLPFC_T2', -0.016593595338719038)	('lIFG_to_lPTL_T1', 0.01566517584775182)	('rIFG_to_lIFG_T1', 0.01230758137205598)	('L_DLPFC_T2', 0.0120436287996001)	('R_IFGorb_T2', 0.01058109443039095)	('lDLPFC_to_lPTL_T1', -0.00898971966808641)	('lSMA_to_lIFG_T2', 0.008804883643108415)	('R_DLPFC_T1', 0.007763430711787)	('L_IFGorb_T1', 0.007346316101239203)	('rIFG_to_lIFG_T2', 0.007319316496043618)	('lSMA_to_lPTL_T2', 0.00711203614122068)	('lDLPFC_to_lPTL_T2', -0.007043709513660018)	('L_SMA_T2', -0.005983815391516287)	('lPTL_to_lIFG_T2', -0.005929542809436704)	('L_PTL_T1', 0.005890442271982745)	('rDLPFC_to_lIFG_T2', 0.005715689041924309)	('L_SMA_T1', 0.005488440964099282)	('L_IFGorb_T2', 0.0047672711360061916)	('rDLPFC_to_lPTL_T1', 0.0046153483372238435)	('rDLPFC_to_lPTL_T2', -0.004409516744358321)	('L_SMA', 0.004326958887592083)	('lSMA_to_lPTL_T1', 0.0036104009293697467)	('lDLPFC_to_lIFG_T2', 0.003555843312408724)	('lIFG_to_lPTL_T2', 0.003209218005806277)	('L_PTL', -0.002702202947861575)	('T1', 0.0022145031809053914)	('lDLPFC_to_lIFG_T1', 0.002138969942727294)	('R_IFGorb_T1', -0.0019074996964941891)	('L_PTL_T2', 0.0016908699147520911)	('L_IFGorb', 0.0013040232798906058)	('rDLPFC_to_lIFG_T1', -0.0009539570487707864)	('lSMA_to_lIFG_T1', 0.000921660676223441)	('Age', -0.0003965505643503367)	('L_DLPFC_T1', -0.0002987957306709859)	('L_DLPFC', -0.0002863784197296789)	
