predictors	pearson_correlation	mean_squared_error	r2	
rois + act_t1 + act_t2 + conn_t1 + conn_t2 + age + T1 + T2	0.11324013925468111	0.09264415337161537	-0.009471491020188516	('L_DLPFC_T2', 0.01961072725026124)	('lSMA_to_lIFG_T1', 0.01665174451975266)	('L_DLPFC_T1', 0.014832739373968689)	('lIFG_to_lPTL_T2', 0.013129017143380196)	('L_IFGorb_T1', 0.012928105995525551)	('lSMA_to_lPTL_T1', 0.012256197329206)	('lDLPFC_to_lIFG_T2', 0.01190326730217159)	('R_DLPFC_T2', 0.010894642988788129)	('lDLPFC_to_lIFG_T1', -0.010508580456526547)	('L_DLPFC', 0.008836870112790367)	('rDLPFC_to_lPTL_T1', -0.008816956344183271)	('L_PTL_T1', -0.008402432483801675)	('lDLPFC_to_lPTL_T2', -0.008255206442159784)	('rIFG_to_lIFG_T1', 0.007152097852380338)	('lDLPFC_to_lPTL_T1', -0.0058094858510506575)	('rDLPFC_to_lIFG_T2', 0.005589554236829124)	('lSMA_to_lPTL_T2', 0.005110991220317843)	('L_PTL_T2', 0.0048771681012471325)	('L_SMA_T2', -0.004502668702509413)	('T2', 0.004411738383339178)	('R_DLPFC_T1', 0.004015440077054781)	('R_IFGorb_T1', -0.003937360222907929)	('rDLPFC_to_lIFG_T1', -0.003793647509911488)	('T1', -0.0037016982440171483)	('L_PTL', 0.003321602988960027)	('lSMA_to_lIFG_T2', 0.0032340446311058786)	('L_SMA', -0.003188195803453993)	('L_IFGorb', 0.0031772385965597966)	('lPTL_to_lIFG_T1', -0.003114198324360178)	('L_IFGorb_T2', -0.0028289602620558676)	('L_SMA_T1', -0.00275851032743812)	('Age', -0.0023939370448715237)	('lIFG_to_lPTL_T1', 0.0023313081846767273)	('lPTL_to_lIFG_T2', 0.002051546515453186)	('rIFG_to_lIFG_T2', 0.0014217424996140215)	('R_IFGorb_T2', 0.0009481208656941589)	('rDLPFC_to_lPTL_T2', -0.00024070648829096973)	
