predictors	pearson_correlation	mean_squared_error	r2	
rois + act_t1 + act_t2 + conn_t1 + conn_t2 + age + T1 + T2	-0.189886125242496	0.08620435942359199	-0.09125247042526796	('lDLPFC_to_lIFG_T1', 0.023596429442029766)	('R_DLPFC_T2', 0.014690723339874291)	('lIFG_to_lPTL_T2', 0.014601234277773635)	('L_SMA', 0.010920205153669432)	('lPTL_to_lIFG_T2', -0.009105468858620843)	('lDLPFC_to_lPTL_T2', 0.008829424055740673)	('rDLPFC_to_lIFG_T1', 0.008472327404460871)	('L_PTL_T1', 0.008169122756699284)	('L_DLPFC_T1', -0.007132284679207798)	('L_DLPFC', -0.007108792018670452)	('L_SMA_T1', 0.00684466510218928)	('Age', 0.006788289453446717)	('L_PTL_T2', 0.005974537781999167)	('lDLPFC_to_lIFG_T2', 0.005032467711645973)	('L_SMA_T2', 0.004985065868840203)	('lSMA_to_lPTL_T2', 0.004731033646013672)	('lSMA_to_lIFG_T2', -0.004032266319034091)	('R_IFGorb_T1', 0.0038986879869710236)	('rDLPFC_to_lIFG_T2', -0.0038238467954328226)	('T1', 0.0036007147344829142)	('lDLPFC_to_lPTL_T1', 0.0034531021356670696)	('L_IFGorb', -0.003435489906558739)	('T2', 0.0034045502909800253)	('R_IFGorb_T2', 0.0029072186001814888)	('rDLPFC_to_lPTL_T1', -0.002775254792311214)	('lPTL_to_lIFG_T1', 0.002751821091019799)	('L_IFGorb_T2', -0.00252175421376863)	('rIFG_to_lIFG_T2', -0.0018234858303569404)	('lIFG_to_lPTL_T1', 0.0017359490650993756)	('R_DLPFC_T1', -0.0014288279310207914)	('L_PTL', 0.0012621284286363059)	('rDLPFC_to_lPTL_T2', 0.0007919891533473754)	('lSMA_to_lIFG_T1', 0.000772098284336543)	('lSMA_to_lPTL_T1', 0.0005508685305466673)	('rIFG_to_lIFG_T1', 0.00043302870267970974)	('L_DLPFC_T2', 0.00032034857549260716)	('L_IFGorb_T1', 0.0001139910742226796)	
