predictors	pearson_correlation	mean_squared_error	r2	
rois + act_t1 + act_t2 + conn_t1 + conn_t2 + age + T1 + T2	-0.04914933106088874	0.09702061761097343	-0.057158427759521846	('T2', 0.01571460419347536)	('rDLPFC_to_lPTL_T1', 0.015055979357922583)	('rIFG_to_lIFG_T2', -0.013004320540103958)	('L_DLPFC', -0.010719103257919497)	('L_IFGorb_T2', 0.009544362883449693)	('L_IFGorb_T1', -0.00792981922729524)	('lIFG_to_lPTL_T2', 0.007861483283101097)	('Age', 0.0064754808377416075)	('L_PTL_T1', 0.006263967836215675)	('lPTL_to_lIFG_T1', 0.005210305104449395)	('L_SMA_T2', 0.004376309667473068)	('T1', 0.004114589864432074)	('lSMA_to_lPTL_T2', 0.004006506531288532)	('lSMA_to_lIFG_T2', 0.00396584989934562)	('L_PTL_T2', 0.0037384785575942884)	('L_DLPFC_T1', 0.0034275929696207293)	('lDLPFC_to_lIFG_T1', 0.0034065966708543235)	('rIFG_to_lIFG_T1', -0.0027385901051473626)	('L_DLPFC_T2', 0.0020278379598736534)	('L_SMA_T1', -0.0018056591411580876)	('rDLPFC_to_lIFG_T1', 0.0016944465924648982)	('lSMA_to_lIFG_T1', 0.0015755919898737252)	('lDLPFC_to_lIFG_T2', 0.001473576259840381)	('R_IFGorb_T2', 0.0013050382596012371)	('R_DLPFC_T2', -0.0012537523980507626)	('lPTL_to_lIFG_T2', -0.0010875286627578208)	('R_IFGorb_T1', -0.000989464277746914)	('rDLPFC_to_lPTL_T2', -0.0009391769156414578)	('L_IFGorb', -0.0008853170347864415)	('R_DLPFC_T1', -0.0008234366445656338)	('rDLPFC_to_lIFG_T2', 0.0008198173199881384)	('L_PTL', -0.0008151304197442508)	('lDLPFC_to_lPTL_T1', -0.0006721955937856179)	('lDLPFC_to_lPTL_T2', 0.0006366823586609336)	('lSMA_to_lPTL_T1', -0.0004350593661425075)	('L_SMA', -0.00032163179137112316)	('lIFG_to_lPTL_T1', 6.565976018375136e-05)	
