predictors	pearson_correlation	mean_squared_error	r2	
rois + act_t1 + act_t2 + conn_t1 + conn_t2 + age + T1 + T2	-0.05037930335356433	0.1019920736000047	-0.11132852816141336	('L_PTL_T1', 0.015489212058464511)	('L_DLPFC', -0.014581395703704758)	('lSMA_to_lPTL_T2', 0.013331714375800023)	('L_SMA', 0.013239122002246025)	('T2', 0.01190534358744308)	('lDLPFC_to_lPTL_T2', 0.009648744243264054)	('rIFG_to_lIFG_T1', 0.009352677167712396)	('lIFG_to_lPTL_T1', 0.007793872597790796)	('L_SMA_T1', 0.006922562972204895)	('lDLPFC_to_lIFG_T2', 0.006568626697439089)	('L_IFGorb_T2', 0.0063367299446632245)	('L_IFGorb', -0.0046231131658206305)	('L_SMA_T2', 0.004614791367206607)	('rDLPFC_to_lPTL_T1', 0.004578007436490328)	('lSMA_to_lPTL_T1', 0.004547639122130112)	('lDLPFC_to_lIFG_T1', 0.0044841713442094104)	('rIFG_to_lIFG_T2', -0.004312491969320565)	('rDLPFC_to_lIFG_T2', 0.0032203998542249426)	('R_DLPFC_T1', 0.002899610187081656)	('L_DLPFC_T2', 0.0027227496892706224)	('T1', -0.002590534502875812)	('lDLPFC_to_lPTL_T1', -0.002588807249871626)	('lPTL_to_lIFG_T1', -0.002244841883092133)	('rDLPFC_to_lIFG_T1', 0.0022238986702919545)	('R_DLPFC_T2', 0.002142538156241731)	('lIFG_to_lPTL_T2', 0.0019829222440335176)	('R_IFGorb_T1', 0.0017801015247384383)	('rDLPFC_to_lPTL_T2', 0.0015538879248968515)	('R_IFGorb_T2', 0.0014181373521131519)	('L_PTL_T2', 0.0012067956443816345)	('Age', -0.0011003368466525444)	('L_IFGorb_T1', 0.0010912901491622806)	('lSMA_to_lIFG_T2', -0.0005851058079717644)	('lSMA_to_lIFG_T1', 0.000566480248081446)	('L_PTL', -0.0005446731864373933)	('lPTL_to_lIFG_T2', -0.0003220824439670836)	('L_DLPFC_T1', 6.396815172242776e-05)	
