predictors	pearson_correlation	mean_squared_error	r2	
rois + act_t1 + act_t2 + conn_t1 + conn_t2 + age + T1 + T2	0.19066626026197422	0.07994141676873039	-0.011970498029112209	('lIFG_to_lPTL_T2', 0.01814819007274892)	('lSMA_to_lPTL_T1', 0.015904134462997706)	('lIFG_to_lPTL_T1', 0.0154081424931476)	('L_IFGorb_T2', 0.015027539223063845)	('L_DLPFC', 0.013416356460566069)	('L_SMA_T1', 0.012924751626281178)	('L_DLPFC_T2', 0.01253486341789566)	('L_PTL_T2', 0.011090689912940741)	('lDLPFC_to_lIFG_T2', 0.010356245880361464)	('lSMA_to_lPTL_T2', -0.009959875343746342)	('T2', 0.008154461787377632)	('lPTL_to_lIFG_T1', 0.007490972503052142)	('L_PTL_T1', -0.007363922754449566)	('L_PTL', -0.0066459866634635805)	('rIFG_to_lIFG_T1', -0.00577793669630051)	('L_SMA', -0.0051642609771642535)	('lSMA_to_lIFG_T2', 0.00466714778245345)	('lDLPFC_to_lPTL_T2', -0.004145514755257594)	('rIFG_to_lIFG_T2', 0.004132382584048146)	('rDLPFC_to_lPTL_T2', 0.0038009891605156852)	('R_IFGorb_T2', -0.0036319700352816144)	('rDLPFC_to_lPTL_T1', -0.0035491677812532233)	('lSMA_to_lIFG_T1', -0.003288914292689596)	('R_DLPFC_T2', 0.003142610847467277)	('lPTL_to_lIFG_T2', -0.002715715647168492)	('T1', 0.001779585826550904)	('Age', 0.0017789616673664498)	('rDLPFC_to_lIFG_T2', 0.0017584299710752072)	('L_IFGorb', -0.001723056041000319)	('R_DLPFC_T1', 0.0016720377511598445)	('L_DLPFC_T1', -0.0016002592637652463)	('lDLPFC_to_lPTL_T1', -0.0015677145791789947)	('L_SMA_T2', 0.0012700022091410275)	('rDLPFC_to_lIFG_T1', 0.0012620343719332145)	('R_IFGorb_T1', -0.0009793691981622751)	('L_IFGorb_T1', -0.000673129204623636)	('lDLPFC_to_lIFG_T1', 8.406807093187502e-05)	
