predictors	pearson_correlation	mean_squared_error	r2	
rois + act_t1 + act_t2 + conn_t1 + conn_t2 + age + T1 + T2	0.044772098051172354	0.11273695790793128	-0.22840719949055632	('L_SMA_T2', 0.02945457819325328)	('lSMA_to_lPTL_T2', 0.02514856305306333)	('L_SMA_T1', 0.021365330412021266)	('lPTL_to_lIFG_T2', 0.020183631399662998)	('lSMA_to_lIFG_T1', -0.019299109867030467)	('L_SMA', -0.0169748663023557)	('Age', 0.01522457983417743)	('lIFG_to_lPTL_T1', 0.015197450593457083)	('lSMA_to_lPTL_T1', -0.014917170200075758)	('T2', 0.014830015944519773)	('rIFG_to_lIFG_T1', 0.014710241970362612)	('rDLPFC_to_lIFG_T1', -0.011838736198069784)	('rDLPFC_to_lIFG_T2', 0.011010801231977825)	('lDLPFC_to_lPTL_T2', 0.010512565199540214)	('lDLPFC_to_lPTL_T1', 0.010277859843848694)	('lSMA_to_lIFG_T2', 0.009453277326157384)	('T1', 0.009216349186723417)	('L_DLPFC', -0.0090936879055422)	('L_DLPFC_T2', 0.008928197810745372)	('lDLPFC_to_lIFG_T2', -0.007393009391906909)	('R_DLPFC_T1', -0.007108043355113225)	('rDLPFC_to_lPTL_T2', 0.006909265212221651)	('lPTL_to_lIFG_T1', -0.004069378257816722)	('R_IFGorb_T2', 0.004051998391790917)	('rDLPFC_to_lPTL_T1', -0.003915797649472503)	('L_IFGorb_T1', 0.0038113393244812483)	('lDLPFC_to_lIFG_T1', -0.003630609833761524)	('lIFG_to_lPTL_T2', -0.0033699232522947735)	('R_IFGorb_T1', -0.003019799793547946)	('L_PTL', -0.0030113364845380107)	('L_IFGorb', 0.0026101456659877913)	('L_PTL_T1', 0.0019404384614520875)	('R_DLPFC_T2', -0.001614082715797042)	('rIFG_to_lIFG_T2', 0.0015334893973928385)	('L_PTL_T2', -0.001368366884362164)	('L_DLPFC_T1', 0.0012248930343269672)	('L_IFGorb_T2', 0.0011940938252923937)	
