predictors	pearson_correlation	mean_squared_error	r2	
rois + act_t1 + act_t2 + conn_t1 + conn_t2 + age + T1 + T2	0.11551094960336161	0.09335198717421807	-0.01718420702118295	('L_SMA_T1', 0.024653333083053407)	('L_DLPFC_T2', 0.022749910659281662)	('lSMA_to_lPTL_T1', -0.016268927217010693)	('lDLPFC_to_lIFG_T2', 0.016033196265122812)	('L_PTL_T2', 0.014374176554645544)	('lSMA_to_lIFG_T2', 0.010764323114286167)	('lIFG_to_lPTL_T2', -0.009622907354316668)	('L_IFGorb', 0.00918433263082878)	('R_DLPFC_T1', -0.008770078345926828)	('rDLPFC_to_lIFG_T1', 0.008706389460626365)	('lDLPFC_to_lIFG_T1', 0.00865450508174724)	('L_DLPFC', -0.008078311458468719)	('R_IFGorb_T1', -0.006142016030088668)	('L_IFGorb_T1', 0.005616596899418171)	('L_SMA', 0.00548914596540093)	('lDLPFC_to_lPTL_T1', 0.00525408128304424)	('L_PTL_T1', 0.0047000299269669326)	('lPTL_to_lIFG_T2', 0.0042470245026628465)	('T1', 0.004180571535635118)	('T2', 0.003774042461773923)	('lPTL_to_lIFG_T1', 0.0037485040022250623)	('R_IFGorb_T2', -0.0031211002900972634)	('L_DLPFC_T1', -0.0030220331755125983)	('L_IFGorb_T2', 0.0029046146041901712)	('rDLPFC_to_lPTL_T2', 0.002726667732345859)	('rDLPFC_to_lIFG_T2', 0.002634536220476437)	('lDLPFC_to_lPTL_T2', 0.002552254790640203)	('lSMA_to_lIFG_T1', 0.0023416374446902596)	('Age', 0.0021769782334321286)	('lIFG_to_lPTL_T1', 0.0013215415545191726)	('L_SMA_T2', 0.0012605895497699562)	('rDLPFC_to_lPTL_T1', -0.0006875916581817242)	('R_DLPFC_T2', -0.00060736484686321)	('L_PTL', 0.00047907233402926793)	('lSMA_to_lPTL_T2', -0.0002599886249391888)	('rIFG_to_lIFG_T1', -0.00020724934044571164)	('rIFG_to_lIFG_T2', 0.00011383045076605225)	
