predictors	pearson_correlation	mean_squared_error	r2	
rois + act_t1 + act_t2 + conn_t1 + conn_t2 + age + T1 + T2	-0.05510950130429282	0.09102273656591539	-0.1522478306965962	('lSMA_to_lPTL_T1', 0.02760727949530611)	('lSMA_to_lIFG_T2', 0.02571180364233032)	('L_PTL', 0.024040030992269625)	('R_IFGorb_T1', -0.023031428623215194)	('lSMA_to_lIFG_T1', 0.013476762931612476)	('L_DLPFC_T1', 0.01187240269596809)	('lDLPFC_to_lPTL_T1', -0.011098812327971285)	('R_DLPFC_T1', 0.010688570981067978)	('lIFG_to_lPTL_T1', 0.008850062972310203)	('R_IFGorb_T2', -0.008402666832901503)	('L_SMA_T2', 0.007469449024655237)	('rDLPFC_to_lIFG_T2', 0.007391226398986655)	('lIFG_to_lPTL_T2', 0.007056523339745637)	('rIFG_to_lIFG_T2', -0.006412399237072734)	('L_PTL_T2', 0.006147958937696022)	('lSMA_to_lPTL_T2', 0.005448612635685685)	('Age', -0.0053701434976018)	('rDLPFC_to_lPTL_T2', 0.0052673597790724785)	('L_SMA_T1', -0.004781544592736555)	('T2', -0.004090200600201764)	('lDLPFC_to_lIFG_T2', 0.003946166380435975)	('lPTL_to_lIFG_T2', 0.003644584395482039)	('L_SMA', -0.0036257766024988523)	('rDLPFC_to_lIFG_T1', -0.003527280540266919)	('L_IFGorb_T2', 0.0034669225299231513)	('T1', 0.003353860303676073)	('lDLPFC_to_lIFG_T1', -0.003339024682120262)	('lDLPFC_to_lPTL_T2', 0.0033292639907446823)	('L_IFGorb_T1', 0.0031990310746286446)	('L_IFGorb', -0.0031238696934852753)	('rIFG_to_lIFG_T1', -0.0029636168795400815)	('rDLPFC_to_lPTL_T1', -0.002510541143957504)	('lPTL_to_lIFG_T1', 0.0024619209510196045)	('L_PTL_T1', -0.002331826828641149)	('L_DLPFC_T2', 0.002286215155229277)	('R_DLPFC_T2', -2.5092248828414785e-05)	('L_DLPFC', -7.056059260594264e-06)	
