predictors	pearson_correlation	mean_squared_error	r2	
rois + act_t1 + act_t2 + conn_t1 + conn_t2 + age + T1 + T2	0.06259207563861628	0.09668671533661992	-0.05352015362694229	('Age', 0.020709714542886393)	('L_PTL_T1', -0.019764254072099585)	('L_SMA_T1', 0.016889952574083586)	('L_PTL_T2', 0.015507865926327465)	('lSMA_to_lIFG_T2', 0.014773321709912282)	('rDLPFC_to_lPTL_T2', 0.013746745492702949)	('lDLPFC_to_lIFG_T1', 0.01273209914705517)	('L_SMA', 0.012029651371644131)	('R_IFGorb_T2', 0.011018183751355656)	('L_DLPFC_T2', -0.009419111009775239)	('T1', -0.00939365704075266)	('L_SMA_T2', -0.008498770172039961)	('lDLPFC_to_lPTL_T2', 0.008484908837298953)	('rDLPFC_to_lIFG_T1', -0.008446049605152176)	('lDLPFC_to_lIFG_T2', 0.006804978756999487)	('L_IFGorb_T2', 0.00668986724013076)	('R_IFGorb_T1', 0.0066691809919815085)	('R_DLPFC_T1', -0.006552633319636427)	('R_DLPFC_T2', 0.006080304738082146)	('L_DLPFC', 0.005531825994172665)	('rDLPFC_to_lIFG_T2', 0.005088692076244156)	('lDLPFC_to_lPTL_T1', -0.004982547779455494)	('lIFG_to_lPTL_T1', 0.004400377966494887)	('L_PTL', -0.003933278071104834)	('T2', -0.003622785056663795)	('L_DLPFC_T1', -0.0034043776555587107)	('lPTL_to_lIFG_T1', -0.002933204985926693)	('lSMA_to_lIFG_T1', -0.002870247253608821)	('L_IFGorb_T1', 0.002838058771381154)	('rIFG_to_lIFG_T1', -0.002537465277627826)	('lSMA_to_lPTL_T2', 0.001538655588323795)	('rDLPFC_to_lPTL_T1', -0.0013161844492401312)	('L_IFGorb', -0.001072343224482868)	('lSMA_to_lPTL_T1', 0.0008775716418358708)	('lIFG_to_lPTL_T2', 0.0008360484553491559)	('lPTL_to_lIFG_T2', -0.00013435298330784895)	('rIFG_to_lIFG_T2', -6.603692038509285e-05)	
