predictors	pearson_correlation	mean_squared_error	r2	
rois + act_t1 + act_t2 + conn_t1 + conn_t2 + age + T1 + T2	-0.10897512962876445	0.1002956545100487	-0.09284396496114478	('rDLPFC_to_lIFG_T1', 0.0205905334631926)	('L_PTL', 0.017800383112983348)	('L_SMA_T1', 0.012721564482150772)	('rDLPFC_to_lPTL_T2', 0.012110478091015208)	('lDLPFC_to_lIFG_T1', 0.009432947721066997)	('lDLPFC_to_lPTL_T1', 0.00702903186628242)	('T2', -0.006862400493277917)	('R_IFGorb_T2', 0.006560464207519801)	('L_IFGorb', -0.005653272697521325)	('lSMA_to_lIFG_T2', 0.005217179809399233)	('lSMA_to_lIFG_T1', -0.005200133860727894)	('L_DLPFC', -0.005154819931812811)	('lDLPFC_to_lPTL_T2', 0.004948123616276133)	('lPTL_to_lIFG_T2', 0.004887622094164519)	('R_DLPFC_T2', 0.004778395249786558)	('lSMA_to_lPTL_T2', -0.004278268625105965)	('L_DLPFC_T1', 0.0041523092174523355)	('R_DLPFC_T1', 0.00402983257996111)	('R_IFGorb_T1', 0.0028057127026971346)	('Age', 0.002665606504934219)	('lSMA_to_lPTL_T1', -0.002263354619130901)	('rDLPFC_to_lIFG_T2', -0.0022507468976494045)	('T1', -0.002245351912665381)	('L_IFGorb_T1', -0.002213506057257512)	('rIFG_to_lIFG_T1', -0.0019903665121525733)	('rDLPFC_to_lPTL_T1', 0.0019489714325091083)	('lDLPFC_to_lIFG_T2', 0.001624982719426355)	('L_SMA', 0.0015371842031179788)	('L_PTL_T2', -0.000907400493231124)	('L_PTL_T1', 0.0008963093906151442)	('lPTL_to_lIFG_T1', 0.0008911169311795041)	('lIFG_to_lPTL_T1', 0.0008089700343884136)	('L_IFGorb_T2', 0.0006855397821714051)	('L_SMA_T2', -0.0005826186769385141)	('rIFG_to_lIFG_T2', -0.00017859399880664894)	('lIFG_to_lPTL_T2', -5.580172195890642e-05)	('L_DLPFC_T2', -3.9663178812645324e-05)	
