predictors	pearson_correlation	mean_squared_error	r2	
rois + act_t1 + act_t2 + conn_t1 + conn_t2 + age + T1 + T2	0.19980436664474444	0.07673499243802459	0.028619310833347678	('Age', 0.029156366851841017)	('lSMA_to_lIFG_T1', 0.020348509284008234)	('lSMA_to_lIFG_T2', 0.018894462581358573)	('rDLPFC_to_lIFG_T1', 0.015411527205423351)	('rIFG_to_lIFG_T1', 0.013863005932346364)	('lDLPFC_to_lIFG_T2', -0.013228607261051678)	('T1', 0.01187254569364012)	('lDLPFC_to_lIFG_T1', 0.011521415424086398)	('lPTL_to_lIFG_T2', 0.011222924382898151)	('lIFG_to_lPTL_T1', 0.010946732514213969)	('L_DLPFC_T2', 0.010331959961287471)	('L_SMA', 0.010171435776167121)	('lDLPFC_to_lPTL_T2', -0.010050298369955265)	('R_IFGorb_T1', 0.009687279327339416)	('lSMA_to_lPTL_T2', -0.009038169958791)	('rDLPFC_to_lPTL_T1', 0.008342171871325809)	('R_DLPFC_T2', 0.007784446763519905)	('rIFG_to_lIFG_T2', 0.007384857043371972)	('R_DLPFC_T1', 0.007117393738156078)	('L_IFGorb_T1', 0.006958305587384853)	('L_DLPFC_T1', 0.006886537762396628)	('lIFG_to_lPTL_T2', -0.006809621824022553)	('lSMA_to_lPTL_T1', 0.006211690246953198)	('L_IFGorb_T2', 0.005977081495606361)	('L_PTL_T1', 0.005677933518128636)	('R_IFGorb_T2', 0.005262483148967932)	('L_DLPFC', 0.0035860315977807047)	('L_PTL', 0.0035842083863875376)	('lPTL_to_lIFG_T1', 0.003314424387799745)	('L_SMA_T1', 0.0026995641195383968)	('rDLPFC_to_lIFG_T2', -0.002231003260597557)	('L_PTL_T2', 0.0021976205360915257)	('rDLPFC_to_lPTL_T2', 0.0016340568444705584)	('lDLPFC_to_lPTL_T1', 0.0016021740395654985)	('L_IFGorb', 0.001502553080644708)	('L_SMA_T2', 0.0010635221528994784)	('T2', 1.3843234883245477e-05)	
