predictors	pearson_correlation	mean_squared_error	r2	
rois + act_t1 + act_t2 + conn_t1 + conn_t2 + age + T1 + T2	-0.06998776101928195	0.1031114121683775	-0.12352509246093546	('lIFG_to_lPTL_T1', -0.014750421467007986)	('rIFG_to_lIFG_T2', 0.012413874879164316)	('L_DLPFC_T1', 0.012034870345280996)	('T2', 0.012021877618753382)	('L_DLPFC', -0.01188446092467474)	('L_IFGorb_T1', 0.011289078180337603)	('lDLPFC_to_lPTL_T1', 0.01057175765515179)	('lSMA_to_lPTL_T2', 0.010504072047386136)	('L_PTL', 0.009866130794691504)	('lDLPFC_to_lIFG_T2', -0.008963339679799487)	('lSMA_to_lPTL_T1', 0.007969764519129062)	('rDLPFC_to_lIFG_T2', -0.00783120599489434)	('rIFG_to_lIFG_T1', 0.007521588569320646)	('L_SMA_T1', 0.006864746111705216)	('lDLPFC_to_lIFG_T1', 0.00651264592807714)	('lPTL_to_lIFG_T1', -0.00644058194366514)	('R_DLPFC_T1', -0.0060310761918192434)	('lDLPFC_to_lPTL_T2', -0.005790460894787404)	('Age', -0.005229677689756042)	('L_SMA_T2', -0.005084148107833862)	('L_PTL_T1', 0.005000507718071338)	('L_PTL_T2', 0.004858713367075492)	('L_DLPFC_T2', 0.004819944629113185)	('R_DLPFC_T2', 0.004615649245038158)	('lIFG_to_lPTL_T2', 0.004422714664065731)	('rDLPFC_to_lPTL_T2', 0.004179037192726446)	('lSMA_to_lIFG_T1', -0.0022775413254821947)	('R_IFGorb_T2', -0.0020069317773344078)	('lSMA_to_lIFG_T2', -0.0019437589995025106)	('L_IFGorb', -0.0019163253582162613)	('R_IFGorb_T1', 0.0017737946875973716)	('lPTL_to_lIFG_T2', 0.0016143452401284673)	('rDLPFC_to_lPTL_T1', -0.001318658119753945)	('L_SMA', -0.0004766385680964501)	('T1', 0.00034005504453797397)	('rDLPFC_to_lIFG_T1', 0.0002439279318167804)	('L_IFGorb_T2', -0.00019543397677794174)	
