predictors	pearson_correlation	mean_squared_error	r2	
rois + act_t1 + act_t2 + conn_t1 + conn_t2 + age + T1 + T2	0.11357176917792741	0.080307211765943	-0.016601060764530384	('R_DLPFC_T2', 0.025719886638293422)	('lIFG_to_lPTL_T1', 0.024142910720977278)	('L_PTL_T1', 0.023885110868260832)	('T1', 0.020247066992118257)	('L_IFGorb_T2', 0.0190331942594488)	('L_SMA_T2', -0.011990229169981145)	('lSMA_to_lPTL_T2', 0.011913382517544927)	('rIFG_to_lIFG_T1', -0.011314739063930107)	('rDLPFC_to_lIFG_T1', 0.009719969213279844)	('rIFG_to_lIFG_T2', 0.008912903094879491)	('L_IFGorb_T1', 0.007226034756105089)	('R_IFGorb_T2', 0.007094709580168402)	('L_PTL_T2', 0.007034021352512779)	('L_SMA', -0.006850247599445874)	('rDLPFC_to_lPTL_T2', -0.006543989519463078)	('lDLPFC_to_lPTL_T2', 0.006168548679241557)	('L_DLPFC_T2', 0.006131447056791562)	('rDLPFC_to_lIFG_T2', -0.00551498086177162)	('lSMA_to_lPTL_T1', -0.005495854342942556)	('lPTL_to_lIFG_T1', 0.005335062654136467)	('lIFG_to_lPTL_T2', -0.004961326127128602)	('R_IFGorb_T1', 0.0044632948106247605)	('Age', -0.004330651657536431)	('lDLPFC_to_lPTL_T1', -0.0038031908299460304)	('lSMA_to_lIFG_T2', 0.0035453417490564007)	('L_DLPFC', -0.0034487989320553486)	('T2', -0.0034450269828813227)	('L_DLPFC_T1', 0.0031322121098298805)	('R_DLPFC_T1', 0.0030176336505205775)	('lDLPFC_to_lIFG_T2', -0.002715948554854526)	('lPTL_to_lIFG_T2', 0.0014662140356171273)	('lSMA_to_lIFG_T1', -0.00137222422783982)	('L_SMA_T1', 0.0013674081848748067)	('L_IFGorb', 0.0010930059470308149)	('L_PTL', 0.0010563205175296595)	('lDLPFC_to_lIFG_T1', -0.0005060066393357455)	('rDLPFC_to_lPTL_T1', -0.0003289793734326624)	
