predictors	pearson_correlation	mean_squared_error	r2	
rois + act_t1 + act_t2 + conn_t1 + conn_t2 + age + T1 + T2	0.03260722618353441	0.09492346403122459	-0.03430737160538344	('lSMA_to_lPTL_T1', 0.015446984895633018)	('lSMA_to_lIFG_T1', 0.014110582513470932)	('L_SMA_T1', 0.011405027452688184)	('rIFG_to_lIFG_T1', 0.0110717932787302)	('rIFG_to_lIFG_T2', 0.010979073815901998)	('L_PTL_T2', 0.00893640279994149)	('R_DLPFC_T2', 0.008506593789215063)	('L_DLPFC_T1', -0.007959567546705818)	('lPTL_to_lIFG_T1', 0.006731609643109837)	('L_PTL', 0.006046467900860148)	('L_SMA_T2', -0.006016075815104262)	('rDLPFC_to_lIFG_T2', 0.005509413550401624)	('lDLPFC_to_lPTL_T2', -0.004941319233786239)	('L_IFGorb', 0.004456308417214718)	('lDLPFC_to_lIFG_T1', 0.0042087091854617655)	('R_IFGorb_T1', 0.004103330846517109)	('rDLPFC_to_lIFG_T1', -0.0036491385552366367)	('lIFG_to_lPTL_T2', -0.0036405880629777846)	('R_IFGorb_T2', 0.003422672596124174)	('rDLPFC_to_lPTL_T2', -0.0032477765594100118)	('rDLPFC_to_lPTL_T1', 0.0030098373715621673)	('L_DLPFC', 0.0029702674001934764)	('lPTL_to_lIFG_T2', 0.0029651364226169173)	('lSMA_to_lIFG_T2', 0.0028511131569355056)	('lIFG_to_lPTL_T1', -0.002800059247717381)	('T2', -0.002669150153674926)	('T1', 0.0026210161251783246)	('L_SMA', 0.001843044508907758)	('L_IFGorb_T1', 0.001710388399585548)	('R_DLPFC_T1', 0.0015757226958248716)	('L_DLPFC_T2', 0.0015462871236124253)	('L_PTL_T1', -0.0014569430319602773)	('lSMA_to_lPTL_T2', 0.0010340663259832154)	('Age', 0.0010024584434825273)	('lDLPFC_to_lPTL_T1', -0.0006415023175616027)	('lDLPFC_to_lIFG_T2', -0.0004057449200841422)	('L_IFGorb_T2', 0.0002472023047304181)	
