predictors	pearson_correlation	mean_squared_error	r2	
rois + act_t1 + act_t2 + conn_t1 + conn_t2 + age + T1 + T2	0.2470979938250318	0.07426223530051407	0.05992169917093315	('L_PTL', 0.014689076611248833)	('L_IFGorb', 0.012462531042120294)	('L_DLPFC_T1', 0.012100692783998874)	('lSMA_to_lIFG_T1', 0.011975675154950826)	('lDLPFC_to_lPTL_T2', 0.011157730526777692)	('lIFG_to_lPTL_T2', 0.010515678462989893)	('R_DLPFC_T1', 0.009269798855000864)	('lSMA_to_lIFG_T2', 0.007952475187886386)	('R_IFGorb_T1', 0.00780720876177294)	('rDLPFC_to_lPTL_T2', -0.0075094609322072115)	('rDLPFC_to_lIFG_T1', -0.007138824753092938)	('T2', 0.006402754859437086)	('lDLPFC_to_lIFG_T2', 0.0061348512301520565)	('lDLPFC_to_lPTL_T1', 0.006038434466892826)	('rDLPFC_to_lPTL_T1', 0.005831942221869286)	('L_DLPFC', 0.005280319674410029)	('rIFG_to_lIFG_T1', 0.004924881617612729)	('L_SMA', -0.004603536855905889)	('R_DLPFC_T2', 0.0045885920001211755)	('lSMA_to_lPTL_T1', -0.0035942742277820564)	('Age', 0.003043666525585604)	('L_IFGorb_T1', -0.0029984959380996426)	('L_SMA_T2', -0.002938765790431011)	('rIFG_to_lIFG_T2', 0.0026428376235218968)	('T1', -0.002432374584933927)	('lSMA_to_lPTL_T2', 0.0022956751966582306)	('lPTL_to_lIFG_T1', -0.002290731003264636)	('lPTL_to_lIFG_T2', 0.00208439131442077)	('lIFG_to_lPTL_T1', 0.001665612838035651)	('L_PTL_T2', 0.001506446187113802)	('L_SMA_T1', -0.00129468000990862)	('L_IFGorb_T2', -0.0011119215458058468)	('rDLPFC_to_lIFG_T2', 0.0008928549595573863)	('L_PTL_T1', 0.0005827401732220401)	('lDLPFC_to_lIFG_T1', 0.0005438637399673543)	('L_DLPFC_T2', -0.0004714169161767678)	('R_IFGorb_T2', -0.00043262688874380254)	
