predictors	pearson_correlation	mean_squared_error	r2	
rois + act_t1 + act_t2 + conn_t1 + conn_t2 + age + T1 + T2	0.11858115178180464	0.09229374364630609	-0.005653347996558589	('L_DLPFC_T2', 0.02021588236761949)	('lIFG_to_lPTL_T2', 0.017666750883115978)	('R_IFGorb_T1', -0.01748694578527906)	('rDLPFC_to_lIFG_T1', 0.017330137085565547)	('lSMA_to_lPTL_T2', 0.016564375804988957)	('L_SMA_T2', 0.016189137843107257)	('lPTL_to_lIFG_T2', -0.014863005450434782)	('T2', -0.011671414220577568)	('R_IFGorb_T2', 0.011587238787608926)	('L_PTL', 0.011419192890041495)	('L_SMA_T1', 0.01121223078552483)	('R_DLPFC_T2', 0.01061386512447874)	('lIFG_to_lPTL_T1', -0.009922445137867166)	('L_DLPFC_T1', -0.008719029522637079)	('lDLPFC_to_lPTL_T2', 0.008591281233714573)	('R_DLPFC_T1', 0.008239476618889916)	('rIFG_to_lIFG_T2', -0.008191178063386486)	('lDLPFC_to_lPTL_T1', 0.007304136740220105)	('lSMA_to_lIFG_T1', -0.00689688887844185)	('L_IFGorb_T2', 0.006151523479693399)	('Age', 0.00543053402032923)	('L_PTL_T1', -0.005356053453645147)	('rDLPFC_to_lIFG_T2', 0.005257625602385265)	('L_SMA', -0.00480127624083699)	('lSMA_to_lIFG_T2', 0.004413706389488617)	('lSMA_to_lPTL_T1', 0.0030610319994343036)	('rDLPFC_to_lPTL_T2', 0.0029422374842951776)	('lDLPFC_to_lIFG_T1', -0.0028634994261197665)	('rIFG_to_lIFG_T1', 0.002051289392902763)	('lPTL_to_lIFG_T1', 0.001878220171538051)	('lDLPFC_to_lIFG_T2', 0.0016591221911168778)	('L_IFGorb', -0.0015839945550250392)	('L_IFGorb_T1', -0.001058199458804109)	('T1', 0.0010522757606967633)	('L_PTL_T2', -0.0008572171555048118)	('L_DLPFC', -0.0007575755941555806)	('rDLPFC_to_lPTL_T1', 0.00042337889823497693)	
