predictors	pearson_correlation	mean_squared_error	r2	
rois + act_t1 + act_t2 + conn_t1 + conn_t2 + age + T1 + T2	0.020722255168180142	0.08469106470848652	-0.07209582211441234	('rDLPFC_to_lIFG_T2', 0.022672900405047297)	('L_IFGorb_T2', 0.022040712316117726)	('lSMA_to_lIFG_T1', 0.01817449834424628)	('L_IFGorb', 0.016600140244019942)	('lSMA_to_lPTL_T1', -0.014314772787059544)	('lPTL_to_lIFG_T2', 0.012861114202555205)	('lSMA_to_lPTL_T2', 0.012491534350833668)	('L_DLPFC', 0.012143451334930546)	('L_SMA_T2', 0.01181651467947951)	('lDLPFC_to_lPTL_T2', -0.011524326168060976)	('R_DLPFC_T2', -0.011424408868001572)	('T1', 0.010650257358986802)	('L_IFGorb_T1', 0.010545293730028183)	('T2', 0.010349819472365544)	('lDLPFC_to_lPTL_T1', 0.008937517393276757)	('R_IFGorb_T2', 0.008930196000392113)	('L_PTL_T2', 0.008827400156836413)	('lDLPFC_to_lIFG_T2', 0.008358880095596325)	('L_SMA', -0.007663737930707822)	('rDLPFC_to_lIFG_T1', 0.0070816374352678365)	('L_PTL_T1', 0.006749686311790239)	('L_DLPFC_T1', -0.006712864189814874)	('lIFG_to_lPTL_T1', 0.006632947023424456)	('R_DLPFC_T1', 0.006513594761491319)	('Age', -0.00630779434733615)	('L_PTL', -0.005991902944207283)	('lIFG_to_lPTL_T2', 0.0050382902566151145)	('lPTL_to_lIFG_T1', 0.0032143152255558966)	('L_DLPFC_T2', 0.002733442086738509)	('R_IFGorb_T1', -0.0024824677599753664)	('rIFG_to_lIFG_T1', 0.0019374389521352297)	('L_SMA_T1', -0.001666090271108011)	('rDLPFC_to_lPTL_T1', 0.0013812897246291342)	('lDLPFC_to_lIFG_T1', 0.000879832879322714)	('lSMA_to_lIFG_T2', -0.0008532046837045754)	('rIFG_to_lIFG_T2', 0.000681639931146446)	('rDLPFC_to_lPTL_T2', 0.0001724885340959537)	
