predictors	pearson_correlation	mean_squared_error	r2	
rois + act_t1 + act_t2 + conn_t1 + conn_t2 + age + T1 + T2	0.1798283613439638	0.08979228589051909	-0.13667167714425998	('R_DLPFC_T1', 0.017224585342770278)	('lIFG_to_lPTL_T2', 0.014225252604632881)	('Age', 0.013550505213379334)	('lDLPFC_to_lIFG_T2', 0.011759368711150572)	('lSMA_to_lPTL_T2', -0.011631371434690879)	('L_DLPFC_T2', 0.01093212117637019)	('L_PTL_T2', 0.009121976494522021)	('L_IFGorb_T1', 0.007964014968373163)	('T2', 0.007261066743507736)	('lIFG_to_lPTL_T1', 0.00657183359846426)	('lSMA_to_lIFG_T1', 0.006152655525425625)	('lPTL_to_lIFG_T1', -0.0061492581770387494)	('lDLPFC_to_lPTL_T2', 0.0058451403421256)	('L_IFGorb', 0.00564586215119182)	('L_IFGorb_T2', 0.005413436855755159)	('lPTL_to_lIFG_T2', 0.0049816517720268644)	('rDLPFC_to_lPTL_T2', -0.0044632934177603525)	('L_SMA_T2', 0.003984027061131001)	('lDLPFC_to_lIFG_T1', 0.00373892528041109)	('L_SMA', 0.003409480541140624)	('L_SMA_T1', 0.0033714029123262847)	('rIFG_to_lIFG_T2', 0.0032589490199870143)	('rIFG_to_lIFG_T1', 0.0032044067347360016)	('rDLPFC_to_lIFG_T2', 0.0031441419647360463)	('L_PTL_T1', 0.002704889472490049)	('rDLPFC_to_lIFG_T1', -0.0023321775722734096)	('L_DLPFC', -0.00213786711303455)	('L_DLPFC_T1', -0.0019634856016048506)	('lDLPFC_to_lPTL_T1', -0.0015404392910965854)	('R_IFGorb_T2', 0.0015124600580403494)	('lSMA_to_lPTL_T1', 0.0014224705010293325)	('R_DLPFC_T2', -0.0013910139189132762)	('L_PTL', 0.0011628087482438048)	('rDLPFC_to_lPTL_T1', -0.0010898512763548277)	('lSMA_to_lIFG_T2', -0.0008493235505590625)	('T1', -0.0003341486916939785)	('R_IFGorb_T1', 1.0965632773846507e-05)	
