predictors	pearson_correlation	mean_squared_error	r2	
rois + act_t1 + act_t2 + conn_t1 + conn_t2 + age + T1 + T2	-0.1363332076093283	0.08474151270367043	-0.0727344383020454	('rIFG_to_lIFG_T1', 0.021997007663624946)	('lDLPFC_to_lPTL_T1', 0.016350824299499266)	('lIFG_to_lPTL_T1', 0.014789870133126541)	('lIFG_to_lPTL_T2', 0.014265880807408954)	('lSMA_to_lPTL_T2', 0.012624080553834875)	('L_PTL', 0.01156319501128972)	('R_IFGorb_T1', 0.01068305803895734)	('lDLPFC_to_lPTL_T2', 0.009468339826072317)	('rDLPFC_to_lPTL_T1', 0.009319776612684808)	('T1', 0.00895377826318333)	('lSMA_to_lPTL_T1', -0.008507739554656293)	('lDLPFC_to_lIFG_T2', 0.0077315760110080066)	('L_SMA_T2', 0.0077132022885353195)	('L_IFGorb_T1', 0.006968600698131506)	('L_SMA_T1', -0.006919939449297848)	('L_DLPFC_T1', 0.006065618757853468)	('L_PTL_T2', -0.005538724998298845)	('R_IFGorb_T2', 0.005392314688654238)	('lPTL_to_lIFG_T1', 0.004941479564463066)	('L_IFGorb_T2', 0.00435268354713473)	('R_DLPFC_T1', 0.004151935343333738)	('rIFG_to_lIFG_T2', 0.004082161483306766)	('rDLPFC_to_lPTL_T2', -0.0040474854542736525)	('lSMA_to_lIFG_T2', -0.003960755749526271)	('lPTL_to_lIFG_T2', 0.003860802362830043)	('L_IFGorb', -0.0037202972853290703)	('lSMA_to_lIFG_T1', 0.0035124159965483864)	('L_SMA', 0.0030544789326101044)	('L_PTL_T1', 0.002522546191871249)	('lDLPFC_to_lIFG_T1', -0.0025212591173339534)	('rDLPFC_to_lIFG_T1', -0.0023328100715529756)	('Age', 0.0015448849937612014)	('T2', 0.0013588306421858187)	('L_DLPFC_T2', 0.0013046565044143054)	('L_DLPFC', -0.0012814432888270794)	('R_DLPFC_T2', 0.0012710966133742342)	('rDLPFC_to_lIFG_T2', -0.0008357359998586749)	
