predictors	pearson_correlation	mean_squared_error	r2	
rois + act_t1 + act_t2 + conn_t1 + conn_t2 + age + T1 + T2	0.002159284474421698	0.08072523674874577	-0.02189279772810382	('rIFG_to_lIFG_T2', 0.016767388657802893)	('L_PTL_T2', 0.008007073551281758)	('T2', 0.0068710321620298765)	('lDLPFC_to_lPTL_T1', -0.0065138399205096585)	('Age', 0.004474403983983044)	('rIFG_to_lIFG_T1', 0.004379852418132146)	('lDLPFC_to_lIFG_T1', 0.003512457121443044)	('lDLPFC_to_lIFG_T2', 0.003354692258828262)	('L_SMA_T2', 0.0031678275523070914)	('L_IFGorb_T1', 0.002823175725731404)	('rDLPFC_to_lIFG_T2', 0.002576032016523129)	('R_DLPFC_T2', 0.0022809394922536294)	('R_DLPFC_T1', -0.0022056927998979525)	('lSMA_to_lPTL_T2', -0.0021739463882221384)	('L_DLPFC', -0.002063816257736172)	('lIFG_to_lPTL_T1', 0.002009705680015862)	('rDLPFC_to_lPTL_T2', -0.0019740927727666577)	('L_SMA_T1', 0.0017994291239154174)	('lPTL_to_lIFG_T1', 0.0017869109223670712)	('L_IFGorb', 0.0017671050123710518)	('L_PTL', -0.0017127626876562068)	('L_PTL_T1', -0.0015623106363914566)	('R_IFGorb_T1', 0.001540956298428)	('R_IFGorb_T2', 0.0013855532972122213)	('lSMA_to_lIFG_T2', 0.0011290935669324659)	('lSMA_to_lPTL_T1', 0.0010637663122140296)	('L_DLPFC_T1', 0.0008670810276352564)	('L_IFGorb_T2', 0.000840006557860156)	('lDLPFC_to_lPTL_T2', -0.0006831773667959687)	('rDLPFC_to_lIFG_T1', -0.0006277221611760375)	('T1', -0.0006275690153930858)	('lSMA_to_lIFG_T1', -0.000587956804273423)	('lPTL_to_lIFG_T2', 0.0005132719752549766)	('L_DLPFC_T2', -0.0004421550676361541)	('L_SMA', -0.00038188723264340364)	('rDLPFC_to_lPTL_T1', -0.00022007185841743153)	('lIFG_to_lPTL_T2', 0.000132453359059629)	
