predictors	pearson_correlation	mean_squared_error	r2	
rois + act_t1 + act_t2 + conn_t1 + conn_t2 + age + T1 + T2	-0.09785336805147626	0.10867152457054972	-0.1841093252764332	('L_IFGorb_T1', 0.028943081924472588)	('L_DLPFC_T1', 0.025955537573078908)	('T1', 0.02054791793469555)	('T2', 0.01638992231652825)	('lSMA_to_lIFG_T2', 0.015597183355725831)	('L_IFGorb_T2', 0.014768093161177703)	('L_SMA', -0.013898997091867472)	('R_DLPFC_T1', 0.01380264219288638)	('rDLPFC_to_lIFG_T2', 0.013470493683937148)	('lIFG_to_lPTL_T1', 0.012798991690752038)	('L_SMA_T2', -0.012764106691077266)	('lIFG_to_lPTL_T2', 0.011714441159444988)	('lSMA_to_lIFG_T1', -0.011177867623750034)	('L_SMA_T1', 0.009685198274292362)	('rDLPFC_to_lPTL_T2', -0.009480377108525066)	('lSMA_to_lPTL_T2', -0.00867452279968267)	('lDLPFC_to_lPTL_T1', 0.008156118668229222)	('lPTL_to_lIFG_T1', 0.008152471099576836)	('L_IFGorb', -0.008117977905534538)	('lSMA_to_lPTL_T1', 0.008079831147997565)	('lDLPFC_to_lIFG_T2', 0.007830218273223218)	('lPTL_to_lIFG_T2', 0.007291592418959218)	('lDLPFC_to_lIFG_T1', 0.006606445384655056)	('Age', -0.005733998970885616)	('L_PTL_T1', 0.005430278467247253)	('rDLPFC_to_lIFG_T1', -0.004557310252032634)	('lDLPFC_to_lPTL_T2', 0.004340587433450667)	('R_DLPFC_T2', -0.0040410782760505245)	('rDLPFC_to_lPTL_T1', -0.002706233567926648)	('R_IFGorb_T2', -0.0021105608040043414)	('L_DLPFC_T2', 0.0019954233681775224)	('R_IFGorb_T1', -0.0016769306858788716)	('L_DLPFC', -0.0010669954907505652)	('L_PTL_T2', -0.0009355796491986542)	('L_PTL', -0.0006616764454680286)	('rIFG_to_lIFG_T1', 0.000509193061730006)	('rIFG_to_lIFG_T2', 0.00029423487600631684)	
