predictors	pearson_correlation	mean_squared_error	r2	
rois + act_t1 + act_t2 + conn_t1 + conn_t2 + age + T1 + T2	-0.3487477736723248	0.09572387701759381	-0.21175910328203162	('rIFG_to_lIFG_T2', 0.016339002072901867)	('lSMA_to_lIFG_T1', 0.014770470606733256)	('Age', 0.010745969743977221)	('lDLPFC_to_lPTL_T2', 0.010263256911210338)	('lPTL_to_lIFG_T1', 0.009417056980672512)	('L_PTL_T2', 0.00909507048352042)	('L_SMA_T2', -0.008963818261634275)	('lSMA_to_lPTL_T2', 0.008300338833752965)	('L_PTL', 0.007694945864238253)	('L_SMA', 0.007642410510706957)	('lIFG_to_lPTL_T1', 0.007249373062689541)	('R_DLPFC_T2', -0.006977340386090856)	('T1', -0.006936317625044626)	('lDLPFC_to_lIFG_T2', -0.0068617094147647405)	('R_IFGorb_T2', 0.006634510140687376)	('lPTL_to_lIFG_T2', 0.0058573038008928316)	('rDLPFC_to_lPTL_T2', 0.005644296323435359)	('L_DLPFC_T2', 0.0053293180043189415)	('rDLPFC_to_lPTL_T1', -0.005074911913784456)	('lSMA_to_lIFG_T2', -0.004624946212135539)	('L_IFGorb_T1', 0.004443624091429849)	('lIFG_to_lPTL_T2', 0.004148943863820279)	('L_DLPFC', 0.0038191620545973085)	('L_IFGorb', 0.0037735203653373084)	('T2', 0.0036892675074370403)	('rDLPFC_to_lIFG_T1', 0.0036481188590480255)	('L_SMA_T1', 0.0033552592380693474)	('R_DLPFC_T1', 0.003272782449730961)	('L_PTL_T1', 0.0030845457693910935)	('L_IFGorb_T2', 0.0029343031097210106)	('L_DLPFC_T1', -0.00291087250115292)	('lDLPFC_to_lPTL_T1', 0.0028800390413850495)	('rIFG_to_lIFG_T1', 0.0015894573125064381)	('R_IFGorb_T1', -0.001129771335166664)	('rDLPFC_to_lIFG_T2', 0.0010388716336918373)	('lDLPFC_to_lIFG_T1', -0.0003636980023528334)	('lSMA_to_lPTL_T1', -0.00020027269362540202)	
