predictors	pearson_correlation	mean_squared_error	r2	
rois + act_t1 + act_t2 + conn_t1 + conn_t2 + age + T1 + T2	0.29220503175474805	0.08433604871957504	0.08105548219317449	('L_SMA_T1', 0.01847643666695754)	('lPTL_to_lIFG_T1', -0.01618844669113772)	('L_SMA', 0.015433058816147153)	('T2', 0.01488342708923783)	('L_PTL', 0.013027434393700407)	('lIFG_to_lPTL_T1', 0.013018692232811399)	('L_DLPFC_T1', 0.011852981233544661)	('L_DLPFC_T2', 0.011785542505232465)	('L_PTL_T1', 0.011636795050250611)	('lDLPFC_to_lPTL_T2', -0.011325266437527499)	('lSMA_to_lIFG_T1', -0.007576367691959837)	('L_DLPFC', 0.007458940529753496)	('R_DLPFC_T1', 0.007308720180704218)	('rDLPFC_to_lPTL_T2', -0.007174353578326884)	('rDLPFC_to_lIFG_T1', 0.004924975612408632)	('lSMA_to_lIFG_T2', 0.004635724613314479)	('R_IFGorb_T2', -0.00452701801472956)	('L_IFGorb', -0.004509323514384881)	('Age', 0.004115549434809554)	('rIFG_to_lIFG_T1', 0.0041150048244019645)	('R_DLPFC_T2', 0.0039742616021719085)	('L_SMA_T2', 0.0037928922836981817)	('L_IFGorb_T2', 0.0034815986812467706)	('lPTL_to_lIFG_T2', -0.0034711130705124757)	('R_IFGorb_T1', -0.003380448282970193)	('rIFG_to_lIFG_T2', -0.0032312972125100124)	('T1', 0.003114306133369919)	('L_PTL_T2', 0.0030952910592126296)	('lDLPFC_to_lPTL_T1', -0.002651925823782047)	('rDLPFC_to_lPTL_T1', 0.002612797396630618)	('lDLPFC_to_lIFG_T1', -0.0024961748755564987)	('L_IFGorb_T1', 0.0024055756478840846)	('lSMA_to_lPTL_T2', 0.0016248187362437145)	('lDLPFC_to_lIFG_T2', 0.0014803569316299064)	('lSMA_to_lPTL_T1', 0.0007676959911365059)	('lIFG_to_lPTL_T2', -0.0006293067177323253)	('rDLPFC_to_lIFG_T2', 0.0002879191945249041)	
