predictors	pearson_correlation	mean_squared_error	r2	
rois + act_t1 + act_t2 + conn_t1 + conn_t2 + age + T1 + T2	-0.012619097905525935	0.08132372228402013	-0.029468966998995594	('L_DLPFC_T1', 0.013417447342173499)	('T1', 0.011931304275263408)	('lSMA_to_lPTL_T2', 0.010599156293237402)	('lSMA_to_lPTL_T1', 0.010229035930467721)	('lSMA_to_lIFG_T1', 0.009300353435138154)	('lIFG_to_lPTL_T2', -0.008011774635865674)	('rDLPFC_to_lPTL_T2', 0.007517857666580346)	('L_DLPFC', -0.007400103245888229)	('L_PTL_T1', 0.006784626369459858)	('lDLPFC_to_lIFG_T1', 0.006219598589883201)	('R_IFGorb_T1', 0.005786011155316173)	('L_PTL', 0.005735027586313451)	('rDLPFC_to_lIFG_T2', 0.005010279163720185)	('rIFG_to_lIFG_T2', 0.004840640643426961)	('rIFG_to_lIFG_T1', 0.004012764726528831)	('R_DLPFC_T1', 0.0039250885480260934)	('T2', -0.0038606399763165583)	('lDLPFC_to_lPTL_T2', -0.0037250969830679966)	('R_IFGorb_T2', 0.003716135408239564)	('lSMA_to_lIFG_T2', 0.003291551725475667)	('L_SMA_T1', -0.0028725582179793103)	('lIFG_to_lPTL_T1', 0.002704873081550355)	('L_IFGorb_T2', -0.0025990985942166023)	('Age', -0.002365442082041297)	('L_PTL_T2', 0.0020783459838138443)	('lDLPFC_to_lPTL_T1', 0.0020558381463745665)	('lDLPFC_to_lIFG_T2', -0.0018194218817963635)	('rDLPFC_to_lIFG_T1', -0.0016420476741242436)	('lPTL_to_lIFG_T1', -0.0015710862822979456)	('L_IFGorb_T1', -0.0014357872919643518)	('lPTL_to_lIFG_T2', 0.0013803600552286745)	('L_DLPFC_T2', 0.0012688138467505502)	('L_SMA_T2', 0.0012206130389932719)	('rDLPFC_to_lPTL_T1', -0.0011968556832510217)	('L_IFGorb', 0.0009068189030351368)	('R_DLPFC_T2', -0.0006686976576776553)	('L_SMA', 9.578152050271417e-05)	
