predictors	pearson_correlation	mean_squared_error	r2	
rois + act_t1 + act_t2 + conn_t1 + conn_t2 + age + T1 + T2	-0.16766861410057757	0.08644381281464192	-0.09428368724866476	('L_SMA_T1', 0.014379735023277206)	('lSMA_to_lIFG_T1', 0.012578830053139253)	('T1', 0.011694677935776328)	('L_PTL_T2', 0.011455748116812834)	('T2', -0.01041774785031987)	('L_SMA_T2', 0.010032814885964855)	('L_IFGorb', 0.00982105103480193)	('R_IFGorb_T1', 0.009273951345033005)	('L_PTL', 0.007887644800603829)	('L_DLPFC_T1', -0.007729233508683365)	('L_DLPFC_T2', 0.007629358665321392)	('lSMA_to_lIFG_T2', 0.0071785446455149985)	('L_SMA', 0.006382997327331455)	('rDLPFC_to_lIFG_T2', 0.0059726116284002755)	('R_IFGorb_T2', 0.005967635601480561)	('L_DLPFC', -0.005889345803419089)	('lSMA_to_lPTL_T1', 0.005649337801389991)	('lPTL_to_lIFG_T2', 0.005089432616770072)	('lPTL_to_lIFG_T1', 0.005023864395698618)	('lIFG_to_lPTL_T1', 0.004897835073886079)	('rDLPFC_to_lPTL_T1', 0.003909845511508196)	('lDLPFC_to_lPTL_T1', 0.0037741348658655496)	('R_DLPFC_T1', -0.00344935845923439)	('lDLPFC_to_lPTL_T2', 0.0026311134621018906)	('L_IFGorb_T1', -0.002404313826529022)	('lIFG_to_lPTL_T2', 0.0023721192555259374)	('lSMA_to_lPTL_T2', -0.0021863983141044946)	('rDLPFC_to_lPTL_T2', 0.0020899382632526284)	('L_PTL_T1', 0.0018227482230873829)	('Age', -0.0016520883873377438)	('rIFG_to_lIFG_T1', -0.001597139982231088)	('lDLPFC_to_lIFG_T2', 0.0013383592719705027)	('lDLPFC_to_lIFG_T1', 0.0011355004116755602)	('L_IFGorb_T2', 0.0010111490747951517)	('rIFG_to_lIFG_T2', -0.0008500365483295924)	('R_DLPFC_T2', 0.0005744223400827301)	('rDLPFC_to_lIFG_T1', 0.0002354520919217839)	
