predictors	pearson_correlation	mean_squared_error	r2	
rois + act_t1 + act_t2 + conn_t1 + conn_t2 + age + T1 + T2	0.017916380192742054	0.08868410523085518	-0.12264332764289132	('L_PTL_T2', -0.023398952263176467)	('lIFG_to_lPTL_T1', 0.01878100356950084)	('lDLPFC_to_lIFG_T1', 0.01817128600487031)	('rDLPFC_to_lPTL_T1', -0.01753682666265616)	('T1', 0.01588870258343176)	('R_IFGorb_T1', 0.014332833442969666)	('L_PTL', -0.011723056687546177)	('Age', 0.011118205657107019)	('rIFG_to_lIFG_T1', 0.010634172369793467)	('rIFG_to_lIFG_T2', 0.010523203002744756)	('lDLPFC_to_lPTL_T1', 0.010335586874503746)	('L_IFGorb_T1', 0.009917683230917636)	('L_DLPFC_T2', 0.009325225560398297)	('L_IFGorb', 0.008922775069625086)	('lDLPFC_to_lPTL_T2', 0.008883893041392267)	('lSMA_to_lPTL_T1', 0.008513908898605635)	('lSMA_to_lIFG_T1', -0.008164194038678465)	('L_DLPFC_T1', 0.008155414328143866)	('R_IFGorb_T2', -0.007804145781113779)	('lSMA_to_lIFG_T2', 0.007764654504648939)	('L_SMA_T1', -0.007023123036558459)	('L_SMA_T2', 0.0068213814399233205)	('L_SMA', 0.006445972635196798)	('T2', 0.005769392899271654)	('rDLPFC_to_lIFG_T1', 0.0043225326680901306)	('lDLPFC_to_lIFG_T2', 0.003943676733021301)	('L_DLPFC', 0.0029610955401665664)	('lPTL_to_lIFG_T2', -0.00222534737061275)	('L_PTL_T1', -0.00221766913889953)	('L_IFGorb_T2', -0.00206998689219949)	('lSMA_to_lPTL_T2', 0.0017969038723350719)	('lPTL_to_lIFG_T1', -0.001757360485087783)	('R_DLPFC_T1', -0.0014627011104795889)	('lIFG_to_lPTL_T2', -0.0013198006181686785)	('rDLPFC_to_lPTL_T2', 0.00043901751752717464)	('rDLPFC_to_lIFG_T2', -0.0002002945776865286)	('R_DLPFC_T2', 0.00018406468960699586)	
