predictors	pearson_correlation	mean_squared_error	r2	
rois + act_t1 + act_t2 + conn_t1 + conn_t2 + age + T1 + T2	-0.1202206147387478	0.09822961880537476	-0.24347904104907037	('L_SMA', -0.012837859008743423)	('lDLPFC_to_lIFG_T1', 0.012408194130979397)	('T1', -0.012021265100894027)	('L_DLPFC_T1', 0.010077049402478392)	('R_DLPFC_T2', -0.009174420712652525)	('R_IFGorb_T2', 0.008817678954623952)	('rDLPFC_to_lIFG_T2', 0.008435226436568315)	('lSMA_to_lIFG_T2', 0.007814423729446992)	('L_SMA_T1', 0.007653241095512206)	('R_DLPFC_T1', 0.007429467176184622)	('L_DLPFC', 0.007216039944473664)	('L_IFGorb_T1', 0.00688638887973272)	('lDLPFC_to_lPTL_T1', 0.006168947056086229)	('L_PTL_T2', 0.006130945625223036)	('L_SMA_T2', 0.006040226503121736)	('lDLPFC_to_lPTL_T2', 0.005893161602212238)	('T2', 0.005670152445160569)	('R_IFGorb_T1', 0.005505549572556653)	('L_IFGorb_T2', 0.0051615284983545055)	('lIFG_to_lPTL_T1', 0.0048699919607482454)	('rIFG_to_lIFG_T1', -0.0036437254535194802)	('lSMA_to_lIFG_T1', -0.003641508932767146)	('lDLPFC_to_lIFG_T2', -0.003109578067244649)	('L_PTL_T1', 0.00293788255794251)	('lIFG_to_lPTL_T2', 0.0026171890426124464)	('lSMA_to_lPTL_T1', 0.002587422022751706)	('L_PTL', 0.0022260824363712494)	('rDLPFC_to_lPTL_T1', -0.0015425630813854726)	('rIFG_to_lIFG_T2', 0.0014233610096869248)	('rDLPFC_to_lIFG_T1', -0.0013585227277403164)	('Age', 0.0013462636424788478)	('lPTL_to_lIFG_T2', 0.0012635604093998033)	('rDLPFC_to_lPTL_T2', 0.0006286324922316257)	('lSMA_to_lPTL_T2', 0.0005541942864502237)	('L_DLPFC_T2', -0.00036187018556810887)	('lPTL_to_lIFG_T1', -0.00010524366135862162)	('L_IFGorb', -8.32417366873291e-05)	
