predictors	pearson_correlation	mean_squared_error	r2	
rois + act_t1 + act_t2 + conn_t1 + conn_t2 + age + T1 + T2	-0.13431492607474885	0.10414680536434712	-0.13480696913948953	('L_DLPFC_T1', -0.020035092756314946)	('rDLPFC_to_lIFG_T1', 0.017673161155770865)	('Age', -0.0153859746344537)	('lDLPFC_to_lIFG_T1', -0.014068721391642006)	('L_SMA_T2', 0.013441676897513105)	('lDLPFC_to_lIFG_T2', 0.013335562855105856)	('rIFG_to_lIFG_T2', 0.01269253169005577)	('L_IFGorb_T2', 0.012137168538146278)	('R_IFGorb_T2', 0.011145215698173722)	('rDLPFC_to_lPTL_T2', 0.011119310649394632)	('lSMA_to_lPTL_T1', 0.009036338211252522)	('L_PTL_T2', 0.007958962538127924)	('lSMA_to_lPTL_T2', -0.007939161535864962)	('L_SMA', 0.007466737144127016)	('rDLPFC_to_lIFG_T2', 0.007227693089776994)	('L_PTL_T1', 0.007144127384884417)	('T1', 0.006623629736354263)	('L_DLPFC_T2', 0.0059176278813580264)	('L_SMA_T1', 0.005904941623948269)	('lPTL_to_lIFG_T2', 0.005764496798397006)	('lDLPFC_to_lPTL_T1', 0.005534510822007025)	('T2', 0.005476806363241356)	('rDLPFC_to_lPTL_T1', 0.005160219250952785)	('lIFG_to_lPTL_T1', -0.005029793345476515)	('L_PTL', 0.004955094591912749)	('rIFG_to_lIFG_T1', -0.004728685662308007)	('L_IFGorb_T1', 0.004257054671140997)	('lIFG_to_lPTL_T2', 0.004148388388559136)	('L_IFGorb', 0.0038851589564719846)	('lPTL_to_lIFG_T1', -0.002681886108876377)	('lDLPFC_to_lPTL_T2', 0.0026092881572322957)	('lSMA_to_lIFG_T1', 0.0025226196020545)	('R_IFGorb_T1', 0.0014081764319517787)	('lSMA_to_lIFG_T2', 0.0012377264516101121)	('R_DLPFC_T2', 0.0009306584714554887)	('R_DLPFC_T1', 0.0006995601395169544)	('L_DLPFC', -0.0006799447138988825)	
