predictors	pearson_correlation	mean_squared_error	r2	
rois + act_t1 + act_t2 + conn_t1 + conn_t2 + age + T1 + T2	-0.28869283855886807	0.13703708035855175	-0.4931867883741077	('T1', 0.037882021015142646)	('L_PTL_T2', 0.02099590575749449)	('lDLPFC_to_lIFG_T1', 0.019976677709325444)	('L_IFGorb', -0.01671316688503166)	('lDLPFC_to_lPTL_T2', -0.014464006560895748)	('lSMA_to_lIFG_T2', 0.013592551921334323)	('L_PTL', 0.01346949353966435)	('rIFG_to_lIFG_T2', -0.012958453146915287)	('lSMA_to_lPTL_T1', 0.012094352456760372)	('R_DLPFC_T2', -0.011893586152977543)	('L_IFGorb_T1', 0.011488272627799959)	('lSMA_to_lIFG_T1', 0.011133496358666096)	('L_PTL_T1', -0.010719103489807168)	('R_IFGorb_T1', 0.010517198648187454)	('L_SMA', 0.010249246200515061)	('lIFG_to_lPTL_T1', -0.009452439128866088)	('T2', 0.008825953004296151)	('L_SMA_T1', 0.008747846612675475)	('rIFG_to_lIFG_T1', -0.008312668794521121)	('R_DLPFC_T1', 0.007101916431346635)	('lSMA_to_lPTL_T2', -0.006655844661765519)	('rDLPFC_to_lIFG_T2', 0.004845973928872869)	('L_DLPFC', 0.004651181435248276)	('rDLPFC_to_lIFG_T1', 0.004255260835275716)	('lIFG_to_lPTL_T2', 0.004217267544403508)	('L_IFGorb_T2', 0.0035465928309628978)	('lDLPFC_to_lIFG_T2', 0.003397925035398888)	('L_DLPFC_T2', -0.00301134175213209)	('lDLPFC_to_lPTL_T1', -0.002978409622042977)	('L_DLPFC_T1', 0.00292347629598191)	('lPTL_to_lIFG_T2', 0.002561220949618025)	('rDLPFC_to_lPTL_T2', -0.0017025352253723471)	('rDLPFC_to_lPTL_T1', 0.0014879767049190177)	('L_SMA_T2', 0.001328667509199121)	('Age', -0.0012604687452068516)	('R_IFGorb_T2', -0.0012515681593989712)	('lPTL_to_lIFG_T1', -0.0006600281796024767)	
