predictors	pearson_correlation	mean_squared_error	r2	
rois + act_t1 + act_t2 + conn_t1 + conn_t2 + age + T1 + T2	0.14830757347275128	0.09159079659576717	0.002006120857016902	('lSMA_to_lIFG_T1', 0.02263092810778349)	('T2', -0.01961564909471303)	('L_DLPFC_T2', 0.01780157934515333)	('L_PTL_T1', 0.016884157072583426)	('lDLPFC_to_lIFG_T2', 0.016550586818391274)	('L_DLPFC', 0.01636790504587769)	('L_IFGorb', 0.015853099778067377)	('rIFG_to_lIFG_T1', -0.014632865628333365)	('L_SMA_T1', -0.014233190759825683)	('T1', -0.013101791456573449)	('rDLPFC_to_lIFG_T1', 0.013007350852447268)	('rDLPFC_to_lIFG_T2', 0.010785079653064805)	('lSMA_to_lPTL_T2', 0.010583743195273703)	('R_DLPFC_T2', 0.010157761129853931)	('L_IFGorb_T2', 0.009873064732582619)	('rIFG_to_lIFG_T2', -0.009736515133060519)	('lDLPFC_to_lPTL_T1', 0.009282092604400403)	('R_DLPFC_T1', 0.009198891924760175)	('R_IFGorb_T2', -0.009076542422188864)	('lSMA_to_lPTL_T1', 0.008821247643270302)	('L_PTL_T2', 0.008224254440021115)	('L_SMA', 0.008116040179738824)	('lPTL_to_lIFG_T1', 0.007441829311233332)	('L_PTL', 0.007400343670813487)	('rDLPFC_to_lPTL_T2', 0.007111114463980524)	('Age', 0.007027667004260115)	('lDLPFC_to_lPTL_T2', -0.006539114122328337)	('lSMA_to_lIFG_T2', 0.006035724807800777)	('L_IFGorb_T1', 0.005729731928172266)	('L_SMA_T2', 0.0048792974186635365)	('lPTL_to_lIFG_T2', 0.004648570540003941)	('rDLPFC_to_lPTL_T1', 0.0035657168817717997)	('lIFG_to_lPTL_T1', 0.0031798518714572727)	('lDLPFC_to_lIFG_T1', 0.0022729048999396975)	('L_DLPFC_T1', 0.001478272729439947)	('lIFG_to_lPTL_T2', 0.001280455882701031)	('R_IFGorb_T1', -0.0007703337325967953)	
