predictors	pearson_correlation	mean_squared_error	r2	
rois + act_t1 + act_t2 + conn_t1 + conn_t2 + age + T1 + T2	0.2111036333277579	0.07567728906739574	0.042008673319115286	('rDLPFC_to_lIFG_T2', 0.01761419226577958)	('lSMA_to_lIFG_T2', 0.013643601334765162)	('L_SMA_T1', 0.010413809583722039)	('Age', 0.010130789948734956)	('L_DLPFC_T1', 0.00985218414441907)	('lDLPFC_to_lIFG_T1', 0.00857478997580107)	('L_DLPFC_T2', 0.008219138190365207)	('lPTL_to_lIFG_T1', 0.008132323947926906)	('L_IFGorb', 0.008012061639542026)	('T2', 0.007768818960122765)	('lPTL_to_lIFG_T2', 0.007702022567700198)	('T1', -0.007331218852523286)	('L_SMA_T2', 0.006835873397369963)	('rIFG_to_lIFG_T2', 0.006739318019970795)	('rDLPFC_to_lPTL_T2', 0.006729690555040497)	('L_PTL_T2', 0.006390109567162959)	('rDLPFC_to_lPTL_T1', 0.006258992240564433)	('lSMA_to_lPTL_T1', 0.005553169340239831)	('L_DLPFC', 0.0052845382014192034)	('lSMA_to_lPTL_T2', -0.005279986805914783)	('R_IFGorb_T1', 0.00482148676252463)	('R_DLPFC_T1', -0.004399472409410447)	('lDLPFC_to_lIFG_T2', 0.004386875213333167)	('L_IFGorb_T2', 0.004207799765430957)	('L_SMA', 0.004003572381879336)	('L_IFGorb_T1', -0.0028633256986752465)	('L_PTL', -0.00283203547803592)	('R_DLPFC_T2', 0.0027327934808005225)	('lDLPFC_to_lPTL_T1', -0.0022534986905156187)	('L_PTL_T1', 0.002191270792178975)	('rDLPFC_to_lIFG_T1', -0.0018990671244581547)	('lSMA_to_lIFG_T1', 0.0015761645213883686)	('rIFG_to_lIFG_T1', -0.001146461857865876)	('lIFG_to_lPTL_T2', 0.0002815140318250409)	('lIFG_to_lPTL_T1', -0.00020034142246821613)	('R_IFGorb_T2', -0.00010030746336871266)	('lDLPFC_to_lPTL_T2', 9.901233408122753e-05)	
