predictors	pearson_correlation	mean_squared_error	r2	
rois + act_t1 + act_t2 + conn_t1 + conn_t2 + age + T1 + T2	0.39454166134151775	0.07816361506523777	0.1483117048203444	('rDLPFC_to_lIFG_T2', 0.027184976836145125)	('lDLPFC_to_lIFG_T1', 0.022307967814826097)	('T2', -0.020996048460235655)	('lPTL_to_lIFG_T1', 0.01922416468015295)	('L_IFGorb_T2', 0.014037325445509672)	('lSMA_to_lPTL_T1', 0.013929619112619248)	('lSMA_to_lIFG_T2', 0.013728158743956257)	('L_PTL_T1', 0.012829121014289478)	('lPTL_to_lIFG_T2', 0.012712489207865642)	('lIFG_to_lPTL_T2', 0.012676069771098504)	('L_SMA_T1', -0.012250929585814268)	('L_DLPFC', 0.012091095921990687)	('L_PTL_T2', 0.011906101711445601)	('L_IFGorb_T1', 0.009509265567602112)	('L_PTL', 0.009310095386267538)	('rDLPFC_to_lIFG_T1', -0.008664991313771568)	('lIFG_to_lPTL_T1', -0.008379523022827922)	('lDLPFC_to_lPTL_T1', -0.0060812380177820815)	('R_DLPFC_T1', 0.005938698527703051)	('L_DLPFC_T2', 0.005897365006963674)	('lDLPFC_to_lPTL_T2', 0.005285740794220195)	('rDLPFC_to_lPTL_T1', 0.005023384168893963)	('Age', -0.004567281197876297)	('R_DLPFC_T2', -0.00431933922477036)	('lSMA_to_lIFG_T1', 0.0038107652842161587)	('rDLPFC_to_lPTL_T2', -0.003416201363128185)	('rIFG_to_lIFG_T2', 0.0033315054328577234)	('T1', -0.0029154181482151167)	('R_IFGorb_T1', 0.0015877656146940644)	('L_SMA_T2', -0.0015128787052948083)	('lSMA_to_lPTL_T2', 0.0014138478706366582)	('R_IFGorb_T2', -0.00126236804095791)	('L_IFGorb', -0.0011239340533335696)	('lDLPFC_to_lIFG_T2', -0.001080242435678838)	('rIFG_to_lIFG_T1', 0.00022645844395941786)	('L_DLPFC_T1', -0.00018483800206463928)	('L_SMA', -0.0001683995863273904)	
