predictors	pearson_correlation	mean_squared_error	r2	
rois + act_t1 + act_t2 + conn_t1 + conn_t2 + age + T1 + T2	-0.02695070699168271	0.08347398620742655	-0.056688945596057305	('L_DLPFC', -0.01582720992690617)	('lDLPFC_to_lIFG_T2', -0.009817013311913945)	('rDLPFC_to_lPTL_T1', 0.009713931670126102)	('lIFG_to_lPTL_T1', 0.009708931364366423)	('R_DLPFC_T1', 0.009393813861461736)	('R_IFGorb_T2', 0.008471199478300776)	('rIFG_to_lIFG_T1', 0.006507013665712312)	('lDLPFC_to_lPTL_T1', 0.006292486215074888)	('lSMA_to_lPTL_T2', 0.005465396033551952)	('L_IFGorb', 0.005427198287960515)	('T1', 0.005154197677638275)	('R_IFGorb_T1', 0.0049012019820177995)	('lSMA_to_lIFG_T1', 0.004900401381323695)	('lSMA_to_lPTL_T1', -0.004633623752490367)	('lPTL_to_lIFG_T1', 0.004432264469410632)	('lDLPFC_to_lIFG_T1', 0.004243930245161258)	('Age', -0.004212907477787284)	('lPTL_to_lIFG_T2', 0.0036016210464407637)	('lSMA_to_lIFG_T2', 0.0032882054662418067)	('rDLPFC_to_lIFG_T2', 0.0029157668048841417)	('L_SMA_T2', -0.002729616301764162)	('L_SMA_T1', 0.002720003527934582)	('rIFG_to_lIFG_T2', 0.0026268878380337163)	('L_PTL', -0.002384080991351852)	('lDLPFC_to_lPTL_T2', 0.0019297297620900523)	('L_IFGorb_T1', 0.0019073999516186603)	('lIFG_to_lPTL_T2', -0.0018591030352989703)	('T2', -0.0012183726140879661)	('rDLPFC_to_lPTL_T2', -0.0010094546625509732)	('L_PTL_T1', -0.0007755472759581754)	('L_DLPFC_T2', 0.0006221946074328811)	('R_DLPFC_T2', 0.0005741093147896887)	('L_DLPFC_T1', 0.0005055377454943812)	('L_IFGorb_T2', 0.0005023102397550222)	('rDLPFC_to_lIFG_T1', 0.0003299239344236982)	('L_PTL_T2', -0.00023981206792240669)	('L_SMA', -0.00018836994275024004)	
