predictors	pearson_correlation	mean_squared_error	r2	
rois + act_t1 + act_t2 + conn_t1 + conn_t2 + age + T1 + T2	-0.2492683459259803	0.09546924181266564	-0.20853570137645394	('lDLPFC_to_lPTL_T2', 0.02354232657225805)	('L_SMA', 0.021300506120162523)	('R_DLPFC_T2', 0.01915920769961506)	('L_IFGorb_T1', -0.017250118563937947)	('rIFG_to_lIFG_T2', 0.016665162695231682)	('L_DLPFC', -0.015416907617810685)	('lIFG_to_lPTL_T1', -0.01446208473932183)	('T2', 0.01419914908987626)	('lPTL_to_lIFG_T1', 0.012332397395568583)	('L_IFGorb', -0.01197998517102594)	('lDLPFC_to_lPTL_T1', 0.011807068955058444)	('L_PTL', 0.011512279903083502)	('lSMA_to_lPTL_T2', 0.011250024102067747)	('rDLPFC_to_lIFG_T1', 0.011081642852632825)	('R_IFGorb_T2', -0.011015033718143889)	('lSMA_to_lPTL_T1', 0.010127968775469504)	('lSMA_to_lIFG_T1', 0.009684181013050035)	('L_IFGorb_T2', 0.009561493579753309)	('rDLPFC_to_lPTL_T2', -0.009116512848743442)	('L_SMA_T2', 0.007959510865716968)	('L_DLPFC_T1', 0.00791662627242645)	('T1', -0.006543653217577002)	('L_SMA_T1', -0.005606898867095307)	('rDLPFC_to_lPTL_T1', -0.005415779785897025)	('lDLPFC_to_lIFG_T1', 0.005309160576721963)	('R_DLPFC_T1', 0.005072657359562046)	('lPTL_to_lIFG_T2', 0.005007094123564104)	('L_DLPFC_T2', 0.0036097214903922613)	('rIFG_to_lIFG_T1', 0.0030337342661917077)	('lDLPFC_to_lIFG_T2', 0.0027792578324915035)	('R_IFGorb_T1', -0.002567856194687347)	('lIFG_to_lPTL_T2', 0.0024259523774908987)	('lSMA_to_lIFG_T2', 0.0021461558047816943)	('Age', 0.0018675816586592887)	('rDLPFC_to_lIFG_T2', -0.0016325213820298067)	('L_PTL_T2', 0.0010672882264684026)	('L_PTL_T1', 0.00023218126323850112)	
