predictors	pearson_correlation	mean_squared_error	r2	
rois + act_t1 + act_t2 + conn_t1 + conn_t2 + age + T1 + T2	-0.12267574598478578	0.08941529256365843	-0.131899355860031	('L_PTL_T2', 0.023195705027727505)	('T1', 0.012047405871073908)	('rDLPFC_to_lPTL_T2', 0.011730723316477775)	('L_IFGorb', 0.011695630908066095)	('rDLPFC_to_lIFG_T2', 0.011422433490094318)	('L_DLPFC_T1', 0.01091985482953317)	('lIFG_to_lPTL_T1', 0.01085848345070075)	('rDLPFC_to_lIFG_T1', 0.01027963225955718)	('R_DLPFC_T2', 0.009971641344495989)	('rDLPFC_to_lPTL_T1', 0.009059241459061129)	('lDLPFC_to_lIFG_T1', -0.008824502595330812)	('L_PTL', 0.008625739691495883)	('L_IFGorb_T1', -0.00860705186529108)	('R_DLPFC_T1', 0.007851649975586046)	('L_IFGorb_T2', 0.007818639529622662)	('rIFG_to_lIFG_T1', 0.007751037217641646)	('lSMA_to_lPTL_T1', 0.00733377076392381)	('lSMA_to_lIFG_T2', -0.006736889500393122)	('L_SMA_T1', 0.006724654160764396)	('lDLPFC_to_lIFG_T2', -0.0061541309989656245)	('R_IFGorb_T2', -0.0058835906888406505)	('rIFG_to_lIFG_T2', -0.005145711887190088)	('R_IFGorb_T1', 0.0046395899839324324)	('lPTL_to_lIFG_T2', 0.004450114577590602)	('L_DLPFC', 0.004190864559493795)	('lIFG_to_lPTL_T2', 0.004184041215721714)	('L_SMA', 0.004037493798445238)	('L_SMA_T2', 0.003710852831984953)	('lPTL_to_lIFG_T1', -0.00266443025227153)	('lSMA_to_lPTL_T2', -0.0020966995051119497)	('lDLPFC_to_lPTL_T2', -0.0018699301991012165)	('lSMA_to_lIFG_T1', 0.0016610280437613903)	('L_DLPFC_T2', -0.0011649806586700318)	('L_PTL_T1', 0.0009531413370000815)	('Age', -0.0005167097916521833)	('T2', 0.00044997986855750514)	('lDLPFC_to_lPTL_T1', -5.651591230515236e-05)	
