predictors	pearson_correlation	mean_squared_error	r2	
rois + act_t1 + act_t2 + conn_t1 + conn_t2 + age + T1 + T2	0.13960913937593042	0.09099684442125308	0.008477957075287423	('L_SMA_T1', 0.020669022837457297)	('L_IFGorb_T1', -0.020228493845562318)	('lDLPFC_to_lPTL_T1', 0.020177426465262306)	('lPTL_to_lIFG_T2', -0.019894186601188895)	('rDLPFC_to_lPTL_T1', 0.017777310696505216)	('lIFG_to_lPTL_T2', 0.01659977778256983)	('rDLPFC_to_lIFG_T1', -0.013841828800605091)	('L_SMA_T2', 0.012198314933229669)	('R_IFGorb_T2', 0.01196189752864567)	('L_IFGorb_T2', -0.011945567737616219)	('L_PTL_T1', -0.010393807659244548)	('L_IFGorb', 0.01012804259319981)	('lPTL_to_lIFG_T1', 0.009388421132694133)	('rIFG_to_lIFG_T1', 0.008640357792548908)	('L_DLPFC_T1', 0.007782653253992213)	('R_IFGorb_T1', 0.006601564334589964)	('rDLPFC_to_lIFG_T2', -0.006341228311106927)	('lDLPFC_to_lIFG_T1', 0.006327519833143658)	('R_DLPFC_T2', 0.006274405625718583)	('R_DLPFC_T1', 0.005665750647781827)	('T2', 0.005630860715309134)	('L_DLPFC', -0.004777605375150858)	('T1', -0.004668197330605127)	('lSMA_to_lPTL_T1', -0.004587681014901697)	('lDLPFC_to_lPTL_T2', 0.004514742319959389)	('lSMA_to_lPTL_T2', -0.004488571518302185)	('rIFG_to_lIFG_T2', -0.004325427894237066)	('Age', 0.004280676857557105)	('L_PTL', -0.004144015717952964)	('L_SMA', -0.004045031848656028)	('lSMA_to_lIFG_T1', 0.0038086234723522525)	('rDLPFC_to_lPTL_T2', 0.003339878903191798)	('lIFG_to_lPTL_T1', 0.003172522724736305)	('L_PTL_T2', 0.0031710123481876115)	('lSMA_to_lIFG_T2', 0.0031304227443524793)	('lDLPFC_to_lIFG_T2', -0.0026545930567176365)	('L_DLPFC_T2', 0.0008035925145675561)	
