predictors	pearson_correlation	mean_squared_error	r2	
rois + act_t1 + act_t2 + conn_t1 + conn_t2 + age + T1 + T2	-0.09968930494968695	0.09003754725136288	-0.1397764164835491	('L_DLPFC', 0.018994705416482825)	('R_DLPFC_T2', 0.01573645339625924)	('rIFG_to_lIFG_T1', 0.013590566216712358)	('R_IFGorb_T2', 0.01306703147672594)	('Age', 0.009168923224701633)	('rDLPFC_to_lPTL_T1', 0.008806584955882204)	('lDLPFC_to_lPTL_T2', -0.008667340479079709)	('T1', 0.008285941317190966)	('lDLPFC_to_lIFG_T2', 0.007927436054360125)	('rDLPFC_to_lIFG_T2', 0.006956998102832435)	('L_SMA_T1', 0.006380329634235455)	('lSMA_to_lPTL_T2', 0.00631977221682427)	('lIFG_to_lPTL_T1', 0.006156608044369219)	('L_PTL_T2', 0.005755520842708829)	('lPTL_to_lIFG_T2', -0.005298749265678167)	('lSMA_to_lPTL_T1', -0.005297956560758114)	('rDLPFC_to_lPTL_T2', 0.004480092184742104)	('L_IFGorb_T2', 0.004239506721428435)	('lIFG_to_lPTL_T2', 0.004167257386596903)	('L_SMA_T2', 0.0039856111941093605)	('lSMA_to_lIFG_T2', 0.003977919377275053)	('R_DLPFC_T1', -0.003775212520767107)	('L_SMA', 0.0037166178731287652)	('L_DLPFC_T1', 0.0033394752432626116)	('L_PTL', -0.0032200513393509283)	('T2', 0.002698568168200103)	('L_DLPFC_T2', 0.002666723571627206)	('R_IFGorb_T1', -0.002531395569605246)	('lDLPFC_to_lIFG_T1', 0.0018712916656821576)	('lDLPFC_to_lPTL_T1', 0.0017379778054752478)	('L_IFGorb_T1', -0.0016238338998629856)	('L_IFGorb', 0.001525345813296914)	('rDLPFC_to_lIFG_T1', -0.0011461937442829818)	('L_PTL_T1', -0.0008494074023462964)	('rIFG_to_lIFG_T2', -0.00023537031709325678)	('lPTL_to_lIFG_T1', -0.00011311951687624429)	('lSMA_to_lIFG_T1', -8.509615215417285e-05)	
