predictors	pearson_correlation	mean_squared_error	r2	
rois + act_t1 + act_t2 + conn_t1 + conn_t2 + age + T1 + T2	0.11282794901156995	0.07828159400815743	0.009041034334848819	('lSMA_to_lPTL_T1', 0.014741822945151589)	('L_DLPFC_T1', 0.011996519903909304)	('R_DLPFC_T1', 0.01127927689766351)	('L_PTL_T1', 0.010672332166210562)	('lSMA_to_lIFG_T2', 0.010544949870552158)	('L_IFGorb', 0.01040830898558221)	('L_PTL_T2', -0.010101740624887686)	('L_IFGorb_T1', -0.009245805758745118)	('lDLPFC_to_lPTL_T1', 0.008780546843959538)	('R_IFGorb_T1', 0.007411545855967987)	('rDLPFC_to_lIFG_T1', 0.007398595999159553)	('L_SMA_T2', 0.006796952484937743)	('T1', -0.006533109265416709)	('rIFG_to_lIFG_T1', -0.006321304530200709)	('Age', 0.005552854934246804)	('lSMA_to_lPTL_T2', -0.004705151126767712)	('L_SMA_T1', 0.004541815833206455)	('lPTL_to_lIFG_T1', 0.00438344476915511)	('R_DLPFC_T2', 0.004280260184129383)	('lDLPFC_to_lPTL_T2', 0.0041482537830392465)	('rIFG_to_lIFG_T2', 0.004096013269061213)	('lDLPFC_to_lIFG_T1', -0.003882003581488344)	('L_SMA', 0.003433428755443083)	('lSMA_to_lIFG_T1', 0.0033849274545848167)	('L_PTL', 0.0033294922607371787)	('L_IFGorb_T2', -0.003079925330688361)	('rDLPFC_to_lIFG_T2', 0.002782482599649084)	('rDLPFC_to_lPTL_T2', -0.0025972564911295216)	('lDLPFC_to_lIFG_T2', 0.0022349178529924795)	('T2', 0.0022212417495482456)	('lIFG_to_lPTL_T2', 0.0022128752828574814)	('lIFG_to_lPTL_T1', -0.0020277092868163254)	('rDLPFC_to_lPTL_T1', -0.0019285608218005987)	('R_IFGorb_T2', 0.0017034302311752217)	('L_DLPFC', 0.0005998248422713897)	('lPTL_to_lIFG_T2', -0.0005000405697886631)	('L_DLPFC_T2', 0.000394580994084986)	
