predictors	pearson_correlation	mean_squared_error	r2	
rois + act_t1 + act_t2 + conn_t1 + conn_t2 + age + T1 + T2	0.05024678239428811	0.09299625125145095	-0.01330802855447799	('L_DLPFC', 0.014805127400107553)	('rIFG_to_lIFG_T2', -0.011928224778831743)	('lSMA_to_lIFG_T1', 0.010988678734714687)	('L_PTL', 0.010593385306126503)	('lSMA_to_lPTL_T2', 0.009758930618962436)	('Age', 0.009480788265815185)	('R_DLPFC_T1', 0.008991433937127112)	('lIFG_to_lPTL_T2', -0.007238258721014021)	('L_DLPFC_T2', 0.006739391265229674)	('T2', 0.006353747737113273)	('rIFG_to_lIFG_T1', 0.006130743857227522)	('lDLPFC_to_lIFG_T2', 0.005684665923460722)	('R_DLPFC_T2', 0.005284908277743709)	('R_IFGorb_T1', -0.005117029765396493)	('lIFG_to_lPTL_T1', 0.004724812139676159)	('L_PTL_T1', 0.004435314474419362)	('rDLPFC_to_lIFG_T1', -0.004149048010971692)	('rDLPFC_to_lPTL_T1', 0.004011265924417434)	('lDLPFC_to_lIFG_T1', 0.003990467849275538)	('lPTL_to_lIFG_T1', -0.0038742072134369306)	('lDLPFC_to_lPTL_T1', 0.0037773086290502113)	('L_SMA_T1', -0.0028208107751622213)	('L_IFGorb_T2', -0.0028179343017021587)	('lSMA_to_lPTL_T1', -0.0027770101596589995)	('L_PTL_T2', 0.002666834723614979)	('lPTL_to_lIFG_T2', -0.002443378351401607)	('L_DLPFC_T1', -0.0024205459552246638)	('L_SMA', -0.0022006372366094014)	('lDLPFC_to_lPTL_T2', 0.0019133470698071932)	('R_IFGorb_T2', 0.0016010280872362267)	('T1', 0.001237907862252449)	('L_SMA_T2', 0.001168893651463555)	('L_IFGorb_T1', 0.0007710428698634456)	('rDLPFC_to_lPTL_T2', -0.0006869907913377081)	('rDLPFC_to_lIFG_T2', -0.0005832186689106474)	('lSMA_to_lIFG_T2', -0.0004391915332620383)	('L_IFGorb', 0.0004155456174683118)	
