predictors	pearson_correlation	mean_squared_error	r2	
rois + act_t1 + act_t2 + conn_t1 + conn_t2 + age + T1 + T2	0.31495840222057403	0.07134801945633827	0.09681246966761592	('lDLPFC_to_lIFG_T2', 0.01689753380589581)	('lIFG_to_lPTL_T2', -0.012427540859571902)	('rIFG_to_lIFG_T2', 0.01086477636712137)	('L_IFGorb_T1', 0.010112644112907338)	('L_SMA_T2', -0.009832624302915809)	('lSMA_to_lPTL_T1', 0.0097238855050066)	('lSMA_to_lPTL_T2', 0.00964399608327217)	('lSMA_to_lIFG_T1', 0.00952847977170783)	('rDLPFC_to_lIFG_T2', 0.008811010510750186)	('lDLPFC_to_lPTL_T1', 0.00879064750636764)	('Age', 0.008337856450312221)	('L_IFGorb_T2', 0.007977373800988159)	('lDLPFC_to_lIFG_T1', 0.007726372947034029)	('L_SMA', 0.007403329039919447)	('rIFG_to_lIFG_T1', 0.007229153691218458)	('R_IFGorb_T2', 0.006714197091213534)	('L_IFGorb', 0.006158299069758692)	('L_DLPFC_T2', -0.005661908152997002)	('L_PTL_T1', 0.005202331893425003)	('rDLPFC_to_lPTL_T1', -0.004525719253443273)	('R_IFGorb_T1', 0.0043203278523125015)	('R_DLPFC_T2', -0.003828701743810015)	('T1', -0.0038195897386187855)	('lIFG_to_lPTL_T1', 0.0035828322061744046)	('lPTL_to_lIFG_T1', 0.0031658847673379144)	('L_DLPFC_T1', -0.0027835766367483765)	('L_SMA_T1', 0.0023416878864097094)	('T2', 0.0019671419947859888)	('lPTL_to_lIFG_T2', -0.001847042033596049)	('rDLPFC_to_lPTL_T2', -0.0017811185758416545)	('R_DLPFC_T1', -0.0016542241232393186)	('L_PTL_T2', 0.001562028143144577)	('lSMA_to_lIFG_T2', -0.0015457272568283758)	('L_PTL', 0.0010400196790467723)	('rDLPFC_to_lIFG_T1', 0.00046795566378104764)	('lDLPFC_to_lPTL_T2', 0.0004379666022683989)	('L_DLPFC', -0.0001741697214022981)	
