predictors	pearson_correlation	mean_squared_error	r2	
rois + act_t1 + act_t2 + conn_t1 + conn_t2 + age + T1 + T2	0.13264748025947284	0.09036975419827188	0.015310872908171014	('L_IFGorb_T1', 0.01901485636247532)	('rDLPFC_to_lIFG_T2', 0.010104749226701541)	('lSMA_to_lIFG_T2', 0.009974165865321872)	('lDLPFC_to_lPTL_T1', 0.00986035707635841)	('L_SMA_T2', 0.008575572355179016)	('rIFG_to_lIFG_T2', -0.008044692717468013)	('T1', -0.007959979338233168)	('L_DLPFC_T2', 0.00790883527129157)	('Age', 0.007473870599472893)	('lSMA_to_lPTL_T1', 0.007251064523371026)	('L_SMA', 0.006447377067869635)	('R_IFGorb_T1', 0.006111545612584188)	('rDLPFC_to_lPTL_T1', 0.005538749677184244)	('rDLPFC_to_lPTL_T2', 0.0054893659976993255)	('rIFG_to_lIFG_T1', -0.004112001316465347)	('lIFG_to_lPTL_T1', -0.003434040960564141)	('rDLPFC_to_lIFG_T1', -0.0031029845009517745)	('lSMA_to_lPTL_T2', 0.0030071718724849154)	('L_IFGorb', -0.0029401373163612716)	('L_SMA_T1', -0.002583448038514861)	('lIFG_to_lPTL_T2', 0.00219515198065488)	('L_DLPFC_T1', -0.0021262321435507837)	('lPTL_to_lIFG_T2', -0.002107730971919309)	('L_PTL_T1', -0.001976604510540058)	('lDLPFC_to_lPTL_T2', 0.0018982665879747496)	('R_IFGorb_T2', 0.0018859104582215418)	('R_DLPFC_T2', -0.0018579678787177879)	('L_PTL', -0.0016481776505596157)	('lPTL_to_lIFG_T1', -0.0013887190876786064)	('L_IFGorb_T2', -0.0009730780399266458)	('R_DLPFC_T1', -0.0007821136381903586)	('lDLPFC_to_lIFG_T1', -0.0006037945603004771)	('lSMA_to_lIFG_T1', 0.0005384862333620898)	('T2', -0.0002962378357049898)	('L_DLPFC', 0.0002701938824836044)	('lDLPFC_to_lIFG_T2', -9.162126436766373e-05)	('L_PTL_T2', 8.19047393209407e-05)	
