predictors	pearson_correlation	mean_squared_error	r2	
rois + act_t1 + act_t2 + conn_t1 + conn_t2 + age + T1 + T2	0.024018702401517933	0.08112802411770542	-0.026991643243253316	('R_IFGorb_T2', 0.021266360983778758)	('T1', 0.014844642150873116)	('rDLPFC_to_lPTL_T2', 0.014382598279193788)	('lSMA_to_lPTL_T2', 0.014061576879124961)	('L_PTL_T2', 0.012759630571878301)	('L_PTL_T1', 0.011983917975986656)	('lSMA_to_lPTL_T1', 0.00958736321973908)	('lPTL_to_lIFG_T1', 0.008758310507636787)	('lIFG_to_lPTL_T1', 0.00859273171039195)	('rDLPFC_to_lIFG_T2', -0.00841482210316242)	('L_IFGorb', 0.008285980376419949)	('L_SMA_T2', 0.008091485793697974)	('lDLPFC_to_lIFG_T1', -0.008011986507174449)	('rIFG_to_lIFG_T2', 0.007972189972526094)	('lSMA_to_lIFG_T1', 0.007936514919584811)	('L_IFGorb_T2', 0.0071717837154859545)	('R_IFGorb_T1', 0.007147197466066483)	('L_PTL', 0.006825097176552688)	('lSMA_to_lIFG_T2', 0.006582307785506522)	('lDLPFC_to_lIFG_T2', -0.0064714055643262935)	('T2', 0.005934898313371059)	('lDLPFC_to_lPTL_T2', 0.005763330245588578)	('L_DLPFC', -0.0054998981386601194)	('L_SMA_T1', -0.005106381171218612)	('L_IFGorb_T1', -0.004124770214403761)	('rDLPFC_to_lPTL_T1', -0.0035796738121130077)	('lIFG_to_lPTL_T2', 0.0033720816522827507)	('L_DLPFC_T2', -0.0015278553923622224)	('R_DLPFC_T2', 0.0015219057675483617)	('L_DLPFC_T1', 0.0009596213321797172)	('R_DLPFC_T1', -0.0008316106649470668)	('lDLPFC_to_lPTL_T1', -0.0007327472844958265)	('lPTL_to_lIFG_T2', -0.0006788649083343837)	('rIFG_to_lIFG_T1', 0.000573001353486966)	('L_SMA', -0.0002779013462394053)	('Age', -9.503724524368179e-05)	('rDLPFC_to_lIFG_T1', -9.143471110683838e-05)	
