predictors	pearson_correlation	mean_squared_error	r2	
rois + act_t1 + act_t2 + conn_t1 + conn_t2 + age + T1 + T2	0.10314989834635924	0.09603109685996929	-0.04637638753832407	('lPTL_to_lIFG_T2', 0.021028090899500636)	('L_DLPFC_T2', 0.017865249306773322)	('L_SMA_T1', 0.01745624240653744)	('lSMA_to_lPTL_T1', 0.017140133686478497)	('R_DLPFC_T1', 0.014862101479044185)	('L_SMA', 0.012602531125470065)	('lDLPFC_to_lIFG_T1', -0.012438980909369877)	('lSMA_to_lPTL_T2', -0.012252830503923368)	('rDLPFC_to_lPTL_T2', 0.011239526769972336)	('lDLPFC_to_lPTL_T1', 0.011025527661471305)	('L_DLPFC', 0.010815861177748918)	('rIFG_to_lIFG_T1', 0.00914031056260705)	('L_PTL_T1', 0.008873027490496493)	('L_DLPFC_T1', 0.008474807470721907)	('rDLPFC_to_lPTL_T1', 0.008026585375091719)	('lDLPFC_to_lIFG_T2', 0.0073972243936284)	('L_SMA_T2', -0.006738085489130362)	('R_IFGorb_T1', 0.006295911787957974)	('lPTL_to_lIFG_T1', -0.00627500253371534)	('rIFG_to_lIFG_T2', 0.006230251841039804)	('lDLPFC_to_lPTL_T2', -0.005998554909151967)	('lSMA_to_lIFG_T1', -0.005785220399210627)	('lIFG_to_lPTL_T2', 0.00523152966536325)	('Age', -0.0051106590461223985)	('L_IFGorb_T1', 0.004365906888826147)	('rDLPFC_to_lIFG_T2', 0.004333493846526746)	('L_IFGorb_T2', -0.004311928341740855)	('R_DLPFC_T2', -0.004296225469613914)	('lIFG_to_lPTL_T1', -0.00427745261963766)	('L_PTL_T2', -0.003827155577293543)	('rDLPFC_to_lIFG_T1', 0.0033887661040224977)	('L_IFGorb', 0.0031927300600326277)	('T2', 0.0023870424928220946)	('L_PTL', 0.0019193608804375566)	('lSMA_to_lIFG_T2', -0.0011395233530008245)	('R_IFGorb_T2', -0.0011220527292154043)	('T1', -0.0008681457350836378)	
