predictors	pearson_correlation	mean_squared_error	r2	
rois + act_t1 + act_t2 + conn_t1 + conn_t2 + age + T1 + T2	0.04384531774700638	0.08279507682796781	-0.04809469882613726	('rIFG_to_lIFG_T1', 0.027349891502230588)	('L_SMA', 0.02209639993364911)	('L_DLPFC_T2', 0.020472887184718323)	('lSMA_to_lPTL_T2', 0.018645947754700885)	('L_IFGorb_T1', 0.013704738149160298)	('L_IFGorb', 0.00998779810775626)	('lSMA_to_lIFG_T2', 0.009822089539074621)	('R_IFGorb_T1', 0.009774019701170939)	('L_PTL', 0.009605350820982048)	('L_PTL_T1', -0.009544694919828508)	('lDLPFC_to_lIFG_T1', -0.009037927432624897)	('lPTL_to_lIFG_T2', -0.008857481843856305)	('lDLPFC_to_lIFG_T2', 0.008281360440554534)	('rDLPFC_to_lIFG_T1', 0.007761029069044028)	('L_IFGorb_T2', 0.007247755526048386)	('lIFG_to_lPTL_T2', 0.007052645920744062)	('L_DLPFC_T1', -0.006882286146712756)	('R_IFGorb_T2', 0.006791109568706324)	('lDLPFC_to_lPTL_T2', 0.005850334099137519)	('Age', 0.0051255086311136535)	('rIFG_to_lIFG_T2', 0.004593347305956351)	('lIFG_to_lPTL_T1', -0.003248137327027721)	('lSMA_to_lPTL_T1', 0.0029243852905152393)	('R_DLPFC_T2', 0.0029192918525209506)	('lPTL_to_lIFG_T1', 0.002825024164163298)	('L_DLPFC', -0.00279916593550147)	('L_PTL_T2', 0.002711642176195549)	('lSMA_to_lIFG_T1', -0.0018531551017458895)	('rDLPFC_to_lIFG_T2', -0.001690882016392287)	('T1', -0.0016707512478627603)	('lDLPFC_to_lPTL_T1', 0.0012974683468298268)	('L_SMA_T2', 0.0009638875923201279)	('T2', -0.0008774918810848421)	('R_DLPFC_T1', -0.0006858854014646838)	('L_SMA_T1', 0.00048513510561939993)	('rDLPFC_to_lPTL_T1', -0.00034637952835335056)	('rDLPFC_to_lPTL_T2', 0.00031581708424335305)	
