predictors	pearson_correlation	mean_squared_error	r2	
rois + act_t1 + act_t2 + conn_t1 + conn_t2 + age + T1 + T2	0.3027713100757532	0.07267198917107245	0.08005246783438491	('lDLPFC_to_lIFG_T1', -0.016300172334254064)	('lSMA_to_lPTL_T1', -0.015552597666048421)	('rDLPFC_to_lPTL_T1', 0.012521291725999164)	('R_DLPFC_T1', 0.012333928610566494)	('lSMA_to_lIFG_T2', 0.011972552875652076)	('L_DLPFC', 0.011778256647997644)	('R_IFGorb_T2', 0.009995741585029546)	('rDLPFC_to_lPTL_T2', 0.009261793245977624)	('Age', 0.009161467207090426)	('rIFG_to_lIFG_T1', 0.008288764153638)	('L_DLPFC_T1', 0.0064242695679746185)	('L_SMA_T2', 0.005920373856657114)	('lDLPFC_to_lPTL_T2', 0.005892289157657309)	('lIFG_to_lPTL_T1', -0.005511098431160641)	('lDLPFC_to_lIFG_T2', 0.005079771264257877)	('L_IFGorb_T1', -0.004657243810139655)	('rDLPFC_to_lIFG_T2', 0.00459970863938574)	('T1', 0.0038627380866184152)	('L_IFGorb', 0.00375655098419951)	('L_DLPFC_T2', 0.0035369221559696496)	('lIFG_to_lPTL_T2', -0.003430164370648723)	('L_PTL_T1', 0.003402688969364368)	('T2', 0.0033225908916070827)	('lDLPFC_to_lPTL_T1', 0.003266201110757599)	('L_SMA', 0.0031276650349644545)	('rDLPFC_to_lIFG_T1', 0.003027292924386276)	('lPTL_to_lIFG_T1', 0.0029292386378770444)	('rIFG_to_lIFG_T2', 0.0028867684980821515)	('lPTL_to_lIFG_T2', 0.002389794193349917)	('L_PTL', 0.0021014351212881983)	('lSMA_to_lPTL_T2', 0.0018201564714481308)	('lSMA_to_lIFG_T1', -0.0016267066104736251)	('R_IFGorb_T1', -0.0012623867220543268)	('L_IFGorb_T2', -0.0009133719266160994)	('L_SMA_T1', -0.0006288893456181481)	('L_PTL_T2', 0.0006019693540855026)	('R_DLPFC_T2', 0.0004718310440726405)	
