predictors	pearson_correlation	mean_squared_error	r2	
rois + act_t1 + act_t2 + conn_t1 + conn_t2 + age + T1 + T2	-0.19650655252021682	0.10096671635263574	-0.10015600543158687	('lDLPFC_to_lIFG_T2', 0.020511321541295546)	('L_PTL_T2', 0.01610907858743565)	('lSMA_to_lIFG_T1', 0.014753707565621464)	('rIFG_to_lIFG_T2', 0.013753231271017585)	('T1', 0.011375669446594653)	('lSMA_to_lIFG_T2', -0.011374129350480645)	('lIFG_to_lPTL_T2', 0.010043649153298624)	('L_PTL', 0.010026992945089262)	('rDLPFC_to_lIFG_T1', 0.009868478637784723)	('rDLPFC_to_lPTL_T1', -0.009021921978142484)	('rDLPFC_to_lPTL_T2', 0.00831844101163062)	('rIFG_to_lIFG_T1', -0.008273047381802545)	('L_IFGorb', 0.007108505260846425)	('L_DLPFC_T1', 0.0066286496596635065)	('L_SMA_T2', -0.006079901251643362)	('L_PTL_T1', -0.00597154005000488)	('L_SMA', 0.005721186182587063)	('lSMA_to_lPTL_T2', 0.00531521949017798)	('lDLPFC_to_lPTL_T2', -0.00527825437953915)	('lSMA_to_lPTL_T1', 0.004784526244440394)	('L_IFGorb_T2', -0.004582440661826449)	('R_DLPFC_T1', -0.004561452353341163)	('lDLPFC_to_lPTL_T1', -0.004466629603023867)	('L_SMA_T1', -0.003997126209915272)	('R_IFGorb_T2', 0.003771155796539542)	('lDLPFC_to_lIFG_T1', -0.0031838522840987246)	('L_IFGorb_T1', 0.0031755510770690963)	('R_DLPFC_T2', 0.003027920141324258)	('L_DLPFC_T2', -0.0029967116161943347)	('L_DLPFC', 0.002625283037454691)	('rDLPFC_to_lIFG_T2', 0.002034793562416822)	('lPTL_to_lIFG_T2', 0.0019773579733153323)	('lPTL_to_lIFG_T1', -0.0019588375128257824)	('T2', -0.001912047506304405)	('Age', -0.0007992807337104391)	('R_IFGorb_T1', -0.0007325941435435183)	('lIFG_to_lPTL_T1', 0.0005344395867530571)	
