predictors	pearson_correlation	mean_squared_error	r2	
rois + act_t1 + act_t2 + conn_t1 + conn_t2 + age + T1 + T2	-0.22954382390960054	0.0820887595071218	-0.03915349763363207	('L_SMA_T1', 0.013127369378024632)	('lDLPFC_to_lPTL_T1', -0.012004583189512285)	('R_DLPFC_T2', 0.010645582171352943)	('R_IFGorb_T2', 0.00699113984927152)	('rDLPFC_to_lIFG_T1', 0.005893514285844067)	('lSMA_to_lIFG_T1', 0.0057216436052330705)	('L_PTL_T1', -0.005577510523042948)	('lSMA_to_lIFG_T2', 0.004811360370615943)	('L_DLPFC_T1', 0.004560710755546107)	('T1', 0.004526828130987558)	('L_SMA_T2', 0.004003179270332294)	('rDLPFC_to_lPTL_T2', 0.0038146903485498426)	('lIFG_to_lPTL_T1', -0.0036376528448422347)	('lDLPFC_to_lIFG_T1', 0.003484145522335657)	('lDLPFC_to_lIFG_T2', 0.0033900649826140113)	('R_DLPFC_T1', 0.0033617844202716816)	('Age', -0.0031231833123052505)	('L_IFGorb_T1', 0.0030811972692003074)	('lSMA_to_lPTL_T1', -0.0030251703433822243)	('L_PTL_T2', -0.002985520983805481)	('L_PTL', -0.0028156835948962133)	('L_SMA', 0.002763564465118509)	('lIFG_to_lPTL_T2', 0.002460298558390059)	('rIFG_to_lIFG_T1', -0.0023948665262082205)	('L_IFGorb_T2', 0.002040374588550416)	('rDLPFC_to_lIFG_T2', 0.001799468201381004)	('L_DLPFC_T2', -0.0017924760358927338)	('T2', 0.001566243074250665)	('lSMA_to_lPTL_T2', -0.001040062858449718)	('lDLPFC_to_lPTL_T2', 0.0009935714336675092)	('R_IFGorb_T1', 0.0008643254698166542)	('rDLPFC_to_lPTL_T1', 0.0007780268291387371)	('lPTL_to_lIFG_T1', 0.0007152547909881611)	('rIFG_to_lIFG_T2', 0.00036340306642523466)	('L_IFGorb', 0.0002367360464392179)	('lPTL_to_lIFG_T2', 0.00022831328054642619)	('L_DLPFC', -6.428498155376822e-05)	
