predictors	pearson_correlation	mean_squared_error	r2	
rois + act_t1 + act_t2 + conn_t1 + conn_t2 + age + T1 + T2	0.21278078493830208	0.07554850908659584	0.04363888637479907	('lIFG_to_lPTL_T2', 0.01464514635176054)	('L_DLPFC', 0.014333604314151089)	('lSMA_to_lPTL_T1', 0.012718842473900099)	('lDLPFC_to_lIFG_T1', 0.010906818350193541)	('L_DLPFC_T2', 0.009451649066614566)	('L_IFGorb_T2', -0.008968245369237909)	('L_IFGorb_T1', 0.008913580315604915)	('rDLPFC_to_lPTL_T1', 0.008806507213492635)	('T2', 0.008501988044707486)	('Age', 0.008164897811762276)	('rDLPFC_to_lPTL_T2', 0.007446024076774502)	('L_DLPFC_T1', -0.006918879589984898)	('L_IFGorb', 0.006836544026445353)	('L_PTL_T1', 0.006784124503713102)	('R_IFGorb_T1', 0.005843481438362094)	('lIFG_to_lPTL_T1', 0.00554402278952923)	('lDLPFC_to_lPTL_T2', 0.005519518817821007)	('T1', 0.005231339236302018)	('lPTL_to_lIFG_T1', 0.004720263689123609)	('L_SMA_T2', 0.004575412651770436)	('lSMA_to_lPTL_T2', 0.004096189086056362)	('R_IFGorb_T2', -0.0035213684496155618)	('L_PTL_T2', 0.00350401539468426)	('lDLPFC_to_lPTL_T1', 0.003167804060104289)	('L_PTL', 0.003143814570715607)	('rDLPFC_to_lIFG_T1', 0.0029113833666126274)	('rIFG_to_lIFG_T1', -0.0025650834333559754)	('lDLPFC_to_lIFG_T2', 0.002276281570749266)	('L_SMA_T1', 0.0016070992476564642)	('R_DLPFC_T1', 0.0014048942970893337)	('lSMA_to_lIFG_T2', -0.0011787233925857896)	('R_DLPFC_T2', -0.0011580441514465539)	('lSMA_to_lIFG_T1', -0.0007885757020132368)	('L_SMA', 0.0005738685839701532)	('lPTL_to_lIFG_T2', -0.0003724982976379873)	('rDLPFC_to_lIFG_T2', -0.00032459320091764827)	('rIFG_to_lIFG_T2', -2.286582990566786e-05)	
