predictors	pearson_correlation	mean_squared_error	r2	
rois + act_t1 + act_t2 + conn_t1 + conn_t2 + age + T1 + T2	0.09341158031305122	0.07849976459450322	0.006279234433823944	('R_DLPFC_T2', 0.01831996058659776)	('lSMA_to_lIFG_T2', 0.011373902323452792)	('L_SMA_T1', 0.010770939777514041)	('lIFG_to_lPTL_T1', 0.010069024470115213)	('L_IFGorb_T2', 0.00922139613175009)	('L_SMA_T2', 0.008447177826692475)	('L_DLPFC', 0.008034180048441539)	('lDLPFC_to_lIFG_T1', 0.007220552040235872)	('lDLPFC_to_lIFG_T2', 0.007105106583730225)	('R_IFGorb_T2', 0.006912304863761279)	('rIFG_to_lIFG_T1', -0.006661257818080248)	('lIFG_to_lPTL_T2', 0.005415478135277534)	('lDLPFC_to_lPTL_T1', 0.0050526811862050035)	('T2', 0.003717823584573738)	('lPTL_to_lIFG_T2', 0.0037139944451234663)	('rDLPFC_to_lIFG_T1', -0.003702517085826843)	('L_PTL_T2', 0.0035504598840371006)	('rDLPFC_to_lIFG_T2', -0.0034948153866089077)	('R_DLPFC_T1', -0.003440704805066332)	('rIFG_to_lIFG_T2', 0.003255685929871013)	('L_DLPFC_T1', 0.0031510043606832656)	('lDLPFC_to_lPTL_T2', 0.0031503216325592977)	('L_SMA', 0.00311269658319901)	('lPTL_to_lIFG_T1', -0.003035149474208037)	('lSMA_to_lPTL_T1', 0.002799370927554635)	('L_IFGorb_T1', -0.002643900885068295)	('L_PTL', 0.0023386818309604285)	('T1', -0.0022325326111237984)	('lSMA_to_lPTL_T2', 0.0019635613907299392)	('lSMA_to_lIFG_T1', 0.0019276712919836382)	('Age', 0.0018848494521181227)	('rDLPFC_to_lPTL_T2', 0.0017193393780367877)	('L_PTL_T1', -0.0016493334853864188)	('L_IFGorb', -0.0006801705106396113)	('L_DLPFC_T2', -0.00015918494947989042)	('rDLPFC_to_lPTL_T1', -0.0001431801089737503)	('R_IFGorb_T1', -8.181590060354176e-05)	
