predictors	pearson_correlation	mean_squared_error	r2	
rois + act_t1 + act_t2 + conn_t1 + conn_t2 + age + T1 + T2	0.02432084500806798	0.09678358454950245	-0.054575662314794826	('T2', 0.027989063058985138)	('L_DLPFC_T2', 0.02594835184437866)	('L_SMA_T2', 0.022530146662638542)	('L_SMA_T1', 0.02048429325897808)	('L_IFGorb', -0.01997139531121251)	('L_DLPFC', 0.019482233938996254)	('rDLPFC_to_lIFG_T1', 0.017834184579727373)	('R_DLPFC_T2', 0.017663090401703635)	('R_DLPFC_T1', -0.01636563956110224)	('lDLPFC_to_lPTL_T1', 0.014338646937989528)	('lSMA_to_lPTL_T2', -0.013752670332957519)	('L_SMA', 0.013677961828890342)	('rDLPFC_to_lIFG_T2', 0.01322155157589016)	('L_DLPFC_T1', -0.012961665455046774)	('T1', 0.012768690219438335)	('L_PTL_T1', 0.011926099385192908)	('lDLPFC_to_lIFG_T1', 0.011046723632782864)	('lSMA_to_lPTL_T1', 0.009567674222545819)	('L_PTL_T2', -0.009465965834435167)	('lSMA_to_lIFG_T2', 0.008146429442747655)	('L_PTL', 0.00781366163047408)	('L_IFGorb_T2', 0.007792971284432817)	('lDLPFC_to_lIFG_T2', -0.007349429120550902)	('lDLPFC_to_lPTL_T2', 0.007223820336705892)	('lIFG_to_lPTL_T1', -0.007007375065282637)	('L_IFGorb_T1', -0.006939712445884019)	('lPTL_to_lIFG_T1', -0.006664648656110808)	('lSMA_to_lIFG_T1', 0.005908299477293491)	('Age', -0.0058634272655844095)	('R_IFGorb_T1', -0.0057949127878299)	('lIFG_to_lPTL_T2', 0.005617020145384903)	('lPTL_to_lIFG_T2', 0.005452866016233122)	('rDLPFC_to_lPTL_T1', 0.004747685256927946)	('rDLPFC_to_lPTL_T2', 0.0032440259003207435)	('rIFG_to_lIFG_T1', -0.0027667072908949394)	('R_IFGorb_T2', -0.0027384342129867976)	('rIFG_to_lIFG_T2', -0.0023589126890355486)	
