predictors	pearson_correlation	mean_squared_error	r2	
rois + act_t1 + act_t2 + conn_t1 + conn_t2 + age + T1 + T2	-0.07419728761029679	0.0973737691499979	-0.06100644620084883	('L_DLPFC_T1', 0.015426252953826481)	('rDLPFC_to_lIFG_T1', 0.014335038264703209)	('L_IFGorb', 0.014034068107374398)	('rIFG_to_lIFG_T1', 0.013656762004028437)	('L_PTL_T2', 0.013154644389008832)	('L_SMA', 0.012435077567977425)	('lSMA_to_lIFG_T1', -0.012157622422717661)	('lDLPFC_to_lPTL_T1', 0.01103762096249373)	('T1', 0.01065781079115759)	('L_SMA_T2', 0.010480783985766474)	('rDLPFC_to_lPTL_T2', 0.008539237617190304)	('lPTL_to_lIFG_T1', 0.008282249524226199)	('rDLPFC_to_lIFG_T2', 0.007755244702686183)	('R_DLPFC_T2', 0.005832318218137086)	('L_SMA_T1', 0.005801465215466131)	('lSMA_to_lPTL_T2', 0.005077221925413801)	('L_DLPFC', 0.004664611526618439)	('L_IFGorb_T2', 0.004143874356594536)	('lSMA_to_lIFG_T2', -0.0037336463669264035)	('lIFG_to_lPTL_T1', -0.0036706242593684507)	('lDLPFC_to_lIFG_T2', -0.003488371673348592)	('lDLPFC_to_lPTL_T2', -0.003213225559190768)	('L_DLPFC_T2', -0.002921937653654195)	('R_DLPFC_T1', -0.002889861927034573)	('L_PTL_T1', 0.0028223259025070427)	('R_IFGorb_T1', -0.002365614324813985)	('T2', -0.0022612386253281626)	('rDLPFC_to_lPTL_T1', 0.002197404291432381)	('lPTL_to_lIFG_T2', 0.0020479684997157456)	('lIFG_to_lPTL_T2', -0.0019817305984686394)	('lDLPFC_to_lIFG_T1', 0.0018246397653752812)	('R_IFGorb_T2', 0.0015767762304847702)	('L_PTL', -0.0012289137116036338)	('lSMA_to_lPTL_T1', -0.0010123316057485821)	('L_IFGorb_T1', -0.0008622144194600739)	('rIFG_to_lIFG_T2', -0.0007054903797908074)	('Age', -9.124888622926226e-05)	
