predictors	pearson_correlation	mean_squared_error	r2	
rois + act_t1 + act_t2 + conn_t1 + conn_t2 + age + T1 + T2	0.0003161289369248109	0.10198001088479741	-0.11119709010879064	('L_PTL', -0.021531456853761118)	('rDLPFC_to_lPTL_T2', 0.020540443112900212)	('L_SMA_T1', 0.02030015358831138)	('L_DLPFC_T2', 0.019513989185957675)	('L_IFGorb_T2', 0.018471269368926034)	('lIFG_to_lPTL_T2', 0.016289002828516523)	('L_DLPFC_T1', -0.014061668909708879)	('T1', 0.012408535035895736)	('lSMA_to_lIFG_T2', 0.00994362270786852)	('lDLPFC_to_lIFG_T1', 0.00986386108429569)	('T2', -0.009234760908099118)	('L_IFGorb', 0.009205260285326738)	('lPTL_to_lIFG_T1', 0.008635366575852938)	('rDLPFC_to_lPTL_T1', -0.008427993979756644)	('lIFG_to_lPTL_T1', -0.008172978400615812)	('L_SMA', 0.007924907247040317)	('rDLPFC_to_lIFG_T1', 0.007671488885555805)	('L_SMA_T2', -0.00741651548376263)	('R_IFGorb_T1', 0.005029429222369354)	('rIFG_to_lIFG_T1', -0.004429389112502166)	('lSMA_to_lPTL_T1', -0.004268485168439652)	('R_DLPFC_T2', 0.0038046425686915713)	('lDLPFC_to_lIFG_T2', 0.0029952380312833595)	('rIFG_to_lIFG_T2', 0.0029597615683908647)	('L_PTL_T1', -0.002894549999943875)	('lDLPFC_to_lPTL_T2', -0.0027739252475298018)	('lPTL_to_lIFG_T2', -0.0025940309317669004)	('L_IFGorb_T1', -0.0025807244359689185)	('Age', 0.0025352643874249174)	('lSMA_to_lIFG_T1', 0.002535186264156689)	('lSMA_to_lPTL_T2', 0.0023971571567415898)	('L_DLPFC', -0.002023384154941143)	('R_DLPFC_T1', -0.001759242401932796)	('L_PTL_T2', -0.001635684964464497)	('R_IFGorb_T2', 0.0014033944195506892)	('rDLPFC_to_lIFG_T2', -0.0008055504069627241)	('lDLPFC_to_lPTL_T1', -0.00047187515671899717)	
