predictors	pearson_correlation	mean_squared_error	r2	
rois + act_t1 + act_t2 + conn_t1 + conn_t2 + age + T1 + T2	-0.3244646978435066	0.09838325171662123	-0.07200599484587267	('L_PTL', 0.009992125083578317)	('L_PTL_T1', 0.008938867309710148)	('lPTL_to_lIFG_T1', 0.007507447358375552)	('L_IFGorb_T1', 0.0074470709542348405)	('rDLPFC_to_lIFG_T2', 0.007160663363829466)	('lDLPFC_to_lIFG_T2', 0.00648365445325144)	('L_DLPFC_T2', -0.00635752860125587)	('lIFG_to_lPTL_T2', -0.0063527690146331275)	('rDLPFC_to_lIFG_T1', -0.005477958767963526)	('lPTL_to_lIFG_T2', 0.00526337641933072)	('lIFG_to_lPTL_T1', -0.004573213794943547)	('L_SMA_T2', 0.004515150891971441)	('lSMA_to_lPTL_T2', -0.004324182280711316)	('lDLPFC_to_lPTL_T2', 0.004090267724058084)	('lDLPFC_to_lPTL_T1', 0.0034020240702613705)	('T1', 0.003361206709161059)	('rDLPFC_to_lPTL_T2', 0.003275995375207176)	('lSMA_to_lIFG_T2', 0.00312750054267973)	('R_DLPFC_T1', -0.0030828403853521416)	('R_IFGorb_T2', -0.002921645728310038)	('L_IFGorb_T2', 0.002911734803561085)	('rIFG_to_lIFG_T2', 0.0023767560138339924)	('L_IFGorb', 0.002325537418652174)	('rIFG_to_lIFG_T1', 0.0022506410150661266)	('L_SMA_T1', 0.0022275247920042628)	('lSMA_to_lPTL_T1', -0.002003611477446002)	('L_DLPFC', -0.001818775033555265)	('R_IFGorb_T1', 0.0016738448237351657)	('L_SMA', 0.001645630648268298)	('lSMA_to_lIFG_T1', 0.0013123907753723758)	('rDLPFC_to_lPTL_T1', -0.0011775254728082676)	('R_DLPFC_T2', -0.0011309526964363057)	('L_DLPFC_T1', 0.0009243378415319984)	('L_PTL_T2', 0.0009091249850658608)	('lDLPFC_to_lIFG_T1', 0.000726183447603599)	('Age', -0.0002971406185010774)	('T2', 0.00018383637289958878)	
