predictors	pearson_correlation	mean_squared_error	r2	
rois + act_t1 + act_t2 + conn_t1 + conn_t2 + age + T1 + T2	-0.09262031596873321	0.08927548193726051	-0.13012950695136083	('rIFG_to_lIFG_T1', 0.023462168258531178)	('R_IFGorb_T1', 0.02149858609179804)	('rDLPFC_to_lIFG_T1', 0.015356828576743725)	('L_DLPFC', 0.014012492231919837)	('L_SMA_T2', 0.01168214257389995)	('L_SMA', -0.009915182380342802)	('lIFG_to_lPTL_T1', -0.009913937087504996)	('L_DLPFC_T2', 0.008563976036354294)	('rDLPFC_to_lPTL_T2', 0.008213635798102688)	('lSMA_to_lPTL_T2', 0.007821581246129174)	('T2', 0.007517836610193791)	('R_IFGorb_T2', 0.00718641487100857)	('L_IFGorb_T2', 0.0070031939973855045)	('lSMA_to_lIFG_T1', 0.006881698180996606)	('L_PTL', -0.006057543584936495)	('Age', 0.005813330851075395)	('lDLPFC_to_lPTL_T2', 0.00488487907901501)	('R_DLPFC_T1', 0.004883904275140899)	('lSMA_to_lIFG_T2', 0.004645217404479835)	('L_PTL_T1', 0.004603941597954024)	('lDLPFC_to_lIFG_T1', 0.004429663939830167)	('rIFG_to_lIFG_T2', 0.004396531446348654)	('rDLPFC_to_lIFG_T2', 0.004367255482967617)	('lPTL_to_lIFG_T2', 0.003918906131463045)	('L_IFGorb_T1', 0.0036000268508392433)	('L_IFGorb', 0.003418971832506763)	('lSMA_to_lPTL_T1', 0.0023565480716652132)	('R_DLPFC_T2', 0.0020430026021226416)	('L_PTL_T2', 0.0018530291494965106)	('T1', -0.001683467135116432)	('lDLPFC_to_lPTL_T1', 0.0015749114647356402)	('lIFG_to_lPTL_T2', -0.001506832779573708)	('L_SMA_T1', -0.0011935053020677906)	('rDLPFC_to_lPTL_T1', -0.0008333507447884223)	('lPTL_to_lIFG_T1', -0.00031751873451164837)	('lDLPFC_to_lIFG_T2', 0.000251966646777563)	('L_DLPFC_T1', 0.00011210032911927419)	
