predictors	pearson_correlation	mean_squared_error	r2	
rois + act_t1 + act_t2 + conn_t1 + conn_t2 + age + T1 + T2	-0.027188246266686276	0.08198488160198639	-0.03783851749388534	('lSMA_to_lIFG_T2', 0.019763773886998775)	('lPTL_to_lIFG_T2', 0.01412944045984981)	('lDLPFC_to_lPTL_T1', 0.0081795023026283)	('lDLPFC_to_lIFG_T1', 0.007096633409566154)	('R_DLPFC_T1', 0.006699496007391313)	('L_SMA_T1', 0.005805230862760162)	('L_SMA', 0.00560246325369305)	('rIFG_to_lIFG_T1', -0.005498657864867664)	('T2', 0.0052391649608850436)	('L_DLPFC_T1', 0.0051737888808007825)	('Age', 0.004909267952742931)	('lSMA_to_lPTL_T2', 0.004777079179330787)	('lDLPFC_to_lIFG_T2', -0.004769928752665243)	('L_DLPFC_T2', 0.004748458922001817)	('lDLPFC_to_lPTL_T2', 0.004745186329136633)	('L_IFGorb_T1', -0.004690864814824019)	('lSMA_to_lPTL_T1', 0.004451329714570066)	('lIFG_to_lPTL_T2', 0.003821310400794453)	('L_PTL_T2', 0.0033691211134144142)	('rDLPFC_to_lPTL_T1', -0.0033204109193300936)	('rDLPFC_to_lPTL_T2', 0.003069575674312919)	('R_IFGorb_T2', 0.0029437021356703485)	('L_SMA_T2', -0.0021179541571923286)	('rIFG_to_lIFG_T2', 0.0020324295027954135)	('rDLPFC_to_lIFG_T2', 0.001948307368431087)	('rDLPFC_to_lIFG_T1', 0.0019042496053998696)	('T1', 0.0016088714819459241)	('L_IFGorb', 0.0014692410290996186)	('lSMA_to_lIFG_T1', 0.0012388189753807077)	('R_IFGorb_T1', 0.001170269883202622)	('L_PTL', 0.001160628355389863)	('L_IFGorb_T2', -0.0010231706591317567)	('lIFG_to_lPTL_T1', -0.0009426582218606885)	('lPTL_to_lIFG_T1', 0.0007400019206319991)	('L_DLPFC', 0.00038111582028569127)	('R_DLPFC_T2', 0.00020353580759901207)	('L_PTL_T1', -0.00012081190566870138)	
