predictors	pearson_correlation	mean_squared_error	r2	
rois + act_t1 + act_t2 + conn_t1 + conn_t2 + age + T1 + T2	0.034670142534559925	0.0806308104073892	-0.020697464000580368	('L_SMA_T2', 0.014725165931906072)	('lPTL_to_lIFG_T1', 0.013312012858584313)	('lPTL_to_lIFG_T2', 0.012481909829220863)	('lDLPFC_to_lPTL_T2', 0.011895754466386674)	('rDLPFC_to_lIFG_T2', 0.011451819788829205)	('L_IFGorb_T1', 0.011104502324281305)	('T2', 0.011077629293371093)	('L_IFGorb', 0.010832587714556427)	('rDLPFC_to_lPTL_T2', 0.01000182423535821)	('lSMA_to_lPTL_T1', 0.009305094196697712)	('L_PTL_T1', 0.008647102657157022)	('L_PTL_T2', 0.007316303240722785)	('R_DLPFC_T2', 0.007048991128071611)	('L_DLPFC_T2', 0.006230581881785129)	('lDLPFC_to_lPTL_T1', 0.006190649688967482)	('R_IFGorb_T2', 0.006168029137699996)	('R_IFGorb_T1', 0.006057175056331979)	('lIFG_to_lPTL_T1', 0.005814928419064062)	('L_SMA_T1', 0.00565141988350842)	('R_DLPFC_T1', 0.005532250524472112)	('lDLPFC_to_lIFG_T1', -0.005342860376358164)	('lSMA_to_lIFG_T2', 0.004822049266838674)	('L_DLPFC', -0.004707035721802596)	('rDLPFC_to_lIFG_T1', -0.004277420396843666)	('rDLPFC_to_lPTL_T1', 0.004204046139950295)	('L_DLPFC_T1', -0.0034913245876052653)	('lIFG_to_lPTL_T2', 0.0029809568498274167)	('T1', 0.0029357617998756044)	('Age', -0.0018407696539390628)	('L_SMA', 0.0016268788804518685)	('lDLPFC_to_lIFG_T2', -0.0015346503452813509)	('L_IFGorb_T2', 0.001403104542257544)	('rIFG_to_lIFG_T2', 0.0013391498131408391)	('lSMA_to_lIFG_T1', 0.0012750445985197894)	('L_PTL', -0.0010284848199642804)	('rIFG_to_lIFG_T1', -0.000947552474959216)	('lSMA_to_lPTL_T2', 7.035777465276417e-05)	
