predictors	pearson_correlation	mean_squared_error	r2	
rois + act_t1 + act_t2 + conn_t1 + conn_t2 + age + T1 + T2	-0.20967947806167395	0.10879808643540012	-0.18548837176525335	('lDLPFC_to_lPTL_T1', 0.032397578262130744)	('rDLPFC_to_lPTL_T1', 0.019474413790231942)	('rIFG_to_lIFG_T1', -0.01911874110162303)	('lSMA_to_lIFG_T1', 0.018166173067343964)	('lSMA_to_lIFG_T2', 0.016971867890923094)	('lIFG_to_lPTL_T2', 0.014983069245626004)	('lDLPFC_to_lIFG_T2', 0.013016570368146331)	('lSMA_to_lPTL_T1', 0.012391760728381175)	('L_PTL_T2', -0.012135842302998178)	('lDLPFC_to_lIFG_T1', -0.011334884255399375)	('L_SMA_T1', -0.011092938809883992)	('rDLPFC_to_lIFG_T1', 0.010593377534992265)	('L_DLPFC', 0.010359497188016572)	('L_PTL', -0.009706414712323065)	('rDLPFC_to_lPTL_T2', 0.009431525533137811)	('R_IFGorb_T2', 0.008531198293156532)	('lPTL_to_lIFG_T2', 0.008524204648100076)	('L_SMA', 0.008250903777643528)	('L_DLPFC_T1', -0.007531400191403944)	('lIFG_to_lPTL_T1', -0.007495316164194822)	('L_DLPFC_T2', 0.006261487742262199)	('lPTL_to_lIFG_T1', 0.006025753519089262)	('L_SMA_T2', -0.005852234016364921)	('T1', -0.00559847918880238)	('Age', 0.005382408219331445)	('L_IFGorb_T1', -0.004886983098155682)	('R_IFGorb_T1', -0.003844128925774773)	('L_PTL_T1', 0.003838197413510209)	('rDLPFC_to_lIFG_T2', -0.0037314161122240347)	('L_IFGorb', -0.003612460020728216)	('lDLPFC_to_lPTL_T2', -0.0033023655329769953)	('R_DLPFC_T2', 0.0027412716506832213)	('rIFG_to_lIFG_T2', 0.00269476209535966)	('T2', 0.0025293726538434245)	('R_DLPFC_T1', 0.0022011172108713155)	('L_IFGorb_T2', -0.0009330774511153194)	('lSMA_to_lPTL_T2', 0.00032498810141286846)	
