predictors	pearson_correlation	mean_squared_error	r2	
rois + act_t1 + act_t2 + conn_t1 + conn_t2 + age + T1 + T2	-0.14995125772421972	0.09284931866171219	-0.17537035301218218	('lSMA_to_lPTL_T2', 0.026306473898723332)	('L_SMA', 0.01868148088232969)	('T2', 0.017581650064598654)	('lDLPFC_to_lIFG_T2', 0.013818176941768876)	('L_DLPFC', 0.01313320967427062)	('T1', 0.012991923371290605)	('L_DLPFC_T1', -0.012685457771910444)	('L_SMA_T1', 0.012557734355382839)	('lDLPFC_to_lPTL_T1', 0.010645990064980926)	('L_PTL', 0.010637651890211982)	('L_IFGorb', 0.010159361513657577)	('rDLPFC_to_lPTL_T1', 0.009881559646801341)	('R_IFGorb_T1', 0.009646774300588499)	('rIFG_to_lIFG_T2', 0.009336245248229652)	('L_IFGorb_T2', -0.008956499306109344)	('L_PTL_T2', -0.008403423859499146)	('L_DLPFC_T2', -0.007207791437927406)	('rDLPFC_to_lIFG_T1', 0.0070539926422723475)	('lSMA_to_lPTL_T1', 0.007031191287262313)	('lIFG_to_lPTL_T1', 0.006792592479596557)	('rIFG_to_lIFG_T1', 0.00540990742291907)	('lPTL_to_lIFG_T2', -0.005268400800238922)	('L_SMA_T2', 0.00486639528682856)	('L_PTL_T1', 0.004843608117655155)	('lIFG_to_lPTL_T2', 0.00453139865885314)	('lPTL_to_lIFG_T1', -0.0036798374708911083)	('R_IFGorb_T2', -0.0035399243381919548)	('lSMA_to_lIFG_T2', -0.0033635743881949166)	('rDLPFC_to_lPTL_T2', 0.0033217591799348197)	('rDLPFC_to_lIFG_T2', 0.002839458770361776)	('Age', 0.0024386861171804427)	('lSMA_to_lIFG_T1', -0.0021761531624328967)	('lDLPFC_to_lPTL_T2', 0.0020859627516464255)	('L_IFGorb_T1', -0.000928614188971892)	('R_DLPFC_T1', 0.0006816954709684827)	('R_DLPFC_T2', -0.00059023214812735)	('lDLPFC_to_lIFG_T1', -0.0005766695794299571)	
