predictors	pearson_correlation	mean_squared_error	r2	
rois + act_t1 + act_t2 + conn_t1 + conn_t2 + age + T1 + T2	0.05163237537420361	0.07956880984948059	-0.0072537038455269265	('lSMA_to_lIFG_T2', 0.027399635131203155)	('R_IFGorb_T1', 0.02311205473510171)	('T2', 0.018425347773453477)	('rIFG_to_lIFG_T2', 0.01810092624509619)	('lIFG_to_lPTL_T1', 0.0160679169449456)	('R_DLPFC_T1', 0.014476069103922545)	('rDLPFC_to_lPTL_T1', 0.012868332103078315)	('Age', 0.011442228235854382)	('rIFG_to_lIFG_T1', 0.011231134838762582)	('L_IFGorb_T2', 0.011088377495286081)	('lDLPFC_to_lIFG_T1', 0.010891680221458127)	('L_DLPFC_T2', 0.010708684766955424)	('R_DLPFC_T2', -0.009975445598729319)	('lSMA_to_lIFG_T1', -0.00981439356525219)	('L_IFGorb', 0.009716767383755036)	('T1', 0.009429419378821571)	('lDLPFC_to_lIFG_T2', 0.008674392193369258)	('L_PTL', -0.007804331862778188)	('rDLPFC_to_lIFG_T2', -0.0075710040278223764)	('lSMA_to_lPTL_T1', -0.007187557281699445)	('L_IFGorb_T1', 0.006840305107752013)	('L_SMA_T1', 0.00675751674575399)	('rDLPFC_to_lPTL_T2', 0.004964265908917455)	('L_SMA_T2', 0.004355211606415855)	('L_DLPFC', 0.004246587608817967)	('L_PTL_T1', 0.0041787862391902166)	('rDLPFC_to_lIFG_T1', 0.004145690789871214)	('lDLPFC_to_lPTL_T2', 0.0032797543876412227)	('L_DLPFC_T1', 0.0032435629850766285)	('lDLPFC_to_lPTL_T1', -0.003161538863761934)	('lIFG_to_lPTL_T2', -0.0029280241098600126)	('L_SMA', 0.002859812297780183)	('lPTL_to_lIFG_T2', -0.002735910682408675)	('L_PTL_T2', -0.0018090900408820314)	('lSMA_to_lPTL_T2', -0.0015829368580591266)	('R_IFGorb_T2', 0.0014868039508951067)	('lPTL_to_lIFG_T1', -0.0014831570120730738)	
