predictors	pearson_correlation	mean_squared_error	r2	
rois + act_t1 + act_t2 + conn_t1 + conn_t2 + age + T1 + T2	0.1498904621698052	0.09716895901941805	-0.058774789044210296	('rDLPFC_to_lIFG_T1', 0.021608640873656815)	('L_DLPFC', 0.020481241132064402)	('L_PTL', 0.019330578640023886)	('L_SMA', 0.018755750503364168)	('R_DLPFC_T1', 0.01841232049869445)	('rDLPFC_to_lIFG_T2', -0.014815731008201757)	('L_IFGorb_T1', 0.014039324104024035)	('T1', 0.013457397723637207)	('lPTL_to_lIFG_T2', -0.01266089280278638)	('rDLPFC_to_lPTL_T2', 0.011157589882337554)	('lDLPFC_to_lIFG_T2', -0.011086207704504011)	('L_PTL_T1', 0.010535969167091508)	('L_SMA_T2', -0.01003676829917874)	('L_IFGorb_T2', -0.009332411615300854)	('lSMA_to_lIFG_T1', -0.009166765052020388)	('L_DLPFC_T2', -0.008957332946134738)	('L_PTL_T2', 0.008918007974863123)	('rIFG_to_lIFG_T1', 0.008479996303549937)	('lDLPFC_to_lPTL_T1', 0.008384989831221658)	('lPTL_to_lIFG_T1', 0.007761628479544224)	('R_DLPFC_T2', 0.007493933555270859)	('lSMA_to_lPTL_T1', 0.007227371838781677)	('R_IFGorb_T2', 0.00720478669483417)	('lSMA_to_lPTL_T2', 0.005826038442814746)	('rDLPFC_to_lPTL_T1', 0.005405926294501361)	('T2', -0.004848094418877262)	('L_IFGorb', 0.00470527590309032)	('lDLPFC_to_lPTL_T2', 0.004657883332269823)	('L_DLPFC_T1', 0.004415650086921378)	('L_SMA_T1', 0.004071173925154142)	('lIFG_to_lPTL_T1', -0.00404902414079534)	('rIFG_to_lIFG_T2', -0.0036661247532578417)	('Age', 0.0034551998568759395)	('R_IFGorb_T1', 0.0018531336818365667)	('lSMA_to_lIFG_T2', 0.0014282899825075364)	('lDLPFC_to_lIFG_T1', -0.0008439640004603708)	('lIFG_to_lPTL_T2', -0.00011091870730077536)	
