predictors	pearson_correlation	mean_squared_error	r2	
rois + act_t1 + act_t2 + conn_t1 + conn_t2 + age + T1 + T2	-0.02904721060476956	0.11501318790907232	-0.25320951252956503	('lPTL_to_lIFG_T2', 0.03842168448505799)	('lSMA_to_lPTL_T2', -0.019571983429339294)	('L_DLPFC', 0.018502755356907787)	('lDLPFC_to_lIFG_T2', 0.017117958154746597)	('L_IFGorb', 0.015054258152314126)	('lDLPFC_to_lIFG_T1', -0.013185587872992616)	('rDLPFC_to_lIFG_T2', 0.012183434805321344)	('rDLPFC_to_lPTL_T1', 0.012160951105702016)	('L_PTL_T2', -0.011754777962018913)	('L_DLPFC_T2', 0.01145351209087539)	('lPTL_to_lIFG_T1', 0.010854003863966186)	('L_SMA_T2', 0.00917140689971825)	('L_DLPFC_T1', -0.008462132346283409)	('R_IFGorb_T2', 0.008287824999476497)	('rIFG_to_lIFG_T2', 0.008130582551182921)	('R_DLPFC_T1', 0.007269629631835321)	('R_IFGorb_T1', -0.006584990450318841)	('L_PTL', -0.006504035091124528)	('lIFG_to_lPTL_T2', -0.006253203267386078)	('R_DLPFC_T2', -0.006162994778288505)	('rDLPFC_to_lPTL_T2', -0.006098462759611985)	('lSMA_to_lPTL_T1', 0.0055344519888603835)	('T2', 0.0048825753555604414)	('L_PTL_T1', -0.004801538364869553)	('rDLPFC_to_lIFG_T1', 0.0037399057516229414)	('lSMA_to_lIFG_T2', -0.003412962148534744)	('lDLPFC_to_lPTL_T2', 0.0032572545373552877)	('lIFG_to_lPTL_T1', 0.0031589776961100874)	('rIFG_to_lIFG_T1', -0.0030434349772715374)	('L_SMA', 0.0029324865349635524)	('L_IFGorb_T2', -0.0026661675755178405)	('L_SMA_T1', 0.002509476532225724)	('T1', 0.00199893115885308)	('L_IFGorb_T1', 0.0019972976733382284)	('Age', 0.0018304969793474385)	('lDLPFC_to_lPTL_T1', 0.000964323735252385)	('lSMA_to_lIFG_T1', 0.0007934898066838253)	
