predictors	pearson_correlation	mean_squared_error	r2	
rois + act_t1 + act_t2 + conn_t1 + conn_t2 + age + T1 + T2	-0.10879181889036879	0.08393127862113207	-0.06247776508847758	('rIFG_to_lIFG_T2', 0.023746176516111463)	('rIFG_to_lIFG_T1', 0.018723433976262558)	('lSMA_to_lIFG_T2', 0.01835159048006102)	('lDLPFC_to_lIFG_T2', 0.015647680977691255)	('T1', 0.013501969621210514)	('lIFG_to_lPTL_T2', 0.012244707459975126)	('lDLPFC_to_lPTL_T2', 0.012030118253045907)	('rDLPFC_to_lPTL_T2', 0.01065847273222294)	('L_PTL', 0.00963067113558457)	('lPTL_to_lIFG_T2', -0.009492923520091397)	('L_DLPFC_T2', 0.008919971866255906)	('lDLPFC_to_lPTL_T1', 0.00811175963471329)	('L_PTL_T2', 0.007870111248069361)	('lSMA_to_lPTL_T1', -0.007805829607900444)	('R_IFGorb_T2', 0.007647020948041177)	('T2', 0.007540472348944802)	('lIFG_to_lPTL_T1', 0.007516276665452112)	('L_IFGorb_T1', 0.006981790969815979)	('rDLPFC_to_lIFG_T2', -0.0059030497224164084)	('R_IFGorb_T1', -0.00581654073450998)	('L_IFGorb', 0.00441773892023033)	('R_DLPFC_T1', -0.0031476053289481096)	('rDLPFC_to_lIFG_T1', 0.0029979911506330887)	('rDLPFC_to_lPTL_T1', -0.00268120979920772)	('L_DLPFC', -0.0026617806260859837)	('lPTL_to_lIFG_T1', -0.002634473053702764)	('L_SMA_T2', -0.001996825615540517)	('L_PTL_T1', 0.0017488836368870033)	('lSMA_to_lPTL_T2', 0.0016586813345365312)	('L_IFGorb_T2', -0.0016211868561186056)	('L_SMA_T1', -0.001581590456116249)	('L_SMA', 0.0015229937035540148)	('R_DLPFC_T2', 0.0014076819293249848)	('L_DLPFC_T1', -0.0006476145312636726)	('Age', 0.00035379782298268806)	('lSMA_to_lIFG_T1', -0.00019965631193805553)	('lDLPFC_to_lIFG_T1', -1.1978619294815857e-06)	
