predictors	pearson_correlation	mean_squared_error	r2	
rois + act_t1 + act_t2 + conn_t1 + conn_t2 + age + T1 + T2	-0.04595899431017561	0.08343154125675384	-0.05615163915832766	('T1', 0.018090805766860053)	('lDLPFC_to_lIFG_T1', 0.016462684700408715)	('lSMA_to_lPTL_T1', -0.012408299511864897)	('L_PTL', 0.0120849644081529)	('L_IFGorb_T1', -0.011939541646450042)	('lPTL_to_lIFG_T2', 0.011785347212897326)	('rIFG_to_lIFG_T2', 0.011431936968616468)	('lPTL_to_lIFG_T1', 0.010456554399514878)	('R_DLPFC_T1', 0.010304499530777335)	('rDLPFC_to_lPTL_T1', 0.008950246867776134)	('rDLPFC_to_lIFG_T2', 0.0084772445755935)	('lIFG_to_lPTL_T2', 0.008099449981801413)	('L_IFGorb', 0.00788726134937807)	('R_IFGorb_T2', 0.0077592730044976745)	('L_SMA', 0.007725804002929056)	('rDLPFC_to_lPTL_T2', 0.007511010583619652)	('lSMA_to_lPTL_T2', 0.007434437017075445)	('lIFG_to_lPTL_T1', 0.005964135250404397)	('L_DLPFC_T2', 0.005102551803722181)	('L_DLPFC', 0.0033276560357624486)	('L_PTL_T1', -0.0028961751548984968)	('rIFG_to_lIFG_T1', -0.002634989304325125)	('T2', -0.002555206022650737)	('L_SMA_T2', -0.0023535625788311198)	('lSMA_to_lIFG_T1', 0.002199244633445436)	('R_IFGorb_T1', 0.0019461736789977081)	('lDLPFC_to_lIFG_T2', 0.001907470335508248)	('lDLPFC_to_lPTL_T2', -0.0017975010883955877)	('lDLPFC_to_lPTL_T1', -0.0014462114861528504)	('rDLPFC_to_lIFG_T1', -0.0011416644469016506)	('L_IFGorb_T2', 0.0008325036778705087)	('lSMA_to_lIFG_T2', -0.0006533163392115466)	('L_SMA_T1', 0.0005744574668349228)	('Age', 0.0004692054778623086)	('R_DLPFC_T2', -0.00042177492390798883)	('L_PTL_T2', 0.00017616239441438787)	('L_DLPFC_T1', 4.961879688401364e-05)	
