predictors	pearson_correlation	mean_squared_error	r2	
rois + act_t1 + act_t2 + conn_t1 + conn_t2 + age + T1 + T2	0.13316820839337024	0.07780432368931639	0.015082752154903734	('R_IFGorb_T2', 0.013378882823796255)	('rDLPFC_to_lIFG_T1', 0.009033416322847583)	('T2', 0.008677918568574432)	('L_PTL_T1', 0.0085047617579752)	('rDLPFC_to_lPTL_T2', 0.008284959655924353)	('L_IFGorb', 0.008031510025597642)	('lPTL_to_lIFG_T1', 0.007978476930434011)	('rDLPFC_to_lPTL_T1', 0.007087951221295986)	('L_IFGorb_T2', 0.006904732284996889)	('L_PTL', -0.005856984950154392)	('rIFG_to_lIFG_T1', 0.005786698793731611)	('lSMA_to_lPTL_T1', 0.005774776842097515)	('Age', 0.00492050091894356)	('lPTL_to_lIFG_T2', 0.004067275241201363)	('R_IFGorb_T1', 0.003926749241792104)	('lDLPFC_to_lIFG_T2', 0.003838522386485771)	('lIFG_to_lPTL_T1', 0.0037619369066849394)	('R_DLPFC_T2', -0.003573917520214422)	('L_SMA', 0.0034919561071990804)	('lIFG_to_lPTL_T2', 0.0030921534912963598)	('lDLPFC_to_lPTL_T1', -0.003005743829854242)	('lSMA_to_lIFG_T2', -0.002552775673868759)	('rIFG_to_lIFG_T2', 0.002520557998069329)	('R_DLPFC_T1', -0.00244335528521051)	('lSMA_to_lIFG_T1', -0.002207073025779433)	('rDLPFC_to_lIFG_T2', 0.001984409274407644)	('L_DLPFC', -0.0016341241508962224)	('lDLPFC_to_lPTL_T2', 0.0014243864344544962)	('L_PTL_T2', -0.0014010430288571446)	('L_SMA_T2', 0.0013473607576647332)	('L_IFGorb_T1', -0.0013433106021548142)	('lSMA_to_lPTL_T2', -0.001159312417506982)	('T1', 0.000909770488414781)	('lDLPFC_to_lIFG_T1', -0.00043413455719630247)	('L_SMA_T1', -0.00033634705633712694)	('L_DLPFC_T2', 0.00023302827197857495)	('L_DLPFC_T1', -1.6047862904454593e-05)	
