predictors	pearson_correlation	mean_squared_error	r2	
rois + act_t1 + act_t2 + conn_t1 + conn_t2 + age + T1 + T2	-0.27016071791211926	0.10963624548862277	-0.194621140951182	('L_SMA', 0.016634181780041533)	('rIFG_to_lIFG_T1', 0.015748529648164696)	('R_DLPFC_T1', 0.013019108686802639)	('rDLPFC_to_lIFG_T2', 0.011402351113382813)	('L_IFGorb_T1', -0.0096265227730368)	('R_IFGorb_T2', 0.008092471874333132)	('lSMA_to_lPTL_T1', 0.0072105572725996905)	('rDLPFC_to_lPTL_T2', -0.00673948744696082)	('lSMA_to_lPTL_T2', 0.006041047546556926)	('L_IFGorb', 0.005969494518145044)	('lIFG_to_lPTL_T1', 0.005547222837554923)	('R_DLPFC_T2', -0.005520146999485799)	('L_SMA_T1', 0.005465954243178344)	('lPTL_to_lIFG_T1', -0.005398155689595305)	('Age', 0.005369005550867989)	('L_DLPFC_T2', -0.004709755739009893)	('rDLPFC_to_lPTL_T1', 0.004413499932960264)	('rIFG_to_lIFG_T2', -0.004063851392855109)	('lIFG_to_lPTL_T2', -0.003962467528446367)	('rDLPFC_to_lIFG_T1', 0.0036232374101532595)	('L_SMA_T2', -0.003156100533194491)	('L_DLPFC_T1', 0.0029254246948583773)	('T1', 0.0025635075007777778)	('lPTL_to_lIFG_T2', -0.00241695711397328)	('lSMA_to_lIFG_T1', 0.002193211664689457)	('L_IFGorb_T2', -0.0013811597809441321)	('T2', 0.0013610365054401974)	('lDLPFC_to_lIFG_T1', -0.0013299583667035937)	('lDLPFC_to_lIFG_T2', -0.001094279064427181)	('L_DLPFC', 0.0009653887080885068)	('lDLPFC_to_lPTL_T1', 0.0007172623584856692)	('R_IFGorb_T1', 0.000603910072838015)	('L_PTL', 0.0005489451038880229)	('lSMA_to_lIFG_T2', -0.00038727146342618313)	('L_PTL_T2', -0.00019293446113530571)	('L_PTL_T1', 7.114594800293879e-05)	('lDLPFC_to_lPTL_T2', 4.851611682156983e-06)	
