predictors	pearson_correlation	mean_squared_error	r2	
rois + act_t1 + act_t2 + conn_t1 + conn_t2 + age + T1 + T2	-0.31386447581274696	0.10356188577777659	-0.3109796819158255	('lIFG_to_lPTL_T1', 0.020102106034531952)	('lPTL_to_lIFG_T2', 0.018439097545039678)	('L_PTL_T2', 0.018000137495603283)	('L_PTL_T1', 0.01520963831217891)	('L_IFGorb', 0.0131101034103121)	('Age', 0.012285096680788208)	('lPTL_to_lIFG_T1', 0.012020348299684786)	('L_SMA_T2', 0.009825873669252054)	('L_DLPFC', 0.009809678714382685)	('L_SMA_T1', 0.009496342720371824)	('lSMA_to_lIFG_T1', 0.009292265127900549)	('L_IFGorb_T1', -0.009214263031976425)	('R_DLPFC_T1', -0.008981644129832949)	('T2', 0.008682247762340303)	('rIFG_to_lIFG_T2', 0.007780418191652691)	('rDLPFC_to_lIFG_T1', 0.007644987041274021)	('T1', 0.0065835103723591755)	('L_PTL', 0.006468401679157041)	('lDLPFC_to_lIFG_T1', 0.006153762607453838)	('lIFG_to_lPTL_T2', 0.005826267826040505)	('R_DLPFC_T2', 0.005707824018484876)	('lSMA_to_lPTL_T2', -0.005677053023143859)	('L_DLPFC_T2', 0.005396581378802288)	('lDLPFC_to_lIFG_T2', -0.00511010905018268)	('rIFG_to_lIFG_T1', -0.005101541209620787)	('lSMA_to_lPTL_T1', -0.004717295347977387)	('lSMA_to_lIFG_T2', -0.004646568659970548)	('rDLPFC_to_lIFG_T2', 0.004630076150017046)	('rDLPFC_to_lPTL_T1', 0.004570693912346635)	('L_SMA', 0.004192540587917264)	('L_DLPFC_T1', -0.003109212198734616)	('R_IFGorb_T1', -0.0027313162709261506)	('lDLPFC_to_lPTL_T2', 0.0023331842351417857)	('lDLPFC_to_lPTL_T1', 0.0014066642381524153)	('L_IFGorb_T2', -0.0009469165159851319)	('R_IFGorb_T2', 0.0008378373480052488)	('rDLPFC_to_lPTL_T2', 0.0007552623209802363)	
