predictors	pearson_correlation	mean_squared_error	r2	
rois + act_t1 + act_t2 + conn_t1 + conn_t2 + age + T1 + T2	-0.08311238924392356	0.08796747070252184	-0.11357152193996778	('R_DLPFC_T2', 0.024375830025804526)	('L_PTL', 0.01576676026698285)	('rDLPFC_to_lPTL_T2', 0.014276575166484855)	('lSMA_to_lPTL_T1', 0.01365379616632162)	('rDLPFC_to_lIFG_T2', -0.012692004301493686)	('rIFG_to_lIFG_T2', 0.010566419894936115)	('lSMA_to_lIFG_T1', 0.009583107246414037)	('L_DLPFC', 0.009558292431493512)	('rDLPFC_to_lIFG_T1', 0.009043772505798811)	('lPTL_to_lIFG_T2', -0.00900649595630805)	('rIFG_to_lIFG_T1', 0.008804696949462431)	('lSMA_to_lPTL_T2', -0.008300424938884181)	('lDLPFC_to_lPTL_T1', 0.00824047178841437)	('R_DLPFC_T1', 0.00819217860507492)	('lDLPFC_to_lIFG_T1', 0.007652504270381331)	('lIFG_to_lPTL_T1', -0.007125957443420643)	('L_IFGorb_T2', 0.007086587857312389)	('R_IFGorb_T1', 0.006696387160447645)	('lSMA_to_lIFG_T2', 0.006634702352160233)	('L_DLPFC_T1', 0.006361576222512544)	('R_IFGorb_T2', 0.005859118742351112)	('lDLPFC_to_lIFG_T2', 0.005555659224660363)	('L_PTL_T2', 0.005186158566595499)	('L_SMA_T2', 0.004845077222275538)	('Age', 0.003451847060916713)	('T1', 0.003336320983498067)	('L_PTL_T1', -0.0033317744235430977)	('lIFG_to_lPTL_T2', 0.0030015478562624067)	('rDLPFC_to_lPTL_T1', 0.002929864552206113)	('L_IFGorb', 0.0027100903448979584)	('T2', -0.0023716438425928354)	('L_SMA_T1', 0.0022068040252023907)	('L_DLPFC_T2', 0.0017161192997672463)	('lPTL_to_lIFG_T1', 0.0014083930827619806)	('lDLPFC_to_lPTL_T2', 0.0012861663534483754)	('L_SMA', 0.000838774965275155)	('L_IFGorb_T1', 0.00019301044584342373)	
