predictors	pearson_correlation	mean_squared_error	r2	
rois + act_t1 + act_t2 + conn_t1 + conn_t2 + age + T1 + T2	-0.15741062050100862	0.09135553651467543	-0.1564607123730002	('lPTL_to_lIFG_T2', 0.02759293931780841)	('rIFG_to_lIFG_T1', 0.02109602735076354)	('rIFG_to_lIFG_T2', 0.015035657525746097)	('lPTL_to_lIFG_T1', 0.014257419724273282)	('L_PTL_T2', 0.01296011062917166)	('lIFG_to_lPTL_T2', -0.012659111487804306)	('lDLPFC_to_lIFG_T2', 0.011494381413895279)	('L_IFGorb', 0.011079175116513703)	('rDLPFC_to_lIFG_T2', 0.011029716865301225)	('L_SMA', 0.010089055309263078)	('L_DLPFC_T1', 0.008477849118428802)	('L_IFGorb_T1', 0.007931826952967303)	('R_DLPFC_T2', -0.007723510385557977)	('rDLPFC_to_lPTL_T1', 0.007693279274040811)	('R_IFGorb_T1', 0.007601154656975565)	('L_DLPFC_T2', 0.007586525156696026)	('lSMA_to_lIFG_T2', -0.007158313474829568)	('T2', 0.0067379819877908765)	('R_DLPFC_T1', 0.006615313376575802)	('lSMA_to_lPTL_T1', 0.006371517770494941)	('L_PTL_T1', 0.005121507394193646)	('Age', 0.004960916172817647)	('R_IFGorb_T2', 0.004401520857755799)	('lDLPFC_to_lIFG_T1', 0.0038198608014326195)	('L_SMA_T1', -0.0030462678946034014)	('L_DLPFC', -0.002896482517926629)	('L_PTL', -0.0024028289135426205)	('lDLPFC_to_lPTL_T2', 0.0018758165177813263)	('L_IFGorb_T2', -0.0012184346045991045)	('T1', 0.0010999131255526704)	('L_SMA_T2', -0.0009505980880312127)	('rDLPFC_to_lIFG_T1', 0.00088153812601824)	('rDLPFC_to_lPTL_T2', -0.0006853097186651562)	('lDLPFC_to_lPTL_T1', 0.0006726175608793917)	('lIFG_to_lPTL_T1', -0.0005799238750037675)	('lSMA_to_lPTL_T2', -0.0005517581695414362)	('lSMA_to_lIFG_T1', -2.777360851165899e-05)	
