predictors	pearson_correlation	mean_squared_error	r2	
rois + act_t1 + act_t2 + conn_t1 + conn_t2 + age + T1 + T2	0.12890317140002183	0.08474859152639085	-0.07282404841959633	('Age', -0.023372757034018907)	('lSMA_to_lIFG_T1', 0.016671075395021703)	('rDLPFC_to_lIFG_T2', 0.01605132229154214)	('R_IFGorb_T2', 0.015498438130715327)	('lSMA_to_lPTL_T2', 0.01437502160130235)	('L_DLPFC', 0.013857740606250554)	('L_PTL', 0.011200666811985144)	('L_SMA_T2', 0.01092688162237104)	('T2', 0.01040071147934167)	('lDLPFC_to_lPTL_T2', -0.009386055208223089)	('lDLPFC_to_lPTL_T1', 0.009307731740553576)	('L_DLPFC_T1', 0.008686656346965744)	('lDLPFC_to_lIFG_T2', 0.008290174449347935)	('lIFG_to_lPTL_T2', 0.0078098055464388486)	('L_PTL_T1', 0.007250383277092156)	('L_PTL_T2', 0.006273328973117625)	('T1', -0.006141963409625465)	('L_IFGorb', 0.005416646554755165)	('L_IFGorb_T1', -0.004479123255074961)	('lPTL_to_lIFG_T1', 0.0039427302589193644)	('L_SMA', 0.003916973493498645)	('R_IFGorb_T1', -0.0038076673660615147)	('lDLPFC_to_lIFG_T1', 0.0037509638102527533)	('rDLPFC_to_lPTL_T2', -0.003600068503161005)	('R_DLPFC_T1', -0.003482762495096149)	('lSMA_to_lPTL_T1', 0.003441756104773542)	('rIFG_to_lIFG_T1', 0.0033330827576949617)	('rDLPFC_to_lIFG_T1', -0.0032352438092606186)	('lPTL_to_lIFG_T2', 0.00321558646406459)	('lIFG_to_lPTL_T1', 0.0026590812561351033)	('lSMA_to_lIFG_T2', 0.0025811953000437642)	('L_IFGorb_T2', 0.002436880090862408)	('R_DLPFC_T2', 0.002304527185766964)	('L_DLPFC_T2', -0.0020236961411986684)	('rIFG_to_lIFG_T2', -0.0008931970080809192)	('rDLPFC_to_lPTL_T1', 0.0006121811932939252)	('L_SMA_T1', 0.0005667062066615381)	
