predictors	pearson_correlation	mean_squared_error	r2	
rois + act_t1 + act_t2 + conn_t1 + conn_t2 + age + T1 + T2	-0.14715913768561115	0.10613479551784012	-0.15646855609717103	('L_PTL_T1', -0.016544319681253052)	('R_DLPFC_T2', 0.01643141436303387)	('R_IFGorb_T2', 0.01390937232089759)	('L_SMA_T1', 0.01386380202823472)	('R_DLPFC_T1', 0.013172884604815206)	('rDLPFC_to_lPTL_T1', -0.012938061228893072)	('lIFG_to_lPTL_T1', -0.012704449345436783)	('rDLPFC_to_lIFG_T1', 0.012587127327652194)	('L_PTL', -0.01207167552449918)	('lSMA_to_lPTL_T1', 0.01081550590002065)	('lPTL_to_lIFG_T2', 0.009715792184411218)	('L_DLPFC_T2', -0.00911545847670154)	('L_DLPFC_T1', -0.008871644304981602)	('rDLPFC_to_lPTL_T2', 0.008346100486179389)	('rIFG_to_lIFG_T2', 0.00797043722904499)	('R_IFGorb_T1', -0.007259316121662433)	('lDLPFC_to_lIFG_T1', -0.007059788172066001)	('lDLPFC_to_lPTL_T2', 0.007035268073879398)	('rIFG_to_lIFG_T1', -0.0065462971614991695)	('lSMA_to_lIFG_T2', 0.006393502229951027)	('lSMA_to_lPTL_T2', 0.006289687922628972)	('lDLPFC_to_lPTL_T1', 0.0059609608664909905)	('L_SMA_T2', 0.004851545619490079)	('T1', -0.00450705664967408)	('lSMA_to_lIFG_T1', -0.004403017900458718)	('L_IFGorb', 0.004309877693083188)	('L_PTL_T2', -0.004296349668168501)	('L_IFGorb_T1', 0.004227756673083051)	('T2', 0.004039723745319179)	('L_IFGorb_T2', 0.003855521190197672)	('rDLPFC_to_lIFG_T2', 0.0030894222648945252)	('L_SMA', 0.0027723959208733485)	('Age', 0.0024931639391072504)	('lPTL_to_lIFG_T1', 0.0023457923089589927)	('L_DLPFC', -0.002005782232298196)	('lDLPFC_to_lIFG_T2', -0.0003831193761496984)	('lIFG_to_lPTL_T2', 1.5785766053002234e-06)	
