predictors	pearson_correlation	mean_squared_error	r2	
rois + act_t1 + act_t2 + conn_t1 + conn_t2 + age + T1 + T2	-0.24717516353369806	0.10205616261427246	-0.11202685644697041	('rIFG_to_lIFG_T1', 0.016632863020970542)	('lPTL_to_lIFG_T2', 0.015570517982284206)	('lSMA_to_lPTL_T1', 0.013597870480371104)	('rDLPFC_to_lPTL_T1', 0.013407674970535346)	('lDLPFC_to_lPTL_T1', 0.01329482337007777)	('L_DLPFC_T2', 0.01208953777279316)	('lIFG_to_lPTL_T2', 0.01159831821846718)	('rDLPFC_to_lIFG_T1', 0.01120408288690298)	('lSMA_to_lIFG_T1', -0.009568220128215099)	('T1', 0.008285811983175023)	('Age', -0.0073487334920192835)	('L_IFGorb_T2', -0.006500265320389999)	('lSMA_to_lPTL_T2', 0.0064954996914796115)	('L_SMA', -0.006227334834115326)	('L_IFGorb', 0.0057167915069353025)	('lIFG_to_lPTL_T1', 0.005219286445501957)	('lDLPFC_to_lPTL_T2', 0.004991894604016669)	('L_PTL_T1', 0.00488513367175277)	('L_PTL', -0.004299210183604343)	('rIFG_to_lIFG_T2', 0.0041411282471577465)	('lDLPFC_to_lIFG_T2', 0.0037736512538692913)	('L_DLPFC_T1', 0.0033002930739597734)	('rDLPFC_to_lIFG_T2', -0.0030514492384557173)	('L_IFGorb_T1', 0.002871696636317946)	('lSMA_to_lIFG_T2', 0.002418987640755386)	('L_SMA_T1', 0.002235061762365701)	('T2', -0.0017994405312280121)	('R_IFGorb_T1', 0.0016677768397753057)	('lPTL_to_lIFG_T1', -0.0013903448916754882)	('rDLPFC_to_lPTL_T2', -0.001303815902202774)	('lDLPFC_to_lIFG_T1', -0.0009540330473603634)	('R_IFGorb_T2', 0.0007427504359191373)	('R_DLPFC_T2', 0.0006830675331380525)	('L_PTL_T2', -0.0006163984241789572)	('R_DLPFC_T1', 0.0006118272969816203)	('L_DLPFC', 0.000597670944934989)	('L_SMA_T2', 0.00013719940973750192)	
