predictors	pearson_correlation	mean_squared_error	r2	
rois + act_t1 + act_t2 + conn_t1 + conn_t2 + age + T1 + T2	-0.08359769171627901	0.09797535031689912	-0.06756140963265356	('L_DLPFC_T1', 0.02085922705378498)	('rDLPFC_to_lIFG_T2', 0.019920219158797905)	('L_SMA_T2', 0.018030831299444623)	('lSMA_to_lPTL_T1', -0.011615836704589504)	('R_DLPFC_T2', -0.01159582415116243)	('rDLPFC_to_lIFG_T1', 0.011246565430959135)	('lDLPFC_to_lIFG_T2', 0.01119950120038999)	('L_PTL_T1', 0.010121437431107645)	('lSMA_to_lIFG_T1', 0.008193049287823898)	('L_DLPFC_T2', 0.0074114310838193686)	('T2', 0.0073678009429945365)	('lIFG_to_lPTL_T1', 0.006212445751867422)	('L_IFGorb_T1', -0.006206845461453228)	('R_IFGorb_T2', 0.00609788789886966)	('L_IFGorb', -0.006094950302797646)	('L_PTL_T2', -0.006057130485469089)	('L_PTL', -0.0057562250130530875)	('lDLPFC_to_lPTL_T1', 0.005397246976337962)	('lSMA_to_lPTL_T2', -0.005182408628868434)	('L_SMA', 0.005159276104620168)	('lIFG_to_lPTL_T2', -0.004202855197719058)	('rIFG_to_lIFG_T1', 0.004031283315136622)	('lPTL_to_lIFG_T1', -0.003571932070253904)	('T1', 0.003531759537399899)	('R_IFGorb_T1', 0.003447877078075036)	('lPTL_to_lIFG_T2', -0.0032483266493744376)	('lDLPFC_to_lIFG_T1', 0.002983271171712086)	('rDLPFC_to_lPTL_T2', -0.0026937452520705367)	('L_IFGorb_T2', 0.0024734255921669596)	('rIFG_to_lIFG_T2', 0.002266940262808481)	('lSMA_to_lIFG_T2', 0.002005017911473377)	('Age', 0.0019069770694564664)	('L_DLPFC', -0.0014101558938179211)	('L_SMA_T1', 0.0009824184899712416)	('rDLPFC_to_lPTL_T1', 0.0008055195646295925)	('R_DLPFC_T1', -0.0006960119951731464)	('lDLPFC_to_lPTL_T2', 0.00063347816015874)	
