predictors	pearson_correlation	mean_squared_error	r2	
rois + act_t1 + act_t2 + conn_t1 + conn_t2 + age + T1 + T2	0.004650996972339153	0.08575377373855998	-0.08554855074861556	('L_PTL_T2', 0.01796543517122601)	('rDLPFC_to_lPTL_T1', 0.013039830854017989)	('lSMA_to_lIFG_T1', 0.011764910478496158)	('L_IFGorb_T2', 0.010488236657845472)	('lDLPFC_to_lIFG_T1', 0.008527188238806457)	('lPTL_to_lIFG_T1', 0.0070709629874697285)	('Age', 0.006348339640065201)	('R_IFGorb_T2', 0.005832110930788452)	('rDLPFC_to_lIFG_T2', 0.005786774588696686)	('T1', 0.00545005466403783)	('R_IFGorb_T1', -0.005207792169360669)	('L_DLPFC_T2', 0.0051735930296709105)	('rDLPFC_to_lPTL_T2', 0.004519017172633291)	('L_DLPFC', 0.004362156977902355)	('lSMA_to_lIFG_T2', 0.003939976182667194)	('lPTL_to_lIFG_T2', -0.003848712521487412)	('L_IFGorb', -0.00327956152866323)	('lSMA_to_lPTL_T1', 0.003220225222534528)	('L_SMA_T2', 0.003165386263969085)	('L_IFGorb_T1', 0.002977686337723573)	('L_SMA', 0.0026976696221101574)	('lSMA_to_lPTL_T2', -0.001947783756305084)	('R_DLPFC_T1', 0.001932687003663065)	('rIFG_to_lIFG_T1', -0.001924277769486111)	('L_DLPFC_T1', -0.0017062322453405311)	('lDLPFC_to_lIFG_T2', 0.0014744212199959434)	('L_SMA_T1', 0.0012568482967113177)	('rDLPFC_to_lIFG_T1', -0.0011455823932973851)	('T2', 0.0009008090756898592)	('lIFG_to_lPTL_T1', -0.0008390259031056225)	('L_PTL_T1', -0.0007471633772912869)	('lIFG_to_lPTL_T2', -0.0004900071490473267)	('L_PTL', 0.00047739410501846974)	('R_DLPFC_T2', 0.00033436378969159864)	('lDLPFC_to_lPTL_T2', -0.00028279892341683905)	('lDLPFC_to_lPTL_T1', 0.00025715327884952543)	('rIFG_to_lIFG_T2', 0.0)	
