predictors	pearson_correlation	mean_squared_error	r2	
rois + act_t1 + act_t2 + conn_t1 + conn_t2 + age + T1 + T2	-0.06367050240344219	0.08716156442756527	-0.1033696340150645	('lDLPFC_to_lPTL_T2', 0.01592440471417044)	('L_PTL_T1', 0.0143795845143694)	('lSMA_to_lPTL_T1', 0.013107576604684708)	('L_SMA_T2', 0.009604579402095652)	('L_PTL_T2', 0.009562046285442528)	('rDLPFC_to_lPTL_T1', 0.00902270787112727)	('lDLPFC_to_lIFG_T2', 0.008854939568727092)	('lSMA_to_lIFG_T2', 0.0083044120454476)	('L_DLPFC_T1', 0.008084026494033052)	('L_SMA_T1', 0.0079982897327138)	('rDLPFC_to_lIFG_T2', 0.0077067023811024545)	('L_IFGorb_T2', 0.007359535738526937)	('rDLPFC_to_lIFG_T1', 0.007267356319360027)	('lPTL_to_lIFG_T2', -0.005941914157871053)	('L_PTL', -0.005630388627537611)	('lIFG_to_lPTL_T2', -0.005596839645889456)	('L_DLPFC', 0.005548370448543981)	('lSMA_to_lIFG_T1', 0.0052332255274820765)	('rIFG_to_lIFG_T1', 0.004328361734588774)	('lDLPFC_to_lPTL_T1', -0.0037361000169626518)	('lPTL_to_lIFG_T1', 0.002948832039907933)	('R_DLPFC_T1', 0.0028607229506802437)	('R_DLPFC_T2', 0.0027775554560910123)	('L_SMA', 0.0027085853175041726)	('T2', -0.0026562899320020346)	('R_IFGorb_T2', -0.0022998093591817745)	('rDLPFC_to_lPTL_T2', 0.0022920949181224224)	('L_IFGorb_T1', 0.0017266109157175926)	('lDLPFC_to_lIFG_T1', 0.0014062110548261819)	('R_IFGorb_T1', -0.0013586671028709817)	('L_DLPFC_T2', -0.0012980789558430378)	('lSMA_to_lPTL_T2', -0.0011698000499656988)	('Age', 0.00042844688086005663)	('lIFG_to_lPTL_T1', 0.0003337244529750526)	('rIFG_to_lIFG_T2', -0.00028682767128146783)	('T1', -0.00021896948807030665)	('L_IFGorb', -3.20105155797602e-05)	
