predictors	pearson_correlation	mean_squared_error	r2	
rois + act_t1 + act_t2 + conn_t1 + conn_t2 + age + T1 + T2	-0.007805854632474768	0.08744941485201786	-0.10701350410350541	('lDLPFC_to_lPTL_T2', 0.01615782242192826)	('L_DLPFC_T2', 0.015271736468781015)	('lSMA_to_lPTL_T1', 0.014435501209051422)	('lSMA_to_lPTL_T2', 0.014191634992867304)	('rDLPFC_to_lPTL_T2', 0.013163905785525851)	('lSMA_to_lIFG_T2', 0.01298893894223168)	('T1', 0.011903597363881297)	('R_DLPFC_T1', 0.011276926444459556)	('lDLPFC_to_lPTL_T1', 0.010880686185495585)	('L_PTL_T2', 0.01085792377402799)	('rIFG_to_lIFG_T2', 0.010850318395646534)	('L_DLPFC_T1', 0.009605288084113926)	('L_IFGorb_T2', 0.009263292285157645)	('L_IFGorb', 0.008799216307923359)	('lDLPFC_to_lIFG_T1', 0.008699196180839442)	('R_DLPFC_T2', 0.008637173255469553)	('Age', 0.007433625424074241)	('rDLPFC_to_lIFG_T1', -0.006708659309982763)	('L_PTL', 0.006226545059589024)	('T2', -0.005559588990254414)	('lSMA_to_lIFG_T1', 0.005521757214034481)	('lDLPFC_to_lIFG_T2', 0.004432267703340287)	('L_SMA', 0.0038228139543701476)	('lIFG_to_lPTL_T1', 0.0036019860575095433)	('L_IFGorb_T1', -0.0031883639995126767)	('R_IFGorb_T1', 0.003067179676641069)	('rDLPFC_to_lIFG_T2', 0.0026357217728631495)	('lPTL_to_lIFG_T2', 0.0021296378974926776)	('L_PTL_T1', -0.0020494143057126052)	('lPTL_to_lIFG_T1', 0.001968915503481994)	('L_SMA_T1', 0.0017512267562456048)	('lIFG_to_lPTL_T2', 0.0011944433292439337)	('rIFG_to_lIFG_T1', 0.0010004954512936033)	('L_SMA_T2', -0.0008270450033433739)	('R_IFGorb_T2', -0.0007177856539514821)	('L_DLPFC', -0.00032425087631555234)	('rDLPFC_to_lPTL_T1', -0.00024671172924660813)	
