predictors	pearson_correlation	mean_squared_error	r2	
rois + act_t1 + act_t2 + conn_t1 + conn_t2 + age + T1 + T2	0.05554038925152152	0.09303411857936698	-0.013720639459550599	('lDLPFC_to_lIFG_T2', 0.023686645687524984)	('L_IFGorb', 0.019405019376672092)	('R_IFGorb_T1', -0.01704812299891708)	('Age', 0.013415648221715053)	('rIFG_to_lIFG_T2', -0.013303647039703968)	('R_IFGorb_T2', 0.01141287339783439)	('L_DLPFC_T1', 0.010358764464316843)	('L_IFGorb_T1', 0.010050836024126344)	('L_SMA', 0.008293239719956765)	('rDLPFC_to_lPTL_T1', 0.008015775435419906)	('lSMA_to_lPTL_T2', 0.007733353775212151)	('lPTL_to_lIFG_T2', 0.007566481530294011)	('lDLPFC_to_lIFG_T1', 0.006940993807134014)	('lSMA_to_lPTL_T1', -0.00693638416376423)	('lIFG_to_lPTL_T1', 0.0057265135123875715)	('L_SMA_T2', 0.005360165592512814)	('lDLPFC_to_lPTL_T1', 0.00531092787984275)	('lSMA_to_lIFG_T2', 0.004768906931780815)	('T1', 0.0044020227659192284)	('lDLPFC_to_lPTL_T2', -0.004399106646456695)	('L_DLPFC_T2', 0.0041948077872032905)	('rIFG_to_lIFG_T1', 0.004121177053744489)	('lPTL_to_lIFG_T1', 0.004116170420830024)	('lSMA_to_lIFG_T1', 0.003920353126890033)	('L_SMA_T1', 0.003917988314472016)	('L_DLPFC', 0.003526741611886131)	('L_IFGorb_T2', 0.00349395143213644)	('rDLPFC_to_lIFG_T2', -0.0034344798296371366)	('lIFG_to_lPTL_T2', 0.003201930865399146)	('R_DLPFC_T1', 0.0027601872976232007)	('rDLPFC_to_lPTL_T2', -0.0026880117992293924)	('rDLPFC_to_lIFG_T1', 0.00243467960471037)	('L_PTL_T1', 0.0023830080874255822)	('R_DLPFC_T2', 0.001967356131225684)	('L_PTL', -0.001310451162311674)	('T2', 0.0012455325196215896)	('L_PTL_T2', -0.0007347904513993225)	
