predictors	pearson_correlation	mean_squared_error	r2	
rois + act_t1 + act_t2 + conn_t1 + conn_t2 + age + T1 + T2	0.19927052212874355	0.08819854628526985	0.03896884170045234	('R_DLPFC_T1', 0.009339208242155837)	('L_IFGorb', 0.008598816805430953)	('L_IFGorb_T2', 0.0084994640648937)	('lPTL_to_lIFG_T2', 0.007704895996046863)	('lIFG_to_lPTL_T1', 0.007650707942525263)	('rDLPFC_to_lPTL_T1', 0.007302240314857539)	('lIFG_to_lPTL_T2', 0.007237610904935908)	('L_SMA_T2', -0.0066138096292779535)	('rDLPFC_to_lIFG_T2', -0.006530198356886771)	('lSMA_to_lIFG_T2', -0.006289205928725452)	('lDLPFC_to_lPTL_T1', -0.006055836437076619)	('L_DLPFC_T1', 0.005486106609306666)	('L_PTL_T2', 0.005222736253637476)	('lDLPFC_to_lPTL_T2', 0.004748942835661683)	('R_IFGorb_T2', 0.0047044054497462845)	('T2', 0.004620616889048402)	('lDLPFC_to_lIFG_T2', 0.004590896577913836)	('L_SMA', -0.004444862139047479)	('lSMA_to_lPTL_T1', 0.004294696915928957)	('rIFG_to_lIFG_T1', 0.0036135331354295395)	('L_SMA_T1', -0.0033493999156610403)	('L_IFGorb_T1', 0.003230899559334062)	('L_PTL', 0.003210356572267965)	('rIFG_to_lIFG_T2', -0.003132238025605656)	('R_IFGorb_T1', -0.0025679044557749137)	('L_PTL_T1', 0.0025185286077951357)	('lPTL_to_lIFG_T1', 0.0022062373252264684)	('L_DLPFC', 0.0021974133946538895)	('L_DLPFC_T2', -0.0017700004802115026)	('lSMA_to_lIFG_T1', 0.0014052401663905952)	('Age', -0.001151496544434596)	('lDLPFC_to_lIFG_T1', 0.000964947494029689)	('rDLPFC_to_lPTL_T2', -0.0009349746670504846)	('T1', 0.0007557878788075242)	('lSMA_to_lPTL_T2', -0.0004078952423580407)	('R_DLPFC_T2', 4.843697640029093e-05)	('rDLPFC_to_lIFG_T1', 4.4136858196531125e-05)	
