predictors	pearson_correlation	mean_squared_error	r2	
rois + act_t1 + act_t2 + conn_t1 + conn_t2 + age + T1 + T2	0.06262674517903415	0.10207872039035731	-0.11227265103874706	('R_DLPFC_T1', -0.03557564698862124)	('rIFG_to_lIFG_T2', -0.022704747123385802)	('lSMA_to_lIFG_T2', 0.022327598641834888)	('Age', 0.022032816964209587)	('T1', 0.02042814679408914)	('lPTL_to_lIFG_T1', 0.019004534981849543)	('L_PTL_T1', 0.01837052833033848)	('rIFG_to_lIFG_T1', 0.016385459155774565)	('lDLPFC_to_lPTL_T2', 0.016270903051254185)	('L_SMA_T1', 0.016132213549797866)	('lSMA_to_lPTL_T2', 0.015662896131014306)	('L_DLPFC', -0.013787235168976822)	('lIFG_to_lPTL_T2', -0.013567701436774115)	('L_IFGorb_T2', 0.011396614800211834)	('lSMA_to_lIFG_T1', 0.011314024157199832)	('L_PTL_T2', -0.00987768120263197)	('L_SMA', 0.009598688388700198)	('R_DLPFC_T2', -0.008006151036754398)	('lDLPFC_to_lIFG_T1', 0.007630257279317927)	('R_IFGorb_T1', -0.006256370307968727)	('R_IFGorb_T2', 0.005927607343884469)	('L_PTL', 0.0055776043589427105)	('lSMA_to_lPTL_T1', 0.005467973782915853)	('L_IFGorb_T1', 0.00528631422139398)	('L_SMA_T2', 0.004327043359985729)	('rDLPFC_to_lIFG_T1', -0.004251386189210845)	('rDLPFC_to_lPTL_T2', 0.004248161186931873)	('lDLPFC_to_lPTL_T1', 0.0042132043756459)	('lDLPFC_to_lIFG_T2', 0.0038039136024270084)	('lIFG_to_lPTL_T1', -0.0032336198063550167)	('L_IFGorb', 0.003135938421762321)	('L_DLPFC_T1', 0.0028291026292896902)	('T2', 0.002808808072182343)	('rDLPFC_to_lPTL_T1', 0.002242009411420414)	('rDLPFC_to_lIFG_T2', 0.0018983703950870726)	('L_DLPFC_T2', 0.0016011095318566875)	('lPTL_to_lIFG_T2', 3.007911363525548e-05)	
