predictors	pearson_correlation	mean_squared_error	r2	
rois + act_t1 + act_t2 + conn_t1 + conn_t2 + age + T1 + T2	-0.10515599392452755	0.08927795494789001	-0.13016081254862866	('L_DLPFC_T2', 0.01904358370925656)	('L_SMA_T2', 0.016247397520229023)	('L_DLPFC_T1', 0.013468515766643091)	('L_PTL_T1', 0.01280637590500516)	('lPTL_to_lIFG_T2', 0.011154180310517183)	('Age', 0.008328869898234465)	('lPTL_to_lIFG_T1', -0.007072990691371821)	('lSMA_to_lPTL_T1', -0.006708149893583714)	('rDLPFC_to_lIFG_T2', 0.006672622519140604)	('rIFG_to_lIFG_T1', 0.006608353650966563)	('L_SMA', 0.006451250612176513)	('lDLPFC_to_lIFG_T2', -0.006119288478167888)	('R_IFGorb_T1', -0.006083180124501649)	('L_IFGorb', 0.005984706522382859)	('lSMA_to_lIFG_T2', -0.005661350873315794)	('rDLPFC_to_lPTL_T1', 0.005326661273073331)	('L_SMA_T1', 0.0045305735095864325)	('L_DLPFC', -0.004511782902602105)	('R_DLPFC_T1', 0.0043476152851560056)	('T1', -0.0041223675921242126)	('T2', 0.0040817760588702035)	('R_IFGorb_T2', -0.003767877125681026)	('rIFG_to_lIFG_T2', 0.0035389536329890406)	('R_DLPFC_T2', -0.0029455725397641427)	('lSMA_to_lIFG_T1', -0.0027823177303286954)	('rDLPFC_to_lPTL_T2', 0.00261556614861519)	('lDLPFC_to_lIFG_T1', 0.002536474837929496)	('lDLPFC_to_lPTL_T1', -0.002202206644801993)	('lDLPFC_to_lPTL_T2', 0.0021757365749401673)	('L_PTL_T2', 0.001830852750466424)	('lIFG_to_lPTL_T2', -0.001620428885135256)	('lIFG_to_lPTL_T1', 0.0015838510345392402)	('lSMA_to_lPTL_T2', -0.0008390485645402917)	('L_IFGorb_T1', 0.0006937741390662329)	('L_IFGorb_T2', 0.0006274407919297449)	('L_PTL', -0.0004761270218226508)	('rDLPFC_to_lIFG_T1', -9.089580735736496e-06)	
