predictors	pearson_correlation	mean_squared_error	r2	
rois + act_t1 + act_t2 + conn_t1 + conn_t2 + age + T1 + T2	0.0695251291278342	0.10794439138205446	-0.17618631883461	('L_DLPFC', -0.023711963994656922)	('rIFG_to_lIFG_T2', 0.022099722476825692)	('T2', -0.01762262628919825)	('lSMA_to_lPTL_T2', 0.01688182741636782)	('L_DLPFC_T1', 0.01463982248799574)	('R_DLPFC_T1', -0.01435540439053423)	('rDLPFC_to_lPTL_T1', 0.013710501539210801)	('Age', 0.012883895403241676)	('lPTL_to_lIFG_T2', 0.01190963905996658)	('R_DLPFC_T2', -0.011280262188205119)	('L_PTL_T1', 0.010805204564575307)	('L_IFGorb_T2', 0.008937100199769815)	('R_IFGorb_T1', 0.008817619552588212)	('lSMA_to_lIFG_T1', 0.008439470625118817)	('lIFG_to_lPTL_T1', 0.007351943028949289)	('lDLPFC_to_lIFG_T2', -0.00672059058361078)	('lSMA_to_lIFG_T2', 0.006541698810410811)	('lIFG_to_lPTL_T2', -0.006358954245780081)	('L_DLPFC_T2', 0.006060942331793875)	('lDLPFC_to_lPTL_T1', -0.005982790048389856)	('R_IFGorb_T2', 0.005770324479306802)	('L_SMA_T2', -0.005350210178242129)	('L_PTL', -0.004762665578705674)	('rIFG_to_lIFG_T1', 0.004603122485950021)	('L_PTL_T2', 0.004224100100224333)	('lSMA_to_lPTL_T1', 0.0037518651556956236)	('rDLPFC_to_lIFG_T2', 0.0036370128004803316)	('rDLPFC_to_lPTL_T2', -0.0031457634424539253)	('L_IFGorb', -0.0030805155815037373)	('L_SMA_T1', -0.0027885633918707507)	('L_SMA', 0.0026034768852061566)	('rDLPFC_to_lIFG_T1', 0.0014244086263172976)	('L_IFGorb_T1', 0.0011585635374568744)	('lDLPFC_to_lPTL_T2', 0.0008952355865608221)	('T1', 0.00045236455930827804)	('lDLPFC_to_lIFG_T1', -0.00028597204391755493)	('lPTL_to_lIFG_T1', -0.00027783457220418944)	
