predictors	pearson_correlation	mean_squared_error	r2	
rois + act_t1 + act_t2 + conn_t1 + conn_t2 + age + T1 + T2	0.34203357764382913	0.08181582802447868	0.108516372602243	('rIFG_to_lIFG_T2', 0.029054895853392666)	('L_DLPFC_T2', 0.020333271653191067)	('L_PTL_T1', 0.01760143332029237)	('R_DLPFC_T1', 0.01632973883636898)	('L_IFGorb_T1', 0.014108518625796231)	('lIFG_to_lPTL_T1', 0.01410334223239023)	('rDLPFC_to_lIFG_T2', 0.013621676713191285)	('lIFG_to_lPTL_T2', 0.011139220855254515)	('lDLPFC_to_lPTL_T2', 0.010926920041444662)	('L_SMA_T2', 0.010242110015311634)	('rDLPFC_to_lPTL_T1', 0.009453709951379554)	('Age', 0.008020575173829732)	('R_IFGorb_T2', 0.007498650326059029)	('rDLPFC_to_lPTL_T2', 0.007115772985250706)	('L_IFGorb_T2', -0.006720157665837873)	('lDLPFC_to_lPTL_T1', -0.006696341839496307)	('L_SMA', -0.0066494221204507955)	('lSMA_to_lIFG_T1', 0.006098408697918775)	('L_PTL', -0.004874515605227935)	('T2', -0.004724967276597252)	('lPTL_to_lIFG_T1', -0.004621989228338476)	('L_DLPFC_T1', 0.004001197235815078)	('lSMA_to_lPTL_T1', 0.003996871407860684)	('L_DLPFC', -0.0035704841153255144)	('L_IFGorb', -0.0032235662727488745)	('T1', -0.0032075990588298882)	('rIFG_to_lIFG_T1', 0.0026515773507831764)	('lDLPFC_to_lIFG_T2', 0.002583548005241921)	('lPTL_to_lIFG_T2', -0.0024105930277081825)	('R_DLPFC_T2', 0.0021530839995467163)	('lSMA_to_lIFG_T2', -0.001436058161996463)	('R_IFGorb_T1', 0.0008003622077910813)	('L_SMA_T1', -0.0006657811741356636)	('rDLPFC_to_lIFG_T1', -0.0006645521084296165)	('lDLPFC_to_lIFG_T1', -0.00048530349586243827)	('L_PTL_T2', -0.0004808312176138941)	('lSMA_to_lPTL_T2', -9.78743999922117e-05)	
