predictors	pearson_correlation	mean_squared_error	r2	
rois + act_t1 + act_t2 + conn_t1 + conn_t2 + age + T1 + T2	-0.3606741839264892	0.1194597631053664	-0.30166039399351763	('lDLPFC_to_lPTL_T2', 0.014184743758248351)	('L_IFGorb_T1', 0.013978154513654395)	('T2', 0.011087141708309843)	('rIFG_to_lIFG_T1', 0.010842053038572831)	('lDLPFC_to_lPTL_T1', 0.0098688746179567)	('L_IFGorb', 0.009179459866983024)	('L_SMA_T1', 0.008836825928357724)	('T1', 0.0086359698786064)	('lPTL_to_lIFG_T2', 0.00862622192304332)	('L_IFGorb_T2', -0.007786488503574435)	('L_PTL_T2', -0.007241982824819517)	('L_DLPFC_T1', 0.007169934912443044)	('rDLPFC_to_lIFG_T2', 0.006959599634719791)	('R_IFGorb_T1', -0.006855084897599187)	('rDLPFC_to_lPTL_T2', 0.006524517344050339)	('L_SMA_T2', 0.006235779269484704)	('lIFG_to_lPTL_T2', -0.005817085321171371)	('lSMA_to_lIFG_T1', 0.005771776155620045)	('lPTL_to_lIFG_T1', 0.005597764690147591)	('L_PTL', 0.005423163335873895)	('lSMA_to_lIFG_T2', 0.005220360351389198)	('lSMA_to_lPTL_T2', 0.004392254440631579)	('L_DLPFC_T2', -0.003269149661540746)	('rIFG_to_lIFG_T2', 0.0030795700483379966)	('L_SMA', -0.0026022158025790602)	('R_DLPFC_T2', 0.0021682977725014313)	('lIFG_to_lPTL_T1', 0.0019822733349660624)	('rDLPFC_to_lIFG_T1', 0.001625690773322241)	('L_PTL_T1', -0.0011438699384955335)	('rDLPFC_to_lPTL_T1', 0.001095000543888908)	('lSMA_to_lPTL_T1', 0.0010652910461249067)	('R_DLPFC_T1', -0.0010624376146677545)	('lDLPFC_to_lIFG_T2', -0.00042433716004701264)	('R_IFGorb_T2', -0.000327091640151251)	('Age', 0.00020405944375006854)	('L_DLPFC', -0.00010142153180714211)	('lDLPFC_to_lIFG_T1', 8.150540676551321e-05)	
