predictors	pearson_correlation	mean_squared_error	r2	
rois + act_t1 + act_t2 + conn_t1 + conn_t2 + age + T1 + T2	-0.5487055070975094	0.09247186559913045	-0.1705922119788743	('L_IFGorb_T1', 0.020681535939870863)	('rIFG_to_lIFG_T2', 0.01797166262283206)	('lSMA_to_lPTL_T1', 0.013427288586004706)	('R_IFGorb_T2', -0.010842681806326944)	('lSMA_to_lIFG_T2', 0.008513559647235883)	('lSMA_to_lPTL_T2', 0.008288985733471681)	('lDLPFC_to_lIFG_T1', 0.00798299082797839)	('R_DLPFC_T2', -0.007398675775005542)	('L_IFGorb', 0.007240505874623425)	('lPTL_to_lIFG_T1', 0.006577766617085616)	('lDLPFC_to_lIFG_T2', 0.006423899441502688)	('L_SMA', 0.0063996622548191185)	('L_DLPFC_T1', 0.005244343015148761)	('R_IFGorb_T1', -0.005092382788877948)	('L_PTL_T1', 0.004350181472776561)	('L_DLPFC_T2', 0.0037291573268383137)	('lDLPFC_to_lPTL_T1', 0.003532504954810404)	('L_IFGorb_T2', 0.0032654878422943676)	('lIFG_to_lPTL_T2', 0.002951063566097159)	('R_DLPFC_T1', 0.0025724344908813444)	('L_PTL', 0.002334021660302421)	('rDLPFC_to_lIFG_T2', 0.0018339323096209805)	('L_SMA_T2', 0.0018049818729491028)	('L_SMA_T1', 0.0017217146868022096)	('rIFG_to_lIFG_T1', -0.0016251721953250563)	('rDLPFC_to_lPTL_T1', -0.0015307327123917623)	('L_DLPFC', 0.0014622759469058231)	('lDLPFC_to_lPTL_T2', 0.001375789887732421)	('rDLPFC_to_lIFG_T1', 0.0013186147288965142)	('L_PTL_T2', 0.0012221607400635557)	('lIFG_to_lPTL_T1', 0.0012179899970689257)	('Age', 0.0011474807956246963)	('lPTL_to_lIFG_T2', -0.0010569288618598714)	('T2', -0.001024585303374918)	('rDLPFC_to_lPTL_T2', -0.0008891218043528129)	('lSMA_to_lIFG_T1', -0.00035975950932393104)	('T1', -1.5821884629839444e-05)	
