predictors	pearson_correlation	mean_squared_error	r2	
rois + act_t1 + act_t2 + conn_t1 + conn_t2 + age + T1 + T2	-0.1743763895700056	0.10140424457630437	-0.1049234111688766	('rDLPFC_to_lIFG_T2', -0.027861457303213783)	('L_SMA_T2', -0.02751950788643663)	('R_DLPFC_T2', -0.024803618650831662)	('R_IFGorb_T1', -0.020921877793696038)	('rIFG_to_lIFG_T1', 0.02021451945080928)	('L_DLPFC_T1', 0.01858971302943077)	('lIFG_to_lPTL_T2', 0.016198480793325365)	('lDLPFC_to_lPTL_T2', -0.01462742378417021)	('lSMA_to_lIFG_T2', 0.01438577296146966)	('R_IFGorb_T2', 0.012167735069248295)	('T1', 0.011721485099003863)	('L_SMA', 0.010547752918913926)	('rDLPFC_to_lPTL_T1', -0.0104754391746909)	('lIFG_to_lPTL_T1', 0.010100619427881909)	('L_DLPFC', 0.009386771079461417)	('lDLPFC_to_lIFG_T1', -0.009031837753224381)	('rIFG_to_lIFG_T2', 0.008273547935245599)	('L_SMA_T1', 0.006261959867335171)	('T2', -0.005768380159702389)	('L_IFGorb_T2', 0.005502115582110874)	('lDLPFC_to_lIFG_T2', -0.005033249515926244)	('lDLPFC_to_lPTL_T1', 0.004999957963729313)	('rDLPFC_to_lPTL_T2', 0.004962947039368795)	('L_PTL_T2', 0.004134627582675035)	('L_PTL_T1', -0.004025794211260288)	('L_IFGorb', 0.002973219543944908)	('lSMA_to_lIFG_T1', -0.002199073604090174)	('rDLPFC_to_lIFG_T1', -0.0020343968377681053)	('lSMA_to_lPTL_T1', 0.0018984620913839877)	('lPTL_to_lIFG_T2', 0.0018560103756700454)	('L_PTL', -0.0014660039006343852)	('L_DLPFC_T2', 0.0013133553205944735)	('lSMA_to_lPTL_T2', 0.0011591043032884336)	('lPTL_to_lIFG_T1', -0.0009274630472069993)	('L_IFGorb_T1', -0.0008811379589352151)	('R_DLPFC_T1', 0.0003702700204731443)	('Age', 0.0003488729833333244)	
