predictors	pearson_correlation	mean_squared_error	r2	
rois + act_t1 + act_t2 + conn_t1 + conn_t2 + age + T1 + T2	-0.2604114143826264	0.08335704429609225	-0.05520858949233953	('lPTL_to_lIFG_T2', 0.016825488313249398)	('L_SMA_T1', 0.012596346954080209)	('lSMA_to_lPTL_T2', -0.010523483191930036)	('L_PTL_T2', 0.00938538947308547)	('L_IFGorb', 0.007964713320544384)	('lSMA_to_lPTL_T1', 0.007182020481074992)	('L_PTL', 0.007006313045162448)	('rDLPFC_to_lIFG_T1', 0.005763138382443884)	('L_DLPFC', 0.004853062829313262)	('lDLPFC_to_lIFG_T1', 0.0046900234459685535)	('lSMA_to_lIFG_T1', 0.004070009407615403)	('L_IFGorb_T2', 0.004053552429593852)	('lDLPFC_to_lPTL_T2', -0.004050585979923305)	('L_PTL_T1', -0.003805446767964152)	('rDLPFC_to_lPTL_T1', 0.0037917168374501896)	('R_DLPFC_T1', 0.0036855803244357356)	('rDLPFC_to_lIFG_T2', 0.0036534508989618302)	('lSMA_to_lIFG_T2', -0.0032213479826849827)	('lIFG_to_lPTL_T2', 0.0027828557335740586)	('lDLPFC_to_lIFG_T2', 0.0027123933705112528)	('L_IFGorb_T1', -0.0021503381958195567)	('lIFG_to_lPTL_T1', 0.0020293363080458957)	('rDLPFC_to_lPTL_T2', -0.001751699035055294)	('R_IFGorb_T2', 0.0015761288155219397)	('L_DLPFC_T2', 0.0015005932334696708)	('rIFG_to_lIFG_T1', 0.001321706183256765)	('T2', -0.0013202417196319122)	('R_IFGorb_T1', 0.0011970266060202493)	('rIFG_to_lIFG_T2', -0.0011176416275344703)	('lPTL_to_lIFG_T1', 0.0008850677330921311)	('L_SMA', 0.0006453450401208751)	('T1', -0.0005258016383958332)	('Age', -0.0004164777532046713)	('L_SMA_T2', 0.00033200690548546165)	('R_DLPFC_T2', 0.00017562721090119457)	('L_DLPFC_T1', -8.772205072188276e-05)	('lDLPFC_to_lPTL_T1', 7.785329428945377e-05)	
