predictors	pearson_correlation	mean_squared_error	r2	
rois + act_t1 + act_t2 + conn_t1 + conn_t2 + age + T1 + T2	-0.02045717733908382	0.08537230381769113	-0.08071956070304798	('lSMA_to_lPTL_T2', 0.024819814694321814)	('L_SMA_T2', 0.021624095333081614)	('L_IFGorb', 0.019248169426919922)	('lDLPFC_to_lIFG_T1', 0.01875228372439078)	('L_DLPFC_T1', 0.018731769657002736)	('lSMA_to_lIFG_T1', -0.01861595676666013)	('L_PTL_T1', 0.014532257991073721)	('L_PTL', 0.012673045581777669)	('rIFG_to_lIFG_T1', -0.012220465742875648)	('T1', -0.010571780126149025)	('L_PTL_T2', 0.010058144265741243)	('R_DLPFC_T1', 0.008913258146901935)	('R_IFGorb_T1', 0.008067914070803695)	('L_IFGorb_T2', 0.007997578115813954)	('rDLPFC_to_lIFG_T1', 0.007925027045151143)	('R_DLPFC_T2', -0.006927652200368369)	('rDLPFC_to_lPTL_T2', 0.0060076882679717045)	('lDLPFC_to_lIFG_T2', 0.0055596300046739985)	('rIFG_to_lIFG_T2', 0.0050946313443146676)	('L_SMA', 0.004955981739427962)	('lPTL_to_lIFG_T2', -0.004891971876329933)	('Age', -0.004871703148718399)	('L_DLPFC_T2', 0.003771984442657548)	('lIFG_to_lPTL_T1', -0.0034846588744589548)	('R_IFGorb_T2', 0.0033310214491510492)	('L_SMA_T1', -0.002846179623521176)	('lDLPFC_to_lPTL_T2', 0.0023603980366461354)	('L_DLPFC', -0.002006354691792836)	('rDLPFC_to_lPTL_T1', -0.001975343336711502)	('lSMA_to_lPTL_T1', 0.0015061440439436582)	('lDLPFC_to_lPTL_T1', 0.0009663676555774244)	('rDLPFC_to_lIFG_T2', 0.0006129240179448299)	('L_IFGorb_T1', -0.0005084712676592544)	('lSMA_to_lIFG_T2', -0.00046955356128483935)	('lPTL_to_lIFG_T1', 0.0002810543940904291)	('T2', -0.00027767582927854033)	('lIFG_to_lPTL_T2', 0.00014538859312889223)	
