predictors	pearson_correlation	mean_squared_error	r2	
rois + act_t1 + act_t2 + conn_t1 + conn_t2 + age + T1 + T2	0.13487831800643904	0.0789860334085662	0.00012360555165202847	('lDLPFC_to_lIFG_T1', 0.015444675996388777)	('L_PTL_T1', 0.015019357825472512)	('L_DLPFC_T1', 0.014643811104189842)	('lDLPFC_to_lPTL_T2', 0.011854451560318056)	('lSMA_to_lIFG_T2', 0.011546127767026912)	('lDLPFC_to_lIFG_T2', -0.011148845382252715)	('L_DLPFC_T2', 0.010012126049954466)	('L_IFGorb_T2', 0.009390615275711202)	('lDLPFC_to_lPTL_T1', 0.008650719415140978)	('lSMA_to_lPTL_T1', 0.008544985241803377)	('R_DLPFC_T1', -0.007479660183149277)	('lSMA_to_lIFG_T1', 0.0071030134847505765)	('L_SMA_T1', 0.006709406974585096)	('Age', 0.006631971168715211)	('lIFG_to_lPTL_T1', 0.0056000984709093414)	('rDLPFC_to_lIFG_T1', 0.00491857615873198)	('lIFG_to_lPTL_T2', -0.004245731969476087)	('T1', 0.0042401421456861165)	('L_IFGorb', -0.003803901134261611)	('rDLPFC_to_lPTL_T2', 0.002797305616356118)	('L_PTL', 0.002691596616012747)	('rDLPFC_to_lPTL_T1', -0.002644318587416393)	('L_IFGorb_T1', 0.0026401548818089093)	('R_IFGorb_T2', 0.0024658702752911868)	('R_IFGorb_T1', 0.0024020560744906945)	('R_DLPFC_T2', 0.0023966789556641357)	('rIFG_to_lIFG_T2', 0.002332292638935585)	('T2', 0.0021820491775369623)	('lSMA_to_lPTL_T2', -0.001865241292087137)	('rDLPFC_to_lIFG_T2', -0.0017905136649342462)	('rIFG_to_lIFG_T1', 0.001666485449782742)	('lPTL_to_lIFG_T2', 0.0012418988501071068)	('L_PTL_T2', 0.0011616464911137004)	('L_DLPFC', 0.0010554543871840942)	('L_SMA', 0.0005462147153445127)	('L_SMA_T2', 0.0002759170814967831)	('lPTL_to_lIFG_T1', 4.515595101369663e-05)	
