predictors	pearson_correlation	mean_squared_error	r2	
rois + act_t1 + act_t2 + conn_t1 + conn_t2 + age + T1 + T2	-0.05001925229769887	0.08543836481197396	-0.08155582030397657	('L_SMA_T1', 0.018057182588881518)	('lSMA_to_lPTL_T2', 0.01637047555031383)	('L_IFGorb_T2', 0.01225933043981372)	('L_DLPFC_T1', 0.011091956199424907)	('lDLPFC_to_lIFG_T2', 0.010573845952021967)	('T1', 0.00968719419765614)	('lSMA_to_lIFG_T1', 0.008328913300479236)	('rDLPFC_to_lIFG_T2', -0.008294379946580126)	('lPTL_to_lIFG_T1', 0.007611475293945182)	('lDLPFC_to_lPTL_T2', -0.0071334397021250275)	('rDLPFC_to_lPTL_T1', -0.006292975154593288)	('R_DLPFC_T2', 0.005802740816306772)	('L_SMA', 0.005711141049170626)	('L_IFGorb', 0.005422387426446826)	('lSMA_to_lIFG_T2', -0.004240648996198401)	('R_DLPFC_T1', 0.004235680233253407)	('L_PTL', -0.003988687709990145)	('L_DLPFC_T2', 0.0036238515360996035)	('lDLPFC_to_lIFG_T1', -0.0035346849411319542)	('L_PTL_T2', 0.003346862597124846)	('rIFG_to_lIFG_T1', -0.0030531970408540126)	('T2', 0.0030445082993045347)	('lSMA_to_lPTL_T1', 0.002748648941582444)	('L_DLPFC', 0.0026372314500285516)	('Age', 0.002556114825125074)	('lIFG_to_lPTL_T2', 0.002514084600448389)	('lPTL_to_lIFG_T2', 0.002415530306542108)	('lDLPFC_to_lPTL_T1', -0.0014412985616411734)	('L_PTL_T1', 0.0013658050096911393)	('L_IFGorb_T1', 0.001293814333099177)	('rDLPFC_to_lIFG_T1', -0.0010219101100473497)	('rDLPFC_to_lPTL_T2', -0.0009000567597456251)	('lIFG_to_lPTL_T1', -0.0007242118155076056)	('rIFG_to_lIFG_T2', -0.0006580976048237339)	('L_SMA_T2', 0.0002565364254512191)	('R_IFGorb_T2', -0.0002191845100288474)	('R_IFGorb_T1', -0.00011450243019379715)	
