predictors	pearson_correlation	mean_squared_error	r2	
rois + act_t1 + act_t2 + conn_t1 + conn_t2 + age + T1 + T2	-0.35153985222174566	0.127637905943472	-0.39077127410964896	('lSMA_to_lIFG_T1', 0.02373376746501279)	('rIFG_to_lIFG_T1', 0.01934853388429396)	('L_PTL', 0.019324228767723533)	('L_SMA', 0.01921539189338272)	('L_DLPFC_T1', 0.017621705868774314)	('lDLPFC_to_lIFG_T1', 0.015738236717989736)	('lSMA_to_lIFG_T2', -0.014133907893248188)	('L_SMA_T2', 0.012061898231686916)	('lIFG_to_lPTL_T2', 0.010522795514833315)	('R_IFGorb_T2', 0.010173047231135374)	('lDLPFC_to_lIFG_T2', -0.010112459395820807)	('L_IFGorb_T1', -0.009979411450272747)	('L_SMA_T1', 0.008795091901492493)	('lDLPFC_to_lPTL_T1', -0.008473241058468688)	('lIFG_to_lPTL_T1', 0.008467664737306821)	('R_IFGorb_T1', 0.008160162390566104)	('lDLPFC_to_lPTL_T2', 0.007419934263344474)	('rDLPFC_to_lIFG_T1', 0.006714386113316472)	('T1', 0.006652276108492559)	('lSMA_to_lPTL_T2', 0.006487693209562364)	('L_IFGorb_T2', 0.005874189792093061)	('L_PTL_T2', -0.0056350595068507)	('rDLPFC_to_lIFG_T2', -0.005536963749579667)	('Age', 0.005381534984644426)	('R_DLPFC_T2', -0.004569974771954281)	('rDLPFC_to_lPTL_T1', -0.004144643109420944)	('lPTL_to_lIFG_T2', 0.0035400736985504947)	('L_PTL_T1', 0.003424441610984243)	('L_DLPFC_T2', -0.0033985100263540175)	('L_DLPFC', -0.0033049497161472072)	('lPTL_to_lIFG_T1', -0.002614575670033172)	('rIFG_to_lIFG_T2', 0.0021653403526647836)	('lSMA_to_lPTL_T1', -0.0020760462247126008)	('T2', 0.0015804855545555245)	('rDLPFC_to_lPTL_T2', -0.0015156005685430397)	('L_IFGorb', -0.0014256905333374361)	('R_DLPFC_T1', -6.434166437708412e-08)	
