predictors	pearson_correlation	mean_squared_error	r2	
rois + act_t1 + act_t2 + conn_t1 + conn_t2 + age + T1 + T2	-0.08177128210821766	0.08326355323047503	-0.05402509532801125	('R_DLPFC_T2', 0.013883373939907545)	('Age', 0.013309708492901352)	('rDLPFC_to_lPTL_T1', 0.01167374084375522)	('lDLPFC_to_lIFG_T2', -0.01106417574500715)	('L_PTL_T1', 0.01071952909417315)	('L_PTL', 0.008879268815939222)	('L_SMA_T1', 0.008573660486788386)	('L_SMA', 0.008538754852446869)	('T1', 0.008461624260734118)	('lPTL_to_lIFG_T2', -0.008300855192585051)	('lSMA_to_lIFG_T1', 0.008021378294744861)	('L_IFGorb_T2', 0.00772793943088001)	('L_SMA_T2', 0.005912793372701322)	('L_DLPFC_T1', -0.005736142512332416)	('L_DLPFC_T2', 0.0056118563007989935)	('R_DLPFC_T1', 0.005496433003247458)	('lIFG_to_lPTL_T1', -0.0053722985048679835)	('L_IFGorb', 0.004882587741529525)	('lDLPFC_to_lIFG_T1', -0.004349699596477613)	('lIFG_to_lPTL_T2', -0.0043153252546948954)	('L_PTL_T2', 0.0037129585304732458)	('R_IFGorb_T1', 0.0036612292804822175)	('R_IFGorb_T2', 0.0035246442946447565)	('lPTL_to_lIFG_T1', 0.0032026381716889073)	('rDLPFC_to_lIFG_T1', 0.0027290845473072595)	('L_IFGorb_T1', -0.0024391984355093543)	('L_DLPFC', -0.002328004596354053)	('lDLPFC_to_lPTL_T2', 0.0022437647529083508)	('rDLPFC_to_lPTL_T2', -0.002048672393120455)	('lDLPFC_to_lPTL_T1', 0.001871409653006629)	('lSMA_to_lIFG_T2', -0.001679019657935133)	('lSMA_to_lPTL_T2', -0.0013760680311599902)	('rDLPFC_to_lIFG_T2', -0.0012330958757279626)	('rIFG_to_lIFG_T1', -0.0011950682433415584)	('lSMA_to_lPTL_T1', 0.0007921755479505819)	('T2', -0.0003451405107620042)	('rIFG_to_lIFG_T2', 0.00012150487624687059)	
