predictors	pearson_correlation	mean_squared_error	r2	
rois + act_t1 + act_t2 + conn_t1 + conn_t2 + age + T1 + T2	0.14655507164086923	0.09139892582353572	0.004096787860586648	('R_IFGorb_T1', 0.021789450681236038)	('L_DLPFC_T2', 0.01645445600523889)	('L_IFGorb_T1', -0.01507008304593616)	('L_IFGorb_T2', 0.013889195063020773)	('rDLPFC_to_lPTL_T2', -0.013034852813072054)	('R_DLPFC_T2', 0.012718513499758928)	('lSMA_to_lIFG_T1', -0.01261769426170284)	('L_PTL_T2', -0.010672431095567094)	('lIFG_to_lPTL_T2', 0.008282826562948075)	('L_PTL', 0.007624395558137266)	('L_SMA_T2', 0.007562997556015779)	('L_DLPFC', 0.007050353065305531)	('lSMA_to_lPTL_T2', 0.006868846193972988)	('rDLPFC_to_lIFG_T2', 0.006847611939351169)	('T2', -0.006705592972202717)	('lSMA_to_lPTL_T1', 0.0066575980602215775)	('lIFG_to_lPTL_T1', 0.005088558817365728)	('L_SMA', 0.005050351955548218)	('lPTL_to_lIFG_T2', 0.004984654530673046)	('rDLPFC_to_lIFG_T1', 0.004811158800987894)	('rIFG_to_lIFG_T2', 0.004261992982384634)	('rIFG_to_lIFG_T1', 0.003949775720926576)	('rDLPFC_to_lPTL_T1', 0.003948296817099678)	('R_DLPFC_T1', 0.003520334041248505)	('lDLPFC_to_lIFG_T1', -0.0033827372053997144)	('L_SMA_T1', -0.0028335463678986457)	('lDLPFC_to_lPTL_T2', 0.0025034077863215864)	('lSMA_to_lIFG_T2', 0.002376599634513541)	('R_IFGorb_T2', 0.00213817818098931)	('L_IFGorb', -0.0018753122273941479)	('L_DLPFC_T1', 0.0010627812134829844)	('lPTL_to_lIFG_T1', -0.000980181159493239)	('lDLPFC_to_lPTL_T1', -0.0008422341550071453)	('Age', -0.0006778184947264157)	('lDLPFC_to_lIFG_T2', 0.00044071752926530474)	('T1', -0.00039745019379848413)	('L_PTL_T1', -0.0003365977173671172)	
