predictors	pearson_correlation	mean_squared_error	r2	
rois + act_t1 + act_t2 + conn_t1 + conn_t2 + age + T1 + T2	-0.02666185384039166	0.08308660614070024	-0.05178513959790165	('lDLPFC_to_lIFG_T1', 0.016388085103454852)	('R_IFGorb_T2', 0.01563788280552379)	('T2', 0.01165372971938549)	('R_IFGorb_T1', 0.010148244765936917)	('L_DLPFC', 0.009073236846442848)	('L_IFGorb_T2', 0.00852213452894634)	('T1', 0.007761392231041744)	('lPTL_to_lIFG_T2', 0.007487945876825872)	('rIFG_to_lIFG_T2', 0.00623336438778629)	('R_DLPFC_T2', 0.006120089775440565)	('R_DLPFC_T1', 0.005451142577302143)	('L_DLPFC_T1', 0.0051411169287766635)	('lIFG_to_lPTL_T1', 0.005064524022548521)	('L_SMA_T2', 0.004946037696466376)	('rDLPFC_to_lIFG_T1', 0.0047563819739139075)	('Age', 0.004002859549194796)	('rIFG_to_lIFG_T1', 0.0033185375581315946)	('L_DLPFC_T2', -0.0031170874154287653)	('rDLPFC_to_lPTL_T1', -0.002848293374565225)	('lIFG_to_lPTL_T2', 0.0027429282928654853)	('L_PTL_T2', -0.0027242969994488034)	('lSMA_to_lIFG_T1', 0.0022403073198953866)	('L_PTL_T1', 0.002135915423993505)	('lSMA_to_lPTL_T1', 0.001913905388804437)	('lPTL_to_lIFG_T1', -0.0016805966236807881)	('lDLPFC_to_lPTL_T1', -0.001671848917900468)	('L_PTL', -0.0015997514543588983)	('rDLPFC_to_lPTL_T2', 0.0015809054951085974)	('lDLPFC_to_lPTL_T2', -0.0015239210313828082)	('L_SMA_T1', -0.0013802406682112546)	('L_IFGorb', -0.0011844275800396604)	('L_SMA', -0.0009931674806744775)	('rDLPFC_to_lIFG_T2', -0.0009483935667361441)	('lSMA_to_lPTL_T2', -0.0006858876331889213)	('lDLPFC_to_lIFG_T2', 0.0005051937735729361)	('lSMA_to_lIFG_T2', -0.0004825790501960935)	('L_IFGorb_T1', -1.7668949482545502e-05)	
