predictors	pearson_correlation	mean_squared_error	r2	
rois + act_t1 + act_t2 + conn_t1 + conn_t2 + age + T1 + T2	-0.1081237940176478	0.10050291064671796	-0.09510227434918983	('lIFG_to_lPTL_T1', 0.024380223435089013)	('lSMA_to_lPTL_T2', 0.020881640105254413)	('T2', 0.018387144814546244)	('lSMA_to_lIFG_T1', 0.017299358111073946)	('L_DLPFC_T1', 0.016022480439903057)	('L_PTL_T1', 0.015156834916430972)	('rIFG_to_lIFG_T1', -0.01489844636468868)	('Age', -0.014642248690286947)	('L_DLPFC_T2', 0.013035972389544386)	('rDLPFC_to_lIFG_T1', -0.012539115079663779)	('lDLPFC_to_lIFG_T2', -0.011758243139240296)	('R_DLPFC_T1', -0.011625146717462438)	('rDLPFC_to_lIFG_T2', -0.011504348802446175)	('lSMA_to_lIFG_T2', -0.011267933669475086)	('L_DLPFC', 0.010836550210438296)	('L_IFGorb', 0.009618312133438663)	('R_IFGorb_T1', -0.008595300915614092)	('lDLPFC_to_lPTL_T2', 0.00832265587005569)	('L_PTL', 0.007708995487876426)	('L_IFGorb_T1', 0.007609182233173351)	('rDLPFC_to_lPTL_T1', 0.007216869346385278)	('L_SMA', 0.006570910250659435)	('L_PTL_T2', 0.006447966601785858)	('T1', 0.00564448247570549)	('lDLPFC_to_lPTL_T1', -0.004901244786010748)	('R_IFGorb_T2', 0.004211477181211483)	('rIFG_to_lIFG_T2', -0.003975953044297251)	('rDLPFC_to_lPTL_T2', 0.0037671074339582873)	('lPTL_to_lIFG_T1', -0.0034587164864752933)	('lSMA_to_lPTL_T1', 0.00344853963363921)	('L_SMA_T2', -0.002745870688071997)	('lIFG_to_lPTL_T2', 0.0026991347131554333)	('R_DLPFC_T2', -0.0022780255405527444)	('lPTL_to_lIFG_T2', 0.0019591292078714167)	('L_SMA_T1', 0.0017751695147172253)	('lDLPFC_to_lIFG_T1', -0.0017393951426018842)	('L_IFGorb_T2', -0.00041918384914183237)	
