predictors	pearson_correlation	mean_squared_error	r2	
rois + act_t1 + act_t2 + conn_t1 + conn_t2 + age + T1 + T2	0.018146169780230245	0.08202393472278663	-0.038332887092314305	('lDLPFC_to_lIFG_T2', 0.015951581029331637)	('L_PTL_T1', 0.012439788115237233)	('L_DLPFC_T1', 0.010745148908225614)	('L_SMA', -0.009303242299003018)	('lIFG_to_lPTL_T2', 0.00923220446783248)	('L_IFGorb', -0.009188121893124268)	('rDLPFC_to_lPTL_T1', 0.00907906388107313)	('T1', -0.009077197030654334)	('R_IFGorb_T2', 0.007434887931905252)	('lSMA_to_lPTL_T2', -0.0066980085969901475)	('rIFG_to_lIFG_T1', -0.0057612325119580825)	('lSMA_to_lPTL_T1', -0.005576409701770738)	('lIFG_to_lPTL_T1', 0.0051731870253609175)	('R_IFGorb_T1', -0.005132473205401477)	('L_PTL', -0.004578840996216659)	('L_DLPFC_T2', 0.004185816658293887)	('lSMA_to_lIFG_T1', 0.003606233069072992)	('lDLPFC_to_lIFG_T1', 0.0034839348328770153)	('L_PTL_T2', 0.0034702187343361654)	('L_IFGorb_T2', 0.0030261792539114886)	('R_DLPFC_T1', 0.002983790352156195)	('R_DLPFC_T2', 0.0026431398108622177)	('rDLPFC_to_lIFG_T2', -0.002227431951168406)	('T2', 0.0020321416940199412)	('L_SMA_T2', 0.002008300651908286)	('L_IFGorb_T1', -0.0019811310000969816)	('rDLPFC_to_lIFG_T1', 0.0019562468470785154)	('lDLPFC_to_lPTL_T1', 0.0013657735298238727)	('rDLPFC_to_lPTL_T2', -0.001212475021205176)	('lSMA_to_lIFG_T2', -0.0009333989316603054)	('rIFG_to_lIFG_T2', 0.0006392550591286719)	('lPTL_to_lIFG_T2', 0.0005673612111141082)	('L_DLPFC', -0.0005243742627036247)	('lDLPFC_to_lPTL_T2', 0.0004512256172301314)	('Age', 0.00027748815528173067)	('L_SMA_T1', -0.00010352930671573738)	('lPTL_to_lIFG_T1', 2.7231893320217865e-05)	
