predictors	pearson_correlation	mean_squared_error	r2	
rois + act_t1 + act_t2 + conn_t1 + conn_t2 + age + T1 + T2	-0.02543993291193774	0.09800105663751574	-0.0678415114724038	('T2', -0.022265689947625816)	('lDLPFC_to_lPTL_T2', 0.020135777583769908)	('L_DLPFC_T1', 0.016125217531477106)	('T1', 0.014745996039667338)	('Age', -0.014248708966959884)	('lIFG_to_lPTL_T1', 0.013900777079526203)	('rDLPFC_to_lPTL_T1', -0.010611592368386663)	('lPTL_to_lIFG_T1', 0.010047770916770865)	('lSMA_to_lPTL_T2', 0.009351035314675163)	('L_SMA_T2', 0.00929545065039665)	('L_DLPFC_T2', 0.008917698294770435)	('lSMA_to_lIFG_T1', 0.008892025661936257)	('L_PTL_T1', 0.008716065830726701)	('rIFG_to_lIFG_T2', 0.008365965319748439)	('L_PTL_T2', -0.008161758452387589)	('L_IFGorb_T1', 0.007535283496861508)	('L_DLPFC', 0.007368064581715848)	('rIFG_to_lIFG_T1', -0.007008717094719851)	('R_DLPFC_T1', -0.007003296286425998)	('lDLPFC_to_lIFG_T1', 0.006651312346028886)	('lIFG_to_lPTL_T2', 0.0063743896888009705)	('L_SMA', -0.006285207471416133)	('L_PTL', 0.00495697827987027)	('L_IFGorb', 0.004688471323761897)	('lDLPFC_to_lPTL_T1', 0.0046056553477748525)	('R_IFGorb_T1', -0.004196239767619621)	('R_DLPFC_T2', 0.003674161289221685)	('lSMA_to_lPTL_T1', 0.0036012511958181366)	('rDLPFC_to_lIFG_T2', -0.003554182499340258)	('lPTL_to_lIFG_T2', -0.003534962022698458)	('rDLPFC_to_lIFG_T1', 0.0023665709566824877)	('L_IFGorb_T2', -0.002191129936739352)	('rDLPFC_to_lPTL_T2', -0.0015376542992470547)	('R_IFGorb_T2', -0.001194764600152874)	('lSMA_to_lIFG_T2', 0.000998313741617728)	('L_SMA_T1', -0.00045129170833210216)	('lDLPFC_to_lIFG_T2', -0.0004069313630635563)	
