predictors	pearson_correlation	mean_squared_error	r2	
rois + act_t1 + act_t2 + conn_t1 + conn_t2 + age + T1 + T2	0.2971468182729269	0.0729258702541702	0.07683861228256417	('rDLPFC_to_lPTL_T2', 0.026565626303006896)	('lSMA_to_lIFG_T1', 0.02522996692165101)	('T2', -0.020366717839299005)	('lIFG_to_lPTL_T2', 0.019301512457601644)	('L_IFGorb', 0.019052286536515944)	('R_DLPFC_T2', 0.017421129139995044)	('L_DLPFC_T1', 0.013687278371605454)	('lDLPFC_to_lIFG_T2', 0.013586407833554075)	('L_IFGorb_T1', 0.013311765079246033)	('L_SMA', 0.01118876105626886)	('lDLPFC_to_lPTL_T2', -0.011137570236362443)	('T1', 0.010788717734936016)	('L_SMA_T2', 0.010441914245861448)	('Age', -0.009822259497985233)	('L_IFGorb_T2', 0.009474618483993428)	('rIFG_to_lIFG_T2', 0.008793628351972303)	('rDLPFC_to_lIFG_T1', 0.008779502049827123)	('L_DLPFC', -0.00866627507069717)	('L_DLPFC_T2', 0.0085714044388637)	('lSMA_to_lPTL_T2', 0.008340886587153516)	('rDLPFC_to_lPTL_T1', 0.008105298187555236)	('lPTL_to_lIFG_T1', 0.007236652260139447)	('lDLPFC_to_lIFG_T1', -0.006592894965124664)	('L_SMA_T1', -0.006283662482221209)	('lPTL_to_lIFG_T2', 0.0059194360773270885)	('L_PTL', 0.005403532193716105)	('lSMA_to_lPTL_T1', 0.005020077632932297)	('L_PTL_T2', 0.004720053029711836)	('R_IFGorb_T2', -0.004627973736712802)	('rIFG_to_lIFG_T1', 0.004583660862551232)	('lIFG_to_lPTL_T1', 0.004558465250448919)	('lDLPFC_to_lPTL_T1', 0.003887578088986509)	('lSMA_to_lIFG_T2', 0.0023520719077547063)	('R_DLPFC_T1', 0.0020944737465031127)	('rDLPFC_to_lIFG_T2', -0.0019035816359800088)	('R_IFGorb_T1', 0.0011401745844842885)	('L_PTL_T1', 0.0006118334214801368)	
