predictors	pearson_correlation	mean_squared_error	r2	
rois + act_t1 + act_t2 + conn_t1 + conn_t2 + age + T1 + T2	0.21652790568774716	0.08749707281615432	0.04661225408006309	('R_DLPFC_T2', 0.01203076553549065)	('L_IFGorb', 0.01200894874449108)	('lDLPFC_to_lPTL_T2', -0.010152734263681067)	('L_DLPFC_T2', 0.008810246233890729)	('rIFG_to_lIFG_T2', 0.008363183653769094)	('lSMA_to_lPTL_T1', 0.008352092331430635)	('L_IFGorb_T2', 0.00734084973900804)	('L_IFGorb_T1', 0.007333343049288343)	('lPTL_to_lIFG_T1', 0.0067512240433173255)	('R_DLPFC_T1', 0.006712155507571548)	('L_PTL_T2', 0.006437244502335832)	('L_DLPFC', -0.006431152359608341)	('R_IFGorb_T2', 0.006118477769868925)	('T1', 0.006012727165984601)	('rIFG_to_lIFG_T1', 0.005327377081667018)	('rDLPFC_to_lPTL_T1', 0.005101502130813168)	('lDLPFC_to_lIFG_T2', -0.00509618623389632)	('lSMA_to_lPTL_T2', -0.004873482408011718)	('lIFG_to_lPTL_T1', -0.00435351560730351)	('T2', -0.004074360312877404)	('Age', -0.004059895865621682)	('L_PTL_T1', -0.003964152663410773)	('lIFG_to_lPTL_T2', -0.003843423477455838)	('L_SMA_T2', -0.0037067527079625608)	('lPTL_to_lIFG_T2', -0.003597832482044847)	('lSMA_to_lIFG_T2', 0.003557025235771685)	('rDLPFC_to_lPTL_T2', 0.003175629020227404)	('L_DLPFC_T1', 0.003172441242457431)	('L_SMA', 0.0028637455807916418)	('R_IFGorb_T1', 0.002711489540511888)	('L_SMA_T1', -0.002269050003193649)	('lDLPFC_to_lIFG_T1', 0.001817257375941726)	('L_PTL', -0.0016272302573316843)	('rDLPFC_to_lIFG_T1', 0.0015002092134757323)	('lSMA_to_lIFG_T1', -0.0011433319578377959)	('lDLPFC_to_lPTL_T1', -0.0008623194729580613)	('rDLPFC_to_lIFG_T2', 0.0007478829405216326)	
