predictors	pearson_correlation	mean_squared_error	r2	
rois + act_t1 + act_t2 + conn_t1 + conn_t2 + age + T1 + T2	0.06366333758740542	0.08121618248229776	-0.028107631272087374	('lSMA_to_lPTL_T1', 0.018226335359974474)	('lDLPFC_to_lPTL_T2', -0.014968228081900382)	('lPTL_to_lIFG_T1', 0.014532437195273152)	('L_SMA_T2', 0.013663572211783421)	('rIFG_to_lIFG_T1', 0.011702143320129359)	('L_IFGorb_T2', 0.011607387017614882)	('Age', 0.011259122236142914)	('lDLPFC_to_lPTL_T1', 0.010288627950536124)	('L_IFGorb_T1', 0.009990751712497954)	('L_PTL', 0.00992684201601762)	('L_DLPFC_T1', 0.009919011360666068)	('R_DLPFC_T2', 0.009916208976700598)	('rDLPFC_to_lIFG_T1', 0.009813808726274121)	('L_DLPFC_T2', 0.009257950711618487)	('rIFG_to_lIFG_T2', 0.009134470939934632)	('lSMA_to_lIFG_T2', 0.008450863638716145)	('rDLPFC_to_lPTL_T1', 0.007874960684484657)	('L_IFGorb', 0.007820283597303194)	('T2', 0.007779155115008256)	('L_PTL_T1', -0.007642725204077757)	('lPTL_to_lIFG_T2', -0.006836010409072569)	('T1', -0.0060441761615068)	('lSMA_to_lIFG_T1', 0.005979801372206275)	('L_DLPFC', 0.005806009318198987)	('lSMA_to_lPTL_T2', 0.00565228788738956)	('R_IFGorb_T2', 0.005270191826138401)	('lIFG_to_lPTL_T1', 0.004323902671492416)	('lDLPFC_to_lIFG_T2', -0.00312244931291007)	('R_DLPFC_T1', -0.0029582255625471097)	('lDLPFC_to_lIFG_T1', 0.0021222217531852616)	('lIFG_to_lPTL_T2', -0.0018781322137964283)	('L_SMA', -0.0017940227351244764)	('L_SMA_T1', 0.0016449895425640305)	('rDLPFC_to_lIFG_T2', -0.0011458974743476648)	('R_IFGorb_T1', -0.0009633223911544083)	('L_PTL_T2', -0.0006869044844086366)	('rDLPFC_to_lPTL_T2', -0.00023787592786711482)	
