predictors	pearson_correlation	mean_squared_error	r2	
rois + act_t1 + act_t2 + conn_t1 + conn_t2 + age + T1 + T2	-0.030484328188630158	0.0942513281026513	-0.026983627652934494	('rDLPFC_to_lIFG_T1', 0.014661689054044863)	('L_PTL_T2', 0.009426911980581258)	('L_IFGorb', 0.009233486848990719)	('rIFG_to_lIFG_T1', 0.008507586794831514)	('lIFG_to_lPTL_T2', -0.007729415671152514)	('lDLPFC_to_lPTL_T1', 0.007522220878523008)	('L_PTL', -0.0071144226953340165)	('lSMA_to_lIFG_T2', 0.007020835908427694)	('L_DLPFC', 0.0067327330007174654)	('L_DLPFC_T2', 0.00670786444818855)	('lSMA_to_lPTL_T2', 0.006647019010167659)	('rDLPFC_to_lIFG_T2', -0.006246357364743472)	('T2', 0.005487698501780434)	('rIFG_to_lIFG_T2', -0.004532260718415314)	('R_DLPFC_T2', -0.004449926252599075)	('lDLPFC_to_lPTL_T2', 0.00440343189954409)	('R_DLPFC_T1', -0.0043181122601159945)	('rDLPFC_to_lPTL_T2', 0.0037623038495541187)	('L_SMA_T2', 0.0035964241119934705)	('T1', -0.0034124316194799995)	('lPTL_to_lIFG_T2', 0.0030325378532894466)	('R_IFGorb_T2', -0.0028976265824738226)	('lPTL_to_lIFG_T1', 0.0023777817442573834)	('R_IFGorb_T1', 0.0023210105049928675)	('L_DLPFC_T1', 0.0021068049482777093)	('lDLPFC_to_lIFG_T2', 0.0020274976442167672)	('L_SMA_T1', -0.001344191238951736)	('Age', -0.0012903954591475637)	('lIFG_to_lPTL_T1', 0.0010338941857994345)	('L_IFGorb_T1', 0.0007682210017104524)	('lDLPFC_to_lIFG_T1', -0.0005765432681707114)	('L_SMA', 0.0005431786333104)	('L_PTL_T1', 0.0005352331003533361)	('lSMA_to_lIFG_T1', -0.00038021100909998214)	('lSMA_to_lPTL_T1', 0.00019647957531385423)	('rDLPFC_to_lPTL_T1', 7.146475914881031e-05)	('L_IFGorb_T2', 4.066393980463738e-05)	
