predictors	pearson_correlation	mean_squared_error	r2	
rois + act_t1 + act_t2 + conn_t1 + conn_t2 + age + T1 + T2	0.09049582834366851	0.09559531276134219	-0.04162798617899144	('rDLPFC_to_lPTL_T1', -0.01935051344536963)	('L_DLPFC_T2', 0.01806342373042017)	('L_IFGorb_T2', 0.01643887096257607)	('T2', 0.01636692958421736)	('L_PTL_T1', -0.013902087961918531)	('R_DLPFC_T2', -0.013455389281355522)	('rIFG_to_lIFG_T2', 0.013012591635937206)	('L_IFGorb', 0.012482578552793373)	('lPTL_to_lIFG_T2', 0.012385604499604972)	('L_SMA_T1', 0.011794116280931816)	('lSMA_to_lPTL_T2', 0.010918634227489565)	('L_IFGorb_T1', -0.010294824667248898)	('rDLPFC_to_lIFG_T2', 0.009182363341040351)	('L_SMA_T2', -0.008350454933865001)	('Age', 0.00806393357429026)	('lDLPFC_to_lIFG_T1', 0.007388873803546911)	('lDLPFC_to_lPTL_T1', 0.006981724957503434)	('lSMA_to_lIFG_T2', 0.006207407533409723)	('lSMA_to_lIFG_T1', 0.005997018418297264)	('lDLPFC_to_lPTL_T2', -0.005235455261450952)	('lPTL_to_lIFG_T1', 0.00507963952029079)	('L_SMA', 0.003879413500355487)	('L_PTL_T2', 0.0037940702887155303)	('rDLPFC_to_lIFG_T1', -0.003617951548146168)	('L_DLPFC', 0.0030312682522580987)	('T1', 0.0029894755966556694)	('lIFG_to_lPTL_T2', 0.002836336770800751)	('lIFG_to_lPTL_T1', -0.0027226782167354916)	('R_DLPFC_T1', 0.002698472447729778)	('R_IFGorb_T2', 0.0025630837677635245)	('L_DLPFC_T1', -0.002382950249078327)	('R_IFGorb_T1', 0.0016457199399666357)	('lSMA_to_lPTL_T1', -0.0014891636561956835)	('rIFG_to_lIFG_T1', 0.0013327235695888)	('lDLPFC_to_lIFG_T2', 0.0003489186627527346)	('rDLPFC_to_lPTL_T2', -0.0001195343750665184)	('L_PTL', -0.0001120757351878316)	
