predictors	pearson_correlation	mean_squared_error	r2	
rois + act_t1 + act_t2 + conn_t1 + conn_t2 + age + T1 + T2	-0.17060680464492	0.10186399594095205	-0.28948626219397267	('L_IFGorb', 0.03162922303829356)	('L_DLPFC_T1', 0.018944808712258485)	('lPTL_to_lIFG_T2', 0.018182875353271413)	('L_SMA', 0.018167575035809402)	('L_IFGorb_T2', 0.014415601684778082)	('T1', 0.013537020210098534)	('rDLPFC_to_lIFG_T2', -0.009426382973132188)	('L_PTL_T2', 0.008867021144726825)	('lSMA_to_lIFG_T1', 0.008332590177400817)	('L_PTL_T1', 0.007270908054949969)	('L_DLPFC', 0.006130778745327673)	('lIFG_to_lPTL_T1', -0.0059953647744730035)	('rDLPFC_to_lIFG_T1', 0.005938798698517715)	('rDLPFC_to_lPTL_T1', -0.005921995430577289)	('lDLPFC_to_lIFG_T2', 0.0057341631516530525)	('lSMA_to_lPTL_T2', 0.005698838701527031)	('L_SMA_T2', 0.005576644643298513)	('R_IFGorb_T2', 0.005549642590242214)	('Age', 0.005434134673934953)	('L_IFGorb_T1', 0.004460936078203821)	('lDLPFC_to_lPTL_T1', -0.003775504666264756)	('lPTL_to_lIFG_T1', 0.0036714857394625523)	('T2', -0.002972158828134684)	('R_DLPFC_T1', 0.0028106970545179345)	('lIFG_to_lPTL_T2', 0.002800209659052925)	('lSMA_to_lIFG_T2', -0.0025129226656701886)	('lSMA_to_lPTL_T1', 0.0015934846828959343)	('rIFG_to_lIFG_T2', 0.0009784192834684446)	('R_IFGorb_T1', 0.0008948600811651387)	('rIFG_to_lIFG_T1', -0.0008609790348529192)	('rDLPFC_to_lPTL_T2', 0.0005987830739535334)	('lDLPFC_to_lPTL_T2', -0.0005227094309091569)	('lDLPFC_to_lIFG_T1', -0.00048773504139528454)	('L_DLPFC_T2', -0.0004239299926449202)	('R_DLPFC_T2', 0.00019949569176150688)	('L_SMA_T1', 0.0001570634072012632)	('L_PTL', 0.0)	
