predictors	pearson_correlation	mean_squared_error	r2	
rois + act_t1 + act_t2 + conn_t1 + conn_t2 + age + T1 + T2	-0.18103703775422303	0.10362188790377519	-0.1290873506605923	('Age', 0.017412361900070606)	('rIFG_to_lIFG_T2', -0.014074683953434891)	('R_IFGorb_T2', 0.013891135612174301)	('rIFG_to_lIFG_T1', 0.011265576000287346)	('rDLPFC_to_lIFG_T1', 0.011132375247618322)	('lIFG_to_lPTL_T2', 0.010798093953653658)	('L_SMA_T1', -0.010373481432615798)	('lSMA_to_lPTL_T2', 0.010234380958779602)	('lDLPFC_to_lPTL_T1', 0.00900698066863853)	('L_IFGorb_T2', 0.00855841699372436)	('L_PTL_T1', 0.007985792162917433)	('L_DLPFC', 0.005987196144335474)	('lDLPFC_to_lPTL_T2', 0.00563603327156489)	('R_IFGorb_T1', -0.005103300113263908)	('rDLPFC_to_lPTL_T1', 0.004559501193410668)	('L_SMA_T2', 0.0045584051555158595)	('L_DLPFC_T2', -0.0036713273508488602)	('L_IFGorb_T1', -0.0035263696556894924)	('lSMA_to_lIFG_T2', -0.003182512491945647)	('lDLPFC_to_lIFG_T2', 0.0031265764109624974)	('T1', -0.0025991381546276995)	('L_IFGorb', -0.0024450752796997305)	('lPTL_to_lIFG_T1', 0.002129911679112171)	('lDLPFC_to_lIFG_T1', -0.002110372176794292)	('lPTL_to_lIFG_T2', 0.002052330410027485)	('R_DLPFC_T1', 0.0017858160215874618)	('L_PTL', 0.001595545485357554)	('rDLPFC_to_lIFG_T2', -0.001577135849677077)	('L_DLPFC_T1', 0.0014799250202564027)	('rDLPFC_to_lPTL_T2', -0.0014672099653865436)	('lSMA_to_lIFG_T1', 0.0014602049993310453)	('T2', 0.0013043532120641068)	('R_DLPFC_T2', -0.0009744060158364525)	('L_PTL_T2', -0.0009161341396175435)	('lSMA_to_lPTL_T1', -0.0003401812107753183)	('lIFG_to_lPTL_T1', 0.00023262824167242474)	('L_SMA', -0.00017048820883633895)	
