predictors	pearson_correlation	mean_squared_error	r2	
rois + act_t1 + act_t2 + conn_t1 + conn_t2 + age + T1 + T2	0.26557900714363464	0.07444449359386125	0.057614509439456674	('L_IFGorb_T1', 0.02646917281560733)	('L_SMA_T1', 0.01932060657638691)	('T1', 0.015829278585940975)	('rIFG_to_lIFG_T1', 0.01321902531964063)	('lDLPFC_to_lIFG_T1', 0.013019872674230663)	('Age', 0.011222227245025057)	('T2', 0.01001631716183468)	('L_PTL', 0.008993757315026302)	('lPTL_to_lIFG_T1', 0.008956118165660285)	('L_IFGorb', -0.008915257265887551)	('lPTL_to_lIFG_T2', 0.008055409253067785)	('lIFG_to_lPTL_T1', -0.007292754112805719)	('R_DLPFC_T2', -0.006896578900715361)	('rDLPFC_to_lIFG_T1', 0.0062112986445465035)	('L_DLPFC', 0.005674124514737697)	('lDLPFC_to_lIFG_T2', 0.005650173546532161)	('lSMA_to_lIFG_T1', 0.004748614392411086)	('L_DLPFC_T2', -0.00439249027574398)	('L_PTL_T1', 0.004362867742513878)	('L_PTL_T2', -0.003933817860325311)	('L_SMA_T2', 0.0038618534686344643)	('rIFG_to_lIFG_T2', -0.003558169589742382)	('rDLPFC_to_lPTL_T2', 0.0034922403761729636)	('rDLPFC_to_lIFG_T2', 0.0034607264974448556)	('L_IFGorb_T2', -0.0026688966040934003)	('lSMA_to_lPTL_T2', 0.0025370656726403026)	('L_DLPFC_T1', -0.002490900353475484)	('lSMA_to_lIFG_T2', 0.0019652497161704863)	('rDLPFC_to_lPTL_T1', -0.0015526805882353984)	('R_IFGorb_T1', 0.0011686094137488465)	('R_DLPFC_T1', 0.0009037604144772644)	('lSMA_to_lPTL_T1', -0.0008532832609534744)	('R_IFGorb_T2', -0.0007210869515951258)	('lDLPFC_to_lPTL_T2', 0.000402938648504086)	('L_SMA', 0.0003809766563189843)	('lIFG_to_lPTL_T2', -0.00011931129101103242)	('lDLPFC_to_lPTL_T1', -2.0452252589440585e-05)	
