predictors	pearson_correlation	mean_squared_error	r2	
rois + act_t1 + act_t2 + conn_t1 + conn_t2 + age + T1 + T2	0.19717675692953165	0.07651433333355456	0.03141261263948392	('L_IFGorb_T1', 0.02318832009821505)	('L_IFGorb_T2', 0.01663348372584708)	('R_IFGorb_T2', 0.01487085625031993)	('L_DLPFC_T1', 0.01475270494920812)	('rDLPFC_to_lPTL_T1', 0.014413533713930884)	('L_SMA', 0.01195744621030825)	('lDLPFC_to_lPTL_T2', 0.01121504848413328)	('rIFG_to_lIFG_T1', -0.010506098919351678)	('lPTL_to_lIFG_T1', 0.010093520773404953)	('T2', -0.008701157322344171)	('lDLPFC_to_lIFG_T1', 0.007492548787730287)	('lSMA_to_lPTL_T2', 0.007219905154037712)	('L_IFGorb', -0.006938381781276378)	('L_DLPFC', 0.006806230015020965)	('lIFG_to_lPTL_T2', 0.006437566196934354)	('L_PTL_T2', 0.006193278368606698)	('L_PTL_T1', -0.006184263694579577)	('lDLPFC_to_lPTL_T1', 0.006137230768976624)	('Age', 0.005632812549954343)	('L_SMA_T2', 0.005227231767994677)	('rIFG_to_lIFG_T2', 0.0046757822210706955)	('L_SMA_T1', -0.004226681235903595)	('rDLPFC_to_lIFG_T1', -0.003611707157253458)	('lPTL_to_lIFG_T2', -0.003500284606715897)	('L_DLPFC_T2', 0.003345820078352284)	('R_DLPFC_T1', 0.003122705224682374)	('T1', 0.0027885242578729553)	('lSMA_to_lIFG_T2', 0.0026003228683450937)	('lSMA_to_lPTL_T1', 0.0022626170639851134)	('lSMA_to_lIFG_T1', -0.0021515536281464065)	('R_IFGorb_T1', 0.0014348191090331898)	('L_PTL', -0.0012986550156293974)	('rDLPFC_to_lPTL_T2', 0.0012312369699942012)	('lDLPFC_to_lIFG_T2', -0.0011398213968223832)	('rDLPFC_to_lIFG_T2', 0.0010086903212513179)	('lIFG_to_lPTL_T1', 0.0007658028405372647)	('R_DLPFC_T2', 0.0006391322001894906)	
