predictors	pearson_correlation	mean_squared_error	r2	
rois + act_t1 + act_t2 + conn_t1 + conn_t2 + age + T1 + T2	-0.20131080756746114	0.0984410043404296	-0.24615494965605	('lPTL_to_lIFG_T2', 0.029127972816561574)	('lDLPFC_to_lPTL_T2', 0.022864716571229553)	('lSMA_to_lPTL_T2', 0.016577104810092294)	('R_IFGorb_T1', 0.015329518762972602)	('T2', 0.014088109081516824)	('L_DLPFC_T2', 0.01396445703542819)	('L_PTL_T2', 0.012484187177673179)	('L_PTL_T1', 0.010826464508355286)	('L_IFGorb', 0.009782859918111597)	('lSMA_to_lPTL_T1', 0.008549140453141958)	('rDLPFC_to_lIFG_T1', 0.008263008545666035)	('L_SMA_T2', 0.008038421444215082)	('T1', 0.008003189514656978)	('L_IFGorb_T2', 0.00787473112595975)	('rIFG_to_lIFG_T2', 0.007351745920384786)	('R_DLPFC_T2', -0.006564060277306308)	('L_IFGorb_T1', 0.0060204445375762064)	('L_DLPFC_T1', 0.005066463960729648)	('rIFG_to_lIFG_T1', -0.004709407031234818)	('Age', 0.004693392626198671)	('lSMA_to_lIFG_T1', -0.004441501895548656)	('lIFG_to_lPTL_T1', -0.004313766478745146)	('lDLPFC_to_lPTL_T1', 0.004213710066225489)	('lDLPFC_to_lIFG_T1', 0.004033886375138376)	('L_SMA', -0.0038622404402086203)	('rDLPFC_to_lPTL_T2', -0.0029315552517479187)	('lSMA_to_lIFG_T2', -0.002368293987627939)	('rDLPFC_to_lPTL_T1', 0.0020207326578576793)	('L_PTL', 0.001883127198746371)	('lDLPFC_to_lIFG_T2', -0.0014141240838904633)	('R_DLPFC_T1', -0.0014133428339464312)	('R_IFGorb_T2', 0.001408962243355872)	('lIFG_to_lPTL_T2', 0.0013418452749054495)	('L_SMA_T1', 0.0007060520549787177)	('L_DLPFC', 0.000667068793359606)	('lPTL_to_lIFG_T1', -0.00035805426682901885)	('rDLPFC_to_lIFG_T2', -0.0003296418048282841)	
