predictors	pearson_correlation	mean_squared_error	r2	
rois + act_t1 + act_t2 + conn_t1 + conn_t2 + age + T1 + T2	0.22414732854855304	0.07552516370364759	0.043934413271415895	('rDLPFC_to_lPTL_T2', 0.028448748952394673)	('lSMA_to_lIFG_T2', 0.025828212553714088)	('R_IFGorb_T1', 0.024397898085029995)	('rDLPFC_to_lIFG_T2', 0.020959991917042)	('lDLPFC_to_lPTL_T2', 0.020624724925152167)	('lSMA_to_lIFG_T1', 0.017449669452640117)	('rDLPFC_to_lPTL_T1', 0.015239570388684993)	('L_IFGorb_T1', 0.015051683231361706)	('rDLPFC_to_lIFG_T1', 0.01233585397333105)	('R_DLPFC_T2', 0.01210410798723186)	('T2', -0.011853304914867134)	('lIFG_to_lPTL_T2', 0.011735716309875103)	('lIFG_to_lPTL_T1', 0.01145385293108499)	('L_DLPFC_T1', -0.01130281118993861)	('Age', -0.010208570224835692)	('rIFG_to_lIFG_T1', -0.009377505243921596)	('L_PTL_T2', 0.009074088742224866)	('L_IFGorb', 0.007635936308477041)	('lPTL_to_lIFG_T2', 0.007595267055137659)	('lPTL_to_lIFG_T1', -0.007493869776779647)	('lDLPFC_to_lIFG_T2', 0.007335547161776829)	('lSMA_to_lPTL_T2', 0.006087163783316842)	('L_DLPFC_T2', 0.0059912855688992765)	('L_SMA_T2', 0.0057874928579462566)	('T1', 0.005376843743160782)	('L_DLPFC', -0.005353430565821924)	('lSMA_to_lPTL_T1', 0.005087560952472336)	('lDLPFC_to_lIFG_T1', -0.00496517224944012)	('R_DLPFC_T1', -0.004351258384894973)	('L_PTL_T1', -0.003579877622705547)	('L_SMA_T1', -0.0023179137684012077)	('rIFG_to_lIFG_T2', 0.0018441364636683788)	('L_IFGorb_T2', 0.001758242836257289)	('R_IFGorb_T2', 0.0014977494930073596)	('lDLPFC_to_lPTL_T1', 0.0007906464619752354)	('L_SMA', -0.0005554382588582159)	('L_PTL', -9.136810130341573e-06)	
