predictors	pearson_correlation	mean_squared_error	r2	
rois + act_t1 + act_t2 + conn_t1 + conn_t2 + age + T1 + T2	-0.0802492454728362	0.08709360740890544	-0.1025093728288422	('L_IFGorb_T1', 0.020043197705661046)	('lDLPFC_to_lPTL_T1', 0.01719948915457859)	('L_PTL_T2', 0.013168098928416652)	('lPTL_to_lIFG_T1', 0.012100086916521495)	('lSMA_to_lPTL_T2', 0.010535196542540483)	('lIFG_to_lPTL_T2', 0.010355178123450845)	('lPTL_to_lIFG_T2', 0.009622174122709298)	('lDLPFC_to_lIFG_T2', 0.009228489677489342)	('T1', 0.008785661992280001)	('L_PTL', -0.008374269258404359)	('rIFG_to_lIFG_T1', 0.007881416245202348)	('L_IFGorb_T2', 0.007745645639508476)	('rDLPFC_to_lIFG_T1', -0.007690856135324637)	('rDLPFC_to_lPTL_T2', 0.007482272219980889)	('L_SMA_T1', 0.00715910579348568)	('T2', 0.006589773998451072)	('R_IFGorb_T2', 0.00657600257992535)	('L_IFGorb', -0.005938588702089909)	('rDLPFC_to_lIFG_T2', 0.005932538308009154)	('Age', 0.005562311354377091)	('L_SMA', 0.005392225530227985)	('L_DLPFC_T1', 0.005184780293645649)	('L_DLPFC', -0.004931530288803234)	('rDLPFC_to_lPTL_T1', -0.004655578095989737)	('lSMA_to_lIFG_T1', -0.004403731226811054)	('R_IFGorb_T1', -0.004101419043400132)	('L_DLPFC_T2', 0.0036584101780306566)	('rIFG_to_lIFG_T2', 0.0035221126036489424)	('L_PTL_T1', -0.0035031940869616135)	('lSMA_to_lIFG_T2', 0.003488892235090204)	('lDLPFC_to_lPTL_T2', -0.0034351461497185384)	('R_DLPFC_T2', -0.0032647345161629154)	('L_SMA_T2', 0.0030840861353306553)	('lDLPFC_to_lIFG_T1', 0.0024549986271660443)	('R_DLPFC_T1', -0.0024048958231302803)	('lIFG_to_lPTL_T1', -0.0019500994989883969)	('lSMA_to_lPTL_T1', -0.0010137539866517775)	
