predictors	pearson_correlation	mean_squared_error	r2	
rois + act_t1 + act_t2 + conn_t1 + conn_t2 + age + T1 + T2	-0.02022336331907979	0.09997666204159553	-0.08936815142046761	('L_SMA_T2', 0.026009040514106924)	('rDLPFC_to_lIFG_T2', 0.02296684818800146)	('lDLPFC_to_lIFG_T1', 0.018454465234079027)	('rDLPFC_to_lPTL_T1', 0.0179828260413958)	('lSMA_to_lIFG_T2', 0.01659272468656316)	('L_SMA_T1', 0.013937630767095765)	('L_IFGorb', 0.011625811275589317)	('rDLPFC_to_lIFG_T1', 0.00837052556696494)	('L_PTL', -0.007466951086060431)	('rIFG_to_lIFG_T2', 0.00703805558824481)	('lPTL_to_lIFG_T2', -0.006289822811410296)	('R_DLPFC_T1', 0.006148552862406055)	('L_IFGorb_T1', 0.005961302792867235)	('L_PTL_T1', -0.005789226610110984)	('lPTL_to_lIFG_T1', -0.005523151873111732)	('lDLPFC_to_lPTL_T1', -0.005333285003028566)	('L_SMA', -0.005313977370577631)	('T1', 0.004733896529692483)	('lSMA_to_lPTL_T2', 0.0046795284069829236)	('Age', -0.004532049601360523)	('L_IFGorb_T2', 0.004524458414320656)	('L_DLPFC_T1', 0.004318229670213267)	('R_IFGorb_T2', -0.004182739557749538)	('lSMA_to_lIFG_T1', -0.003949760295019775)	('lDLPFC_to_lIFG_T2', 0.0030166267400854882)	('L_DLPFC', -0.0030121443542069698)	('lSMA_to_lPTL_T1', -0.00297905243353201)	('rDLPFC_to_lPTL_T2', -0.002785254674324606)	('L_DLPFC_T2', -0.0025262836494884294)	('lDLPFC_to_lPTL_T2', -0.002491371230784574)	('rIFG_to_lIFG_T1', -0.0024130830270806813)	('R_DLPFC_T2', 0.0022454621766531788)	('lIFG_to_lPTL_T1', 0.0013642490071067)	('T2', -0.0006474423156817813)	('R_IFGorb_T1', 0.0005399451951654732)	('L_PTL_T2', 0.00048636017556032124)	('lIFG_to_lPTL_T2', 0.00036892738183707873)	
