predictors	pearson_correlation	mean_squared_error	r2	
rois + act_t1 + act_t2 + conn_t1 + conn_t2 + age + T1 + T2	-0.1828847117712013	0.1019673091819718	-0.11105868950364473	('L_DLPFC_T2', 0.015156630514778611)	('R_DLPFC_T2', 0.012973077862955438)	('L_IFGorb', 0.01035610530931806)	('rIFG_to_lIFG_T2', 0.009616119490917632)	('L_IFGorb_T2', 0.009528788552914913)	('lDLPFC_to_lPTL_T1', 0.009215902765512481)	('L_PTL_T2', -0.008420503547554649)	('R_DLPFC_T1', 0.00733874992685313)	('lSMA_to_lPTL_T1', -0.007109475754092951)	('L_SMA_T1', 0.006963240321684284)	('lSMA_to_lPTL_T2', -0.006270533697555644)	('rDLPFC_to_lPTL_T2', 0.0062503271647690855)	('lPTL_to_lIFG_T1', 0.005905208951686223)	('R_IFGorb_T1', 0.005532333589623901)	('L_DLPFC_T1', 0.004845849933775899)	('lIFG_to_lPTL_T2', 0.004459870661713395)	('rIFG_to_lIFG_T1', -0.004141878633755824)	('lSMA_to_lIFG_T1', 0.003873885498417693)	('lDLPFC_to_lPTL_T2', 0.003774657686180657)	('R_IFGorb_T2', -0.003632690315519239)	('L_IFGorb_T1', 0.0035706324000288323)	('T1', 0.003193141152542175)	('lDLPFC_to_lIFG_T1', -0.003148898460188968)	('L_PTL_T1', 0.003016651374480539)	('T2', 0.002744601661930124)	('L_SMA', 0.002711332167831277)	('L_SMA_T2', 0.0026034588760470165)	('rDLPFC_to_lIFG_T1', 0.0023875277563546993)	('L_DLPFC', 0.0018521960862746942)	('Age', 0.001691803324624648)	('rDLPFC_to_lIFG_T2', -0.0015334162543780797)	('L_PTL', -0.0014584768166569803)	('lSMA_to_lIFG_T2', -0.0012765434755105665)	('lIFG_to_lPTL_T1', 0.0011636734374367661)	('rDLPFC_to_lPTL_T1', 0.0009278316138315146)	('lPTL_to_lIFG_T2', 0.0008629595234234166)	('lDLPFC_to_lIFG_T2', 1.3527234225827047e-05)	
