predictors	pearson_correlation	mean_squared_error	r2	
rois + act_t1 + act_t2 + conn_t1 + conn_t2 + age + T1 + T2	0.08418684844863751	0.09805241068064585	-0.2412357809032626	('L_IFGorb_T2', 0.029170635705507562)	('lIFG_to_lPTL_T2', 0.021463442254711237)	('L_IFGorb_T1', 0.01479344775606239)	('lSMA_to_lPTL_T2', 0.01445258015228447)	('lDLPFC_to_lIFG_T2', 0.014326316524565518)	('L_PTL_T1', 0.014299958139796475)	('rDLPFC_to_lIFG_T2', 0.013675789284163024)	('R_IFGorb_T2', -0.012198367325727646)	('L_SMA', -0.011717480616032014)	('R_DLPFC_T2', 0.011660993172292652)	('T1', 0.010889095536260515)	('lDLPFC_to_lPTL_T1', 0.010566074224451409)	('L_PTL_T2', 0.010394818209715611)	('lSMA_to_lIFG_T2', 0.009293405412350056)	('R_IFGorb_T1', 0.008978431416623352)	('lSMA_to_lIFG_T1', 0.008699017391112503)	('lDLPFC_to_lIFG_T1', 0.008546037785335948)	('L_DLPFC', 0.008071772635018721)	('lIFG_to_lPTL_T1', 0.007486533509891607)	('L_PTL', -0.00717457893462904)	('rDLPFC_to_lPTL_T2', 0.0069942877118252264)	('L_SMA_T2', 0.006730380249702836)	('T2', -0.006595695693351524)	('lSMA_to_lPTL_T1', 0.00630000553940497)	('lPTL_to_lIFG_T1', -0.005845765317788868)	('rDLPFC_to_lPTL_T1', -0.005552534359972156)	('rIFG_to_lIFG_T2', 0.005383694775723921)	('Age', -0.004457228562225843)	('rDLPFC_to_lIFG_T1', 0.0036606086730987153)	('lPTL_to_lIFG_T2', -0.003409416774162969)	('L_IFGorb', -0.0033089089029665905)	('lDLPFC_to_lPTL_T2', 0.00325890907929668)	('rIFG_to_lIFG_T1', -0.0022438168170567404)	('R_DLPFC_T1', -0.0021496213234430722)	('L_DLPFC_T2', 0.0019005514358405781)	('L_SMA_T1', -0.0015627369736550773)	('L_DLPFC_T1', -0.00012578847532546147)	
