predictors	pearson_correlation	mean_squared_error	r2	
rois + act_t1 + act_t2 + conn_t1 + conn_t2 + age + T1 + T2	0.09130212894078152	0.07887728967941628	0.001500181676938439	('lIFG_to_lPTL_T2', 0.01953289196208788)	('L_IFGorb', 0.016307676415244773)	('rDLPFC_to_lPTL_T1', 0.01550407475045377)	('R_IFGorb_T1', 0.01541273359431107)	('lDLPFC_to_lIFG_T1', 0.012842288257753283)	('lSMA_to_lPTL_T2', 0.011707198388210136)	('R_DLPFC_T2', 0.01169190149788197)	('lPTL_to_lIFG_T2', 0.011171657362494468)	('T1', 0.009920509554569681)	('lSMA_to_lIFG_T1', 0.009733797450141008)	('rDLPFC_to_lIFG_T2', 0.009303990643864593)	('T2', -0.00919777898697492)	('L_PTL_T1', 0.008421481257252835)	('L_SMA', 0.00796762614126803)	('Age', -0.0079000383158991)	('L_SMA_T1', 0.007045509508263574)	('lSMA_to_lPTL_T1', 0.006945451415707346)	('L_DLPFC_T1', 0.006606454249204512)	('R_IFGorb_T2', 0.005641997114331626)	('lDLPFC_to_lPTL_T1', -0.005414163376549717)	('L_SMA_T2', 0.005183056156347606)	('L_DLPFC_T2', 0.0050540693920645245)	('R_DLPFC_T1', -0.004828091520363681)	('L_IFGorb_T2', 0.004600905893491032)	('lSMA_to_lIFG_T2', -0.00407194518172773)	('L_DLPFC', -0.003753103566169977)	('rIFG_to_lIFG_T2', 0.0037025830670496334)	('rIFG_to_lIFG_T1', -0.0031986522180481986)	('lPTL_to_lIFG_T1', 0.0027801283772804705)	('lIFG_to_lPTL_T1', -0.001764060744917209)	('L_IFGorb_T1', -0.0016501921836111022)	('L_PTL_T2', -0.001449292463220645)	('rDLPFC_to_lPTL_T2', 0.0013065112369601622)	('lDLPFC_to_lPTL_T2', 0.0012433246448488695)	('rDLPFC_to_lIFG_T1', -0.0011404190327767003)	('lDLPFC_to_lIFG_T2', 0.0006613054448285933)	('L_PTL', 0.00039929424661067146)	
