predictors	pearson_correlation	mean_squared_error	r2	
rois + act_t1 + act_t2 + conn_t1 + conn_t2 + age + T1 + T2	-0.10092378711568513	0.08464531533110856	-0.07151668526544164	('R_IFGorb_T2', 0.013902218598617835)	('lSMA_to_lPTL_T2', 0.012087432720397154)	('L_IFGorb', 0.011505346950504397)	('L_SMA', 0.01094709437290348)	('Age', 0.010011002980459616)	('L_SMA_T1', -0.009555383805911517)	('lPTL_to_lIFG_T1', 0.008480081628217619)	('rIFG_to_lIFG_T1', 0.008382956884244947)	('lPTL_to_lIFG_T2', 0.00804401970944372)	('lDLPFC_to_lPTL_T2', 0.0074032283704801565)	('lSMA_to_lPTL_T1', 0.007245011978691909)	('L_PTL', 0.0064963780853497565)	('lSMA_to_lIFG_T1', 0.005106579459220961)	('L_IFGorb_T1', 0.004786469907543243)	('lDLPFC_to_lPTL_T1', -0.004429308139433591)	('R_IFGorb_T1', 0.00419296778684749)	('R_DLPFC_T2', 0.004016016890350252)	('lIFG_to_lPTL_T2', 0.003978761365380882)	('L_PTL_T1', -0.003927515155002025)	('lIFG_to_lPTL_T1', 0.003664118551935724)	('L_DLPFC', 0.0035431039299611976)	('lSMA_to_lIFG_T2', -0.0033944497670579266)	('lDLPFC_to_lIFG_T2', 0.0033365153341815288)	('T2', 0.0033353686469820144)	('L_IFGorb_T2', 0.0031786515889083195)	('lDLPFC_to_lIFG_T1', -0.0024696275700909678)	('L_PTL_T2', 0.002457648072534121)	('rDLPFC_to_lIFG_T1', -0.002242861431318729)	('L_DLPFC_T2', -0.0016205493924898076)	('rIFG_to_lIFG_T2', -0.0012509979326091652)	('T1', -0.0012283418830805867)	('L_DLPFC_T1', -0.0009806167811461349)	('rDLPFC_to_lIFG_T2', 0.0008899364009081333)	('rDLPFC_to_lPTL_T2', 0.000754499746135865)	('L_SMA_T2', -0.0006161996160538731)	('R_DLPFC_T1', 0.0004849549454015662)	('rDLPFC_to_lPTL_T1', -9.572398840318402e-05)	
