predictors	pearson_correlation	mean_squared_error	r2	
rois + act_t1 + act_t2 + conn_t1 + conn_t2 + age + T1 + T2	0.1984806222982729	0.07611269376191272	0.03649692830176998	('L_PTL', 0.012691926078136745)	('lIFG_to_lPTL_T2', 0.009630109219149719)	('T2', 0.007703988641823455)	('Age', 0.006709896992352452)	('lSMA_to_lIFG_T1', 0.006525405627980469)	('R_IFGorb_T2', 0.006157306149340287)	('lDLPFC_to_lIFG_T1', -0.005972356934327767)	('L_SMA_T1', 0.0059141942711558515)	('R_DLPFC_T1', 0.005381188597577951)	('lSMA_to_lIFG_T2', -0.005205003646698127)	('lSMA_to_lPTL_T1', 0.005181020379934421)	('L_IFGorb', -0.004676997125570706)	('rIFG_to_lIFG_T2', 0.004622123455942925)	('rDLPFC_to_lIFG_T2', 0.004017648684917754)	('lDLPFC_to_lPTL_T1', -0.004012092752295744)	('rDLPFC_to_lPTL_T1', 0.003944147561278899)	('lSMA_to_lPTL_T2', 0.003916792393076853)	('L_SMA_T2', 0.0034910056066341055)	('rDLPFC_to_lPTL_T2', 0.00333475817572507)	('lDLPFC_to_lIFG_T2', 0.0033196526422897303)	('L_PTL_T2', 0.003232764167879213)	('L_SMA', 0.0030271161832977293)	('T1', -0.002692853746664831)	('R_DLPFC_T2', 0.00242617415878017)	('L_DLPFC_T2', 0.0022808730558531837)	('lPTL_to_lIFG_T2', -0.0022178688176415396)	('R_IFGorb_T1', 0.0019510391485333097)	('L_IFGorb_T1', -0.001887179170018164)	('L_PTL_T1', -0.0018790157964854507)	('L_DLPFC', -0.001807684528151808)	('lIFG_to_lPTL_T1', 0.001213902838704393)	('lPTL_to_lIFG_T1', 0.0011941826068282782)	('rDLPFC_to_lIFG_T1', 0.0011804654532710243)	('rIFG_to_lIFG_T1', -0.000561391683324108)	('L_IFGorb_T2', -0.0002248049351843079)	('lDLPFC_to_lPTL_T2', 8.058243343056899e-05)	('L_DLPFC_T1', 4.4016768385732625e-05)	
