predictors	pearson_correlation	mean_squared_error	r2	
rois + act_t1 + act_t2 + conn_t1 + conn_t2 + age + T1 + T2	0.10425262636936179	0.09111569231245197	0.0071829637749342146	('L_SMA', 0.0180539928789577)	('L_PTL', 0.013681965082560501)	('L_SMA_T1', 0.012237865650438095)	('lPTL_to_lIFG_T1', -0.011525035174085544)	('L_IFGorb_T1', 0.010075929634610868)	('L_DLPFC_T2', 0.009825313002150003)	('rIFG_to_lIFG_T2', 0.00846744672409859)	('lSMA_to_lIFG_T2', 0.007921240149811631)	('R_IFGorb_T2', 0.007595817788210883)	('rDLPFC_to_lIFG_T2', 0.0072137929133294105)	('lSMA_to_lPTL_T2', 0.006934178434767749)	('L_PTL_T1', -0.006781224789593107)	('rDLPFC_to_lPTL_T2', -0.006098677358082123)	('R_DLPFC_T1', -0.005462328845268558)	('L_PTL_T2', -0.005416896684789682)	('L_IFGorb_T2', -0.005243156937636576)	('L_SMA_T2', 0.004641960728692925)	('lDLPFC_to_lIFG_T2', 0.004260829639484778)	('lSMA_to_lPTL_T1', -0.004113848678805134)	('L_IFGorb', 0.0040894294258693705)	('lPTL_to_lIFG_T2', -0.0038640922961798788)	('L_DLPFC_T1', 0.003862889875110023)	('T2', 0.003697147443217735)	('lDLPFC_to_lIFG_T1', 0.003542540530210962)	('T1', -0.003415822777538114)	('R_DLPFC_T2', 0.0033753277811558254)	('Age', 0.003140394091524633)	('rDLPFC_to_lPTL_T1', 0.002631338422534914)	('lDLPFC_to_lPTL_T1', -0.0019297876843533172)	('rIFG_to_lIFG_T1', -0.0017472155038573823)	('lSMA_to_lIFG_T1', -0.0014164693373752066)	('rDLPFC_to_lIFG_T1', -0.000769125659880404)	('R_IFGorb_T1', -0.0005752973800708053)	('lIFG_to_lPTL_T1', -0.000569761913970029)	('L_DLPFC', -0.000532192537366217)	('lDLPFC_to_lPTL_T2', -0.000461609139178718)	('lIFG_to_lPTL_T2', -8.147574636636817e-05)	
