predictors	pearson_correlation	mean_squared_error	r2	
rois + act_t1 + act_t2 + conn_t1 + conn_t2 + age + T1 + T2	-0.05042659808720876	0.09863450923108534	-0.07474375312338344	('Age', 0.015555894147275201)	('L_IFGorb', 0.01344329318050097)	('L_IFGorb_T1', 0.008883758855752972)	('lPTL_to_lIFG_T2', 0.007394215300822394)	('lSMA_to_lIFG_T2', 0.007288155778692812)	('lDLPFC_to_lPTL_T1', 0.006902811496274709)	('L_PTL_T2', 0.006571963328248517)	('lSMA_to_lPTL_T1', -0.005700634259772515)	('R_DLPFC_T2', -0.005440701005849216)	('rIFG_to_lIFG_T1', 0.005142713963596469)	('L_PTL_T1', 0.004915581560466301)	('rDLPFC_to_lPTL_T2', -0.004417943651772334)	('lSMA_to_lPTL_T2', 0.0039302268244251265)	('L_IFGorb_T2', -0.003624792195105926)	('rDLPFC_to_lIFG_T1', 0.003511296810853663)	('L_SMA_T1', 0.0032769302697885265)	('lSMA_to_lIFG_T1', 0.0032731861208711395)	('L_DLPFC_T1', 0.0030093398612271367)	('L_SMA_T2', 0.002943035848123551)	('L_DLPFC_T2', 0.0027012773567189376)	('rDLPFC_to_lPTL_T1', 0.0025263762128195956)	('lDLPFC_to_lIFG_T1', 0.002368017465320241)	('rDLPFC_to_lIFG_T2', 0.002271153574737843)	('L_DLPFC', 0.0019497285147863448)	('R_DLPFC_T1', -0.001821013293283406)	('lIFG_to_lPTL_T1', 0.00169970820316987)	('T2', 0.0015994950559606001)	('rIFG_to_lIFG_T2', -0.001396945683586095)	('L_PTL', -0.0011732071293874065)	('L_SMA', 0.0010873521662549636)	('R_IFGorb_T1', 0.0009470576115166242)	('R_IFGorb_T2', -0.0008658324473890781)	('lIFG_to_lPTL_T2', -0.0006776013148762286)	('lPTL_to_lIFG_T1', -0.0003771334943016264)	('lDLPFC_to_lPTL_T2', 0.00025749008625764553)	('lDLPFC_to_lIFG_T2', 1.0484435425831536e-05)	('T1', 8.423812816101638e-06)	
