predictors	pearson_correlation	mean_squared_error	r2	
rois + act_t1 + act_t2 + conn_t1 + conn_t2 + age + T1 + T2	0.005255282836374228	0.08972545291481357	-0.13582564510675987	('L_DLPFC_T2', 0.025303605994777226)	('lSMA_to_lPTL_T2', -0.01818682808598025)	('L_SMA', 0.015492198220048044)	('rIFG_to_lIFG_T1', 0.013200584331093394)	('L_DLPFC', 0.011866541795502804)	('L_IFGorb_T2', 0.011529206980304093)	('R_DLPFC_T1', 0.01064820075029896)	('rDLPFC_to_lPTL_T2', 0.010418605205123752)	('L_DLPFC_T1', -0.009828050310739368)	('rIFG_to_lIFG_T2', 0.007691402243762952)	('L_SMA_T2', -0.007367884270386577)	('L_SMA_T1', -0.00690242139790531)	('lDLPFC_to_lIFG_T2', 0.006861085493442096)	('R_DLPFC_T2', 0.006655785510529277)	('L_PTL', 0.006495219436080453)	('R_IFGorb_T2', 0.005933757449845843)	('lPTL_to_lIFG_T1', 0.005902541205418718)	('lDLPFC_to_lIFG_T1', -0.005778051862963356)	('L_IFGorb_T1', 0.005423340521672802)	('rDLPFC_to_lIFG_T1', 0.005389856084510089)	('lDLPFC_to_lPTL_T2', 0.003842090700923718)	('lSMA_to_lIFG_T1', 0.003600089096942174)	('lIFG_to_lPTL_T1', 0.0033128835610947305)	('R_IFGorb_T1', 0.003096492038502433)	('lSMA_to_lIFG_T2', -0.0026789072295149664)	('L_PTL_T2', 0.0020886160476058704)	('lDLPFC_to_lPTL_T1', 0.002044998838819418)	('lSMA_to_lPTL_T1', 0.0019539284443469995)	('Age', 0.0018424767287912422)	('T1', -0.001517593485504703)	('rDLPFC_to_lIFG_T2', -0.0011167280017982768)	('lIFG_to_lPTL_T2', 0.0010146393099616964)	('lPTL_to_lIFG_T2', -0.0009238188273768637)	('L_PTL_T1', 0.0007641418222656401)	('T2', -0.0003509029198387733)	('rDLPFC_to_lPTL_T1', -0.00029986557276906825)	('L_IFGorb', 0.00023212954876286303)	
