predictors	pearson_correlation	mean_squared_error	r2	
rois + act_t1 + act_t2 + conn_t1 + conn_t2 + age + T1 + T2	0.35181454483399094	0.08582898763662578	0.06478808463218577	('L_SMA_T1', 0.011230778038131183)	('Age', 0.010823419047490854)	('R_IFGorb_T2', 0.010620988440204761)	('lDLPFC_to_lPTL_T1', 0.008856532129033045)	('R_IFGorb_T1', -0.008057457860176679)	('lSMA_to_lIFG_T2', 0.007663007674432237)	('rDLPFC_to_lIFG_T1', 0.00667854022483272)	('L_IFGorb_T1', 0.006240342629391568)	('R_DLPFC_T1', 0.006087078700049821)	('lIFG_to_lPTL_T2', 0.005869338510793588)	('lSMA_to_lPTL_T1', 0.00573056084539565)	('lIFG_to_lPTL_T1', 0.005264712784264866)	('rIFG_to_lIFG_T2', 0.005024054409007779)	('L_SMA', 0.004800603733244886)	('L_PTL_T2', -0.0038328641426586094)	('L_IFGorb_T2', -0.0036949851441320843)	('L_PTL_T1', 0.0036541725118688835)	('lPTL_to_lIFG_T2', 0.003648097624247101)	('L_DLPFC_T2', -0.0036081648724581765)	('rDLPFC_to_lIFG_T2', -0.003574455489816627)	('lSMA_to_lIFG_T1', -0.0035734886313936493)	('L_IFGorb', 0.003441146244870364)	('L_DLPFC_T1', 0.0032729659991501355)	('L_DLPFC', 0.0027755190355161735)	('T2', 0.002770997549698737)	('rDLPFC_to_lPTL_T1', 0.002600659999987812)	('L_PTL', 0.002367837168193771)	('lPTL_to_lIFG_T1', 0.0021600149663265366)	('rIFG_to_lIFG_T1', 0.001966751155104637)	('L_SMA_T2', 0.0019035128458633579)	('lDLPFC_to_lIFG_T2', 0.0018742341351650495)	('T1', -0.0013478443123616929)	('rDLPFC_to_lPTL_T2', 0.0012992757610862356)	('lDLPFC_to_lIFG_T1', 0.00108876328830707)	('lSMA_to_lPTL_T2', 0.0009223733269010263)	('lDLPFC_to_lPTL_T2', -0.00040092773474863247)	('R_DLPFC_T2', 4.7913559137663036e-05)	
