predictors	pearson_correlation	mean_squared_error	r2	
rois + act_t1 + act_t2 + conn_t1 + conn_t2 + age + T1 + T2	0.26748132526407287	0.07338686105776146	0.07100297523791821	('L_DLPFC', 0.020698402079754295)	('L_DLPFC_T1', 0.010785348969703158)	('lSMA_to_lIFG_T1', 0.010393656829187838)	('L_SMA_T1', 0.010141038819378905)	('lDLPFC_to_lIFG_T1', 0.008283034247667628)	('R_IFGorb_T1', -0.00816985500862525)	('L_IFGorb_T1', 0.0077055875245766355)	('rDLPFC_to_lIFG_T1', 0.007648170737390918)	('rIFG_to_lIFG_T1', 0.007008444826438579)	('lDLPFC_to_lPTL_T2', 0.006929243280467737)	('L_IFGorb', 0.00684990160374431)	('lSMA_to_lPTL_T2', 0.006659063170304623)	('rDLPFC_to_lPTL_T1', 0.006601470411082905)	('T2', -0.006513403333569828)	('rIFG_to_lIFG_T2', 0.006291698360125733)	('Age', 0.005925298379741921)	('R_IFGorb_T2', 0.005461393451272775)	('lDLPFC_to_lIFG_T2', 0.004761119668045715)	('rDLPFC_to_lIFG_T2', -0.003981861676386372)	('lPTL_to_lIFG_T1', 0.003754969599346519)	('lIFG_to_lPTL_T1', -0.0037425195903316574)	('R_DLPFC_T1', 0.0037043664693714013)	('T1', 0.003433855416690063)	('lPTL_to_lIFG_T2', -0.0030815526452941788)	('lSMA_to_lPTL_T1', -0.0027576598438184417)	('lDLPFC_to_lPTL_T1', -0.002592579889737024)	('L_SMA', -0.002210664743384925)	('rDLPFC_to_lPTL_T2', 0.002158304063749475)	('lSMA_to_lIFG_T2', 0.002148286859587719)	('L_DLPFC_T2', 0.002105635988496289)	('L_PTL', 0.0019113498337318643)	('L_PTL_T1', 0.0013666049437928126)	('L_PTL_T2', 0.0009201250893733254)	('R_DLPFC_T2', -0.0004885965041490217)	('L_IFGorb_T2', 0.00045751002945059024)	('L_SMA_T2', 0.00025346978895283084)	('lIFG_to_lPTL_T2', 0.00022701064192165836)	
