predictors	pearson_correlation	mean_squared_error	r2	
rois + act_t1 + act_t2 + conn_t1 + conn_t2 + age + T1 + T2	0.025860415472897833	0.0977161548435128	-0.06473715757288856	('lDLPFC_to_lIFG_T2', 0.014016520944978232)	('L_SMA_T2', -0.010683317939130224)	('R_IFGorb_T2', -0.010234560178167063)	('lPTL_to_lIFG_T1', 0.009062941242791516)	('lDLPFC_to_lIFG_T1', 0.008519259989906297)	('L_SMA', 0.00802788961935432)	('rIFG_to_lIFG_T2', 0.007979997488534764)	('L_PTL_T1', -0.00748338577462825)	('L_SMA_T1', 0.006522771690460872)	('lSMA_to_lPTL_T1', -0.006370305063106854)	('rDLPFC_to_lIFG_T2', 0.005948055502661728)	('L_IFGorb_T2', 0.005893433202073654)	('L_IFGorb', -0.0055420430775840815)	('lDLPFC_to_lPTL_T2', 0.005399952030039874)	('rDLPFC_to_lPTL_T1', 0.005132124714951251)	('rDLPFC_to_lIFG_T1', -0.004845534424040924)	('lIFG_to_lPTL_T2', 0.004807062578970054)	('R_DLPFC_T1', 0.004751179046035461)	('L_DLPFC_T1', 0.004486998023930057)	('R_DLPFC_T2', 0.0032125200445852604)	('R_IFGorb_T1', 0.002759485156909754)	('L_DLPFC_T2', 0.0025664146582520617)	('rDLPFC_to_lPTL_T2', -0.0024693744239105623)	('lSMA_to_lIFG_T1', 0.002381349276668366)	('lSMA_to_lPTL_T2', 0.002317980641959203)	('T2', 0.0014171102236958594)	('L_IFGorb_T1', -0.0012768356487461484)	('T1', 0.0012394470626977175)	('L_PTL', -0.001197397155219218)	('lSMA_to_lIFG_T2', 0.0011564180226700314)	('lDLPFC_to_lPTL_T1', 0.0010761333916189104)	('lPTL_to_lIFG_T2', -0.0005299752380174573)	('lIFG_to_lPTL_T1', -0.0003807005700543506)	('L_DLPFC', 0.00035721101625881484)	('Age', 0.00034368899419756274)	('rIFG_to_lIFG_T1', 0.0002996544321864734)	('L_PTL_T2', 0.00016184948786669487)	
