predictors	pearson_correlation	mean_squared_error	r2	
rois + act_t1 + act_t2 + conn_t1 + conn_t2 + age + T1 + T2	-0.15479355586309407	0.10723886505733582	-0.16849874563060108	('R_IFGorb_T2', -0.02610093667478789)	('rDLPFC_to_lIFG_T1', 0.022945453403042347)	('lSMA_to_lIFG_T1', 0.020972140366190228)	('L_IFGorb_T2', 0.018327844104883483)	('lSMA_to_lIFG_T2', -0.01727209059487593)	('T1', -0.015815904491767462)	('lDLPFC_to_lIFG_T1', 0.014787113456347707)	('L_IFGorb', 0.014774187013085851)	('rIFG_to_lIFG_T2', 0.014472824422206614)	('lPTL_to_lIFG_T2', 0.012869467354884406)	('lSMA_to_lPTL_T1', -0.01286592403826916)	('lSMA_to_lPTL_T2', -0.012310101299747618)	('L_SMA_T1', 0.011771773074634374)	('L_SMA_T2', 0.011732506863079641)	('lIFG_to_lPTL_T1', 0.01129617096481739)	('T2', 0.009832093757909385)	('rDLPFC_to_lIFG_T2', 0.008702220699676572)	('R_DLPFC_T1', -0.008406353804284025)	('L_DLPFC_T1', 0.007888358150141)	('rIFG_to_lIFG_T1', 0.007196754127937555)	('L_PTL', 0.006446367786586044)	('L_IFGorb_T1', -0.006395825218104054)	('lDLPFC_to_lIFG_T2', 0.005894988593159093)	('R_IFGorb_T1', -0.005447191177176405)	('lDLPFC_to_lPTL_T1', 0.004709191971830536)	('L_PTL_T2', -0.004689785023746933)	('L_PTL_T1', -0.003752629009294609)	('L_DLPFC', 0.0036811284197757004)	('lPTL_to_lIFG_T1', -0.003271792178562644)	('R_DLPFC_T2', 0.0024623217500302753)	('L_SMA', 0.0023698966326599464)	('rDLPFC_to_lPTL_T1', 0.002094167267053982)	('lIFG_to_lPTL_T2', 0.0020568310993108714)	('rDLPFC_to_lPTL_T2', -0.0013665452987937123)	('L_DLPFC_T2', 0.000821163855894519)	('Age', -0.0007663704792812644)	('lDLPFC_to_lPTL_T2', 0.0005771545044963599)	
