predictors	pearson_correlation	mean_squared_error	r2	
rois + act_t1 + act_t2 + conn_t1 + conn_t2 + age + T1 + T2	-0.14924394621366988	0.0996248096063656	-0.08553428830569665	('L_SMA_T1', 0.01880909898669309)	('L_DLPFC_T1', 0.014860806643699067)	('L_DLPFC', -0.01093376517252875)	('lPTL_to_lIFG_T1', -0.00991117649097726)	('lPTL_to_lIFG_T2', -0.008297597895042723)	('rDLPFC_to_lIFG_T1', -0.008224681762741262)	('lSMA_to_lPTL_T2', 0.007976642807353792)	('lDLPFC_to_lPTL_T2', -0.007808103802636345)	('L_SMA', 0.0073613957262840275)	('T1', 0.007226820031653996)	('rDLPFC_to_lPTL_T2', 0.006856680880738459)	('rDLPFC_to_lPTL_T1', 0.006632364540119693)	('L_IFGorb_T1', 0.00616812767857828)	('L_DLPFC_T2', 0.006119092526211055)	('rIFG_to_lIFG_T1', -0.006113437372351129)	('R_DLPFC_T2', 0.0060739287522038245)	('R_IFGorb_T2', 0.0058778839089387094)	('lSMA_to_lIFG_T1', -0.005839371309668321)	('L_SMA_T2', -0.005542279328502129)	('L_PTL_T1', -0.005082811044918029)	('lSMA_to_lPTL_T1', -0.005034555451271645)	('R_DLPFC_T1', 0.004714223540657274)	('L_IFGorb_T2', 0.004177473155127008)	('lIFG_to_lPTL_T1', 0.0041637228365703225)	('L_PTL_T2', 0.003769092803111922)	('R_IFGorb_T1', 0.0036242054560087886)	('T2', 0.0035199892195469976)	('Age', -0.003225083982549921)	('lSMA_to_lIFG_T2', 0.002833009569938986)	('lDLPFC_to_lIFG_T2', 0.002139117234935277)	('lDLPFC_to_lIFG_T1', -0.0020940870875027096)	('rIFG_to_lIFG_T2', 0.002076112214558804)	('L_PTL', 0.0015935881643071544)	('lIFG_to_lPTL_T2', -0.0015593042307656098)	('rDLPFC_to_lIFG_T2', 0.0006810893844832772)	('L_IFGorb', 0.0005295060963810366)	('lDLPFC_to_lPTL_T1', 0.00036575179712197134)	
