predictors	pearson_correlation	mean_squared_error	r2	
rois + act_t1 + act_t2 + conn_t1 + conn_t2 + age + T1 + T2	0.07038281211164173	0.095569721392369	-0.04134913687815134	('L_PTL_T1', 0.027878452176903497)	('lDLPFC_to_lIFG_T2', 0.02377642961808243)	('L_SMA_T1', 0.023276587331563448)	('L_PTL', 0.023193043158847744)	('L_SMA', -0.017314181694452684)	('lIFG_to_lPTL_T1', 0.015879309817920243)	('lSMA_to_lPTL_T2', -0.013522750871498443)	('R_IFGorb_T2', -0.013251649278276378)	('R_IFGorb_T1', 0.012560940795968593)	('lDLPFC_to_lPTL_T2', 0.010990966204228602)	('lSMA_to_lIFG_T1', 0.010548938643685585)	('lDLPFC_to_lPTL_T1', 0.010105087150622345)	('lSMA_to_lPTL_T1', -0.010080692808150151)	('lSMA_to_lIFG_T2', 0.009825633722739804)	('L_IFGorb', -0.007926629420310447)	('Age', 0.007712717364000861)	('rDLPFC_to_lPTL_T2', -0.007534164308575282)	('R_DLPFC_T2', 0.006780808491499971)	('L_IFGorb_T1', -0.00658568530843521)	('R_DLPFC_T1', 0.00643827301412611)	('L_DLPFC_T2', -0.005986690673597881)	('rIFG_to_lIFG_T2', 0.005911185453994378)	('lPTL_to_lIFG_T2', -0.005542271970111512)	('rDLPFC_to_lIFG_T1', -0.005222884527775133)	('L_DLPFC_T1', 0.0047105697407368325)	('lPTL_to_lIFG_T1', 0.003715201566122937)	('T2', -0.0036489866134659485)	('rIFG_to_lIFG_T1', 0.0030424021683496108)	('L_SMA_T2', -0.0030049002387886312)	('L_IFGorb_T2', 0.002389389126084439)	('rDLPFC_to_lIFG_T2', -0.0019326860178543947)	('lDLPFC_to_lIFG_T1', -0.0013909278622052461)	('lIFG_to_lPTL_T2', 0.0012751540856667453)	('L_PTL_T2', 0.0011885695377631758)	('rDLPFC_to_lPTL_T1', -0.0007155842694366871)	('T1', -0.0006869181480761142)	('L_DLPFC', 0.0001764596644668534)	
