predictors	pearson_correlation	mean_squared_error	r2	
rois + act_t1 + act_t2 + conn_t1 + conn_t2 + age + T1 + T2	-0.22343744063236434	0.11565822600238825	-0.260237992386384	('L_DLPFC_T2', 0.012401706360122156)	('lDLPFC_to_lIFG_T2', 0.011714453866776135)	('R_IFGorb_T1', 0.01122127548915038)	('lIFG_to_lPTL_T2', 0.010587259728894875)	('lDLPFC_to_lPTL_T2', 0.01001590452472836)	('lSMA_to_lPTL_T2', 0.009296296701575533)	('rDLPFC_to_lIFG_T2', -0.008613882655312233)	('L_IFGorb', 0.008475374698010277)	('L_IFGorb_T2', 0.008052420768209263)	('L_IFGorb_T1', 0.007587983555510976)	('rDLPFC_to_lIFG_T1', -0.007238605803635515)	('R_DLPFC_T2', 0.0072170208030220544)	('lSMA_to_lIFG_T2', -0.0064124102513279735)	('T2', 0.005929064340574557)	('L_PTL_T1', 0.005042996676955238)	('rDLPFC_to_lPTL_T2', 0.004750321059778792)	('lDLPFC_to_lPTL_T1', -0.00441755581442727)	('L_PTL', 0.004409522223105296)	('lSMA_to_lIFG_T1', -0.004099890897266951)	('T1', 0.003945082216005845)	('rIFG_to_lIFG_T2', -0.003803658095830593)	('L_DLPFC', 0.003475984597733167)	('L_PTL_T2', 0.0027295925253819917)	('lIFG_to_lPTL_T1', 0.0026168852392980586)	('Age', 0.0023459585629635685)	('L_SMA', -0.0018147343588550365)	('rIFG_to_lIFG_T1', 0.0017462666322010656)	('L_SMA_T1', -0.001711019473779167)	('rDLPFC_to_lPTL_T1', 0.0015784110249028058)	('L_DLPFC_T1', -0.0015037948401853323)	('lPTL_to_lIFG_T1', 0.0013947592592597668)	('lPTL_to_lIFG_T2', 0.000781575321347368)	('lDLPFC_to_lIFG_T1', -0.0006174102813265239)	('R_DLPFC_T1', -0.0005986741268238215)	('R_IFGorb_T2', -0.0005013526358152814)	('lSMA_to_lPTL_T1', 0.0004791480297596997)	('L_SMA_T2', 0.0)	
