predictors	pearson_correlation	mean_squared_error	r2	
rois + act_t1 + act_t2 + conn_t1 + conn_t2 + age + T1 + T2	0.11865776358773927	0.0783450051035924	0.008238319541670425	('rDLPFC_to_lIFG_T1', 0.020130387499820455)	('rDLPFC_to_lIFG_T2', 0.019858554916261952)	('rIFG_to_lIFG_T1', 0.016021397974557833)	('L_DLPFC', 0.01257423517078648)	('lPTL_to_lIFG_T2', 0.012525107492577011)	('L_SMA_T1', -0.010232712316107357)	('L_DLPFC_T2', 0.009993205867762664)	('lSMA_to_lIFG_T1', 0.00954306813867682)	('lDLPFC_to_lPTL_T2', 0.009484548402675003)	('L_DLPFC_T1', 0.009345454577476812)	('lIFG_to_lPTL_T2', 0.009209910186937082)	('L_IFGorb', -0.008995343224148427)	('L_PTL', 0.00877401615192376)	('R_DLPFC_T2', 0.008700505863480897)	('L_IFGorb_T2', 0.007653653572928473)	('lPTL_to_lIFG_T1', -0.007459075763356092)	('Age', 0.007291721418540931)	('L_SMA_T2', 0.0068647662019072275)	('lSMA_to_lPTL_T2', -0.006739251380537236)	('L_SMA', 0.0064398805397317275)	('lDLPFC_to_lIFG_T2', -0.005855420944305505)	('rDLPFC_to_lPTL_T2', 0.005295541043912188)	('T1', 0.005260523890170766)	('lDLPFC_to_lPTL_T1', 0.005194080999430242)	('lSMA_to_lIFG_T2', 0.005108154815796085)	('T2', -0.0050921948331795275)	('R_IFGorb_T2', 0.004839840018907938)	('rIFG_to_lIFG_T2', 0.00418816654092174)	('L_PTL_T1', -0.0037329393644016974)	('lDLPFC_to_lIFG_T1', -0.003646614143394628)	('lSMA_to_lPTL_T1', 0.003611520690634232)	('lIFG_to_lPTL_T1', -0.003497069947817874)	('L_PTL_T2', 0.00337376657052626)	('rDLPFC_to_lPTL_T1', -0.0031516113027859386)	('L_IFGorb_T1', 0.0018121416080394614)	('R_DLPFC_T1', -0.00034651464171254863)	('R_IFGorb_T1', 0.0001361652988495475)	
