predictors	pearson_correlation	mean_squared_error	r2	
rois + act_t1 + act_t2 + conn_t1 + conn_t2 + age + T1 + T2	-0.038564232735799335	0.08360168920986503	-0.0583055252890512	('lSMA_to_lPTL_T1', 0.027745645050178996)	('L_SMA', 0.017294925725176966)	('R_DLPFC_T1', 0.015845721240246358)	('lDLPFC_to_lIFG_T1', 0.014170725775557586)	('rDLPFC_to_lIFG_T2', 0.012408265476062937)	('L_PTL_T1', 0.011715486790110353)	('lSMA_to_lIFG_T2', 0.010925802255308375)	('rDLPFC_to_lPTL_T2', -0.009425970021527532)	('R_DLPFC_T2', 0.00914276820322223)	('L_DLPFC_T2', 0.008748101409749612)	('lDLPFC_to_lPTL_T1', 0.008642786794221648)	('lSMA_to_lIFG_T1', -0.008375963195968847)	('L_IFGorb_T2', 0.007611813075031712)	('lDLPFC_to_lPTL_T2', 0.007506891253741942)	('L_PTL', 0.00739432718229536)	('lIFG_to_lPTL_T2', 0.007233079026205214)	('L_DLPFC', 0.007180982346632266)	('L_SMA_T2', 0.006685746599874252)	('lPTL_to_lIFG_T1', 0.006232217688385767)	('L_SMA_T1', 0.005919256857707782)	('R_IFGorb_T1', 0.00578006732851535)	('L_PTL_T2', 0.005136739916886523)	('lPTL_to_lIFG_T2', 0.0051201785187313985)	('L_IFGorb', -0.004941972661454062)	('lIFG_to_lPTL_T1', 0.004855433332212236)	('rIFG_to_lIFG_T2', 0.003422621485081166)	('T2', -0.0033063573757572094)	('L_DLPFC_T1', -0.003277069842663242)	('rDLPFC_to_lPTL_T1', -0.0025489448824191656)	('lSMA_to_lPTL_T2', 0.0025013026598322166)	('T1', 0.002370902091439415)	('Age', -0.0023529150767124815)	('L_IFGorb_T1', -0.0012027608657855123)	('rDLPFC_to_lIFG_T1', 0.0008156011590533662)	('rIFG_to_lIFG_T1', 0.0007448511368387388)	('R_IFGorb_T2', -0.0002371139985168698)	('lDLPFC_to_lIFG_T2', -0.00016984885787105946)	
