predictors	pearson_correlation	mean_squared_error	r2	
rois + act_t1 + act_t2 + conn_t1 + conn_t2 + age + T1 + T2	0.14011947113787843	0.07981433890706528	-0.010361831931415377	('Age', 0.02968869983619056)	('lSMA_to_lPTL_T1', 0.017606079352911967)	('rDLPFC_to_lIFG_T1', 0.01479728331302704)	('lSMA_to_lIFG_T2', -0.014429532305363401)	('L_PTL_T2', 0.012276583333680627)	('lIFG_to_lPTL_T1', 0.011882291294864587)	('rDLPFC_to_lPTL_T2', 0.011666984758858984)	('rIFG_to_lIFG_T1', 0.011621635555702252)	('L_IFGorb', 0.011562690467507089)	('T1', 0.01137612631091777)	('R_IFGorb_T2', -0.010541056076290656)	('L_PTL_T1', -0.00944559061896043)	('L_SMA_T1', 0.00796198317686103)	('lDLPFC_to_lIFG_T1', 0.007113838946786032)	('R_IFGorb_T1', 0.00668567245873079)	('R_DLPFC_T2', 0.006591357416441218)	('lPTL_to_lIFG_T2', 0.006407366194518194)	('lDLPFC_to_lPTL_T2', 0.006346276204177028)	('lIFG_to_lPTL_T2', 0.0058023938617338495)	('L_IFGorb_T2', 0.005188462500008588)	('L_DLPFC_T2', 0.004669584819564506)	('rDLPFC_to_lIFG_T2', -0.004189061616505476)	('lDLPFC_to_lIFG_T2', 0.003754369841634307)	('lPTL_to_lIFG_T1', 0.003742279243745159)	('R_DLPFC_T1', 0.0034467890976136355)	('L_SMA_T2', -0.003039972088450712)	('L_DLPFC', 0.002824078369065984)	('lDLPFC_to_lPTL_T1', -0.0025799537422675775)	('L_SMA', 0.0020782188765874903)	('rIFG_to_lIFG_T2', -0.0017692334862864161)	('L_IFGorb_T1', -0.0017679439547372143)	('L_DLPFC_T1', 0.001743930122626475)	('T2', -0.0015304836468059378)	('lSMA_to_lIFG_T1', -0.0010377919745130674)	('lSMA_to_lPTL_T2', 0.000980629109737639)	('L_PTL', -0.0006965469569448311)	('rDLPFC_to_lPTL_T1', -6.0966832415309315e-05)	
