predictors	pearson_correlation	mean_squared_error	r2	
rois + act_t1 + act_t2 + conn_t1 + conn_t2 + age + T1 + T2	0.0262104311252693	0.08024358243519486	-0.015795583352080422	('lIFG_to_lPTL_T2', 0.013201175785931255)	('lDLPFC_to_lPTL_T2', 0.011859612037978001)	('Age', 0.010347179218756455)	('L_IFGorb_T1', 0.008529999768778912)	('rDLPFC_to_lIFG_T2', 0.007714822039996939)	('L_PTL_T2', 0.007078992415196286)	('lPTL_to_lIFG_T2', -0.006553150347457698)	('L_DLPFC_T2', 0.006170702857007331)	('lSMA_to_lIFG_T1', 0.005753297515003149)	('L_PTL', -0.005695017751429584)	('T2', -0.005616314140861332)	('L_SMA_T2', 0.005489633213608287)	('rDLPFC_to_lPTL_T2', 0.005251795959190011)	('R_IFGorb_T1', 0.005071858177104562)	('lPTL_to_lIFG_T1', 0.005069081043951881)	('L_IFGorb', 0.004943072779099389)	('R_DLPFC_T2', 0.004828881360983486)	('lSMA_to_lPTL_T1', 0.004811160550508059)	('L_DLPFC_T1', 0.004722138948924619)	('lDLPFC_to_lIFG_T2', -0.004593699760104617)	('rIFG_to_lIFG_T1', 0.0045228899373397505)	('L_SMA_T1', -0.004446063374659521)	('R_DLPFC_T1', -0.004192405963299476)	('lDLPFC_to_lPTL_T1', -0.003886770631594472)	('T1', 0.0034920028080688884)	('L_IFGorb_T2', 0.0031288550232087737)	('lSMA_to_lIFG_T2', 0.0029954305032671735)	('R_IFGorb_T2', 0.0024938628797645775)	('lSMA_to_lPTL_T2', 0.002476710525603909)	('rDLPFC_to_lPTL_T1', 0.002321694594397657)	('L_SMA', -0.0016099879994150514)	('lIFG_to_lPTL_T1', 0.0015815191473004626)	('L_PTL_T1', -0.0014670877610036953)	('L_DLPFC', 0.001384069650496109)	('rDLPFC_to_lIFG_T1', 0.0012871614858021682)	('lDLPFC_to_lIFG_T1', -0.0006987258731802023)	('rIFG_to_lIFG_T2', -0.00046540040479228805)	
