predictors	pearson_correlation	mean_squared_error	r2	
rois + act_t1 + act_t2 + conn_t1 + conn_t2 + age + T1 + T2	0.28242847241626684	0.08523269603212877	0.07128541180468329	('L_SMA_T2', 0.01716133411678366)	('rIFG_to_lIFG_T2', 0.013054686055762857)	('lIFG_to_lPTL_T1', 0.012775547321231994)	('L_IFGorb_T2', 0.012572872541675035)	('L_PTL_T1', -0.011815287448554495)	('L_PTL', 0.010633138827977142)	('rDLPFC_to_lIFG_T2', 0.009364800699843353)	('lDLPFC_to_lPTL_T1', 0.008949539450608418)	('lPTL_to_lIFG_T2', 0.008474418766614696)	('lSMA_to_lPTL_T1', -0.008020332095449029)	('Age', 0.007048810535354623)	('lDLPFC_to_lIFG_T2', 0.0069269935104728335)	('lSMA_to_lIFG_T1', 0.005539724381059381)	('L_PTL_T2', 0.005397646443148648)	('T2', 0.004922824827794867)	('R_IFGorb_T1', -0.004658879058505849)	('R_DLPFC_T2', -0.004366909850586207)	('L_IFGorb', 0.004150272404118844)	('L_DLPFC_T2', 0.003528815600489826)	('lIFG_to_lPTL_T2', 0.0033363426899406298)	('L_IFGorb_T1', 0.0026694501130347394)	('lDLPFC_to_lPTL_T2', 0.002632057249854945)	('rDLPFC_to_lPTL_T2', -0.0026273288426591403)	('lSMA_to_lPTL_T2', 0.00258633420275338)	('lSMA_to_lIFG_T2', -0.0024685303979187045)	('L_DLPFC_T1', -0.0021972861772235476)	('L_SMA', 0.0020186096399521505)	('lPTL_to_lIFG_T1', 0.0019783776469916065)	('rIFG_to_lIFG_T1', 0.0014392055796675555)	('rDLPFC_to_lIFG_T1', 0.001112272428354841)	('R_IFGorb_T2', -0.0010193383173518356)	('R_DLPFC_T1', 0.000710797673855584)	('L_SMA_T1', 0.0006759594855511999)	('L_DLPFC', 0.0003813281632754886)	('lDLPFC_to_lIFG_T1', -0.0003281495109454849)	('rDLPFC_to_lPTL_T1', 0.00028981337937921087)	('T1', -0.00013883823112869397)	
