predictors	pearson_correlation	mean_squared_error	r2	
rois + act_t1 + act_t2 + conn_t1 + conn_t2 + age + T1 + T2	-0.13047829431260197	0.08584825981910076	-0.0867446407085708	('T2', 0.024863238372127013)	('rIFG_to_lIFG_T2', 0.019599652349794473)	('rDLPFC_to_lPTL_T1', 0.017613803632728294)	('L_DLPFC_T2', -0.015966838463258144)	('Age', 0.015913154889838754)	('rDLPFC_to_lIFG_T2', 0.012442664665926438)	('L_PTL', 0.011671053779188154)	('rDLPFC_to_lIFG_T1', -0.0104136243230674)	('L_PTL_T2', 0.010291821043409385)	('R_DLPFC_T2', -0.009323437642543966)	('L_SMA', 0.009281290496602099)	('L_DLPFC', 0.009232935616384207)	('lSMA_to_lPTL_T1', 0.008320998173370215)	('L_PTL_T1', 0.007606080297928152)	('R_DLPFC_T1', 0.0075015762260811905)	('L_SMA_T1', -0.006985658234076831)	('L_IFGorb', 0.006368173193549574)	('L_IFGorb_T2', 0.00614263819881768)	('R_IFGorb_T1', 0.005836002679064094)	('lIFG_to_lPTL_T1', 0.005468273616912295)	('L_IFGorb_T1', 0.00543055608063421)	('lDLPFC_to_lIFG_T1', 0.005030288493962059)	('lSMA_to_lPTL_T2', 0.004404122632117357)	('lSMA_to_lIFG_T2', -0.004402803109610191)	('T1', 0.003892289647114068)	('R_IFGorb_T2', -0.0035629083873696507)	('lDLPFC_to_lPTL_T2', -0.002996062922644932)	('L_SMA_T2', -0.0020249764680884855)	('rDLPFC_to_lPTL_T2', 0.0018621032039392068)	('lPTL_to_lIFG_T2', 0.0013387123048113428)	('lSMA_to_lIFG_T1', -0.0012698703499849316)	('lDLPFC_to_lIFG_T2', -0.0012357354104991357)	('lIFG_to_lPTL_T2', 0.0010367565643101772)	('rIFG_to_lIFG_T1', 0.0009366297481915634)	('lPTL_to_lIFG_T1', 0.0008037850872384928)	('L_DLPFC_T1', -0.00022651093832360536)	('lDLPFC_to_lPTL_T1', -1.7675326219896988e-05)	
