predictors	pearson_correlation	mean_squared_error	r2	
rois + act_t1 + act_t2 + conn_t1 + conn_t2 + age + T1 + T2	0.09800443466536146	0.07991386660227864	-0.011621743193485301	('lPTL_to_lIFG_T2', 0.019763065663046142)	('rDLPFC_to_lPTL_T1', 0.01726873094954027)	('R_IFGorb_T2', 0.016484367956679357)	('L_IFGorb_T1', 0.013941836499563758)	('lPTL_to_lIFG_T1', 0.013847577864845511)	('lSMA_to_lPTL_T1', 0.013459917369524614)	('rDLPFC_to_lIFG_T1', 0.012799320127170565)	('L_SMA_T1', 0.012460382444006178)	('T1', 0.01231032406422901)	('rIFG_to_lIFG_T1', 0.011818553971681682)	('R_DLPFC_T1', 0.008021465144281332)	('rDLPFC_to_lIFG_T2', -0.007959377718606057)	('rIFG_to_lIFG_T2', 0.007807080109244667)	('lDLPFC_to_lIFG_T2', 0.007479347437836954)	('lIFG_to_lPTL_T2', 0.006948472155228593)	('L_PTL_T2', 0.006650315807106773)	('lDLPFC_to_lPTL_T1', 0.0057537025692898786)	('L_IFGorb', 0.005399631986136304)	('lDLPFC_to_lIFG_T1', 0.00539854083414826)	('L_SMA_T2', 0.005038346588449391)	('L_PTL', 0.004816549451631697)	('R_IFGorb_T1', 0.0045697645406091855)	('L_DLPFC', -0.004391861383680303)	('L_PTL_T1', 0.004358734602609975)	('L_IFGorb_T2', 0.00400129098489117)	('lSMA_to_lIFG_T1', -0.003570008796044502)	('L_SMA', 0.002904185551629999)	('lSMA_to_lIFG_T2', 0.0028873797948529506)	('lDLPFC_to_lPTL_T2', 0.002338494327583161)	('rDLPFC_to_lPTL_T2', 0.0017160684188810777)	('L_DLPFC_T1', 0.0016757174908283482)	('lIFG_to_lPTL_T1', 0.0014259681120511287)	('lSMA_to_lPTL_T2', -0.000931399976382106)	('T2', 0.0008083324296415045)	('R_DLPFC_T2', -0.0005995700782113109)	('L_DLPFC_T2', -0.0003708627861998497)	('Age', -0.00014740136930986258)	
