predictors	pearson_correlation	mean_squared_error	r2	
rois + act_t1 + act_t2 + conn_t1 + conn_t2 + age + T1 + T2	0.2737838137167102	0.07336732820721573	0.07125023966346478	('L_IFGorb_T1', 0.024617135314171545)	('L_IFGorb', 0.021331609444789654)	('L_IFGorb_T2', 0.01763845974259412)	('lIFG_to_lPTL_T2', 0.01601484386342265)	('T1', -0.014927235088828227)	('rDLPFC_to_lPTL_T1', 0.012949377448095043)	('lPTL_to_lIFG_T2', 0.011805364345735052)	('L_PTL', 0.010927825030068922)	('L_SMA_T2', 0.010564729726838038)	('Age', 0.010545865958203832)	('L_DLPFC_T2', 0.009499596036544504)	('L_PTL_T1', 0.009415371417607675)	('lDLPFC_to_lPTL_T1', 0.009031896363575015)	('R_DLPFC_T2', 0.008806361011842517)	('rDLPFC_to_lIFG_T2', 0.008597278631723089)	('lPTL_to_lIFG_T1', 0.008262814735139358)	('rIFG_to_lIFG_T2', -0.007948865281334408)	('lSMA_to_lIFG_T2', 0.00775716676364084)	('lIFG_to_lPTL_T1', 0.0074452779298936084)	('R_DLPFC_T1', 0.00722180696306421)	('R_IFGorb_T2', 0.007204906557523851)	('lDLPFC_to_lIFG_T1', -0.0061124545596387666)	('T2', -0.005867428081335541)	('L_SMA_T1', -0.005330435120997534)	('rIFG_to_lIFG_T1', -0.005145762456720903)	('lDLPFC_to_lIFG_T2', -0.004466685507186898)	('lSMA_to_lIFG_T1', 0.0042243306972758726)	('L_DLPFC', 0.003865534979025663)	('rDLPFC_to_lIFG_T1', 0.003679055623944841)	('rDLPFC_to_lPTL_T2', 0.0035261960309054302)	('R_IFGorb_T1', 0.0028685228553700297)	('L_PTL_T2', 0.0027654056454552616)	('L_SMA', 0.0023542886306495655)	('lSMA_to_lPTL_T2', -0.0018438865225123707)	('lDLPFC_to_lPTL_T2', 0.0011865286073570631)	('lSMA_to_lPTL_T1', 0.0009853298835897737)	('L_DLPFC_T1', 0.0008932875062988903)	
