predictors	pearson_correlation	mean_squared_error	r2	
rois + act_t1 + act_t2 + conn_t1 + conn_t2 + age + T1 + T2	-0.2309198590474971	0.09225994671343533	-0.16790955173882516	('L_IFGorb', 0.02059964133821811)	('lDLPFC_to_lPTL_T1', 0.018711442991281274)	('T1', 0.01584992133467905)	('rDLPFC_to_lIFG_T2', 0.011798780114470777)	('L_IFGorb_T1', 0.01107678019604397)	('rDLPFC_to_lPTL_T1', 0.010936215450496771)	('L_PTL_T1', 0.010308865720233136)	('L_DLPFC_T2', 0.01029901756973267)	('R_IFGorb_T2', 0.01005939028904198)	('lSMA_to_lIFG_T2', -0.009966204780493176)	('rIFG_to_lIFG_T2', 0.008324765359353082)	('lDLPFC_to_lIFG_T1', 0.007586883152323662)	('L_SMA', 0.007549429849437099)	('lDLPFC_to_lIFG_T2', 0.00672915183116975)	('L_DLPFC', 0.0066002842253874375)	('L_DLPFC_T1', 0.00637027510756125)	('R_DLPFC_T1', -0.006233476135606746)	('rDLPFC_to_lPTL_T2', 0.005109518214998334)	('lPTL_to_lIFG_T2', 0.004905351924343075)	('Age', 0.004709753812389966)	('R_DLPFC_T2', 0.004140606391588322)	('lDLPFC_to_lPTL_T2', -0.0033244179698940957)	('lPTL_to_lIFG_T1', -0.0030504232314576586)	('L_PTL', 0.002775258457104971)	('rIFG_to_lIFG_T1', -0.0026180169690254553)	('lSMA_to_lPTL_T2', -0.0025134144629873874)	('lSMA_to_lPTL_T1', 0.002428716774201493)	('L_SMA_T1', 0.0022480536685209147)	('lSMA_to_lIFG_T1', -0.0022285077916530476)	('R_IFGorb_T1', 0.0019060468085895144)	('lIFG_to_lPTL_T2', 0.001734166967576233)	('lIFG_to_lPTL_T1', 0.0016782876676249593)	('L_IFGorb_T2', 0.0015576341958042452)	('L_PTL_T2', -0.0010335616076566168)	('rDLPFC_to_lIFG_T1', -0.0008115174383341928)	('L_SMA_T2', -1.9315195914696067e-05)	('T2', 0.0)	
