predictors	pearson_correlation	mean_squared_error	r2	
rois + act_t1 + act_t2 + conn_t1 + conn_t2 + age + T1 + T2	-0.1529698417227845	0.10359565718165485	-0.12880153482434475	('L_IFGorb_T2', 0.012373087076976664)	('Age', 0.01154948684799563)	('lDLPFC_to_lIFG_T1', 0.011507627195254904)	('L_IFGorb_T1', 0.011212975955387299)	('lIFG_to_lPTL_T2', 0.011100783014606859)	('lSMA_to_lPTL_T1', 0.0069789740055180086)	('L_SMA', 0.006653454401224879)	('T2', 0.0062091585853626535)	('rDLPFC_to_lIFG_T1', -0.005808953077004195)	('lPTL_to_lIFG_T2', 0.005322720757159087)	('lDLPFC_to_lIFG_T2', 0.00520293949159889)	('rIFG_to_lIFG_T1', -0.005175557744286411)	('R_IFGorb_T1', 0.004765407550617941)	('L_SMA_T2', -0.004591925837177832)	('lSMA_to_lIFG_T2', -0.004517522886890644)	('L_PTL_T2', 0.0042660329848112745)	('L_DLPFC_T2', -0.004131474121067366)	('rDLPFC_to_lPTL_T2', 0.003776237243306614)	('lDLPFC_to_lPTL_T2', 0.0037499020177054823)	('rDLPFC_to_lIFG_T2', -0.003647001675120228)	('lPTL_to_lIFG_T1', -0.0033218536364993936)	('rDLPFC_to_lPTL_T1', 0.003027748439486428)	('lSMA_to_lIFG_T1', 0.002877663667547941)	('rIFG_to_lIFG_T2', 0.0025896979879488197)	('L_IFGorb', 0.002177761668871885)	('lDLPFC_to_lPTL_T1', 0.002104047079530381)	('R_DLPFC_T2', -0.0019663263557616498)	('lIFG_to_lPTL_T1', -0.001964057040264263)	('L_SMA_T1', 0.0018072005449817708)	('T1', 0.001702110726886911)	('L_DLPFC', 0.001167762604258277)	('L_PTL_T1', 0.0011640609217870336)	('R_IFGorb_T2', 0.0007737026459812496)	('lSMA_to_lPTL_T2', 0.0007275827684500963)	('L_DLPFC_T1', 0.0006131677834475117)	('R_DLPFC_T1', -0.0004267275971948319)	('L_PTL', -0.00023610195888427397)	
