predictors	pearson_correlation	mean_squared_error	r2	
rois + act_t1 + act_t2 + conn_t1 + conn_t2 + age + T1 + T2	0.016521790324695255	0.14797700197452737	-0.6123906299918831	('L_SMA_T2', 0.02498462934851113)	('L_PTL', 0.02435750004263513)	('L_DLPFC_T2', 0.02343722025998734)	('L_PTL_T2', 0.020547791401328157)	('R_IFGorb_T1', 0.020469292902641174)	('lPTL_to_lIFG_T2', 0.01906194178337678)	('lIFG_to_lPTL_T1', -0.01784764775771094)	('lPTL_to_lIFG_T1', 0.016848351508206336)	('L_IFGorb', 0.015592856095653081)	('lSMA_to_lPTL_T2', -0.013648200893672021)	('rDLPFC_to_lIFG_T1', 0.013330014618342633)	('lDLPFC_to_lIFG_T1', -0.012923237654034117)	('R_IFGorb_T2', 0.012713087056172927)	('L_SMA', 0.012492569642390776)	('T2', 0.011851721736119075)	('L_SMA_T1', -0.011671614061665262)	('rIFG_to_lIFG_T1', -0.010543190122916574)	('Age', -0.009506238440959831)	('R_DLPFC_T2', 0.008629245497515687)	('L_IFGorb_T1', 0.008382192824469992)	('lSMA_to_lIFG_T2', 0.008096210141286683)	('T1', 0.007211422673697153)	('rDLPFC_to_lPTL_T1', 0.005338016897319545)	('L_IFGorb_T2', -0.004951799014151243)	('rIFG_to_lIFG_T2', -0.004580480355910676)	('R_DLPFC_T1', 0.0036213430589863266)	('lDLPFC_to_lIFG_T2', 0.003322271188947227)	('lDLPFC_to_lPTL_T1', -0.003235135669594542)	('rDLPFC_to_lPTL_T2', -0.0031688992990219775)	('L_DLPFC', 0.0029786975517343537)	('L_DLPFC_T1', -0.0028847030979106503)	('lDLPFC_to_lPTL_T2', 0.00267513894213578)	('rDLPFC_to_lIFG_T2', 0.0012831067511158288)	('lSMA_to_lPTL_T1', -0.0010125297841277934)	('L_PTL_T1', 0.0008757208003934727)	('lSMA_to_lIFG_T1', -0.0002545147049295894)	('lIFG_to_lPTL_T2', -0.00011947007405196146)	
