predictors	pearson_correlation	mean_squared_error	r2	
rois + act_t1 + act_t2 + conn_t1 + conn_t2 + age + T1 + T2	-0.2663030865968163	0.1018044318652216	-0.10928394169917532	('L_DLPFC', 0.011011346725571637)	('rDLPFC_to_lIFG_T2', 0.010740327457145378)	('lDLPFC_to_lPTL_T2', 0.010055707706059742)	('lSMA_to_lIFG_T2', 0.009132285589265087)	('Age', 0.007446825486537626)	('lSMA_to_lIFG_T1', 0.0073493063079237905)	('T1', 0.006689769704496851)	('lDLPFC_to_lIFG_T2', -0.006206887612565223)	('L_IFGorb_T1', 0.005104430558351993)	('T2', 0.004869880413766264)	('L_SMA_T2', 0.0047145089241371835)	('lPTL_to_lIFG_T1', 0.004666278698445462)	('L_IFGorb', 0.004240685469416346)	('L_IFGorb_T2', -0.004087937419677006)	('R_IFGorb_T2', -0.003966092195922019)	('R_DLPFC_T2', 0.003859137606370128)	('lSMA_to_lPTL_T2', -0.0031330924438551545)	('lIFG_to_lPTL_T2', 0.0029019795998424993)	('lDLPFC_to_lPTL_T1', 0.0027063292494290646)	('rDLPFC_to_lPTL_T1', -0.002576707746909646)	('L_PTL_T1', -0.0025400781432728006)	('lIFG_to_lPTL_T1', 0.0025190304716378614)	('rDLPFC_to_lIFG_T1', -0.002509275403398644)	('L_SMA_T1', 0.002247031060235419)	('lPTL_to_lIFG_T2', 0.002236871774665775)	('rIFG_to_lIFG_T1', -0.001992036474740115)	('L_PTL', 0.0019487251729747518)	('lSMA_to_lPTL_T1', 0.0015558344511872487)	('R_DLPFC_T1', 0.0013126553972976217)	('rDLPFC_to_lPTL_T2', 0.001250735543521244)	('rIFG_to_lIFG_T2', -0.0007884186279576714)	('L_SMA', 0.0007314571051019307)	('L_DLPFC_T2', -0.0004866007504029295)	('L_DLPFC_T1', -0.00046296257780225713)	('lDLPFC_to_lIFG_T1', -0.0003325351806984762)	('L_PTL_T2', 0.00018052141907816535)	('R_IFGorb_T1', -0.00015704178018410435)	
