predictors	pearson_correlation	mean_squared_error	r2	
rois + act_t1 + act_t2 + conn_t1 + conn_t2 + age + T1 + T2	0.16275204912823027	0.09023858085274199	0.016740167125616434	('rDLPFC_to_lIFG_T1', -0.028056131828594875)	('lDLPFC_to_lIFG_T2', -0.027770081167067306)	('R_DLPFC_T1', 0.025856956317291013)	('L_SMA', 0.02575659428577473)	('L_IFGorb', -0.024289622319582684)	('L_IFGorb_T2', 0.024193746041416737)	('rDLPFC_to_lPTL_T2', 0.017955550922996503)	('lPTL_to_lIFG_T2', -0.016318993943816085)	('lSMA_to_lIFG_T2', 0.01596551299489822)	('R_IFGorb_T1', 0.015342672695061808)	('L_PTL', 0.014524256083668268)	('L_PTL_T2', 0.014234553448040702)	('lDLPFC_to_lPTL_T2', 0.013601189382308173)	('rDLPFC_to_lPTL_T1', 0.013381887930643183)	('R_IFGorb_T2', 0.012240877841641845)	('lSMA_to_lIFG_T1', 0.009078709174688445)	('L_SMA_T1', -0.008634200382254919)	('R_DLPFC_T2', 0.008349776183263746)	('L_PTL_T1', -0.008239233301534726)	('L_DLPFC_T2', -0.007468779038792213)	('Age', 0.006584599585131854)	('rIFG_to_lIFG_T2', -0.006326688286445402)	('rIFG_to_lIFG_T1', -0.006221462182472155)	('lSMA_to_lPTL_T1', 0.006186671347025149)	('L_SMA_T2', 0.006168003021776956)	('L_DLPFC_T1', 0.005967251908119255)	('lSMA_to_lPTL_T2', 0.005194896255521477)	('lIFG_to_lPTL_T2', -0.005048815681741746)	('rDLPFC_to_lIFG_T2', 0.003872036952751926)	('lDLPFC_to_lPTL_T1', 0.003036995697772212)	('lIFG_to_lPTL_T1', -0.002557330621972044)	('L_IFGorb_T1', 0.0020602033004273757)	('lPTL_to_lIFG_T1', 0.001957337487409397)	('T1', 0.000691744132699386)	('L_DLPFC', 0.00045859609513204197)	('T2', -0.00015354284463239154)	('lDLPFC_to_lIFG_T1', -0.00013838434614605092)	
