predictors	pearson_correlation	mean_squared_error	r2	
rois + act_t1 + act_t2 + conn_t1 + conn_t2 + age + T1 + T2	-0.08837190297074478	0.0836207565247853	-0.05854689654510192	('R_IFGorb_T2', 0.012882165201585895)	('lDLPFC_to_lIFG_T1', -0.010499022233457073)	('rDLPFC_to_lIFG_T2', 0.010067387786300433)	('lIFG_to_lPTL_T2', 0.01001572807363256)	('lSMA_to_lIFG_T1', 0.009611369226263924)	('lSMA_to_lPTL_T2', -0.009577468244729484)	('lPTL_to_lIFG_T1', 0.009429126731284388)	('lDLPFC_to_lPTL_T1', 0.009405689345964072)	('L_SMA', 0.009100123583856302)	('Age', 0.007916584000354426)	('L_PTL_T2', 0.007621397439822474)	('lPTL_to_lIFG_T2', 0.007201838539037166)	('L_DLPFC_T2', 0.006638939009699925)	('rDLPFC_to_lPTL_T2', 0.006388354653654229)	('lSMA_to_lIFG_T2', 0.006223053519105275)	('L_DLPFC', 0.0057430480145076205)	('lIFG_to_lPTL_T1', 0.005374870235599421)	('L_IFGorb_T2', 0.00411235874861569)	('R_DLPFC_T1', -0.0035554548785790615)	('T1', 0.0034267425700508854)	('R_DLPFC_T2', 0.003084865000630743)	('L_IFGorb_T1', 0.0028716171293086913)	('rIFG_to_lIFG_T2', -0.0025616907272018727)	('L_SMA_T2', 0.0021179107568994496)	('L_PTL_T1', -0.0020548535953892073)	('rDLPFC_to_lPTL_T1', 0.0020538751470182085)	('rIFG_to_lIFG_T1', -0.0018123497873465907)	('L_IFGorb', -0.0018032187387665554)	('T2', 0.0016523099177751224)	('lDLPFC_to_lIFG_T2', 0.00127238400022576)	('lSMA_to_lPTL_T1', 0.0012669277271728358)	('L_DLPFC_T1', 0.0005005948066132867)	('rDLPFC_to_lIFG_T1', 0.0002755279234063793)	('R_IFGorb_T1', 0.000255846223853065)	('L_PTL', 0.00018636944303882641)	('lDLPFC_to_lPTL_T2', -0.00013015719373661648)	('L_SMA_T1', -6.802053750166555e-05)	
