predictors	pearson_correlation	mean_squared_error	r2	
rois + act_t1 + act_t2 + conn_t1 + conn_t2 + age + T1 + T2	0.15657769827385332	0.07749942251980088	0.01894246594077409	('R_DLPFC_T2', 0.013175473182514736)	('R_IFGorb_T2', 0.012679259666120364)	('lIFG_to_lPTL_T1', 0.012509860567356902)	('lSMA_to_lIFG_T1', 0.01198821801122112)	('L_DLPFC', 0.011514012282936022)	('L_IFGorb_T1', -0.011506254315629297)	('rIFG_to_lIFG_T2', 0.0107771125023422)	('rDLPFC_to_lIFG_T1', 0.008530304915804084)	('Age', 0.008379107464939991)	('R_DLPFC_T1', 0.008142274320214271)	('lDLPFC_to_lIFG_T2', 0.007180227808052703)	('rIFG_to_lIFG_T1', -0.007085532430205459)	('lDLPFC_to_lPTL_T2', 0.006501754256999178)	('L_PTL_T1', -0.005853124888846421)	('L_SMA', 0.0053352736899700505)	('lSMA_to_lPTL_T1', -0.005307958119677631)	('lDLPFC_to_lPTL_T1', 0.005222018039697175)	('L_DLPFC_T1', 0.0051357897254691144)	('lDLPFC_to_lIFG_T1', 0.005054155762025421)	('L_SMA_T1', 0.004887176995008888)	('lPTL_to_lIFG_T1', 0.004639330829835424)	('R_IFGorb_T1', -0.004318586556602627)	('T2', -0.004130793003558826)	('L_IFGorb_T2', 0.0040392152625475745)	('L_IFGorb', 0.003547649836105053)	('L_DLPFC_T2', 0.003541670235202768)	('rDLPFC_to_lIFG_T2', 0.0034656209930469042)	('lIFG_to_lPTL_T2', -0.002961204613442185)	('lSMA_to_lPTL_T2', 0.0026520917867065247)	('T1', 0.0023983160909089225)	('rDLPFC_to_lPTL_T1', -0.0022382233995407582)	('lPTL_to_lIFG_T2', 0.001734578558197782)	('lSMA_to_lIFG_T2', -0.0016548939303564806)	('L_SMA_T2', -0.0012568520136003079)	('L_PTL', -0.0011353059060171299)	('L_PTL_T2', -0.0006444936570436002)	('rDLPFC_to_lPTL_T2', 0.00022229049331025307)	
