predictors	pearson_correlation	mean_squared_error	r2	
rois + act_t1 + act_t2 + conn_t1 + conn_t2 + age + T1 + T2	0.06301375185001436	0.08036347174817383	-0.017313250322065432	('R_IFGorb_T2', 0.014614373635816419)	('rDLPFC_to_lPTL_T2', 0.014553933084390758)	('L_IFGorb', 0.0136422950756597)	('lDLPFC_to_lPTL_T1', 0.012145059792794045)	('R_IFGorb_T1', 0.011495538927540374)	('R_DLPFC_T1', 0.011055956756919205)	('L_SMA_T1', 0.010600522607647687)	('L_DLPFC', -0.008583272923049104)	('L_IFGorb_T1', 0.008144135738075979)	('rDLPFC_to_lIFG_T1', 0.007818684157413523)	('L_PTL_T1', 0.007070457198135637)	('L_DLPFC_T2', -0.006605318288406802)	('lIFG_to_lPTL_T2', 0.006468225585315703)	('lIFG_to_lPTL_T1', 0.00625825021672875)	('L_DLPFC_T1', 0.006147374509037781)	('Age', 0.006087340075854371)	('lSMA_to_lIFG_T2', -0.006042068262002076)	('lDLPFC_to_lIFG_T1', 0.0049547264122129986)	('L_SMA_T2', -0.004944586100149024)	('rIFG_to_lIFG_T2', 0.004652232373290811)	('lDLPFC_to_lIFG_T2', 0.004649706095734367)	('rIFG_to_lIFG_T1', 0.004547629357249213)	('lPTL_to_lIFG_T1', 0.003915993476175928)	('rDLPFC_to_lIFG_T2', -0.0038416501606379568)	('lPTL_to_lIFG_T2', -0.0035286710613903058)	('L_SMA', -0.003505879101290266)	('lSMA_to_lPTL_T2', -0.0032890881670397058)	('rDLPFC_to_lPTL_T1', 0.0031014244430875846)	('lDLPFC_to_lPTL_T2', 0.0027040257856018844)	('lSMA_to_lIFG_T1', 0.0026360282571853814)	('L_PTL', -0.002316616517394741)	('L_IFGorb_T2', -0.0018648144613413822)	('T2', -0.001704158129447923)	('L_PTL_T2', 0.0015382632967718933)	('lSMA_to_lPTL_T1', -0.0013651642535098276)	('R_DLPFC_T2', 0.00021974429624725374)	('T1', 0.00016445952423716105)	
