predictors	pearson_correlation	mean_squared_error	r2	
rois + act_t1 + act_t2 + conn_t1 + conn_t2 + age + T1 + T2	-0.02747389140564218	0.08284557473675716	-0.04873394686517085	('lPTL_to_lIFG_T2', 0.0173626790704569)	('lIFG_to_lPTL_T2', -0.015704807087970722)	('rDLPFC_to_lIFG_T1', -0.014046810500172294)	('lSMA_to_lIFG_T1', 0.013669601791894161)	('L_IFGorb', 0.01345288338886668)	('R_DLPFC_T1', 0.013002218800493221)	('L_IFGorb_T2', 0.011963363084359423)	('lDLPFC_to_lIFG_T2', 0.01023473126396214)	('L_DLPFC_T1', -0.009734601803280287)	('T2', -0.009682680876386419)	('rDLPFC_to_lIFG_T2', -0.008752897777909151)	('L_SMA_T2', 0.007541376534767831)	('lIFG_to_lPTL_T1', 0.007174323218909498)	('L_DLPFC', 0.005500498960246449)	('L_IFGorb_T1', -0.005233402284242496)	('rIFG_to_lIFG_T1', 0.004880004559838253)	('R_IFGorb_T2', -0.004619545718015766)	('rIFG_to_lIFG_T2', 0.004327213912091788)	('L_PTL_T2', 0.004188521774062028)	('rDLPFC_to_lPTL_T1', 0.0032288717624732286)	('L_PTL_T1', 0.0030723565803462173)	('Age', -0.0030368478846605662)	('lSMA_to_lPTL_T1', -0.0029763072853791588)	('rDLPFC_to_lPTL_T2', 0.002595655806131916)	('L_SMA_T1', 0.0024669682064431212)	('lPTL_to_lIFG_T1', -0.0024669106007737785)	('lSMA_to_lIFG_T2', -0.0022878303268667986)	('L_SMA', 0.0020021924317523638)	('T1', -0.0018426907846458792)	('R_IFGorb_T1', -0.0018205657214458884)	('R_DLPFC_T2', -0.0016057014305027313)	('L_DLPFC_T2', -0.001369147166942294)	('lDLPFC_to_lIFG_T1', 0.0006796132165544711)	('lSMA_to_lPTL_T2', 0.000397764384390883)	('lDLPFC_to_lPTL_T1', 0.0002144569516583625)	('lDLPFC_to_lPTL_T2', -0.00014361455354451567)	('L_PTL', 0.0)	
