predictors	pearson_correlation	mean_squared_error	r2	
rois + act_t1 + act_t2 + conn_t1 + conn_t2 + age + T1 + T2	-0.3662042724053966	0.0896364842707872	-0.1346993998306123	('lSMA_to_lPTL_T2', 0.01732219340329522)	('rIFG_to_lIFG_T2', 0.013022272594829716)	('lSMA_to_lIFG_T2', 0.011903488534459132)	('rDLPFC_to_lPTL_T2', 0.011295496128218011)	('R_IFGorb_T1', 0.009247863798306364)	('L_PTL', 0.00883576970274431)	('lDLPFC_to_lIFG_T2', 0.008834685445420912)	('L_IFGorb', 0.008542214099504664)	('L_DLPFC_T2', 0.006501426856595289)	('L_SMA_T2', 0.006461347855047297)	('L_IFGorb_T1', -0.0063800797704572)	('lPTL_to_lIFG_T2', 0.0058590473038704375)	('lPTL_to_lIFG_T1', 0.00562253181429762)	('lDLPFC_to_lPTL_T2', -0.005548050313136221)	('T2', 0.005429384607487596)	('rDLPFC_to_lIFG_T2', 0.0051973687177545415)	('lDLPFC_to_lIFG_T1', -0.00493308099741465)	('lDLPFC_to_lPTL_T1', -0.00489010264285789)	('lSMA_to_lPTL_T1', -0.004674099302427247)	('R_IFGorb_T2', 0.00464440466780897)	('rDLPFC_to_lPTL_T1', 0.00449417896211096)	('L_PTL_T1', 0.004459519461796875)	('rDLPFC_to_lIFG_T1', 0.004389229750226284)	('L_IFGorb_T2', 0.0036782263115324922)	('lIFG_to_lPTL_T1', 0.0035447417110249222)	('Age', 0.003348893014903551)	('rIFG_to_lIFG_T1', 0.0033346866975242787)	('R_DLPFC_T1', -0.002631061459172284)	('L_DLPFC_T1', -0.002486832734923194)	('lIFG_to_lPTL_T2', 0.002318661834677732)	('L_SMA', 0.0019750494581310695)	('R_DLPFC_T2', 0.001893536150096766)	('L_DLPFC', 0.00172656086381367)	('L_SMA_T1', -0.001656266039865511)	('L_PTL_T2', -0.0012009934236375172)	('lSMA_to_lIFG_T1', 0.0006314948667447165)	('T1', 9.133318878333213e-05)	
