predictors	pearson_correlation	mean_squared_error	r2	
rois + act_t1 + act_t2 + conn_t1 + conn_t2 + age + T1 + T2	0.05688675704903139	0.09964149679739666	-0.08571611568495352	('lDLPFC_to_lPTL_T1', 0.027386619255211898)	('rDLPFC_to_lIFG_T1', 0.018403518025149026)	('L_DLPFC_T1', 0.016636857553135362)	('rIFG_to_lIFG_T1', -0.014000853959712897)	('lSMA_to_lIFG_T2', -0.013850340191529299)	('Age', 0.012203138644945016)	('lSMA_to_lPTL_T1', 0.011162576941745772)	('L_PTL_T1', -0.010179273107830298)	('R_DLPFC_T1', 0.00969133491302096)	('L_DLPFC_T2', 0.009368735585322268)	('rDLPFC_to_lPTL_T1', 0.007550944307067158)	('lPTL_to_lIFG_T2', 0.006949946137522979)	('L_SMA_T1', 0.006315086626096031)	('lDLPFC_to_lIFG_T1', 0.0061063469937762144)	('lDLPFC_to_lIFG_T2', 0.0059643486436029725)	('R_IFGorb_T2', -0.005106859009434054)	('L_PTL_T2', 0.0048944937305325465)	('R_IFGorb_T1', 0.004346038634968038)	('L_PTL', 0.004314315558841892)	('rIFG_to_lIFG_T2', 0.00406999336378497)	('L_SMA_T2', -0.003957329853502095)	('T2', 0.003645722738132503)	('L_IFGorb', -0.0034834437846504402)	('lIFG_to_lPTL_T2', 0.0032563042078005942)	('rDLPFC_to_lIFG_T2', 0.0030316281191071232)	('L_IFGorb_T2', -0.0021552781878921377)	('lIFG_to_lPTL_T1', 0.001880191029237078)	('L_SMA', -0.0018740615240511159)	('lPTL_to_lIFG_T1', -0.0017221424692182917)	('lSMA_to_lIFG_T1', 0.0016001203058677734)	('L_DLPFC', -0.0011194577135100574)	('R_DLPFC_T2', 0.000795418821785031)	('L_IFGorb_T1', 0.0007263231983995233)	('rDLPFC_to_lPTL_T2', -0.0006931604014154132)	('lSMA_to_lPTL_T2', 0.0006520191524363109)	('lDLPFC_to_lPTL_T2', 0.00047327766244129515)	('T1', 0.00013370350307056447)	
