predictors	pearson_correlation	mean_squared_error	r2	
rois + act_t1 + act_t2 + conn_t1 + conn_t2 + age + T1 + T2	0.22409189465742926	0.08764179593545528	0.04503531848608311	('lDLPFC_to_lIFG_T2', 0.01998271270631683)	('L_DLPFC', 0.012840059089909721)	('L_IFGorb_T2', 0.01219506625930823)	('T2', 0.011453076872539767)	('L_PTL_T1', 0.010575336472372078)	('lDLPFC_to_lPTL_T1', 0.010391822435043847)	('L_IFGorb', 0.010307207477970379)	('lSMA_to_lPTL_T2', 0.00910278071669132)	('L_SMA', -0.00896147683266592)	('lDLPFC_to_lPTL_T2', 0.008781960486993753)	('lSMA_to_lPTL_T1', 0.008069777516055258)	('L_SMA_T2', 0.007814994001558004)	('rIFG_to_lIFG_T1', 0.007122738518167614)	('R_DLPFC_T2', -0.0067383613858715205)	('lPTL_to_lIFG_T1', 0.006675494778518273)	('R_IFGorb_T2', 0.006663709087732877)	('L_SMA_T1', 0.0060068981435358005)	('lIFG_to_lPTL_T2', 0.005747697700198437)	('lSMA_to_lIFG_T2', 0.005658136728446396)	('T1', -0.0047778261037215)	('lIFG_to_lPTL_T1', -0.004227327595125783)	('rDLPFC_to_lPTL_T2', 0.0040951899830056135)	('rDLPFC_to_lIFG_T1', 0.004074192633103421)	('L_IFGorb_T1', -0.0037128343313678988)	('lPTL_to_lIFG_T2', -0.003565257179906712)	('R_IFGorb_T1', 0.0033473910180216475)	('L_DLPFC_T1', -0.0032350214039412514)	('lSMA_to_lIFG_T1', -0.0026651929395347875)	('lDLPFC_to_lIFG_T1', -0.00255359488853821)	('R_DLPFC_T1', 0.002521597246332545)	('rDLPFC_to_lIFG_T2', 0.002376121544201379)	('rIFG_to_lIFG_T2', -0.0021243730233987354)	('L_DLPFC_T2', -0.002122791107739417)	('L_PTL_T2', -0.0016697288812786283)	('L_PTL', -0.0014034006744738366)	('rDLPFC_to_lPTL_T1', -0.0009168509422779246)	('Age', 0.00033542815776336376)	
