predictors	pearson_correlation	mean_squared_error	r2	
rois + act_t1 + act_t2 + conn_t1 + conn_t2 + age + T1 + T2	0.035523131595933524	0.0820721310533809	-0.03894299968033321	('lPTL_to_lIFG_T1', 0.013457208512011806)	('R_IFGorb_T1', 0.012838935111461565)	('L_PTL_T2', 0.011988848156971352)	('lDLPFC_to_lPTL_T1', 0.011622690098526326)	('rDLPFC_to_lIFG_T1', 0.010288301488447872)	('L_IFGorb_T2', 0.008444497864881221)	('lDLPFC_to_lIFG_T2', -0.007882812914972745)	('L_PTL', -0.00696569895688137)	('T1', 0.006914232667554884)	('rDLPFC_to_lPTL_T2', -0.006521133782443612)	('lIFG_to_lPTL_T1', 0.005741732059490673)	('L_DLPFC_T2', 0.005739736775453555)	('rIFG_to_lIFG_T2', 0.005288512996838922)	('lSMA_to_lPTL_T2', 0.005080814278870396)	('lDLPFC_to_lIFG_T1', 0.005035919281687092)	('L_SMA', 0.005016101071543516)	('L_IFGorb', 0.004982217599035426)	('R_IFGorb_T2', 0.004085576168515619)	('lSMA_to_lIFG_T2', 0.003988897012320614)	('R_DLPFC_T2', -0.003931223281045759)	('T2', 0.0038477284403676754)	('L_SMA_T1', 0.0038104894848581044)	('L_IFGorb_T1', 0.003465883083461557)	('rIFG_to_lIFG_T1', 0.0028869286712998035)	('lDLPFC_to_lPTL_T2', 0.002822794779477395)	('lSMA_to_lPTL_T1', -0.002731612947043017)	('L_DLPFC_T1', 0.002073316214695317)	('R_DLPFC_T1', 0.0019209971526483907)	('L_PTL_T1', -0.0019127040423274357)	('Age', -0.00170887047784058)	('L_DLPFC', 0.001653609456425659)	('L_SMA_T2', 0.0014635483109624332)	('lIFG_to_lPTL_T2', 0.0011906343354227858)	('lPTL_to_lIFG_T2', 0.0006493712744110927)	('rDLPFC_to_lPTL_T1', -0.0006077579520391001)	('lSMA_to_lIFG_T1', 0.0003546675932528262)	('rDLPFC_to_lIFG_T2', 0.00010622529593122577)	
