predictors	pearson_correlation	mean_squared_error	r2	
rois + act_t1 + act_t2 + conn_t1 + conn_t2 + age + T1 + T2	0.07328935912043211	0.09177044096669583	4.867546650944021e-05	('L_IFGorb_T1', 0.014404621689008638)	('T2', 0.013904766224683323)	('R_DLPFC_T2', 0.011696460234158549)	('L_IFGorb', 0.010117383837408515)	('lSMA_to_lIFG_T1', -0.008960677576647699)	('lIFG_to_lPTL_T1', -0.008628834833073529)	('L_PTL_T2', 0.008579272541056298)	('rDLPFC_to_lIFG_T2', 0.0077837745732661995)	('L_SMA', 0.007559889031000674)	('R_IFGorb_T2', 0.006731857408911747)	('lIFG_to_lPTL_T2', 0.006526610828182675)	('L_PTL', -0.006091350746431043)	('lPTL_to_lIFG_T1', 0.005979444981039788)	('lDLPFC_to_lPTL_T2', 0.0051869919704438106)	('rIFG_to_lIFG_T1', 0.004062863064172861)	('L_DLPFC_T1', 0.0039276603519554755)	('L_SMA_T2', -0.003903994381840463)	('L_IFGorb_T2', -0.003842359037988959)	('L_DLPFC', -0.0037578111142933775)	('lDLPFC_to_lIFG_T1', 0.003698032994582273)	('lSMA_to_lPTL_T1', 0.0031973621707304736)	('Age', 0.0030551002026407)	('lDLPFC_to_lPTL_T1', -0.0030405865072915574)	('L_SMA_T1', 0.0025349744246475465)	('rIFG_to_lIFG_T2', -0.0024088965355322863)	('R_DLPFC_T1', -0.002273827292213817)	('lSMA_to_lPTL_T2', -0.0019666683593743384)	('T1', -0.0019548123694145365)	('rDLPFC_to_lPTL_T2', -0.0019162631731764106)	('R_IFGorb_T1', -0.0014737065056175034)	('L_PTL_T1', 0.0009254510998020499)	('rDLPFC_to_lIFG_T1', -0.0007290957000254533)	('lPTL_to_lIFG_T2', -0.0005022878934035252)	('lSMA_to_lIFG_T2', 0.0004008799128147716)	('L_DLPFC_T2', -0.00032289535795814405)	('lDLPFC_to_lIFG_T2', -6.980894421839804e-05)	('rDLPFC_to_lPTL_T1', 0.0)	
