predictors	pearson_correlation	mean_squared_error	r2	
rois + act_t1 + act_t2 + conn_t1 + conn_t2 + age + T1 + T2	0.006258268438889007	0.09542349313207976	-0.039755800930103335	('L_PTL_T2', 0.014150252413517408)	('lDLPFC_to_lPTL_T1', 0.009240501705785328)	('rDLPFC_to_lIFG_T1', -0.008384118462771801)	('rDLPFC_to_lIFG_T2', 0.007657545052033836)	('lIFG_to_lPTL_T2', 0.006981156547883724)	('L_SMA_T1', -0.006326501933373096)	('rIFG_to_lIFG_T2', 0.005935724651744917)	('L_PTL', -0.005913652435652057)	('L_DLPFC', 0.00532741646436228)	('L_IFGorb_T1', 0.004888381126258904)	('lDLPFC_to_lIFG_T2', 0.004156249137863868)	('lIFG_to_lPTL_T1', 0.003849724383175088)	('L_DLPFC_T1', -0.0037620061305000327)	('lPTL_to_lIFG_T2', 0.0037107087719596725)	('T1', 0.003628197025565903)	('lSMA_to_lPTL_T2', -0.0035773201359929497)	('rIFG_to_lIFG_T1', 0.002844288244085068)	('R_DLPFC_T2', 0.0027103476090189395)	('L_IFGorb_T2', 0.002415507229868755)	('lSMA_to_lPTL_T1', -0.0023949662865461138)	('rDLPFC_to_lPTL_T2', -0.0022594941415381236)	('rDLPFC_to_lPTL_T1', 0.0020802554849845595)	('lSMA_to_lIFG_T1', 0.002075892433019381)	('L_IFGorb', 0.0020651775055260026)	('lDLPFC_to_lPTL_T2', 0.0020354155472995287)	('R_DLPFC_T1', -0.0017831560523814676)	('L_SMA', 0.0017377109779577887)	('L_PTL_T1', 0.0015070871733924023)	('R_IFGorb_T2', 0.0015010194768609523)	('T2', -0.0013407918471859705)	('lPTL_to_lIFG_T1', -0.001219157712451419)	('lDLPFC_to_lIFG_T1', 0.0004469268228841994)	('lSMA_to_lIFG_T2', -0.0003983427168954409)	('R_IFGorb_T1', -0.0003021579204680919)	('Age', 4.205779855841611e-05)	('L_DLPFC_T2', 0.0)	('L_SMA_T2', 0.0)	
