predictors	pearson_correlation	mean_squared_error	r2	
rois + act_t1 + act_t2 + conn_t1 + conn_t2 + age + T1 + T2	0.2798516085614031	0.08522224006270519	0.07139934239457968	('T2', 0.02062880719071553)	('lSMA_to_lIFG_T2', 0.01664064025799937)	('L_PTL_T2', -0.013753765705552767)	('rIFG_to_lIFG_T1', 0.0129535643604049)	('lPTL_to_lIFG_T2', -0.0125664807257934)	('rDLPFC_to_lIFG_T2', 0.01170024754225521)	('L_SMA_T1', 0.008971625320872792)	('lDLPFC_to_lIFG_T1', -0.0089289251418963)	('R_DLPFC_T2', 0.00883258287489727)	('rIFG_to_lIFG_T2', 0.008740291798985635)	('lSMA_to_lIFG_T1', 0.008073924727095632)	('L_IFGorb', -0.007960151790823565)	('L_PTL', 0.007902113446311044)	('lDLPFC_to_lPTL_T2', 0.007459097527606212)	('R_IFGorb_T1', 0.00743758181821141)	('lDLPFC_to_lIFG_T2', 0.007101729065907109)	('L_DLPFC', 0.006986468144944534)	('R_DLPFC_T1', 0.006610984623433168)	('L_PTL_T1', 0.0061515005158414805)	('lSMA_to_lPTL_T2', -0.005843157775601834)	('L_DLPFC_T2', -0.004971888747315033)	('Age', -0.004154274411813934)	('R_IFGorb_T2', 0.003791697752566854)	('lDLPFC_to_lPTL_T1', -0.0033265170729998707)	('L_IFGorb_T2', 0.003085698654778408)	('L_SMA_T2', -0.0030078814241281)	('lPTL_to_lIFG_T1', 0.002850072385940745)	('lIFG_to_lPTL_T2', 0.00267850775284378)	('rDLPFC_to_lIFG_T1', -0.0023255756277039833)	('L_IFGorb_T1', -0.002120930464152744)	('L_SMA', 0.0020188650482603483)	('rDLPFC_to_lPTL_T2', -0.0016903273477279848)	('lSMA_to_lPTL_T1', 0.0016208551032488299)	('L_DLPFC_T1', 0.0014500510243585084)	('lIFG_to_lPTL_T1', 0.0013344866586676777)	('rDLPFC_to_lPTL_T1', -0.0011009581898077203)	('T1', 0.0003904595125598978)	
