predictors	pearson_correlation	mean_squared_error	r2	
rois + act_t1 + act_t2 + conn_t1 + conn_t2 + age + T1 + T2	0.11240473774115983	0.07882668663733422	0.0021407605879392166	('rDLPFC_to_lPTL_T1', 0.02044198725200629)	('L_IFGorb', 0.018571379590116153)	('L_SMA_T1', -0.01440934668106492)	('T2', 0.01149533657383861)	('lSMA_to_lIFG_T2', 0.008961047676955233)	('rDLPFC_to_lIFG_T1', 0.008311779376309534)	('rIFG_to_lIFG_T2', 0.008090107619272218)	('R_IFGorb_T1', 0.007319157160992447)	('lDLPFC_to_lIFG_T1', 0.007049723837653216)	('lSMA_to_lPTL_T2', 0.006854147930756644)	('T1', 0.006275902721954056)	('L_PTL_T2', -0.0055813589604614584)	('L_DLPFC_T2', -0.005250876027879549)	('L_PTL_T1', 0.004886928489568473)	('lPTL_to_lIFG_T1', 0.004586017187514785)	('L_SMA', 0.004143451836449973)	('L_IFGorb_T1', -0.003802549209504045)	('R_DLPFC_T1', 0.0036788072455457444)	('lSMA_to_lIFG_T1', 0.003401126528228859)	('R_DLPFC_T2', 0.003132287780266061)	('lDLPFC_to_lPTL_T1', -0.0029199916448784742)	('L_SMA_T2', 0.0025294579403561898)	('L_DLPFC', -0.00239560674878074)	('L_DLPFC_T1', 0.0023552515491027572)	('Age', 0.0022943876522146583)	('L_PTL', 0.001720949909703431)	('lSMA_to_lPTL_T1', 0.0016337306533899213)	('rIFG_to_lIFG_T1', -0.0015587935550378969)	('rDLPFC_to_lPTL_T2', 0.0015417233078096574)	('lPTL_to_lIFG_T2', 0.0015011333234524454)	('lDLPFC_to_lIFG_T2', 0.0013633373160411065)	('rDLPFC_to_lIFG_T2', -0.0011509516030059797)	('lDLPFC_to_lPTL_T2', 0.000897272330516418)	('lIFG_to_lPTL_T1', 0.000767276596044299)	('R_IFGorb_T2', -0.00036413322350481914)	('L_IFGorb_T2', -0.00036402973436115466)	('lIFG_to_lPTL_T2', 0.00015458237575375044)	
