predictors	pearson_correlation	mean_squared_error	r2	
rois + act_t1 + act_t2 + conn_t1 + conn_t2 + age + T1 + T2	0.08615075390387977	0.088452645198991	-0.11971329796381935	('L_SMA_T2', 0.023753346298317008)	('lPTL_to_lIFG_T1', 0.01885251352552094)	('rDLPFC_to_lPTL_T2', 0.018321766789217857)	('L_DLPFC_T2', 0.014795119965373102)	('lPTL_to_lIFG_T2', 0.014467763494363853)	('lSMA_to_lIFG_T1', 0.014190515631405977)	('lDLPFC_to_lIFG_T2', -0.013478113925435133)	('T2', 0.013215737053833016)	('rIFG_to_lIFG_T1', -0.011958148412273214)	('L_DLPFC', 0.011546402690829884)	('R_DLPFC_T2', 0.011289848250780034)	('L_PTL', 0.010222924698131899)	('rDLPFC_to_lIFG_T2', 0.009126981970031674)	('L_IFGorb_T2', 0.008681435180891381)	('rDLPFC_to_lPTL_T1', 0.007142933594992267)	('lIFG_to_lPTL_T1', 0.006411906204929103)	('lIFG_to_lPTL_T2', 0.00619264522523336)	('R_IFGorb_T1', -0.006183003569481366)	('L_IFGorb_T1', -0.005222897581847911)	('R_IFGorb_T2', 0.005132614285756721)	('lSMA_to_lIFG_T2', 0.005059657260652656)	('L_PTL_T2', 0.00466209357094017)	('R_DLPFC_T1', 0.004660681936794406)	('lDLPFC_to_lPTL_T1', 0.0046149611922080575)	('T1', 0.003994461903246719)	('lDLPFC_to_lPTL_T2', -0.0034837171496435487)	('L_DLPFC_T1', -0.0034519918350874408)	('L_SMA', 0.0032639262396834596)	('L_SMA_T1', 0.00317833633979697)	('lDLPFC_to_lIFG_T1', 0.0031387177393605364)	('rDLPFC_to_lIFG_T1', 0.002761524563116811)	('lSMA_to_lPTL_T1', 0.00233403074862157)	('L_IFGorb', 0.002252582866146975)	('rIFG_to_lIFG_T2', -0.0016736419881669732)	('Age', -0.0011405072642981815)	('L_PTL_T1', 0.0003370323537616561)	('lSMA_to_lPTL_T2', 0.00018577417936200866)	
