predictors	pearson_correlation	mean_squared_error	r2	
rois + act_t1 + act_t2 + conn_t1 + conn_t2 + age + T1 + T2	0.2414067563394332	0.08658735926833494	0.056524697100993726	('L_DLPFC', 0.009770555911380749)	('lSMA_to_lPTL_T2', 0.009066703904951576)	('lDLPFC_to_lIFG_T2', -0.008901434690244165)	('rDLPFC_to_lPTL_T1', 0.007934482080823813)	('rIFG_to_lIFG_T2', 0.007896722882031906)	('rIFG_to_lIFG_T1', 0.007570738918755888)	('R_IFGorb_T2', 0.005654364598561139)	('lPTL_to_lIFG_T1', 0.0054520412495775595)	('rDLPFC_to_lIFG_T1', 0.005447438374447277)	('L_DLPFC_T2', 0.004554394259831027)	('L_PTL', 0.00430395386989308)	('lSMA_to_lPTL_T1', -0.003849336488596204)	('lDLPFC_to_lPTL_T1', 0.003788943878368496)	('lDLPFC_to_lPTL_T2', 0.003748474351655405)	('T2', -0.0034911203716551727)	('L_IFGorb_T2', 0.003483211492451597)	('Age', 0.0031842243610652127)	('R_DLPFC_T2', 0.003055489077343923)	('L_PTL_T1', 0.0028138609984192198)	('R_IFGorb_T1', 0.002491854535921119)	('lSMA_to_lIFG_T2', -0.00239676951780305)	('lDLPFC_to_lIFG_T1', 0.0023050276348081447)	('lIFG_to_lPTL_T1', 0.002112199417565467)	('L_PTL_T2', -0.0019360033168298427)	('L_SMA_T2', 0.0019163420313291085)	('rDLPFC_to_lIFG_T2', 0.0015996572084731665)	('L_SMA_T1', -0.001410371709447527)	('rDLPFC_to_lPTL_T2', 0.0011781926785987887)	('R_DLPFC_T1', -0.0011524226526093062)	('lIFG_to_lPTL_T2', -0.0009134056972578822)	('T1', -0.0008888959150232257)	('lSMA_to_lIFG_T1', 0.0008432522817182408)	('L_SMA', 0.0005179127642266697)	('lPTL_to_lIFG_T2', 0.0004717647107567629)	('L_IFGorb_T1', -0.0004101128596513749)	('L_IFGorb', -0.0002902911313218241)	('L_DLPFC_T1', 0.0001655910337790546)	
