predictors	pearson_correlation	mean_squared_error	r2	
rois + act_t1 + act_t2 + conn_t1 + conn_t2 + age + T1 + T2	-0.1213459729489348	0.08677139745021761	-0.09843054879065205	('lPTL_to_lIFG_T1', 0.012045638979352014)	('L_PTL', 0.011227432970782986)	('L_SMA_T1', -0.009228777435844965)	('L_DLPFC', 0.008806967487397439)	('rIFG_to_lIFG_T1', 0.007684393432274192)	('rIFG_to_lIFG_T2', 0.0069624645753325635)	('R_DLPFC_T2', 0.006792028925191636)	('R_DLPFC_T1', -0.005647199202486354)	('L_DLPFC_T2', 0.005445319612020589)	('lDLPFC_to_lIFG_T1', 0.005188371957351595)	('L_DLPFC_T1', 0.005059810863528774)	('L_SMA_T2', 0.0046753568094971215)	('lDLPFC_to_lPTL_T2', 0.0043915684852856626)	('L_IFGorb_T2', 0.004179512700143355)	('T1', 0.0031151883407339715)	('R_IFGorb_T2', 0.0030693184278112063)	('T2', 0.0030200077832905296)	('L_IFGorb', 0.0029510553802288312)	('lSMA_to_lPTL_T1', 0.002868429402374494)	('L_IFGorb_T1', 0.002787820732359376)	('L_SMA', 0.00263975389821059)	('rDLPFC_to_lIFG_T1', -0.0023867633674472264)	('rDLPFC_to_lIFG_T2', 0.0022862225776841935)	('Age', -0.0018366131785653534)	('lSMA_to_lIFG_T2', 0.0015687222659603209)	('lSMA_to_lIFG_T1', -0.00146510963374595)	('lDLPFC_to_lIFG_T2', 0.0011213766365624053)	('lPTL_to_lIFG_T2', -0.0011091940077361878)	('R_IFGorb_T1', 0.0010116186861117197)	('lDLPFC_to_lPTL_T1', 0.0007884396049046123)	('rDLPFC_to_lPTL_T1', -0.0007068521574273466)	('lSMA_to_lPTL_T2', 0.0006974250985168635)	('rDLPFC_to_lPTL_T2', -0.0006462035592840588)	('lIFG_to_lPTL_T1', 0.0005482785559069376)	('L_PTL_T2', -0.00046141507858901546)	('lIFG_to_lPTL_T2', -0.00045098525659633423)	('L_PTL_T1', -0.00031281433486497485)	
