predictors	pearson_correlation	mean_squared_error	r2	
rois + act_t1 + act_t2 + conn_t1 + conn_t2 + age + T1 + T2	0.09050667240161114	0.09152614703131974	0.0027105570231586995	('lDLPFC_to_lIFG_T2', 0.014475903104972682)	('L_IFGorb_T2', 0.013316107576234682)	('rDLPFC_to_lIFG_T1', -0.010163445847243274)	('R_IFGorb_T1', -0.008525838562557455)	('R_DLPFC_T2', -0.008054028186654615)	('lSMA_to_lPTL_T1', 0.00762538819749922)	('lPTL_to_lIFG_T2', 0.006536070490253884)	('lIFG_to_lPTL_T1', 0.006364189675735502)	('lPTL_to_lIFG_T1', 0.0062525241572750105)	('L_DLPFC', 0.00543045254629235)	('lIFG_to_lPTL_T2', 0.005093456825662765)	('L_IFGorb', 0.005051922046372969)	('lSMA_to_lPTL_T2', 0.005030111831829787)	('L_PTL', -0.004994571490722787)	('T1', 0.004424480266192485)	('rDLPFC_to_lPTL_T2', 0.003467414570604223)	('rDLPFC_to_lPTL_T1', 0.003344127526368241)	('lSMA_to_lIFG_T1', 0.0029352692587408602)	('lDLPFC_to_lPTL_T1', 0.0028299881265274997)	('L_PTL_T2', -0.002800990811381831)	('L_PTL_T1', 0.0026075066052194226)	('L_DLPFC_T2', 0.002461210814226301)	('lDLPFC_to_lPTL_T2', 0.002300846667936713)	('R_IFGorb_T2', 0.002278980770048648)	('rDLPFC_to_lIFG_T2', -0.0022573599431538606)	('lDLPFC_to_lIFG_T1', -0.0017855387048197051)	('Age', -0.00155764628384443)	('L_IFGorb_T1', 0.0013173590795457122)	('L_DLPFC_T1', -0.0010456189352815361)	('L_SMA_T1', 0.0008666679366141567)	('L_SMA', 0.0007229419858824315)	('rIFG_to_lIFG_T1', 0.0005780803303211263)	('L_SMA_T2', -0.0004233032363398366)	('T2', 0.00037808787891963964)	('lSMA_to_lIFG_T2', -0.00026869578592665)	('R_DLPFC_T1', 0.00017278763904947624)	('rIFG_to_lIFG_T2', -0.00016276308045545866)	
