predictors	pearson_correlation	mean_squared_error	r2	
rois + act_t1 + act_t2 + conn_t1 + conn_t2 + age + T1 + T2	0.1474507320201508	0.0924898683571501	-0.0077903668701346795	('L_DLPFC', -0.01582656963704277)	('lDLPFC_to_lIFG_T2', 0.013422376016332347)	('lDLPFC_to_lPTL_T2', 0.01273515295109222)	('lSMA_to_lIFG_T1', 0.011885672251053688)	('lDLPFC_to_lIFG_T1', 0.01054113564233679)	('L_PTL_T1', 0.010112738939541161)	('lIFG_to_lPTL_T2', -0.008195728551898948)	('L_IFGorb_T2', -0.008174338297530816)	('lSMA_to_lPTL_T1', 0.007438451723482039)	('rIFG_to_lIFG_T1', 0.007307410127588072)	('L_DLPFC_T1', 0.0070141026811101305)	('rDLPFC_to_lIFG_T1', -0.006912338695316386)	('L_IFGorb_T1', 0.006908115873382466)	('L_SMA', 0.005579849208611766)	('R_DLPFC_T1', 0.005377562073328082)	('R_IFGorb_T2', 0.004474032601654015)	('L_PTL', -0.004132044760132889)	('rDLPFC_to_lIFG_T2', -0.004034659687648451)	('rDLPFC_to_lPTL_T1', 0.003149611345884221)	('rDLPFC_to_lPTL_T2', 0.00307967803937249)	('L_IFGorb', 0.003059564044327367)	('lSMA_to_lPTL_T2', -0.0029910295990220773)	('rIFG_to_lIFG_T2', 0.0027350714892462736)	('R_DLPFC_T2', 0.002676995469322899)	('lSMA_to_lIFG_T2', 0.0024269347424651345)	('L_SMA_T2', -0.0022410664681755195)	('T1', 0.0021762091152077983)	('T2', -0.0019750151517132744)	('L_PTL_T2', -0.001832376200372724)	('lDLPFC_to_lPTL_T1', -0.0013967823982822284)	('L_SMA_T1', 0.0013428517165124984)	('lIFG_to_lPTL_T1', -0.0007199909583654449)	('Age', -0.0006751615503514781)	('R_IFGorb_T1', -0.0006543875357907692)	('lPTL_to_lIFG_T2', -0.0006076127512060347)	('L_DLPFC_T2', -0.0005442983092159036)	('lPTL_to_lIFG_T1', -0.0001599673718454848)	
