predictors	pearson_correlation	mean_squared_error	r2	
rois + act_t1 + act_t2 + conn_t1 + conn_t2 + age + T1 + T2	0.0709226126650563	0.09291026164050367	-0.01237106645146202	('lPTL_to_lIFG_T1', 0.025518868134436903)	('lSMA_to_lIFG_T2', 0.020536751897798407)	('rIFG_to_lIFG_T1', 0.01737558185945623)	('R_IFGorb_T2', 0.012550864857412096)	('R_IFGorb_T1', -0.011345365758449782)	('lSMA_to_lPTL_T1', -0.010748721401545345)	('lSMA_to_lIFG_T1', -0.009222438170949622)	('lDLPFC_to_lIFG_T1', 0.008733413738648525)	('lSMA_to_lPTL_T2', 0.007955717649583739)	('L_PTL_T1', 0.007717290790997924)	('lIFG_to_lPTL_T2', 0.007058716611964304)	('lPTL_to_lIFG_T2', -0.006604828968201367)	('L_IFGorb_T1', 0.006277262940908162)	('L_DLPFC_T2', 0.005481227883607703)	('L_DLPFC_T1', 0.005401877420340986)	('rDLPFC_to_lIFG_T2', 0.00530246758437217)	('R_DLPFC_T2', -0.005173337641995935)	('rDLPFC_to_lPTL_T1', 0.005143883641663183)	('T1', -0.005099831997045301)	('lDLPFC_to_lPTL_T1', -0.004641970800668099)	('L_DLPFC', 0.004395801368698902)	('R_DLPFC_T1', -0.003339206678703129)	('lIFG_to_lPTL_T1', -0.0033205619928280716)	('lDLPFC_to_lIFG_T2', 0.00268567580250812)	('L_IFGorb', 0.002450064891627239)	('T2', -0.0017373911242158592)	('L_PTL_T2', -0.0014587480191358756)	('L_IFGorb_T2', -0.001243090756428982)	('Age', -0.001157788258039543)	('lDLPFC_to_lPTL_T2', -0.001125660565397543)	('L_SMA_T1', -0.001049818739341533)	('rDLPFC_to_lIFG_T1', -0.000832602476591585)	('rDLPFC_to_lPTL_T2', 0.0007609722229108427)	('rIFG_to_lIFG_T2', 0.0007116210712758341)	('L_SMA_T2', 0.0006248583145552018)	('L_PTL', -0.00014464911553163008)	('L_SMA', -9.442596529374089e-05)	
