predictors	pearson_correlation	mean_squared_error	r2	
rois + act_t1 + act_t2 + conn_t1 + conn_t2 + age + T1 + T2	0.2543755725924177	0.0742554463507279	0.060007639815644054	('rDLPFC_to_lIFG_T1', 0.022953765323093712)	('rIFG_to_lIFG_T1', 0.021000208632254325)	('L_IFGorb_T1', 0.020974706887822957)	('lDLPFC_to_lPTL_T2', -0.018402743565928133)	('R_IFGorb_T2', 0.01837006759608999)	('rDLPFC_to_lPTL_T2', 0.017071317158871033)	('lDLPFC_to_lIFG_T1', -0.014763984105274328)	('L_DLPFC_T1', 0.01443560416555874)	('lSMA_to_lPTL_T2', 0.013949431777221676)	('rDLPFC_to_lIFG_T2', 0.013298104722801598)	('T2', 0.011614853948171406)	('R_DLPFC_T2', -0.011548445125145452)	('Age', 0.01035893860684125)	('lDLPFC_to_lPTL_T1', -0.010317175890248375)	('L_IFGorb_T2', 0.009120986882151676)	('L_PTL_T1', -0.008799147886305083)	('L_PTL_T2', 0.008517039186789562)	('R_IFGorb_T1', 0.007855749802272487)	('lPTL_to_lIFG_T2', 0.006472620521073159)	('R_DLPFC_T1', -0.005601191988190667)	('L_PTL', -0.005127122484620556)	('L_DLPFC_T2', -0.0050092206011036625)	('L_SMA_T1', 0.004046726534904571)	('L_IFGorb', 0.0036245145983293575)	('lIFG_to_lPTL_T1', -0.0029981558946457405)	('L_SMA', 0.002557210629006157)	('lPTL_to_lIFG_T1', 0.0025108989932622976)	('lDLPFC_to_lIFG_T2', -0.0024189206237906326)	('lSMA_to_lIFG_T2', -0.0015412855891315904)	('lSMA_to_lIFG_T1', -0.0014221755426312775)	('lIFG_to_lPTL_T2', -0.0011899422199316769)	('rIFG_to_lIFG_T2', -0.0011675747255985105)	('lSMA_to_lPTL_T1', -0.001069319348778061)	('L_DLPFC', -0.0010356535065606074)	('L_SMA_T2', -0.0007447497079056638)	('T1', 0.0002596880108578434)	('rDLPFC_to_lPTL_T1', 0.00012433317806462792)	
