predictors	pearson_correlation	mean_squared_error	r2	
rois + act_t1 + act_t2 + conn_t1 + conn_t2 + age + T1 + T2	0.027877106729242245	0.08130253235393417	-0.029200725767240643	('L_SMA_T2', 0.020039702949316604)	('rDLPFC_to_lIFG_T1', 0.01782905921223421)	('L_PTL', 0.01568194047339141)	('R_IFGorb_T2', 0.013500629339101997)	('lSMA_to_lPTL_T2', 0.01079467219354482)	('lDLPFC_to_lPTL_T2', 0.009866531087593899)	('R_DLPFC_T1', 0.008165894404441345)	('lIFG_to_lPTL_T1', 0.0071765225869644695)	('L_SMA', -0.006880344675916525)	('L_IFGorb_T2', 0.0067339436634799455)	('lSMA_to_lPTL_T1', 0.006626834784721782)	('lSMA_to_lIFG_T1', 0.006104996332414448)	('T1', 0.006004333200739675)	('L_DLPFC', 0.005548293256245932)	('L_IFGorb_T1', 0.005277137338813318)	('lPTL_to_lIFG_T2', 0.004845054507896067)	('lDLPFC_to_lIFG_T2', -0.004206451753738424)	('rDLPFC_to_lPTL_T1', 0.004193409503160545)	('rDLPFC_to_lPTL_T2', 0.0038320623947262957)	('L_PTL_T2', 0.003763463430396568)	('L_SMA_T1', 0.0035801118136338903)	('R_IFGorb_T1', -0.0035509082892468437)	('lDLPFC_to_lIFG_T1', -0.003400917244132268)	('L_DLPFC_T1', -0.0030489377953777444)	('R_DLPFC_T2', -0.002903280087904773)	('T2', 0.002284558115110661)	('Age', 0.002208254797600097)	('rIFG_to_lIFG_T2', 0.001970960190697398)	('rIFG_to_lIFG_T1', -0.0018848478691249194)	('L_PTL_T1', -0.001633636358488218)	('rDLPFC_to_lIFG_T2', 0.0016205896758664789)	('lSMA_to_lIFG_T2', 0.0009306356514560242)	('lDLPFC_to_lPTL_T1', 0.0008318086850373918)	('L_IFGorb', 0.00024491494143156535)	('lIFG_to_lPTL_T2', 0.00021370636407654311)	('L_DLPFC_T2', -0.00013179694805097775)	('lPTL_to_lIFG_T1', -0.0001297799280211585)	
