predictors	pearson_correlation	mean_squared_error	r2	
rois + act_t1 + act_t2 + conn_t1 + conn_t2 + age + T1 + T2	-0.09067185115637616	0.08227944866190626	-0.041567412807217874	('Age', 0.01013157747139076)	('lPTL_to_lIFG_T1', 0.009535390034343815)	('L_PTL', -0.007847539647733172)	('L_PTL_T1', 0.0070664335486083285)	('L_IFGorb_T2', -0.006912255039490021)	('lDLPFC_to_lPTL_T2', 0.006620443770746846)	('L_DLPFC_T1', 0.005151586760180242)	('lSMA_to_lIFG_T1', 0.004888260713016001)	('lSMA_to_lPTL_T2', 0.0042949459679327605)	('rIFG_to_lIFG_T1', 0.004199117659917868)	('rDLPFC_to_lIFG_T2', -0.0041557625480531804)	('R_DLPFC_T2', -0.004001334632688978)	('L_IFGorb_T1', 0.003952441519407922)	('L_SMA_T1', 0.0037503255668796037)	('lIFG_to_lPTL_T2', 0.0033621211692489014)	('L_IFGorb', 0.0032321814910145534)	('L_DLPFC', 0.002938405250260871)	('T1', -0.0029184341087541577)	('R_IFGorb_T2', -0.0027180056971006267)	('lDLPFC_to_lIFG_T1', 0.0027141647111744156)	('rDLPFC_to_lIFG_T1', 0.0026002436515012864)	('lDLPFC_to_lPTL_T1', 0.0025716331889939098)	('lDLPFC_to_lIFG_T2', -0.0022716072944387006)	('lPTL_to_lIFG_T2', 0.0018071356830366716)	('rDLPFC_to_lPTL_T2', -0.0015447469697396103)	('lSMA_to_lPTL_T1', 0.0014153375489767848)	('rIFG_to_lIFG_T2', 0.0012030729535727367)	('lIFG_to_lPTL_T1', 0.001137282617306507)	('L_PTL_T2', 0.0008024513308944456)	('T2', -0.000671914321763603)	('rDLPFC_to_lPTL_T1', -0.0006101939012587694)	('R_DLPFC_T1', -0.0005050969777303902)	('L_SMA', -0.00033694161667857084)	('lSMA_to_lIFG_T2', 0.00018224837016596793)	('L_SMA_T2', 1.9346640184105753e-05)	('R_IFGorb_T1', 0.0)	('L_DLPFC_T2', 0.0)	
