predictors	pearson_correlation	mean_squared_error	r2	
rois + act_t1 + act_t2 + conn_t1 + conn_t2 + age + T1 + T2	-0.2060101722481771	0.11380525912785333	-0.2400476493849779	('lPTL_to_lIFG_T1', 0.022662949381843923)	('L_SMA', 0.016665433910531675)	('T2', 0.01620176857820069)	('rDLPFC_to_lPTL_T1', -0.015617510350592325)	('lPTL_to_lIFG_T2', 0.01528922409157525)	('lDLPFC_to_lIFG_T2', 0.011396894378801176)	('L_DLPFC_T1', 0.011303039572218445)	('rIFG_to_lIFG_T2', 0.010242418681573733)	('L_DLPFC', 0.01013054311960012)	('lSMA_to_lIFG_T1', -0.009643889136750353)	('rIFG_to_lIFG_T1', 0.008019096217773055)	('L_PTL', -0.0072431803016877174)	('rDLPFC_to_lIFG_T1', -0.007232883518347954)	('R_IFGorb_T1', 0.006361897750408081)	('lDLPFC_to_lPTL_T1', 0.006343500747785823)	('L_SMA_T1', -0.006274649041222901)	('R_IFGorb_T2', 0.0060806987231566455)	('Age', -0.006025413833354981)	('lDLPFC_to_lIFG_T1', 0.005930940577281189)	('L_IFGorb', 0.005185748707303131)	('R_DLPFC_T1', 0.004866010658304039)	('L_PTL_T2', 0.004332937010238632)	('L_DLPFC_T2', 0.0038570845865001898)	('L_IFGorb_T1', 0.0038228003544449247)	('lIFG_to_lPTL_T1', 0.0031477638959812254)	('lSMA_to_lIFG_T2', 0.003042838463201044)	('L_SMA_T2', -0.0026082423733916537)	('R_DLPFC_T2', 0.0025937436562942897)	('lSMA_to_lPTL_T2', -0.0017757177663687874)	('T1', 0.001598961101402558)	('rDLPFC_to_lPTL_T2', 0.0015045839652726805)	('lIFG_to_lPTL_T2', -0.001350175853119129)	('L_IFGorb_T2', 0.001074080641362996)	('lDLPFC_to_lPTL_T2', 0.0007456283884575182)	('L_PTL_T1', 0.0005961166620213056)	('rDLPFC_to_lIFG_T2', 0.0002720602383458022)	('lSMA_to_lPTL_T1', 0.0002253705744686144)	
