predictors	pearson_correlation	mean_squared_error	r2	
rois + act_t1 + act_t2 + conn_t1 + conn_t2 + age + T1 + T2	-0.0942023415905605	0.08490179951145642	-0.07476349316820996	('L_SMA_T1', 0.018525251056181222)	('L_SMA_T2', 0.012193733706614775)	('lIFG_to_lPTL_T1', 0.011407778040425602)	('lPTL_to_lIFG_T1', 0.011361232913606188)	('lSMA_to_lPTL_T2', 0.010367783118186466)	('L_IFGorb', 0.00915138275056395)	('rDLPFC_to_lIFG_T2', 0.007198143716513368)	('L_DLPFC_T1', -0.007166606360019128)	('rDLPFC_to_lIFG_T1', 0.005954036060294983)	('L_PTL', 0.005951600232716685)	('L_PTL_T2', 0.00508489600104892)	('rIFG_to_lIFG_T1', 0.0048958559790779005)	('lSMA_to_lIFG_T2', 0.0046423763163115075)	('R_DLPFC_T2', 0.004467114274730904)	('rDLPFC_to_lPTL_T1', 0.004153737072575197)	('lSMA_to_lIFG_T1', 0.003857894170419632)	('L_IFGorb_T1', 0.0037044142499891926)	('L_SMA', -0.0036558610518769635)	('T2', 0.0036121227076430437)	('L_IFGorb_T2', 0.0028863258988403467)	('lSMA_to_lPTL_T1', 0.002738845978857422)	('lDLPFC_to_lIFG_T1', 0.002714217509934197)	('L_DLPFC_T2', -0.0026998759848354584)	('L_DLPFC', 0.0024971507939936565)	('lDLPFC_to_lPTL_T1', 0.0024286483615325355)	('L_PTL_T1', -0.001697591200770094)	('R_IFGorb_T2', -0.0015749681618815777)	('lPTL_to_lIFG_T2', 0.001460671648623775)	('Age', 0.0008932979886243906)	('rDLPFC_to_lPTL_T2', 0.0007385813026224663)	('lDLPFC_to_lIFG_T2', 0.0006873528438012584)	('R_DLPFC_T1', 0.0006597543283064762)	('T1', -0.0005307934593301842)	('rIFG_to_lIFG_T2', -0.0003966982583669334)	('R_IFGorb_T1', 0.00010088622767889934)	('lIFG_to_lPTL_T2', 5.483565433742303e-05)	('lDLPFC_to_lPTL_T2', 2.1499890879318197e-05)	
