predictors	pearson_correlation	mean_squared_error	r2	
rois + act_t1 + act_t2 + conn_t1 + conn_t2 + age + T1 + T2	0.05194677986381584	0.09273005537122746	-0.0104074984904301	('R_IFGorb_T1', 0.022518684892942068)	('R_IFGorb_T2', 0.015977735167080277)	('L_DLPFC', 0.013719556857694255)	('L_IFGorb_T2', -0.013165312991303954)	('L_SMA_T2', -0.012881533262990009)	('lIFG_to_lPTL_T1', 0.012733791076060286)	('Age', 0.011109161136060393)	('L_IFGorb_T1', 0.011090971285685725)	('rIFG_to_lIFG_T2', 0.009988520925014847)	('lDLPFC_to_lIFG_T2', 0.00978273180149856)	('lPTL_to_lIFG_T2', 0.009585305611060621)	('R_DLPFC_T1', 0.009036762180399201)	('L_PTL', -0.008202154090281678)	('L_DLPFC_T1', -0.00801850348010901)	('L_IFGorb', 0.007914090638808276)	('L_SMA_T1', -0.007800934021459791)	('T1', -0.007433954672085659)	('L_SMA', 0.006580616177036842)	('lDLPFC_to_lPTL_T1', 0.006456214098679455)	('T2', 0.005905562111380911)	('L_PTL_T2', 0.005891898826881837)	('lSMA_to_lPTL_T2', -0.004775272594086621)	('lPTL_to_lIFG_T1', -0.003897790892112545)	('rDLPFC_to_lPTL_T2', 0.003892109483148207)	('rDLPFC_to_lPTL_T1', 0.0036861921412051964)	('L_PTL_T1', -0.0033875174024686253)	('L_DLPFC_T2', 0.003356386055305253)	('lSMA_to_lPTL_T1', 0.003043075615390343)	('lSMA_to_lIFG_T1', 0.00262965143416699)	('R_DLPFC_T2', -0.0023086573577692404)	('rDLPFC_to_lIFG_T2', 0.0021671794690842246)	('lIFG_to_lPTL_T2', 0.0021551551889925336)	('lDLPFC_to_lPTL_T2', -0.0021256968508242525)	('rDLPFC_to_lIFG_T1', -0.0014747738281103808)	('lSMA_to_lIFG_T2', 0.0003562045750399671)	('rIFG_to_lIFG_T1', -0.0002998668548120002)	('lDLPFC_to_lIFG_T1', 7.984601304667311e-05)	
