predictors	pearson_correlation	mean_squared_error	r2	
rois + act_t1 + act_t2 + conn_t1 + conn_t2 + age + T1 + T2	-0.08614217162425233	0.08754278907236517	-0.10819551913510406	('lSMA_to_lIFG_T2', 0.0173160237649599)	('lSMA_to_lPTL_T2', 0.013620553112044928)	('rIFG_to_lIFG_T2', 0.010788548928931628)	('T2', 0.010727659820023938)	('lSMA_to_lPTL_T1', 0.00986594429691245)	('lDLPFC_to_lPTL_T1', -0.009409269176389335)	('lPTL_to_lIFG_T1', 0.00890128966550141)	('L_IFGorb_T1', 0.008598817858845142)	('L_IFGorb', -0.007937164807508104)	('L_PTL_T2', 0.007868066288183278)	('L_DLPFC_T1', 0.007813090062363831)	('Age', 0.0074449163229697276)	('R_DLPFC_T2', -0.0066328762254760755)	('lPTL_to_lIFG_T2', 0.006538887090333066)	('lDLPFC_to_lIFG_T1', 0.0064237808717143765)	('rDLPFC_to_lPTL_T2', 0.006317330039556037)	('R_IFGorb_T2', 0.006197214289678896)	('R_DLPFC_T1', 0.005849177171547486)	('rDLPFC_to_lPTL_T1', 0.0054185761331759)	('rIFG_to_lIFG_T1', 0.005091578619379244)	('lIFG_to_lPTL_T1', -0.004887113401487313)	('rDLPFC_to_lIFG_T1', 0.004467458993519271)	('L_SMA_T1', -0.004090647911446651)	('L_SMA', 0.003627847871782084)	('lDLPFC_to_lIFG_T2', 0.003394531582061445)	('L_SMA_T2', 0.00329399583352721)	('T1', -0.0031497375193252747)	('rDLPFC_to_lIFG_T2', -0.002311729234513918)	('L_PTL_T1', -0.0021512383183703177)	('R_IFGorb_T1', 0.0020894054498698683)	('lSMA_to_lIFG_T1', 0.0019314965417073862)	('lDLPFC_to_lPTL_T2', -0.0017286738538147646)	('lIFG_to_lPTL_T2', -0.0015057448628273096)	('L_PTL', -0.001431234753398201)	('L_DLPFC', -0.0011719290013760396)	('L_IFGorb_T2', -0.0008073785864561734)	('L_DLPFC_T2', -0.000729479451551689)	
