predictors	pearson_correlation	mean_squared_error	r2	
rois + act_t1 + act_t2 + conn_t1 + conn_t2 + age + T1 + T2	0.01238129651498987	0.08583963728329973	-0.08663548887962458	('R_IFGorb_T2', 0.021666535631774928)	('lDLPFC_to_lPTL_T2', 0.013307903183613513)	('L_DLPFC', 0.011644972091273437)	('lIFG_to_lPTL_T1', 0.011456207348130274)	('lSMA_to_lIFG_T1', 0.011246703132048178)	('L_IFGorb_T2', 0.010340799630099604)	('lPTL_to_lIFG_T2', 0.009959922186674392)	('rDLPFC_to_lPTL_T1', 0.009174895121303464)	('Age', 0.008651727299542087)	('R_IFGorb_T1', 0.00832210271701929)	('rDLPFC_to_lIFG_T2', 0.007962358867932742)	('lIFG_to_lPTL_T2', 0.007257124884500419)	('T1', 0.007111895340926735)	('lDLPFC_to_lIFG_T2', 0.006787943168303409)	('lSMA_to_lPTL_T1', 0.005907044472989322)	('lSMA_to_lIFG_T2', 0.0057033734360221605)	('lPTL_to_lIFG_T1', 0.004803171437579912)	('lSMA_to_lPTL_T2', 0.0046515380708789895)	('L_DLPFC_T2', -0.004598178446237979)	('T2', 0.004585160362695115)	('L_IFGorb', -0.004540858235744514)	('lDLPFC_to_lPTL_T1', 0.00427043724846344)	('L_IFGorb_T1', 0.0042400250770278335)	('rDLPFC_to_lPTL_T2', -0.00391689311651323)	('L_DLPFC_T1', -0.003563641339581357)	('L_PTL_T1', 0.0031510375002687377)	('L_PTL_T2', 0.003060605912874835)	('L_SMA_T2', -0.0028774400773599125)	('rDLPFC_to_lIFG_T1', -0.00284294821741209)	('rIFG_to_lIFG_T1', -0.002149027924427145)	('L_SMA', -0.002140902606448355)	('R_DLPFC_T2', 0.0021139960365811764)	('rIFG_to_lIFG_T2', 0.0014018790037329774)	('L_SMA_T1', -0.0010608688766966425)	('lDLPFC_to_lIFG_T1', 0.0009656032151146458)	('L_PTL', -0.0008429301373397707)	('R_DLPFC_T1', -0.0005238791840489096)	
