predictors	pearson_correlation	mean_squared_error	r2	
rois + act_t1 + act_t2 + conn_t1 + conn_t2 + age + T1 + T2	-0.24233259239619198	0.08558560577606758	-0.0834197291235459	('lIFG_to_lPTL_T1', 0.015198657950886759)	('lSMA_to_lPTL_T1', 0.012340844079478793)	('L_DLPFC_T1', 0.01220099804484735)	('lDLPFC_to_lIFG_T1', 0.010322139363133769)	('T1', 0.00977959699160974)	('R_DLPFC_T1', 0.009211634411770706)	('T2', 0.008897445278580572)	('R_IFGorb_T1', 0.008214417697471355)	('rIFG_to_lIFG_T2', 0.007889692832377697)	('R_DLPFC_T2', 0.006521085706048122)	('L_SMA_T2', 0.005995519489082682)	('L_IFGorb_T2', 0.0057171505593789414)	('lDLPFC_to_lIFG_T2', 0.005668954296036197)	('lSMA_to_lIFG_T2', 0.005241159094450121)	('L_PTL_T2', 0.004201335859704268)	('L_SMA_T1', -0.004013475129659473)	('lIFG_to_lPTL_T2', -0.003960775319884491)	('L_DLPFC', 0.003918572584046877)	('lSMA_to_lIFG_T1', -0.002992848785899923)	('lPTL_to_lIFG_T1', 0.0028101062462786053)	('L_PTL_T1', 0.002783342326938424)	('rDLPFC_to_lIFG_T1', -0.0025689583806396037)	('R_IFGorb_T2', 0.002458883736471165)	('lDLPFC_to_lPTL_T1', -0.0024162427343047558)	('lPTL_to_lIFG_T2', -0.0019813973134242564)	('L_IFGorb_T1', -0.001524021221612901)	('L_IFGorb', -0.00140291366550855)	('L_PTL', -0.0011882314450605079)	('L_SMA', 0.0011852118941189631)	('rDLPFC_to_lPTL_T2', -0.0011147029343638313)	('rDLPFC_to_lPTL_T1', 0.0011136702000889174)	('rIFG_to_lIFG_T1', 0.0010317194234702235)	('lDLPFC_to_lPTL_T2', 0.000918204787862645)	('lSMA_to_lPTL_T2', -0.0006820676109670614)	('Age', 0.0006441908084518373)	('L_DLPFC_T2', -0.00028731734522751486)	('rDLPFC_to_lIFG_T2', 0.00016306787045141264)	
