predictors	pearson_correlation	mean_squared_error	r2	
rois + act_t1 + act_t2 + conn_t1 + conn_t2 + age + T1 + T2	-0.13377822244849655	0.09099496912009539	-0.15189632534290998	('L_IFGorb', 0.026902880677219344)	('lPTL_to_lIFG_T2', 0.022166186690418265)	('lSMA_to_lIFG_T2', 0.020872874253974494)	('L_IFGorb_T1', 0.016631406522036565)	('lPTL_to_lIFG_T1', 0.011945167141433927)	('L_SMA', 0.010957831158333974)	('rDLPFC_to_lIFG_T2', 0.009912930533355227)	('rIFG_to_lIFG_T2', 0.009820880812111469)	('L_PTL_T1', 0.009609219737355859)	('lSMA_to_lIFG_T1', 0.008402721684879516)	('rIFG_to_lIFG_T1', -0.008173590812356675)	('R_IFGorb_T1', -0.007829862420858391)	('lIFG_to_lPTL_T1', 0.006558683022745286)	('L_PTL', -0.0062370204938590424)	('lIFG_to_lPTL_T2', -0.005829375216550899)	('T2', 0.005780312238330432)	('rDLPFC_to_lPTL_T2', 0.005451411620805395)	('lDLPFC_to_lIFG_T1', -0.0049459536402609435)	('L_DLPFC_T1', -0.004688527353080834)	('lDLPFC_to_lIFG_T2', 0.004620279205500399)	('L_PTL_T2', 0.003998816236656035)	('L_SMA_T1', -0.0038497777042274784)	('lSMA_to_lPTL_T1', 0.003762672119014638)	('L_DLPFC', -0.0034776976819980996)	('lDLPFC_to_lPTL_T1', -0.0030928974840864773)	('L_DLPFC_T2', -0.0026792166903467163)	('L_SMA_T2', -0.0026089998612579975)	('lSMA_to_lPTL_T2', -0.002290231538907958)	('R_DLPFC_T1', 0.002267904692256031)	('L_IFGorb_T2', -0.0020717009705987525)	('T1', 0.002049053474020811)	('rDLPFC_to_lIFG_T1', 0.0018871248312568643)	('rDLPFC_to_lPTL_T1', 0.0011833268450217257)	('Age', -0.000799232145463744)	('R_DLPFC_T2', -0.0005898285981007236)	('lDLPFC_to_lPTL_T2', 0.0004520056996819081)	('R_IFGorb_T2', -0.0001224982070028312)	
