predictors	pearson_correlation	mean_squared_error	r2	
rois + act_t1 + act_t2 + conn_t1 + conn_t2 + age + T1 + T2	0.13037728607692328	0.0965800194570694	-0.05235757137327823	('L_IFGorb', 0.02871074915266105)	('L_PTL', 0.012754719628931313)	('L_DLPFC_T2', 0.01191059688173099)	('lPTL_to_lIFG_T2', -0.011888221021204796)	('L_DLPFC', 0.011807266015583294)	('L_SMA_T2', 0.011376763970518395)	('L_SMA', 0.010168859310308509)	('rDLPFC_to_lPTL_T1', -0.009329215660844206)	('lDLPFC_to_lIFG_T2', 0.008764477437233688)	('R_IFGorb_T2', 0.008450360552105992)	('lSMA_to_lIFG_T2', 0.008265206297897284)	('rDLPFC_to_lIFG_T1', -0.008205216230361304)	('T1', 0.007770073251652805)	('lPTL_to_lIFG_T1', 0.007493204985508233)	('R_DLPFC_T1', -0.007431467094441497)	('lSMA_to_lIFG_T1', -0.0071383580660365304)	('L_DLPFC_T1', 0.006374560825401272)	('R_DLPFC_T2', 0.006200409220485648)	('rDLPFC_to_lIFG_T2', 0.006196539684274386)	('L_IFGorb_T2', 0.0051731818726309725)	('lDLPFC_to_lPTL_T1', -0.004949015942838956)	('lDLPFC_to_lIFG_T1', 0.00444465108908239)	('L_PTL_T2', -0.0043925006717489765)	('L_PTL_T1', 0.004023432478939982)	('lSMA_to_lPTL_T1', 0.003974118762215033)	('T2', 0.0038626562347660104)	('L_SMA_T1', -0.003745983727468897)	('lIFG_to_lPTL_T1', -0.0034711820383725688)	('rDLPFC_to_lPTL_T2', -0.003143229735013592)	('L_IFGorb_T1', 0.0030938947836619195)	('lDLPFC_to_lPTL_T2', -0.0022347525590587455)	('R_IFGorb_T1', -0.0021392275141854356)	('rIFG_to_lIFG_T1', -0.0015033136742763071)	('lIFG_to_lPTL_T2', 0.001484972660237396)	('Age', -0.0012844538375945949)	('rIFG_to_lIFG_T2', 0.001076481713741687)	('lSMA_to_lPTL_T2', -0.000503008986371942)	
