predictors	pearson_correlation	mean_squared_error	r2	
rois + act_t1 + act_t2 + conn_t1 + conn_t2 + age + T1 + T2	0.2497840556317552	0.07419217626483933	0.060808569582903704	('lSMA_to_lIFG_T2', -0.022873495618958836)	('L_SMA', 0.021019785695042623)	('L_PTL', 0.015516937903111198)	('L_IFGorb_T2', 0.014190609775055875)	('R_IFGorb_T2', 0.01200985184978775)	('R_IFGorb_T1', 0.011431867260316869)	('L_SMA_T1', 0.009889145512061402)	('L_DLPFC_T2', -0.007961244286841095)	('lSMA_to_lPTL_T1', 0.007832159627192073)	('rDLPFC_to_lIFG_T1', 0.007759283849736483)	('T2', 0.0077447008164892315)	('Age', 0.0076762703288347205)	('L_PTL_T1', 0.00766919165927073)	('L_IFGorb', -0.006729477671028745)	('lDLPFC_to_lIFG_T2', 0.006607432178664293)	('R_DLPFC_T2', 0.006193747476863378)	('rDLPFC_to_lPTL_T1', 0.005653472505600328)	('lPTL_to_lIFG_T2', 0.005270982186914471)	('rIFG_to_lIFG_T1', 0.005159481491963686)	('rDLPFC_to_lPTL_T2', 0.004630477086322165)	('lSMA_to_lPTL_T2', -0.004449983847100543)	('R_DLPFC_T1', 0.004255583503282033)	('L_IFGorb_T1', -0.004253144014707202)	('lSMA_to_lIFG_T1', -0.004119203369595004)	('lDLPFC_to_lIFG_T1', 0.0032084938687454195)	('L_PTL_T2', -0.003100023411567916)	('lIFG_to_lPTL_T2', 0.0025445177405211262)	('L_DLPFC', -0.0023962783966464942)	('rDLPFC_to_lIFG_T2', -0.0023451283640365784)	('lIFG_to_lPTL_T1', -0.002203890630386605)	('L_SMA_T2', -0.0016258372239394163)	('lDLPFC_to_lPTL_T2', 0.001544751993828365)	('lPTL_to_lIFG_T1', 0.0013518218496351828)	('rIFG_to_lIFG_T2', 0.001233489617175215)	('T1', -0.0011099402738958724)	('lDLPFC_to_lPTL_T1', 0.00108832586576106)	('L_DLPFC_T1', 0.0005406297409462349)	
