predictors	pearson_correlation	mean_squared_error	r2	
rois + act_t1 + act_t2 + conn_t1 + conn_t2 + age + T1 + T2	0.2844302490840016	0.07264845346771483	0.08035040397826365	('rDLPFC_to_lPTL_T1', -0.02143069585776576)	('lPTL_to_lIFG_T1', 0.020903860606101176)	('T2', -0.016964958404979632)	('rIFG_to_lIFG_T2', 0.016702172205396583)	('lDLPFC_to_lIFG_T2', 0.016034434476275776)	('R_DLPFC_T2', 0.013815341123059696)	('L_DLPFC_T2', 0.01368899475160477)	('rIFG_to_lIFG_T1', -0.013669679897985822)	('L_PTL_T2', 0.013611638585929219)	('lDLPFC_to_lPTL_T1', 0.013202682114635335)	('Age', 0.012856360316617537)	('L_SMA', 0.011008814337569284)	('lSMA_to_lIFG_T2', 0.0099535175946942)	('L_SMA_T2', -0.00892483773787509)	('lPTL_to_lIFG_T2', -0.008717611003178298)	('L_DLPFC', 0.00823765347283121)	('L_IFGorb_T2', 0.008216014620396275)	('lSMA_to_lPTL_T2', -0.00820258341918182)	('R_IFGorb_T1', 0.00818498390978273)	('L_PTL', 0.007710859695197127)	('lDLPFC_to_lPTL_T2', 0.007697621300383612)	('L_IFGorb_T1', -0.0065127210557146134)	('R_DLPFC_T1', 0.006386405905603031)	('lSMA_to_lPTL_T1', 0.005394427551858826)	('R_IFGorb_T2', 0.005050243688127005)	('rDLPFC_to_lIFG_T2', -0.005015079037421025)	('lDLPFC_to_lIFG_T1', 0.004639368856604875)	('rDLPFC_to_lPTL_T2', -0.0030636487067987133)	('lSMA_to_lIFG_T1', 0.0027460104309463456)	('L_PTL_T1', 0.0018271496564914965)	('lIFG_to_lPTL_T1', -0.0016478421372224164)	('L_DLPFC_T1', -0.001612758592218109)	('T1', 0.0011885367220170323)	('rDLPFC_to_lIFG_T1', 0.0011581657280474687)	('L_IFGorb', -0.0006592236709994522)	('lIFG_to_lPTL_T2', -0.00031675022704096646)	('L_SMA_T1', 0.0002745127307402865)	
