predictors	pearson_correlation	mean_squared_error	r2	
rois + act_t1 + act_t2 + conn_t1 + conn_t2 + age + T1 + T2	0.10441381846967128	0.08008053054743572	-0.013731525611678341	('lPTL_to_lIFG_T2', 0.022112561134693468)	('L_SMA', 0.021883587257166447)	('L_SMA_T2', 0.019892630660818346)	('lSMA_to_lIFG_T2', 0.019603410984575912)	('Age', 0.017357073810332888)	('L_DLPFC_T1', 0.01566882420780767)	('R_DLPFC_T2', 0.015516997542999858)	('lDLPFC_to_lPTL_T1', 0.01463574395944266)	('lDLPFC_to_lIFG_T2', 0.013768106544208661)	('L_PTL_T2', 0.013507996001751362)	('lDLPFC_to_lIFG_T1', 0.011882361186234678)	('lIFG_to_lPTL_T1', -0.010364399952461748)	('L_PTL', -0.008921395202098347)	('rDLPFC_to_lPTL_T1', 0.007966849716794702)	('rIFG_to_lIFG_T1', 0.007917003017888974)	('L_IFGorb_T2', -0.007822132161240707)	('rIFG_to_lIFG_T2', 0.007049688544544635)	('R_IFGorb_T2', 0.006815317257023815)	('R_DLPFC_T1', -0.006773650410471005)	('L_IFGorb_T1', 0.006435291724642311)	('L_DLPFC', 0.005473140278736317)	('lDLPFC_to_lPTL_T2', -0.0049645122380490535)	('lSMA_to_lIFG_T1', 0.00393359177460229)	('T2', 0.0039128751310606455)	('lSMA_to_lPTL_T1', -0.003765702983114125)	('R_IFGorb_T1', -0.003274355651825379)	('T1', 0.0032546352155934234)	('L_SMA_T1', 0.0031857630068420403)	('L_DLPFC_T2', 0.002075102544563441)	('rDLPFC_to_lPTL_T2', 0.0020593615694543036)	('rDLPFC_to_lIFG_T2', -0.0018764928615473831)	('L_PTL_T1', -0.0018737676752627018)	('lPTL_to_lIFG_T1', 0.0003816970066808447)	('lSMA_to_lPTL_T2', -0.00036039869298932424)	('L_IFGorb', 0.0002460563698226216)	('rDLPFC_to_lIFG_T1', 0.00023064513628717013)	('lIFG_to_lPTL_T2', -0.0001042926753623609)	
