predictors	pearson_correlation	mean_squared_error	r2	
rois + act_t1 + act_t2 + conn_t1 + conn_t2 + age + T1 + T2	-0.09309561112012696	0.11832569167387755	-0.28930329711038905	('rDLPFC_to_lPTL_T2', -0.03273603166155864)	('lDLPFC_to_lIFG_T2', 0.025148449539307408)	('lSMA_to_lPTL_T1', 0.024893597597100654)	('lPTL_to_lIFG_T2', 0.02195664204649895)	('rIFG_to_lIFG_T2', 0.02038628593717545)	('lDLPFC_to_lPTL_T2', -0.018831674390188288)	('R_DLPFC_T1', 0.017637525306961815)	('L_PTL', 0.015447787874702959)	('lIFG_to_lPTL_T1', 0.015211008009638696)	('T1', 0.01478527963577528)	('lDLPFC_to_lIFG_T1', 0.013888586361412249)	('Age', 0.012357530949094501)	('L_DLPFC_T1', 0.011911299810938254)	('lSMA_to_lIFG_T2', 0.011817220315410963)	('lSMA_to_lPTL_T2', 0.011653826517575511)	('rDLPFC_to_lPTL_T1', 0.011621370197991048)	('lPTL_to_lIFG_T1', 0.009880874811529534)	('L_DLPFC_T2', 0.00960847758241977)	('L_SMA', -0.009153786388294718)	('L_SMA_T1', 0.009034240753812562)	('R_IFGorb_T2', -0.009004046277991012)	('L_PTL_T2', -0.008522745953099273)	('L_IFGorb_T2', -0.008111154175360364)	('L_DLPFC', 0.007595643849047595)	('rDLPFC_to_lIFG_T1', -0.006535008359589195)	('rIFG_to_lIFG_T1', -0.006068227937076753)	('L_SMA_T2', -0.004641794453089578)	('rDLPFC_to_lIFG_T2', 0.0038617985027554805)	('lIFG_to_lPTL_T2', -0.0032018873481021145)	('lSMA_to_lIFG_T1', 0.003136908178732784)	('R_DLPFC_T2', -0.0026744079265343104)	('lDLPFC_to_lPTL_T1', 0.002563905294546168)	('R_IFGorb_T1', -0.0021148850608718964)	('L_PTL_T1', 0.0017942083798622732)	('T2', -0.0017074440664909065)	('L_IFGorb', -0.0008137288047985977)	('L_IFGorb_T1', -0.0003916608028662648)	
