predictors	pearson_correlation	mean_squared_error	r2	
rois + act_t1 + act_t2 + conn_t1 + conn_t2 + age + T1 + T2	-0.027484436917101195	0.08383317336789425	-0.06123586037886297	('R_IFGorb_T1', 0.016400077584123547)	('Age', 0.011719156791100714)	('rDLPFC_to_lPTL_T1', 0.011503599171189339)	('rDLPFC_to_lPTL_T2', 0.010375509481336982)	('L_SMA_T2', 0.008806021926655756)	('lDLPFC_to_lIFG_T1', 0.008309734327390546)	('L_SMA_T1', 0.007947612638921204)	('T2', 0.007076405737862185)	('L_DLPFC_T1', 0.006890494757535508)	('L_SMA', 0.006335824295466921)	('R_DLPFC_T2', 0.006305220125718318)	('T1', -0.006090876927795612)	('rDLPFC_to_lIFG_T1', 0.005533690176894175)	('lDLPFC_to_lIFG_T2', 0.0047061515286158)	('L_IFGorb_T1', 0.0038357526929275972)	('rDLPFC_to_lIFG_T2', 0.003667476293014924)	('L_DLPFC', 0.0035368763353508656)	('lSMA_to_lIFG_T1', -0.003444508596159895)	('rIFG_to_lIFG_T1', -0.0030518793853741774)	('lPTL_to_lIFG_T2', 0.0029514201940498194)	('lSMA_to_lPTL_T1', -0.002898324454154094)	('L_PTL_T1', 0.002891486169390269)	('lIFG_to_lPTL_T1', 0.002742569349213346)	('lDLPFC_to_lPTL_T2', -0.0026981329612957242)	('lSMA_to_lIFG_T2', -0.0026008562419021003)	('lDLPFC_to_lPTL_T1', 0.002452733470113035)	('lPTL_to_lIFG_T1', 0.0023190130065368782)	('L_IFGorb_T2', 0.0022749233305131744)	('L_DLPFC_T2', 0.0019924610232008697)	('L_PTL_T2', -0.0017143204978990623)	('L_PTL', 0.0014227502348419198)	('lSMA_to_lPTL_T2', -0.001328032095489669)	('L_IFGorb', 0.001236171606038252)	('R_IFGorb_T2', 0.001194786601065993)	('R_DLPFC_T1', -0.000739236551367502)	('rIFG_to_lIFG_T2', 0.0007088932156785747)	('lIFG_to_lPTL_T2', 0.000542609138975686)	
