predictors	pearson_correlation	mean_squared_error	r2	
rois + act_t1 + act_t2 + conn_t1 + conn_t2 + age + T1 + T2	0.20859253610184747	0.07746067696604049	0.01943294207842805	('L_DLPFC', 0.024536258749689028)	('rDLPFC_to_lIFG_T2', 0.022494568018580907)	('lIFG_to_lPTL_T2', -0.02077033718543032)	('L_SMA', 0.02035486625079089)	('T2', 0.018381858077926)	('Age', 0.01352763349106539)	('lIFG_to_lPTL_T1', -0.011890616277432724)	('L_SMA_T2', 0.011153083385552367)	('L_IFGorb_T1', -0.010442654005767122)	('L_PTL_T1', -0.009267949106726181)	('R_IFGorb_T1', 0.008766671915253033)	('L_PTL', -0.008599681861366244)	('rDLPFC_to_lPTL_T2', 0.00839785039414453)	('rIFG_to_lIFG_T1', -0.0081800098184675)	('T1', 0.007427033905603861)	('R_DLPFC_T1', 0.0066567955783464776)	('lDLPFC_to_lPTL_T1', -0.006170623372578944)	('rIFG_to_lIFG_T2', 0.00589724000095166)	('L_DLPFC_T1', 0.0058767533872963905)	('R_DLPFC_T2', 0.00558280968876974)	('R_IFGorb_T2', 0.005387857141398118)	('lSMA_to_lPTL_T2', 0.005359517313583214)	('lPTL_to_lIFG_T1', 0.005116455072067989)	('lSMA_to_lPTL_T1', -0.004630565183484497)	('L_IFGorb_T2', 0.0045488819199186745)	('lPTL_to_lIFG_T2', -0.004269607634643535)	('lSMA_to_lIFG_T1', -0.003977324013162536)	('L_SMA_T1', -0.0037560889476396433)	('lDLPFC_to_lIFG_T1', -0.002017718719256691)	('L_DLPFC_T2', -0.0017093170760501392)	('lDLPFC_to_lPTL_T2', 0.0015674799655360952)	('lSMA_to_lIFG_T2', 0.001264679100931212)	('rDLPFC_to_lIFG_T1', -0.0012422388648539156)	('rDLPFC_to_lPTL_T1', 0.0008881582049297821)	('lDLPFC_to_lIFG_T2', 0.00030320950293102753)	('L_IFGorb', -0.00019427572695752417)	('L_PTL_T2', 4.3978964301878255e-05)	
