predictors	pearson_correlation	mean_squared_error	r2	
rois + act_t1 + act_t2 + conn_t1 + conn_t2 + age + T1 + T2	-0.3379114893685387	0.11026044069101053	-0.20142251198983252	('L_DLPFC', 0.022790968761091344)	('T2', 0.017234953831179647)	('R_IFGorb_T2', -0.01660005752555614)	('lSMA_to_lIFG_T1', 0.01134764011580552)	('L_SMA_T1', 0.01052995537530157)	('R_DLPFC_T1', 0.009651437502333417)	('lDLPFC_to_lIFG_T2', 0.009304315983204142)	('rIFG_to_lIFG_T1', -0.009254096414165509)	('lPTL_to_lIFG_T1', -0.009037427626552162)	('L_PTL_T2', 0.008763068054702216)	('lDLPFC_to_lIFG_T1', -0.0076448520905285375)	('lIFG_to_lPTL_T2', 0.006638748657656033)	('L_DLPFC_T2', 0.006317351991559952)	('lDLPFC_to_lPTL_T2', -0.006200730089140629)	('rDLPFC_to_lIFG_T2', 0.005934916063086798)	('lSMA_to_lPTL_T1', 0.005797523050044589)	('L_PTL', 0.004645599734646428)	('lPTL_to_lIFG_T2', 0.004608858917650759)	('rDLPFC_to_lIFG_T1', 0.004442131497967799)	('Age', 0.004419040653909898)	('L_IFGorb_T2', 0.0044101014801994414)	('rDLPFC_to_lPTL_T1', 0.004307306865995054)	('lDLPFC_to_lPTL_T1', -0.0036593288842352916)	('R_IFGorb_T1', 0.003620170041756482)	('lIFG_to_lPTL_T1', 0.00325554061407873)	('L_DLPFC_T1', 0.002954376600644471)	('L_SMA_T2', 0.0028107156319996467)	('R_DLPFC_T2', 0.002125278731097471)	('L_SMA', -0.0019335419182460077)	('lSMA_to_lPTL_T2', 0.0017484804739892213)	('lSMA_to_lIFG_T2', 0.0012560380296314654)	('rDLPFC_to_lPTL_T2', -0.0011584605184588996)	('rIFG_to_lIFG_T2', 0.0007959730735516603)	('T1', 0.00046197422926279677)	('L_IFGorb_T1', -0.0004027720170107452)	('L_IFGorb', -0.00015779257618752122)	('L_PTL_T1', -2.514636596265274e-05)	
