predictors	pearson_correlation	mean_squared_error	r2	
rois + act_t1 + act_t2 + conn_t1 + conn_t2 + age + T1 + T2	0.021017629850774888	0.09396559707311654	-0.023870238216925577	('T2', 0.017351063180613965)	('L_DLPFC', 0.015818967152368715)	('L_IFGorb', 0.015456956780635875)	('rIFG_to_lIFG_T2', -0.015197880338350749)	('L_DLPFC_T1', 0.013451036707064812)	('L_PTL', 0.012766613026168792)	('L_SMA_T2', 0.010978763435042158)	('L_IFGorb_T2', 0.010949155955915384)	('lSMA_to_lPTL_T1', -0.009240334143299844)	('rIFG_to_lIFG_T1', 0.008235799966662953)	('T1', -0.007858357466168813)	('lDLPFC_to_lIFG_T2', 0.0078091704196597885)	('R_IFGorb_T2', -0.006174748865450674)	('lDLPFC_to_lIFG_T1', 0.006147072994111807)	('L_IFGorb_T1', 0.005832996466325421)	('lSMA_to_lIFG_T2', -0.005631938046139087)	('lSMA_to_lIFG_T1', 0.005329330911726844)	('L_SMA_T1', -0.0051410616622635345)	('R_IFGorb_T1', -0.00499937773889804)	('lPTL_to_lIFG_T1', -0.004559193748292233)	('rDLPFC_to_lIFG_T2', -0.004531046061350104)	('lSMA_to_lPTL_T2', -0.004428649182079013)	('R_DLPFC_T2', 0.004278743665950836)	('rDLPFC_to_lPTL_T1', -0.0033034748525970973)	('L_DLPFC_T2', 0.0023345522370374202)	('rDLPFC_to_lIFG_T1', -0.0023169974272009243)	('L_SMA', 0.0019877703608287864)	('R_DLPFC_T1', 0.0018314929106974646)	('lDLPFC_to_lPTL_T2', -0.0017337806028757004)	('L_PTL_T2', -0.001648459097482293)	('lIFG_to_lPTL_T2', 0.0014125811270485277)	('lIFG_to_lPTL_T1', 0.0013784479066514168)	('rDLPFC_to_lPTL_T2', -0.0011871168941829738)	('lPTL_to_lIFG_T2', 0.0007422339010582093)	('L_PTL_T1', -0.0006246387312609964)	('Age', -7.957715285358114e-05)	('lDLPFC_to_lPTL_T1', -9.526939391776494e-06)	
