predictors	pearson_correlation	mean_squared_error	r2	
rois + act_t1 + act_t2 + conn_t1 + conn_t2 + age + T1 + T2	-0.2401279593466458	0.09643864069201215	-0.22080722603005354	('lPTL_to_lIFG_T2', 0.026469829183773625)	('L_PTL_T1', 0.02514016593545495)	('lPTL_to_lIFG_T1', 0.021858553810368716)	('lSMA_to_lPTL_T1', 0.020770185837188315)	('L_PTL', 0.019609464135488235)	('L_SMA', -0.01920104514075372)	('L_PTL_T2', 0.015447205414791783)	('T1', 0.014372721917254656)	('lSMA_to_lIFG_T2', 0.014028150583306927)	('lDLPFC_to_lPTL_T2', 0.013245830376802568)	('lDLPFC_to_lIFG_T1', 0.012617796337472684)	('R_DLPFC_T1', -0.01130416260036773)	('rDLPFC_to_lIFG_T1', -0.01100242353121375)	('rDLPFC_to_lPTL_T1', 0.01084102223175158)	('lIFG_to_lPTL_T2', -0.0083690244375191)	('L_SMA_T1', 0.00790927678593312)	('L_IFGorb_T2', 0.00766169560422098)	('T2', 0.006549441222143129)	('L_DLPFC_T2', 0.006460764058789616)	('rIFG_to_lIFG_T1', -0.00559324548348273)	('R_DLPFC_T2', -0.005390990755170689)	('L_IFGorb', 0.0052381590503766335)	('L_DLPFC', 0.004971037465561491)	('lSMA_to_lPTL_T2', -0.00457123808155673)	('lDLPFC_to_lIFG_T2', 0.0038176979114865777)	('L_SMA_T2', 0.003091901130453144)	('lIFG_to_lPTL_T1', 0.0023006853844369686)	('rIFG_to_lIFG_T2', 0.0022812694468247645)	('rDLPFC_to_lPTL_T2', -0.0022291363587918864)	('lDLPFC_to_lPTL_T1', 0.0021601206867289885)	('L_IFGorb_T1', 0.00210774753858062)	('rDLPFC_to_lIFG_T2', 0.0020068978151856474)	('R_IFGorb_T2', 0.0011375865224825517)	('lSMA_to_lIFG_T1', 0.0010886365617354446)	('L_DLPFC_T1', 0.0004599089587100865)	('R_IFGorb_T1', -0.0002873762961377171)	('Age', 0.00014094926635065762)	
