predictors	pearson_correlation	mean_squared_error	r2	
rois + act_t1 + act_t2 + conn_t1 + conn_t2 + age + T1 + T2	-0.13529232238394148	0.0935899749537519	-0.1847462478489248	('R_DLPFC_T2', -0.024212235883817296)	('L_DLPFC', 0.02398004243250502)	('L_DLPFC_T1', 0.01903209083552951)	('R_IFGorb_T1', 0.014937526711093704)	('L_SMA', -0.013453090406970325)	('lIFG_to_lPTL_T1', 0.01112607962635293)	('lSMA_to_lIFG_T1', 0.01110243076377864)	('lDLPFC_to_lPTL_T1', 0.009680827821505316)	('R_IFGorb_T2', 0.008806311454572306)	('L_SMA_T2', -0.00875704703539875)	('rDLPFC_to_lPTL_T2', 0.00844015874945094)	('lPTL_to_lIFG_T1', 0.007956042762628103)	('L_PTL_T2', 0.007362346201924292)	('L_IFGorb', 0.007221730317762004)	('lSMA_to_lIFG_T2', -0.007001586213450237)	('L_SMA_T1', 0.006138712486280547)	('L_PTL', 0.005468452619741823)	('T2', 0.004847803450899269)	('T1', 0.0044950451624301245)	('rDLPFC_to_lIFG_T2', 0.0037811344311936028)	('lSMA_to_lPTL_T1', 0.0036814845333711195)	('L_PTL_T1', 0.0036753054410081838)	('L_DLPFC_T2', -0.003458781064583982)	('rIFG_to_lIFG_T1', 0.0027762996635337127)	('rDLPFC_to_lPTL_T1', -0.002774465927284689)	('L_IFGorb_T2', -0.0027441047470619317)	('rDLPFC_to_lIFG_T1', -0.002224729141719215)	('lSMA_to_lPTL_T2', 0.0015613226701716456)	('L_IFGorb_T1', 0.001115755788876984)	('lIFG_to_lPTL_T2', -0.0010257502966811553)	('lPTL_to_lIFG_T2', 0.0009816235466374704)	('R_DLPFC_T1', 0.0009259081135160264)	('lDLPFC_to_lIFG_T2', -0.0008488259756071052)	('rIFG_to_lIFG_T2', -0.0008100309245432525)	('lDLPFC_to_lPTL_T2', 0.0004821198361419379)	('lDLPFC_to_lIFG_T1', 0.0002425282804753929)	('Age', -5.6282287541176823e-05)	
