predictors	pearson_correlation	mean_squared_error	r2	
rois + act_t1 + act_t2 + conn_t1 + conn_t2 + age + T1 + T2	0.04384428585687467	0.08368323257206298	-0.059337774656023745	('L_IFGorb_T2', 0.01682760229815516)	('lDLPFC_to_lPTL_T1', 0.012425882488347363)	('L_PTL_T2', -0.010770348857444084)	('L_DLPFC', 0.008952294171830811)	('lDLPFC_to_lPTL_T2', 0.008882172192098229)	('lDLPFC_to_lIFG_T2', 0.008592160714877109)	('R_IFGorb_T1', 0.008336457097782204)	('T2', -0.007784540470823296)	('L_PTL_T1', -0.007149759791693203)	('lPTL_to_lIFG_T1', 0.007090887543321675)	('lIFG_to_lPTL_T1', -0.006371546596581871)	('L_IFGorb_T1', 0.00597221547388345)	('lPTL_to_lIFG_T2', -0.005846662170758645)	('R_IFGorb_T2', 0.005801746038875559)	('rDLPFC_to_lPTL_T2', 0.005463070814204404)	('lIFG_to_lPTL_T2', 0.004985940289777182)	('lSMA_to_lIFG_T2', 0.004870666814352922)	('rIFG_to_lIFG_T2', 0.004664594306898533)	('rDLPFC_to_lIFG_T2', 0.004488834183004261)	('rDLPFC_to_lPTL_T1', 0.004318642187664879)	('R_DLPFC_T2', 0.0038386033353527468)	('lSMA_to_lPTL_T2', 0.003609242187265468)	('rDLPFC_to_lIFG_T1', -0.00352328969950593)	('L_SMA', 0.003428729359663998)	('lSMA_to_lPTL_T1', -0.003070896131453658)	('L_IFGorb', 0.002604322800324642)	('L_SMA_T1', -0.0023833806148794872)	('rIFG_to_lIFG_T1', 0.002226480511717833)	('T1', 0.0020833104705663056)	('L_DLPFC_T1', 0.0020761641621870673)	('L_SMA_T2', -0.00124472489558454)	('L_DLPFC_T2', -0.0010879427787656975)	('R_DLPFC_T1', -0.0009237127585137649)	('lDLPFC_to_lIFG_T1', 0.0004034314074693049)	('Age', -0.00025353574488039233)	('L_PTL', -0.00024413400191292215)	('lSMA_to_lIFG_T1', 0.0001640566402512135)	
