predictors	pearson_correlation	mean_squared_error	r2	
rois + act_t1 + act_t2 + conn_t1 + conn_t2 + age + T1 + T2	0.14446072129696558	0.09254808978473276	-0.008424760614070381	('rDLPFC_to_lIFG_T1', -0.019210091816233486)	('rDLPFC_to_lPTL_T1', 0.01917196398167858)	('lPTL_to_lIFG_T2', 0.017693940530272716)	('lDLPFC_to_lIFG_T1', 0.01357734704068033)	('L_IFGorb_T2', -0.012714314907757405)	('L_DLPFC_T2', 0.012220156088302812)	('L_SMA', 0.011687492784205304)	('L_SMA_T1', -0.01119679245481771)	('R_DLPFC_T1', -0.011035346343537991)	('L_IFGorb', 0.010902756403210645)	('Age', -0.009605974267776148)	('T1', 0.009171286270014107)	('rDLPFC_to_lPTL_T2', 0.007707569422825981)	('lSMA_to_lPTL_T2', 0.007246599760821597)	('T2', -0.006967937650746444)	('lSMA_to_lPTL_T1', -0.006152419246158529)	('L_DLPFC_T1', -0.005867604675950264)	('lPTL_to_lIFG_T1', 0.005321272034112445)	('lDLPFC_to_lIFG_T2', 0.003863133157472578)	('lDLPFC_to_lPTL_T2', 0.003561666203530213)	('L_PTL', 0.0032307706089125094)	('lIFG_to_lPTL_T1', 0.002819449221507916)	('L_DLPFC', -0.0026632151339514893)	('R_IFGorb_T1', -0.002479767548505762)	('R_DLPFC_T2', 0.002052134298833812)	('rIFG_to_lIFG_T1', -0.001935071465454436)	('lDLPFC_to_lPTL_T1', -0.001889086884886634)	('L_IFGorb_T1', 0.0018535722087739193)	('lSMA_to_lIFG_T2', 0.0016832563328319048)	('lIFG_to_lPTL_T2', -0.0014946046053708382)	('rIFG_to_lIFG_T2', 0.0012739417212954654)	('L_PTL_T2', -0.0010695204735612636)	('L_PTL_T1', -0.0010561800138769028)	('R_IFGorb_T2', 0.0008576400682245149)	('L_SMA_T2', -0.0007605764112909443)	('rDLPFC_to_lIFG_T2', 0.00033199042760635375)	('lSMA_to_lIFG_T1', 0.0003013305789030311)	
