predictors	pearson_correlation	mean_squared_error	r2	
rois + act_t1 + act_t2 + conn_t1 + conn_t2 + age + T1 + T2	-0.004108287460216825	0.09732997801815522	-0.06052928819847203	('L_IFGorb_T2', 0.02392567919207942)	('rDLPFC_to_lPTL_T1', -0.02062241824213791)	('R_DLPFC_T1', 0.020480613759740526)	('rIFG_to_lIFG_T2', -0.018273410675669906)	('L_DLPFC_T1', 0.015571118835189841)	('L_PTL_T1', 0.014227717310816755)	('L_PTL', -0.012937348238913793)	('L_DLPFC', 0.010879422557632877)	('lSMA_to_lIFG_T1', 0.010566870831212365)	('R_IFGorb_T1', 0.010284740765429397)	('L_SMA_T1', -0.010121298787910413)	('rIFG_to_lIFG_T1', -0.00957111323931979)	('lIFG_to_lPTL_T1', 0.00902516179727442)	('Age', 0.008813752262097985)	('lSMA_to_lIFG_T2', 0.006952753573958055)	('L_SMA_T2', 0.006883788709737192)	('lDLPFC_to_lPTL_T2', 0.006507689244977637)	('lDLPFC_to_lPTL_T1', 0.006244414296620569)	('rDLPFC_to_lIFG_T1', 0.005470335026972477)	('T2', 0.005348277357495509)	('lPTL_to_lIFG_T2', 0.0051604297189509615)	('lSMA_to_lPTL_T2', 0.004393228096248562)	('L_DLPFC_T2', 0.004352191118931282)	('L_IFGorb', -0.004280829296755776)	('lIFG_to_lPTL_T2', 0.0032413482360398194)	('R_DLPFC_T2', 0.0027214149684038455)	('rDLPFC_to_lIFG_T2', 0.0025622689211380776)	('L_SMA', 0.0025136814699472784)	('L_IFGorb_T1', -0.002481935626331581)	('lPTL_to_lIFG_T1', -0.0023300919478582874)	('rDLPFC_to_lPTL_T2', -0.0023264110532823616)	('lDLPFC_to_lIFG_T1', 0.0020399636077262904)	('lDLPFC_to_lIFG_T2', -0.0018805916633447327)	('T1', 0.0009164233238262428)	('lSMA_to_lPTL_T1', 0.000735214431943891)	('R_IFGorb_T2', -0.0004037094435512564)	('L_PTL_T2', -8.045377967266922e-05)	
