predictors	pearson_correlation	mean_squared_error	r2	
rois + act_t1 + act_t2 + conn_t1 + conn_t2 + age + T1 + T2	0.18501145790742138	0.09253105742373816	-0.1713415154394422	('lSMA_to_lPTL_T1', -0.021037754207801605)	('lDLPFC_to_lPTL_T1', 0.019763793358567698)	('L_IFGorb_T2', -0.014350417673917499)	('Age', -0.01430868946284377)	('L_PTL_T1', 0.01354667935934077)	('lPTL_to_lIFG_T2', -0.01329456395760589)	('L_SMA_T1', 0.013068223282913242)	('T2', 0.012790235462216302)	('L_DLPFC_T2', 0.012703870691095362)	('rDLPFC_to_lIFG_T2', 0.011037657859164354)	('lDLPFC_to_lIFG_T2', 0.010773177113544504)	('rDLPFC_to_lPTL_T1', 0.008285081111641281)	('L_DLPFC_T1', 0.007657065042292452)	('lIFG_to_lPTL_T1', 0.00706053798870854)	('rDLPFC_to_lPTL_T2', 0.0069190785492690005)	('L_PTL', 0.0068835663956063305)	('lSMA_to_lIFG_T2', 0.006756398310983723)	('R_DLPFC_T2', 0.006582748333929923)	('rDLPFC_to_lIFG_T1', 0.006466363410616023)	('lDLPFC_to_lPTL_T2', 0.006390835919180565)	('R_IFGorb_T1', 0.005865852329459539)	('lSMA_to_lPTL_T2', 0.005468411133361276)	('L_PTL_T2', 0.003846545056856273)	('lDLPFC_to_lIFG_T1', 0.0037939091067656014)	('lIFG_to_lPTL_T2', -0.0035972998225613953)	('lSMA_to_lIFG_T1', 0.003159809024597759)	('R_DLPFC_T1', 0.003035159930560713)	('rIFG_to_lIFG_T2', 0.0027957894335728086)	('R_IFGorb_T2', 0.002509967097127457)	('L_SMA_T2', 0.0024010837397388978)	('L_IFGorb', 0.00198122763115425)	('L_DLPFC', 0.0019378698893911818)	('T1', -0.001928331356275459)	('rIFG_to_lIFG_T1', 0.0014685485773026545)	('L_SMA', 0.0004897618864256231)	('L_IFGorb_T1', 0.0001816679160363634)	('lPTL_to_lIFG_T1', -8.928721433728612e-05)	
