predictors	pearson_correlation	mean_squared_error	r2	
rois + act_t1 + act_t2 + conn_t1 + conn_t2 + age + T1 + T2	0.03257730602828249	0.10350125383124427	-0.12777289472750009	('R_DLPFC_T2', -0.02068990947007802)	('rDLPFC_to_lPTL_T2', 0.01968480890308631)	('L_SMA', 0.017853850323112777)	('L_IFGorb_T2', 0.01523875010820129)	('R_IFGorb_T2', 0.014982526216648629)	('lSMA_to_lPTL_T2', 0.01473542833674589)	('lDLPFC_to_lPTL_T1', 0.013844930560601923)	('lDLPFC_to_lPTL_T2', -0.013277812248090413)	('L_SMA_T2', 0.013037066908851445)	('R_DLPFC_T1', 0.01242666791243001)	('lIFG_to_lPTL_T2', 0.012122562756420282)	('T2', 0.01203265422307563)	('L_DLPFC_T1', 0.0116948614280997)	('L_DLPFC', 0.008511829860807472)	('lPTL_to_lIFG_T2', -0.008329826479000426)	('lDLPFC_to_lIFG_T2', 0.008101097719820151)	('lIFG_to_lPTL_T1', 0.007902298146391082)	('L_SMA_T1', 0.007639380415261067)	('R_IFGorb_T1', 0.006767980659625588)	('L_PTL_T1', 0.0059600398528957205)	('L_PTL_T2', 0.005958112288258101)	('lDLPFC_to_lIFG_T1', 0.0059241893691713825)	('L_PTL', -0.005876853692843783)	('rIFG_to_lIFG_T2', 0.005084114871417422)	('rDLPFC_to_lPTL_T1', -0.004488739105590737)	('rDLPFC_to_lIFG_T2', -0.0036898386039168254)	('lPTL_to_lIFG_T1', 0.00302405063859021)	('lSMA_to_lIFG_T2', 0.002942134499719309)	('Age', -0.002857525295031395)	('lSMA_to_lPTL_T1', 0.0025177611578831405)	('lSMA_to_lIFG_T1', 0.0016527992451331505)	('L_IFGorb', -0.0012219709425145809)	('rDLPFC_to_lIFG_T1', 0.0011534120369452504)	('rIFG_to_lIFG_T1', 0.0009578184238754475)	('L_DLPFC_T2', -0.000874413278296105)	('L_IFGorb_T1', -0.0006424786308789891)	('T1', 5.6230079980506906e-05)	
