predictors	pearson_correlation	mean_squared_error	r2	
rois + act_t1 + act_t2 + conn_t1 + conn_t2 + age + T1 + T2	-0.18254803760787114	0.10268090379881066	-0.11883417662968943	('rDLPFC_to_lIFG_T2', 0.013522181595192261)	('L_IFGorb_T1', 0.011368681930207994)	('L_DLPFC', -0.008310390137110825)	('lDLPFC_to_lIFG_T1', -0.008155013776274245)	('L_PTL', 0.00803750844715607)	('T1', 0.007875633149938705)	('lIFG_to_lPTL_T2', 0.007789650491835009)	('rDLPFC_to_lPTL_T1', -0.006870437088143984)	('lDLPFC_to_lPTL_T2', -0.0063888735257771325)	('Age', 0.006309914645739731)	('L_PTL_T1', -0.006068706727011731)	('lDLPFC_to_lIFG_T2', 0.006049238282950326)	('lIFG_to_lPTL_T1', -0.006029874394194965)	('rIFG_to_lIFG_T1', 0.005585814489322541)	('lSMA_to_lPTL_T2', -0.005129956817697462)	('L_IFGorb_T2', 0.00469440648755897)	('lSMA_to_lIFG_T1', 0.0039863447113969355)	('R_DLPFC_T2', 0.003899649586968902)	('rDLPFC_to_lIFG_T1', 0.0038754259090349355)	('lDLPFC_to_lPTL_T1', -0.003472110251713107)	('L_DLPFC_T2', -0.0033961281628745827)	('R_DLPFC_T1', 0.002973026680180632)	('R_IFGorb_T2', 0.0028831508532061565)	('R_IFGorb_T1', 0.0027229413196325925)	('lSMA_to_lPTL_T1', 0.00225191875626058)	('T2', 0.0021230807638279448)	('L_SMA_T2', 0.0019911617164196835)	('lSMA_to_lIFG_T2', -0.0017648310163769895)	('L_SMA', 0.0017350318883436046)	('L_PTL_T2', 0.0014638738984610912)	('rDLPFC_to_lPTL_T2', 0.0006740187900067073)	('lPTL_to_lIFG_T2', 0.00045730297024298695)	('L_DLPFC_T1', -0.00040268698211447365)	('L_IFGorb', -0.00039791867121392134)	('rIFG_to_lIFG_T2', 0.0003450293072196279)	('L_SMA_T1', 0.00013876030401125305)	('lPTL_to_lIFG_T1', -3.918861175237263e-06)	
