predictors	pearson_correlation	mean_squared_error	r2	
rois + act_t1 + act_t2 + conn_t1 + conn_t2 + age + T1 + T2	0.192349986621619	0.0770569352646972	0.024543868392950197	('lSMA_to_lIFG_T2', 0.028188340148877347)	('lSMA_to_lPTL_T2', 0.02380647354233001)	('rDLPFC_to_lPTL_T1', 0.01989575091457398)	('lPTL_to_lIFG_T2', -0.01490681964558966)	('lSMA_to_lPTL_T1', 0.01469315085486362)	('lDLPFC_to_lPTL_T2', 0.0137340573556979)	('lSMA_to_lIFG_T1', 0.012874044614081757)	('rIFG_to_lIFG_T1', 0.011304454727492872)	('lIFG_to_lPTL_T1', 0.01083456807574925)	('lIFG_to_lPTL_T2', -0.009958213470031034)	('L_PTL_T1', -0.00950922858978264)	('R_DLPFC_T1', 0.008821480163403863)	('L_SMA_T1', 0.008623945503949688)	('lDLPFC_to_lIFG_T1', 0.007058422597215348)	('rDLPFC_to_lIFG_T2', -0.006836706727887011)	('Age', 0.006716290286823472)	('L_IFGorb_T1', 0.00620145455838613)	('R_IFGorb_T2', -0.005758709644079979)	('L_IFGorb_T2', 0.005370522341220012)	('lDLPFC_to_lPTL_T1', 0.005198720472613513)	('T2', 0.004581941488172951)	('lDLPFC_to_lIFG_T2', -0.004336330201472266)	('rDLPFC_to_lIFG_T1', 0.004334477663912741)	('L_DLPFC', 0.004198308333165558)	('L_PTL_T2', 0.00383174294290433)	('T1', -0.0032026539825042266)	('L_DLPFC_T1', 0.0031656187807673)	('rDLPFC_to_lPTL_T2', 0.0029147896288583375)	('L_PTL', 0.0018282242878363772)	('R_DLPFC_T2', 0.0017903438532723994)	('R_IFGorb_T1', 0.0011081221988850068)	('L_SMA_T2', 0.0010538926285283121)	('L_DLPFC_T2', -0.0010002893906214704)	('rIFG_to_lIFG_T2', -0.0009021941596656775)	('L_SMA', 0.0008098208333831691)	('lPTL_to_lIFG_T1', -0.00022400632504908843)	('L_IFGorb', 0.00021321878002490523)	
