predictors	pearson_correlation	mean_squared_error	r2	
rois + act_t1 + act_t2 + conn_t1 + conn_t2 + age + T1 + T2	-0.10962975508919144	0.11558391245671243	-0.2594282553114986	('lSMA_to_lPTL_T1', 0.02470051350625079)	('lPTL_to_lIFG_T1', 0.024108700866081207)	('T1', 0.01935767757523249)	('lDLPFC_to_lPTL_T2', 0.013900897917038278)	('L_DLPFC_T1', 0.011758083501252783)	('R_IFGorb_T1', -0.011412296763695227)	('rDLPFC_to_lIFG_T2', 0.01125906595042349)	('L_SMA_T2', 0.011070155368229771)	('lIFG_to_lPTL_T2', 0.011007661407831921)	('L_DLPFC', -0.010703344353172554)	('L_IFGorb', -0.010219556018805651)	('lSMA_to_lPTL_T2', 0.009765833592991859)	('rDLPFC_to_lIFG_T1', 0.009700434251973837)	('lDLPFC_to_lPTL_T1', 0.00930482838191992)	('R_DLPFC_T2', -0.00912496513260785)	('L_DLPFC_T2', 0.009062470852813979)	('L_PTL_T2', 0.008739160384312817)	('T2', 0.008022197912983423)	('L_SMA_T1', 0.007859558626954418)	('rDLPFC_to_lPTL_T1', -0.007018597668468649)	('R_DLPFC_T1', -0.0069948404590995765)	('lSMA_to_lIFG_T2', 0.0067159530369953575)	('L_PTL', 0.00646884389096436)	('L_IFGorb_T2', 0.006370517622499123)	('L_PTL_T1', 0.005000986396348826)	('rIFG_to_lIFG_T2', 0.0046775683636585625)	('R_IFGorb_T2', 0.004388087880308828)	('L_SMA', 0.004165686596466038)	('lSMA_to_lIFG_T1', -0.003963887645441949)	('lDLPFC_to_lIFG_T2', 0.0025789387472873026)	('Age', -0.002567441489634892)	('lPTL_to_lIFG_T2', 0.002303163511035447)	('L_IFGorb_T1', -0.0021735643980724485)	('rIFG_to_lIFG_T1', -0.0018469939339870111)	('lDLPFC_to_lIFG_T1', -0.0011915795785608144)	('lIFG_to_lPTL_T1', 0.0011247719595050018)	('rDLPFC_to_lPTL_T2', -0.00018067044271814905)	
