predictors	pearson_correlation	mean_squared_error	r2	
rois + act_t1 + act_t2 + conn_t1 + conn_t2 + age + T1 + T2	0.03975141017123721	0.09342590935390754	-0.017989679684430993	('lSMA_to_lPTL_T1', 0.022634637714210974)	('L_IFGorb_T1', 0.014314578282279874)	('R_IFGorb_T2', -0.013822265153004519)	('L_SMA', 0.00948839102923978)	('lDLPFC_to_lIFG_T1', -0.009180878819997103)	('rDLPFC_to_lIFG_T1', 0.008224577574532543)	('R_IFGorb_T1', 0.007679557341416348)	('lPTL_to_lIFG_T2', 0.007179486108604754)	('L_PTL', 0.006512067056193386)	('L_PTL_T2', -0.006396028616070236)	('L_DLPFC_T2', 0.006267633749580169)	('R_DLPFC_T1', 0.006238207634361778)	('lDLPFC_to_lPTL_T2', 0.005778643126725884)	('lDLPFC_to_lPTL_T1', -0.005662449833927992)	('T2', 0.005366530825006749)	('Age', 0.004392859918153868)	('lSMA_to_lPTL_T2', 0.004134179030305349)	('lPTL_to_lIFG_T1', 0.00397204933576715)	('L_IFGorb_T2', 0.0038054507923839967)	('lSMA_to_lIFG_T1', -0.003635847909308299)	('rIFG_to_lIFG_T1', 0.0036078252724402243)	('L_IFGorb', 0.0034813442341308947)	('L_SMA_T2', 0.003026324613234531)	('rIFG_to_lIFG_T2', 0.00278256865946425)	('T1', -0.0026478463097856764)	('L_DLPFC', 0.0025480433354475992)	('lIFG_to_lPTL_T2', 0.0024156104180820094)	('lIFG_to_lPTL_T1', -0.0023519627870405317)	('rDLPFC_to_lPTL_T1', -0.0022130319976316035)	('lDLPFC_to_lIFG_T2', -0.002006161246978183)	('L_PTL_T1', -0.0013055235200560432)	('L_DLPFC_T1', -0.0010190810208863597)	('L_SMA_T1', -0.0009933284952218326)	('R_DLPFC_T2', -0.0009140600921336419)	('rDLPFC_to_lIFG_T2', -0.0006342198654042014)	('rDLPFC_to_lPTL_T2', 0.000602263594253646)	('lSMA_to_lIFG_T2', 0.00012897022189681945)	
