predictors	pearson_correlation	mean_squared_error	r2	
rois + act_t1 + act_t2 + conn_t1 + conn_t2 + age + T1 + T2	0.1589684295308027	0.08090586913985957	-0.024179405323819125	('lDLPFC_to_lIFG_T2', 0.015042635408172127)	('L_DLPFC_T2', 0.014732161910760447)	('lSMA_to_lIFG_T2', -0.012702306176906437)	('lDLPFC_to_lPTL_T2', -0.012288685893391736)	('lIFG_to_lPTL_T2', 0.01209082027414774)	('L_IFGorb_T2', 0.010466641566193619)	('L_DLPFC_T1', 0.01029053540475545)	('L_PTL_T1', 0.00997638084754168)	('R_DLPFC_T1', 0.008521965688238998)	('L_SMA_T2', 0.007991698685616324)	('lSMA_to_lPTL_T2', 0.007095217557598075)	('L_SMA', -0.007010555558227865)	('lPTL_to_lIFG_T2', 0.0066884245946143145)	('lDLPFC_to_lIFG_T1', -0.006384845714523471)	('Age', 0.006320472331273217)	('R_DLPFC_T2', 0.006248281549188111)	('lDLPFC_to_lPTL_T1', 0.006143419162613406)	('rIFG_to_lIFG_T1', -0.004998492208258005)	('L_PTL_T2', 0.004996551897367867)	('rDLPFC_to_lPTL_T2', -0.004801543149708582)	('R_IFGorb_T2', 0.0047006905579264945)	('R_IFGorb_T1', 0.004552356581153286)	('rIFG_to_lIFG_T2', 0.004498172911586578)	('L_IFGorb_T1', 0.004372198277923189)	('L_SMA_T1', 0.00410073500675663)	('lPTL_to_lIFG_T1', -0.003409064540932058)	('rDLPFC_to_lIFG_T1', 0.003115859283494054)	('T2', -0.0024449725335574605)	('rDLPFC_to_lPTL_T1', 0.002281046764476279)	('lSMA_to_lIFG_T1', -0.001758539442501351)	('lSMA_to_lPTL_T1', -0.0016527232658205837)	('L_PTL', -0.0016125574500180193)	('L_IFGorb', -0.0013292331839351618)	('T1', 0.0008089833561912565)	('rDLPFC_to_lIFG_T2', 0.0005814114284200765)	('L_DLPFC', 0.00022533252557566894)	('lIFG_to_lPTL_T1', -0.00021162898923709496)	
