predictors	pearson_correlation	mean_squared_error	r2	
rois + act_t1 + act_t2 + conn_t1 + conn_t2 + age + T1 + T2	0.08018889946741296	0.0809163653662427	-0.02431227601675534	('rDLPFC_to_lPTL_T2', 0.018634280493315995)	('R_IFGorb_T2', 0.01792242646774496)	('rIFG_to_lIFG_T1', 0.017426755898749122)	('lIFG_to_lPTL_T1', -0.014420301217097264)	('L_PTL_T2', 0.013899929285092998)	('L_SMA_T1', 0.013634260603868327)	('rDLPFC_to_lIFG_T1', 0.01300919242712423)	('L_DLPFC_T2', -0.012842274777492509)	('L_PTL', 0.011568125874930503)	('lDLPFC_to_lIFG_T2', 0.010922768106675827)	('lIFG_to_lPTL_T2', -0.010569401034126121)	('lSMA_to_lPTL_T2', 0.010164399935954848)	('L_IFGorb', 0.009533101615498515)	('lDLPFC_to_lIFG_T1', 0.008928239869930505)	('T1', 0.008436965365515177)	('lDLPFC_to_lPTL_T1', 0.008398860164719902)	('lSMA_to_lIFG_T2', 0.007499328339068694)	('rDLPFC_to_lIFG_T2', 0.007155962955537876)	('T2', -0.006929057283249573)	('L_PTL_T1', -0.005440345297374628)	('L_IFGorb_T1', 0.004926791713671584)	('lPTL_to_lIFG_T1', 0.004662639834229664)	('rIFG_to_lIFG_T2', 0.004366938229477801)	('lSMA_to_lIFG_T1', -0.004211785315481323)	('R_IFGorb_T1', 0.00393221052292261)	('R_DLPFC_T2', -0.0037031890767273584)	('L_DLPFC', 0.0030291152841446668)	('L_IFGorb_T2', -0.0026608174194998058)	('L_SMA_T2', -0.0017770389359756927)	('rDLPFC_to_lPTL_T1', -0.0016351278178781247)	('lPTL_to_lIFG_T2', -0.0015622707041159404)	('Age', 0.001298661183508375)	('lDLPFC_to_lPTL_T2', 0.0012248906467033926)	('L_DLPFC_T1', 0.0009564485911859593)	('L_SMA', 0.000624771949019057)	('R_DLPFC_T1', -0.0004348705224552543)	('lSMA_to_lPTL_T1', 0.0002752211723037962)	
