predictors	pearson_correlation	mean_squared_error	r2	
rois + act_t1 + act_t2 + conn_t1 + conn_t2 + age + T1 + T2	-0.3368563803517508	0.09923387513484203	-0.08127457855070386	('lSMA_to_lIFG_T1', 0.014868105976826926)	('lSMA_to_lIFG_T2', 0.011491699965540749)	('R_DLPFC_T1', 0.011233146512352583)	('lDLPFC_to_lPTL_T2', 0.010389490139587194)	('lSMA_to_lPTL_T1', -0.009857177006869803)	('lDLPFC_to_lPTL_T1', 0.009031062396897573)	('rDLPFC_to_lPTL_T2', -0.008171100048653575)	('lPTL_to_lIFG_T1', -0.007898126064965072)	('R_IFGorb_T2', 0.007436903777965814)	('rDLPFC_to_lIFG_T2', 0.0059551930418981274)	('L_DLPFC_T1', -0.005713310231121092)	('R_DLPFC_T2', -0.005213963183902574)	('lSMA_to_lPTL_T2', 0.005085903760868988)	('rDLPFC_to_lPTL_T1', 0.004733959565833048)	('T1', -0.004048648580811577)	('lDLPFC_to_lIFG_T2', 0.003915605890711006)	('L_PTL_T1', -0.0036069255731400545)	('L_IFGorb', 0.0035780520421880148)	('lIFG_to_lPTL_T2', 0.003334007259042199)	('L_SMA_T1', 0.003292584512970914)	('L_SMA', -0.002551192450140842)	('T2', 0.002509999206106309)	('L_IFGorb_T2', 0.002410203713688266)	('rDLPFC_to_lIFG_T1', 0.0021216111925863985)	('L_PTL_T2', -0.0021046025393208464)	('rIFG_to_lIFG_T1', -0.0019495175389148943)	('L_DLPFC_T2', -0.0017502444397609564)	('L_PTL', 0.0015495913616337083)	('Age', -0.0010338949458551443)	('L_DLPFC', 0.000977525331066462)	('L_IFGorb_T1', -0.0009390094033785541)	('R_IFGorb_T1', 0.0007382667919836117)	('L_SMA_T2', 0.0007188839971279504)	('lIFG_to_lPTL_T1', 0.0005843714376540746)	('lPTL_to_lIFG_T2', 0.0005068298470309916)	('rIFG_to_lIFG_T2', 0.0003147667697834675)	('lDLPFC_to_lIFG_T1', 3.561368260966482e-05)	
