predictors	pearson_correlation	mean_squared_error	r2	
rois + act_t1 + act_t2 + conn_t1 + conn_t2 + age + T1 + T2	0.05424907049695639	0.09617351637447663	-0.04792822253738138	('rDLPFC_to_lIFG_T1', 0.02081365401105854)	('lDLPFC_to_lIFG_T1', -0.01970057054929753)	('T1', 0.018424494880408974)	('rDLPFC_to_lIFG_T2', 0.014707659359639488)	('lSMA_to_lIFG_T1', -0.012690186576630917)	('R_DLPFC_T1', 0.012604566330708259)	('lSMA_to_lPTL_T2', -0.011777769819726567)	('L_PTL', 0.01150397779207463)	('rIFG_to_lIFG_T2', 0.011108484535722074)	('R_IFGorb_T2', 0.010303234154342669)	('rDLPFC_to_lPTL_T2', 0.010195086094868595)	('lSMA_to_lIFG_T2', 0.009253983873190657)	('lDLPFC_to_lPTL_T1', 0.009207855100716896)	('rIFG_to_lIFG_T1', 0.009131611903321032)	('L_PTL_T2', 0.009004058990502455)	('L_DLPFC_T1', -0.008933005381004713)	('L_DLPFC_T2', 0.008835129201014697)	('T2', -0.007558417298615034)	('L_SMA', 0.00730312187694106)	('lIFG_to_lPTL_T2', 0.005850210019850347)	('lDLPFC_to_lPTL_T2', 0.005482537614059023)	('lPTL_to_lIFG_T2', -0.004642417663775517)	('L_SMA_T1', 0.004523947432072676)	('L_IFGorb', 0.004375221998666704)	('lPTL_to_lIFG_T1', 0.004140848925903827)	('rDLPFC_to_lPTL_T1', -0.0032581094205451104)	('R_DLPFC_T2', 0.0031212552205416217)	('R_IFGorb_T1', -0.0027945173147990187)	('Age', 0.0021572716478869703)	('lSMA_to_lPTL_T1', 0.0019911935065993736)	('L_IFGorb_T1', -0.0015277405868794735)	('lIFG_to_lPTL_T1', 0.0014590973602138357)	('lDLPFC_to_lIFG_T2', 0.0012908971968183308)	('L_SMA_T2', -0.0012840408401273344)	('L_PTL_T1', -0.000365319102162599)	('L_IFGorb_T2', -0.0002841729453645034)	('L_DLPFC', 0.0002162477756754678)	
