predictors	pearson_correlation	mean_squared_error	r2	
rois + act_t1 + act_t2 + conn_t1 + conn_t2 + age + T1 + T2	-0.2537866959325745	0.11474207262765591	-0.45250856283699115	('rDLPFC_to_lPTL_T1', 0.020231439125213406)	('L_IFGorb', 0.01959247242999112)	('lSMA_to_lPTL_T1', 0.016492717118982165)	('L_IFGorb_T2', 0.01607057103858357)	('lPTL_to_lIFG_T2', 0.015954830876806176)	('lSMA_to_lPTL_T2', -0.015646530349489696)	('rDLPFC_to_lIFG_T1', -0.015424553080630156)	('rDLPFC_to_lPTL_T2', 0.015198070179368353)	('T2', 0.01434812528250671)	('L_PTL_T2', -0.014041939683724334)	('L_SMA', 0.013356237446731456)	('lSMA_to_lIFG_T2', 0.013214767339583301)	('R_DLPFC_T1', -0.012869640881067177)	('L_SMA_T2', 0.01200096471845239)	('rIFG_to_lIFG_T1', -0.011390486839375727)	('lIFG_to_lPTL_T2', 0.011017195855248688)	('R_IFGorb_T2', 0.01098620106724145)	('rIFG_to_lIFG_T2', 0.010883255023295242)	('lPTL_to_lIFG_T1', -0.010812418853350578)	('lSMA_to_lIFG_T1', -0.010248060204927812)	('rDLPFC_to_lIFG_T2', -0.009606250751839799)	('L_PTL_T1', -0.009527772642164999)	('lDLPFC_to_lIFG_T1', 0.008432520749820222)	('L_PTL', -0.00743431551127428)	('lIFG_to_lPTL_T1', 0.006747985062799345)	('lDLPFC_to_lPTL_T1', 0.006370265624894504)	('T1', 0.006181614121194848)	('L_DLPFC', -0.005566673492754638)	('L_DLPFC_T1', 0.004880858815647445)	('R_IFGorb_T1', 0.004682793654596018)	('L_IFGorb_T1', 0.003906938745587409)	('L_DLPFC_T2', 0.0031401543336428595)	('L_SMA_T1', 0.0020521645716952324)	('lDLPFC_to_lIFG_T2', -0.0012242339807545493)	('R_DLPFC_T2', -0.0010440878883460178)	('Age', 0.0005704637880985722)	('lDLPFC_to_lPTL_T2', -0.0004269392648593907)	
