predictors	pearson_correlation	mean_squared_error	r2	
rois + act_t1 + act_t2 + conn_t1 + conn_t2 + age + T1 + T2	0.05338299216616854	0.09182461779204668	-0.0005416473836143965	('lDLPFC_to_lPTL_T1', -0.017387983871777972)	('rIFG_to_lIFG_T2', 0.010807870286001803)	('Age', 0.010461064375149903)	('lSMA_to_lPTL_T2', 0.009716785514880819)	('lIFG_to_lPTL_T1', -0.009641217630094658)	('L_SMA', 0.009272425942975572)	('R_DLPFC_T2', 0.00911694325091862)	('L_SMA_T1', 0.00858773107994613)	('L_IFGorb_T2', -0.008343611824183044)	('R_IFGorb_T2', 0.0076793160489158074)	('rDLPFC_to_lPTL_T1', 0.007639774873767534)	('L_IFGorb_T1', 0.007314609085414883)	('lPTL_to_lIFG_T1', -0.007269848001264915)	('L_PTL_T2', 0.007037017647735265)	('L_DLPFC_T2', 0.006917091420621227)	('lDLPFC_to_lPTL_T2', 0.006500130474539116)	('lDLPFC_to_lIFG_T1', -0.006206918119995107)	('L_DLPFC_T1', 0.004937851195128482)	('L_SMA_T2', 0.004395882531767325)	('rIFG_to_lIFG_T1', 0.0043573873314084665)	('lSMA_to_lIFG_T1', -0.004321344163824134)	('R_IFGorb_T1', -0.00412743834384371)	('T1', 0.0034891081821892544)	('rDLPFC_to_lPTL_T2', -0.0033121260868473625)	('rDLPFC_to_lIFG_T1', -0.002915520167137956)	('rDLPFC_to_lIFG_T2', 0.0027995906911654944)	('L_DLPFC', 0.0026504643551594374)	('L_PTL_T1', -0.0020595912519920947)	('lIFG_to_lPTL_T2', 0.0020424201927364103)	('L_PTL', -0.0019352020648609205)	('lPTL_to_lIFG_T2', -0.0014234416335327058)	('T2', 0.0012502759751043234)	('L_IFGorb', 0.0010402652546968266)	('lSMA_to_lPTL_T1', -0.0009669368748205935)	('lSMA_to_lIFG_T2', 0.0007283314830795213)	('lDLPFC_to_lIFG_T2', 0.00024916521648351474)	('R_DLPFC_T1', -6.667070368918386e-05)	
