predictors	pearson_correlation	mean_squared_error	r2	
rois + act_t1 + act_t2 + conn_t1 + conn_t2 + age + T1 + T2	0.0302621676223696	0.07920859025200083	-0.00269371954457287	('lDLPFC_to_lIFG_T2', 0.01772738636485726)	('lIFG_to_lPTL_T1', 0.011259826356212544)	('rIFG_to_lIFG_T1', 0.010202680791631745)	('rDLPFC_to_lIFG_T1', 0.010093809137367802)	('R_DLPFC_T2', 0.008119044452908099)	('L_IFGorb_T1', 0.0069040016992424685)	('lSMA_to_lIFG_T1', 0.006807956400848921)	('lSMA_to_lPTL_T1', 0.006180649917731878)	('rDLPFC_to_lIFG_T2', -0.0057731862658296305)	('lDLPFC_to_lIFG_T1', 0.005460918537944181)	('L_SMA_T1', 0.0053983311966069635)	('T1', -0.0049817889885717375)	('R_IFGorb_T2', 0.0048322301182790635)	('L_IFGorb_T2', 0.004803528006266196)	('L_PTL_T1', 0.004743984105342577)	('T2', -0.004606613238546475)	('R_IFGorb_T1', 0.004326989129132762)	('lIFG_to_lPTL_T2', 0.004235942920136604)	('L_PTL', 0.004074111889048148)	('lDLPFC_to_lPTL_T1', 0.003709591423206799)	('L_DLPFC', -0.0035158225399357997)	('L_DLPFC_T1', 0.003389282036866106)	('lSMA_to_lIFG_T2', 0.003135486169645046)	('Age', -0.003130219559649085)	('rDLPFC_to_lPTL_T2', -0.002765056845093948)	('L_SMA_T2', -0.002464677128710521)	('L_IFGorb', 0.0024176439070101243)	('lDLPFC_to_lPTL_T2', -0.0021940687523571015)	('lPTL_to_lIFG_T2', -0.0021598271350081397)	('L_PTL_T2', -0.0018420127816516521)	('lPTL_to_lIFG_T1', 0.0017893425432232435)	('L_SMA', 0.0017032750406893221)	('lSMA_to_lPTL_T2', -0.0015095505952547762)	('R_DLPFC_T1', -0.0013702244008215526)	('rIFG_to_lIFG_T2', 0.0009891362082802492)	('L_DLPFC_T2', 0.0004281607309723331)	('rDLPFC_to_lPTL_T1', -0.0003370520719147091)	
