predictors	pearson_correlation	mean_squared_error	r2	
rois + act_t1 + act_t2 + conn_t1 + conn_t2 + age + T1 + T2	0.20806800308124979	0.08789297429634597	0.04229842268367601	('T1', -0.0275719654035684)	('L_PTL_T2', 0.020153754361087253)	('rIFG_to_lIFG_T1', -0.019874735501505304)	('lPTL_to_lIFG_T1', -0.018137092007791532)	('rDLPFC_to_lPTL_T2', 0.01742040387210323)	('L_SMA_T1', 0.016279310189654523)	('L_IFGorb', 0.015486285711305985)	('lSMA_to_lPTL_T1', -0.01546618262600385)	('lDLPFC_to_lPTL_T1', 0.015452169845471427)	('Age', 0.014896941121555292)	('L_IFGorb_T2', -0.014870997672490338)	('lSMA_to_lIFG_T1', 0.012071364693548726)	('lIFG_to_lPTL_T2', -0.011665695330094835)	('L_DLPFC_T1', 0.010511517450314777)	('L_DLPFC_T2', -0.010212159805313632)	('rDLPFC_to_lIFG_T2', 0.00870347492767276)	('R_DLPFC_T1', 0.00849658762713596)	('L_DLPFC', 0.008482395891278518)	('L_IFGorb_T1', 0.008454649285281796)	('L_PTL', -0.00821455544529602)	('rDLPFC_to_lIFG_T1', 0.007790661066037622)	('L_SMA_T2', 0.006566497454756075)	('R_DLPFC_T2', -0.0063552442718320225)	('L_SMA', -0.005720412846538102)	('lSMA_to_lIFG_T2', 0.004618338874592158)	('lDLPFC_to_lIFG_T1', -0.004171287519343846)	('T2', 0.004147760803594356)	('lDLPFC_to_lIFG_T2', -0.004086519706063294)	('lSMA_to_lPTL_T2', 0.0038988166088549814)	('R_IFGorb_T2', 0.003126228440172056)	('rDLPFC_to_lPTL_T1', 0.0020362983929296504)	('lDLPFC_to_lPTL_T2', -0.0018624937338708345)	('rIFG_to_lIFG_T2', 0.0009856813190352405)	('lPTL_to_lIFG_T2', -0.0007263005962364049)	('R_IFGorb_T1', 0.0006583353488202827)	('lIFG_to_lPTL_T1', 0.0004512558334710354)	('L_PTL_T1', 0.00028926553785303373)	
