predictors	pearson_correlation	mean_squared_error	r2	
rois + act_t1 + act_t2 + conn_t1 + conn_t2 + age + T1 + T2	0.2644285227230681	0.07546243715227618	0.044728462488915044	('R_DLPFC_T1', 0.03060213037237062)	('R_DLPFC_T2', 0.022678632407417278)	('L_PTL_T1', 0.022104644128469807)	('L_PTL', -0.021435371014735975)	('L_SMA_T2', 0.020293012113473004)	('rDLPFC_to_lIFG_T1', 0.017221596303685045)	('L_IFGorb_T2', 0.015215617789846524)	('T2', 0.014037425942392556)	('L_DLPFC_T1', 0.013619422615502225)	('lPTL_to_lIFG_T2', 0.013271159020330433)	('Age', 0.01281242268762586)	('lIFG_to_lPTL_T2', 0.011835900406063839)	('lDLPFC_to_lPTL_T2', 0.01151808451936813)	('T1', -0.01138160235730554)	('rDLPFC_to_lPTL_T2', 0.011000061373921283)	('lSMA_to_lPTL_T1', 0.010044262172309013)	('lSMA_to_lPTL_T2', 0.008488158694699608)	('R_IFGorb_T2', -0.008181535001622777)	('L_IFGorb', -0.007439231410956713)	('R_IFGorb_T1', 0.007410618291827843)	('L_IFGorb_T1', -0.007234747547549746)	('rIFG_to_lIFG_T2', 0.006239051427658534)	('lPTL_to_lIFG_T1', 0.006134510652593017)	('L_SMA', -0.004193168269536114)	('L_DLPFC', 0.004001236634343228)	('L_DLPFC_T2', 0.003488347331848414)	('lIFG_to_lPTL_T1', 0.003290891192444887)	('rIFG_to_lIFG_T1', 0.003217415845329264)	('lDLPFC_to_lIFG_T2', -0.003077135070420198)	('lSMA_to_lIFG_T2', 0.002913900529305196)	('lDLPFC_to_lIFG_T1', 0.0028989741775336756)	('lSMA_to_lIFG_T1', -0.0025919019961346246)	('rDLPFC_to_lIFG_T2', 0.0025321916770504314)	('lDLPFC_to_lPTL_T1', -0.0023424857387085996)	('L_SMA_T1', 0.001677512118126494)	('L_PTL_T2', -0.0013221631664259038)	('rDLPFC_to_lPTL_T1', 0.0010058438610684314)	
