predictors	pearson_correlation	mean_squared_error	r2	
rois + act_t1 + act_t2 + conn_t1 + conn_t2 + age + T1 + T2	-0.18478464565956693	0.09316027893604668	-0.1793067684074201	('L_PTL_T1', 0.019326542153739804)	('lIFG_to_lPTL_T2', 0.01868086644012916)	('lIFG_to_lPTL_T1', 0.018264611956541995)	('L_PTL_T2', 0.012025676291295211)	('lSMA_to_lIFG_T1', 0.011311945010308164)	('R_DLPFC_T2', 0.009452748586391262)	('L_PTL', 0.009027429515049737)	('lSMA_to_lIFG_T2', 0.008235271273675234)	('L_IFGorb_T1', 0.007374533977922602)	('L_DLPFC_T2', -0.007338289490678737)	('L_SMA_T2', -0.006413815678227159)	('lDLPFC_to_lIFG_T2', 0.005708370436894776)	('L_SMA', 0.005399868774042129)	('rDLPFC_to_lPTL_T1', 0.00537941300123738)	('T1', -0.005181582152186603)	('Age', -0.005083357838669254)	('lSMA_to_lPTL_T2', 0.004903066269610407)	('lDLPFC_to_lPTL_T2', 0.0046836621048634355)	('lDLPFC_to_lIFG_T1', 0.004414577927336279)	('lDLPFC_to_lPTL_T1', -0.004345114104299251)	('lPTL_to_lIFG_T1', -0.004043220721340493)	('rIFG_to_lIFG_T2', -0.00402849958216995)	('L_DLPFC', 0.004028111130462014)	('lPTL_to_lIFG_T2', 0.003570286235434323)	('L_SMA_T1', 0.0021944931238796627)	('R_IFGorb_T1', 0.0018541156768746387)	('lSMA_to_lPTL_T1', -0.001752701073300062)	('rDLPFC_to_lIFG_T1', 0.0015485214848258626)	('R_DLPFC_T1', 0.0014719955999101119)	('L_IFGorb_T2', 0.0009165010183295901)	('L_DLPFC_T1', -0.0008534447431617712)	('rDLPFC_to_lPTL_T2', -0.0005685636139097924)	('rIFG_to_lIFG_T1', 0.00046752647117129486)	('R_IFGorb_T2', 0.0003456459066210825)	('T2', 0.0002475225357677019)	('rDLPFC_to_lIFG_T2', -0.00010346558617695935)	('L_IFGorb', 4.957928245442787e-05)	
