predictors	pearson_correlation	mean_squared_error	r2	
rois + act_t1 + act_t2 + conn_t1 + conn_t2 + age + T1 + T2	0.06180923012647008	0.08302856422326299	-0.05105039269861322	('L_DLPFC_T1', 0.04329221252114909)	('L_PTL_T2', 0.024050367403744465)	('rDLPFC_to_lPTL_T1', 0.019662689833878307)	('L_DLPFC', -0.018125513733392114)	('lSMA_to_lIFG_T1', 0.01533813324633542)	('L_IFGorb_T2', 0.01404352322694935)	('lSMA_to_lPTL_T1', 0.013809777518690421)	('rIFG_to_lIFG_T1', 0.012956090691679167)	('lIFG_to_lPTL_T2', -0.011652399150973694)	('L_SMA_T2', 0.01080158161120911)	('lDLPFC_to_lIFG_T1', 0.010402036861281178)	('L_IFGorb', 0.01000706361022435)	('lPTL_to_lIFG_T2', 0.009958647693057904)	('lDLPFC_to_lPTL_T2', -0.00962890172861291)	('R_IFGorb_T1', 0.00934248920400596)	('T1', 0.009279765316434306)	('lDLPFC_to_lIFG_T2', 0.009127095480734995)	('rDLPFC_to_lPTL_T2', 0.00766718493830265)	('rDLPFC_to_lIFG_T1', 0.007248294937718322)	('rIFG_to_lIFG_T2', -0.0070812573677468335)	('Age', -0.005462674720795842)	('L_SMA', -0.004927622198062867)	('L_IFGorb_T1', -0.004445907612898475)	('R_DLPFC_T1', 0.0040097937264726114)	('rDLPFC_to_lIFG_T2', -0.003916894847810913)	('lSMA_to_lPTL_T2', 0.003912132483023752)	('L_DLPFC_T2', 0.0035570106412044283)	('L_PTL', -0.003399430922421538)	('lDLPFC_to_lPTL_T1', 0.003391775729361948)	('R_DLPFC_T2', 0.003002834043343876)	('R_IFGorb_T2', 0.0022655966707422156)	('lPTL_to_lIFG_T1', -0.0017599053480185053)	('lIFG_to_lPTL_T1', -0.0011920274294639024)	('lSMA_to_lIFG_T2', -0.0010082466354772396)	('T2', 0.0005491146127243782)	('L_SMA_T1', -0.0003488826212538687)	('L_PTL_T1', 0.00024381992512088316)	
