predictors	pearson_correlation	mean_squared_error	r2	
rois + act_t1 + act_t2 + conn_t1 + conn_t2 + age + T1 + T2	0.08154554502787797	0.09416881861751926	-0.026084585781987135	('Age', -0.02420073864635462)	('R_DLPFC_T1', -0.02126377745069813)	('L_DLPFC_T1', 0.016525824807080508)	('L_DLPFC_T2', 0.016378920574032244)	('rIFG_to_lIFG_T1', 0.01634143537187416)	('R_IFGorb_T1', -0.016216683611023394)	('lIFG_to_lPTL_T2', 0.015455464023872217)	('R_DLPFC_T2', 0.01476882276520354)	('lDLPFC_to_lIFG_T2', 0.014475919611039894)	('lDLPFC_to_lPTL_T1', 0.012672056892962077)	('L_IFGorb_T1', 0.01181980483689094)	('L_PTL_T1', 0.011512075248456384)	('rDLPFC_to_lPTL_T1', -0.011404688730772435)	('L_IFGorb', 0.010072510646526289)	('rIFG_to_lIFG_T2', -0.009393865106395071)	('L_PTL', 0.00811903221078038)	('rDLPFC_to_lPTL_T2', 0.008092457637855982)	('T1', -0.007920796203596897)	('T2', 0.007744949908448305)	('L_SMA_T1', 0.006615375465392723)	('lDLPFC_to_lPTL_T2', 0.006355573322164974)	('lPTL_to_lIFG_T1', 0.0062975024971359175)	('rDLPFC_to_lIFG_T2', 0.006199619545790741)	('R_IFGorb_T2', 0.005774745373036751)	('L_PTL_T2', -0.0052072986648567755)	('L_IFGorb_T2', 0.004110582467125667)	('lSMA_to_lIFG_T2', -0.00406769775822612)	('rDLPFC_to_lIFG_T1', 0.0033510723138426004)	('lDLPFC_to_lIFG_T1', -0.0030058084676951266)	('lSMA_to_lIFG_T1', 0.0022291820075337316)	('lPTL_to_lIFG_T2', -0.0018445928333164232)	('lSMA_to_lPTL_T1', -0.0017802165273942663)	('L_SMA_T2', 0.0016740522953742679)	('L_SMA', 0.0014800193628866083)	('lIFG_to_lPTL_T1', -0.0013198963200116713)	('lSMA_to_lPTL_T2', 0.0012556815849891331)	('L_DLPFC', 0.0006305940968318517)	
