predictors	pearson_correlation	mean_squared_error	r2	
rois + act_t1 + act_t2 + conn_t1 + conn_t2 + age + T1 + T2	-0.07664115887284942	0.11607450865319044	-0.26477390159271574	('lDLPFC_to_lIFG_T2', -0.028353104327079177)	('T2', 0.027074450020548774)	('L_DLPFC', 0.02345585419485872)	('rIFG_to_lIFG_T1', 0.02175807614434346)	('L_DLPFC_T1', 0.021445541848982636)	('lPTL_to_lIFG_T2', 0.016477180226949006)	('lDLPFC_to_lPTL_T1', 0.01256882684392064)	('lSMA_to_lPTL_T2', 0.012408315000702903)	('L_SMA_T1', 0.010322621332261618)	('lSMA_to_lIFG_T2', 0.008698274939593973)	('L_SMA_T2', 0.008591300644356134)	('L_PTL_T2', 0.008548653378753551)	('lSMA_to_lPTL_T1', 0.007625044615433406)	('lSMA_to_lIFG_T1', -0.0073303524523950165)	('L_IFGorb_T1', -0.0073104672668447)	('rDLPFC_to_lIFG_T1', 0.006945453682817394)	('R_DLPFC_T1', -0.006141748707382197)	('R_IFGorb_T2', 0.006113662136248119)	('R_IFGorb_T1', -0.005545760061457315)	('R_DLPFC_T2', 0.004784824374123854)	('lIFG_to_lPTL_T1', -0.004138126594559108)	('lDLPFC_to_lPTL_T2', -0.004060403889090354)	('L_IFGorb', 0.003922579712399001)	('rDLPFC_to_lPTL_T1', 0.0037118728960854846)	('L_IFGorb_T2', -0.00367927045999437)	('L_PTL', -0.0028271294412226156)	('rDLPFC_to_lPTL_T2', 0.002791338535006224)	('rDLPFC_to_lIFG_T2', -0.0026898521450592944)	('T1', 0.0026701832722367948)	('L_PTL_T1', -0.002383100913647182)	('Age', 0.0023765449721176893)	('L_DLPFC_T2', -0.002080146787070925)	('rIFG_to_lIFG_T2', 0.0017523755600391665)	('L_SMA', -0.001246244720667111)	('lPTL_to_lIFG_T1', 0.0009154024891480804)	('lDLPFC_to_lIFG_T1', -0.0007509715414149271)	('lIFG_to_lPTL_T2', 0.0007014980026159998)	
