predictors	pearson_correlation	mean_squared_error	r2	
rois + act_t1 + act_t2 + conn_t1 + conn_t2 + age + T1 + T2	0.12871690279343695	0.0904073341595696	0.01490139321427697	('rDLPFC_to_lPTL_T2', 0.008834736992741446)	('L_PTL_T1', 0.008665877498251914)	('lSMA_to_lPTL_T1', 0.008422703587126068)	('lIFG_to_lPTL_T2', -0.007857513287340094)	('rIFG_to_lIFG_T1', 0.005813304453174423)	('L_PTL', -0.004172768870697491)	('L_SMA', 0.003750745230053843)	('L_SMA_T2', -0.0037007226837507123)	('L_SMA_T1', -0.0035952472546201954)	('lDLPFC_to_lIFG_T1', 0.0029285357619747102)	('L_IFGorb', 0.0028169043365548524)	('T2', 0.0028100864304199027)	('R_DLPFC_T1', 0.0027994809532907085)	('lPTL_to_lIFG_T1', 0.0027955890621682924)	('L_DLPFC_T1', -0.0022356498511440915)	('lSMA_to_lIFG_T1', 0.0020606063376562293)	('lPTL_to_lIFG_T2', 0.001971044445139983)	('L_DLPFC', 0.0014931584259537094)	('L_IFGorb_T2', -0.001299018137274247)	('Age', -0.0011011242853595355)	('rDLPFC_to_lIFG_T2', 0.0009746633247611082)	('lSMA_to_lIFG_T2', 0.0006961880581798635)	('rDLPFC_to_lIFG_T1', -0.0006114962400446379)	('lDLPFC_to_lIFG_T2', 0.0004995744483632348)	('L_PTL_T2', -0.0004337923592173538)	('L_IFGorb_T1', 0.0004187397139045432)	('lIFG_to_lPTL_T1', 0.0003962369573306495)	('L_DLPFC_T2', 0.0002578207669227086)	('R_DLPFC_T2', -0.00025157083143244726)	('lDLPFC_to_lPTL_T2', -0.00024392491043202655)	('T1', -0.0002426422260477512)	('rDLPFC_to_lPTL_T1', 0.0001953884982776149)	('R_IFGorb_T1', -0.000157977876791807)	('lSMA_to_lPTL_T2', 9.288562853181014e-05)	('lDLPFC_to_lPTL_T1', -6.30358826891324e-05)	('rIFG_to_lIFG_T2', -4.131212197571092e-05)	('R_IFGorb_T2', 0.0)	
