predictors	pearson_correlation	mean_squared_error	r2	
rois + act_t1 + act_t2 + conn_t1 + conn_t2 + age + T1 + T2	0.05835076078799455	0.09293762598449648	-0.012669234486096803	('T2', 0.017219086812240172)	('L_SMA_T2', 0.014279699448672847)	('lSMA_to_lIFG_T1', -0.010968052183486898)	('lDLPFC_to_lIFG_T1', 0.008678921609909648)	('L_IFGorb', 0.008204131549552268)	('rDLPFC_to_lIFG_T1', 0.008008338879296402)	('lDLPFC_to_lPTL_T2', -0.007328276441194686)	('L_DLPFC_T2', 0.00732367809199173)	('lIFG_to_lPTL_T2', 0.0067507416472322645)	('T1', -0.0058687799516498685)	('L_IFGorb_T1', -0.005817102934938599)	('rDLPFC_to_lIFG_T2', 0.005334328915353452)	('lSMA_to_lIFG_T2', -0.005275008754787521)	('lDLPFC_to_lPTL_T1', 0.0052624825882481635)	('rDLPFC_to_lPTL_T2', 0.004729012766633396)	('rIFG_to_lIFG_T1', 0.00467379272985929)	('L_SMA_T1', 0.0046131083588092535)	('rDLPFC_to_lPTL_T1', -0.0045191564410466045)	('lDLPFC_to_lIFG_T2', 0.00401712627570334)	('lSMA_to_lPTL_T2', 0.003571132254923669)	('L_PTL', 0.003297707309637948)	('lIFG_to_lPTL_T1', -0.003005303045479295)	('R_IFGorb_T1', 0.0028538942057138895)	('R_DLPFC_T1', 0.002672911872049078)	('L_PTL_T1', 0.0025237358706662874)	('R_DLPFC_T2', 0.002498105304005134)	('Age', 0.0024862156098504717)	('L_DLPFC', -0.0024636283058969213)	('rIFG_to_lIFG_T2', 0.0024018757216398255)	('lPTL_to_lIFG_T1', -0.0022575202433930885)	('lSMA_to_lPTL_T1', 0.0021493217242776115)	('L_SMA', -0.001851845693665078)	('L_PTL_T2', -0.001479668721271222)	('R_IFGorb_T2', -0.0011435421623785837)	('L_DLPFC_T1', -0.0005960240952125169)	('L_IFGorb_T2', -0.00030282793925912586)	('lPTL_to_lIFG_T2', -0.0002942644814360625)	
