predictors	pearson_correlation	mean_squared_error	r2	
rois + act_t1 + act_t2 + conn_t1 + conn_t2 + age + T1 + T2	-0.030406460077417343	0.09680259588697114	-0.05478281411533903	('lSMA_to_lIFG_T2', 0.01981950861441322)	('rIFG_to_lIFG_T1', 0.019730858966986065)	('rDLPFC_to_lIFG_T2', 0.019175364204816428)	('L_DLPFC_T2', -0.018211977695630346)	('rDLPFC_to_lPTL_T1', 0.01817235237905)	('lSMA_to_lIFG_T1', -0.0178816096552438)	('R_DLPFC_T1', 0.017844152451760475)	('rDLPFC_to_lIFG_T1', 0.017488801190351278)	('lIFG_to_lPTL_T1', 0.01498526959893139)	('lDLPFC_to_lIFG_T2', 0.014058832417638308)	('L_IFGorb_T1', 0.01272507181401103)	('lDLPFC_to_lPTL_T1', -0.01228368631671739)	('Age', -0.011313060714559025)	('L_PTL_T1', 0.011162260804167127)	('lDLPFC_to_lIFG_T1', 0.010888817416560998)	('lPTL_to_lIFG_T1', 0.010258143395878942)	('lIFG_to_lPTL_T2', 0.009860215068540738)	('R_DLPFC_T2', -0.008202191610909085)	('lSMA_to_lPTL_T2', 0.008063591137365185)	('L_PTL', -0.007786331345349545)	('T1', -0.007720927277474793)	('R_IFGorb_T2', 0.006788023319407626)	('lDLPFC_to_lPTL_T2', -0.006742571635346776)	('L_IFGorb', -0.006054803644041334)	('L_SMA_T2', -0.005397705451669336)	('L_IFGorb_T2', 0.005240583522908886)	('R_IFGorb_T1', 0.00467354409376513)	('lPTL_to_lIFG_T2', 0.003669718591802772)	('lSMA_to_lPTL_T1', -0.00355178137836103)	('L_SMA', -0.002672771439338981)	('L_DLPFC_T1', 0.002440828029056598)	('T2', 0.002089807868143572)	('L_DLPFC', -0.002052418884204649)	('L_PTL_T2', 0.0018975105686058179)	('rDLPFC_to_lPTL_T2', -0.0013107666546870107)	('rIFG_to_lIFG_T2', -0.0009203882388414544)	('L_SMA_T1', -0.0003520808067601707)	
