predictors	pearson_correlation	mean_squared_error	r2	
rois + act_t1 + act_t2 + conn_t1 + conn_t2 + age + T1 + T2	-0.11691176411400553	0.08337308764641807	-0.05541168067930502	('L_PTL_T2', 0.011810263746566917)	('rDLPFC_to_lPTL_T1', 0.010608493708785346)	('L_PTL_T1', 0.010167053346934584)	('T2', -0.0084727739012844)	('L_DLPFC', 0.006614988198116367)	('L_IFGorb', 0.006246762310219244)	('L_IFGorb_T1', 0.005910784370122353)	('L_SMA', 0.005780336846450403)	('lPTL_to_lIFG_T2', 0.005452500539541331)	('lPTL_to_lIFG_T1', 0.005200804094923345)	('R_DLPFC_T2', 0.004994440940715684)	('R_DLPFC_T1', 0.003977029154483477)	('L_SMA_T2', 0.003947059269849006)	('rDLPFC_to_lPTL_T2', 0.003843153522188767)	('Age', -0.003598003309026982)	('lSMA_to_lPTL_T1', 0.0034116094516829054)	('lDLPFC_to_lPTL_T1', 0.0032148904178535384)	('L_DLPFC_T1', 0.0032094891177489988)	('T1', 0.0031106813392297048)	('R_IFGorb_T2', -0.0028190471200101605)	('rDLPFC_to_lIFG_T1', -0.0023687358010067165)	('rIFG_to_lIFG_T1', 0.002237266516849339)	('L_SMA_T1', 0.0020705717568250434)	('rDLPFC_to_lIFG_T2', 0.0014389182557768118)	('lIFG_to_lPTL_T1', 0.0012551781661454997)	('lSMA_to_lIFG_T1', 0.0012515429817412094)	('lIFG_to_lPTL_T2', 0.0012169239837591394)	('R_IFGorb_T1', 0.0012047771810143979)	('rIFG_to_lIFG_T2', 0.0011332574323342159)	('lSMA_to_lPTL_T2', -0.001029483325471271)	('L_DLPFC_T2', 0.0006542070423380541)	('lDLPFC_to_lPTL_T2', -0.0005727690625410482)	('lDLPFC_to_lIFG_T1', -0.0004162607887074588)	('L_PTL', 0.00019228593547900087)	('lSMA_to_lIFG_T2', 0.00016509770667604581)	('L_IFGorb_T2', -0.0001480171900765444)	('lDLPFC_to_lIFG_T2', -3.0660359855683806e-05)	
