predictors	pearson_correlation	mean_squared_error	r2	
rois + act_t1 + act_t2 + conn_t1 + conn_t2 + age + T1 + T2	0.09974896010426822	0.07908469247965111	-0.0011253098833809982	('L_SMA_T1', 0.0225407695200573)	('L_PTL_T2', 0.01881430215837022)	('L_PTL', 0.016787772846297244)	('lDLPFC_to_lIFG_T2', 0.014238002155048942)	('lDLPFC_to_lPTL_T1', 0.01398731708879711)	('Age', 0.01385214295682345)	('T2', 0.010323899574114828)	('R_DLPFC_T2', 0.00993948345274592)	('L_SMA', 0.009372336594423833)	('R_IFGorb_T1', 0.009317143397651604)	('rIFG_to_lIFG_T2', 0.008923925902592313)	('R_IFGorb_T2', -0.00875615546653404)	('lSMA_to_lIFG_T2', 0.008749868646284846)	('R_DLPFC_T1', 0.008351928615389498)	('T1', 0.00788864053185572)	('L_DLPFC_T1', -0.007248830673799623)	('lDLPFC_to_lIFG_T1', 0.0062874551325367905)	('rDLPFC_to_lIFG_T2', -0.005700934268386012)	('lDLPFC_to_lPTL_T2', 0.005463042634476403)	('lSMA_to_lPTL_T1', -0.004711510441543715)	('L_IFGorb', 0.004318423482584097)	('lPTL_to_lIFG_T2', -0.00396866502649441)	('rDLPFC_to_lIFG_T1', 0.0032121755499291767)	('rIFG_to_lIFG_T1', 0.003150690593546896)	('L_IFGorb_T1', 0.002984464169259066)	('L_DLPFC', -0.0029136886559222824)	('lPTL_to_lIFG_T1', 0.0026988764071212484)	('lSMA_to_lPTL_T2', -0.0017883685446041249)	('lIFG_to_lPTL_T1', 0.0015941967471259156)	('L_PTL_T1', 0.0013849370317238674)	('L_SMA_T2', -0.0013788393987342752)	('lIFG_to_lPTL_T2', -0.0012294855604207703)	('rDLPFC_to_lPTL_T1', 0.0008699661600404489)	('L_DLPFC_T2', 0.000788565329714886)	('lSMA_to_lIFG_T1', -0.000741405714764853)	('rDLPFC_to_lPTL_T2', 0.0005608883568357732)	('L_IFGorb_T2', 0.00038955580003645113)	
