predictors	pearson_correlation	mean_squared_error	r2	
rois + act_t1 + act_t2 + conn_t1 + conn_t2 + age + T1 + T2	0.015653631423786035	0.08122405666954449	-0.028207309830608596	('L_SMA_T2', 0.017806723704091008)	('L_IFGorb_T2', 0.014868063174982427)	('L_DLPFC_T1', 0.013573808876602846)	('rIFG_to_lIFG_T1', -0.013009358179687958)	('lSMA_to_lPTL_T2', 0.01276558631714256)	('R_IFGorb_T1', -0.01104304952700951)	('lDLPFC_to_lPTL_T2', 0.01042269204485487)	('lDLPFC_to_lIFG_T2', 0.009901694186738193)	('rDLPFC_to_lPTL_T2', 0.009316115283108134)	('lIFG_to_lPTL_T2', 0.008732613647046179)	('lSMA_to_lPTL_T1', -0.007862239854138206)	('L_DLPFC_T2', -0.007823973238210068)	('L_SMA_T1', 0.0072419016146483845)	('L_PTL_T1', 0.0070951217937267426)	('lPTL_to_lIFG_T1', 0.007066351504219641)	('L_IFGorb', 0.006401480992918861)	('lSMA_to_lIFG_T2', 0.006048849208057509)	('L_PTL', 0.005945919297062938)	('R_DLPFC_T2', 0.005782627807749354)	('lIFG_to_lPTL_T1', 0.005071583758430445)	('rDLPFC_to_lIFG_T1', 0.00492082946385156)	('rDLPFC_to_lIFG_T2', -0.00483265415457831)	('lDLPFC_to_lPTL_T1', 0.004282364533365382)	('lDLPFC_to_lIFG_T1', 0.0026761679693201833)	('L_DLPFC', 0.0019618127833302824)	('T2', -0.0018733483229803427)	('L_SMA', 0.0017770845126491184)	('L_PTL_T2', -0.0011095185001880864)	('R_DLPFC_T1', -0.0009198109786026097)	('L_IFGorb_T1', -0.0008221153861555421)	('rDLPFC_to_lPTL_T1', 0.0007727363598717402)	('T1', 0.0006783403041697302)	('Age', -0.0006193781481153905)	('lPTL_to_lIFG_T2', 0.0006093356869472417)	('rIFG_to_lIFG_T2', 0.00032555402140335666)	('lSMA_to_lIFG_T1', -0.000309952627396195)	('R_IFGorb_T2', 3.611839774999618e-05)	
