predictors	pearson_correlation	mean_squared_error	r2	
rois + act_t1 + act_t2 + conn_t1 + conn_t2 + age + T1 + T2	0.06913667948540564	0.09773779433706045	-0.06497294635201234	('rDLPFC_to_lPTL_T1', 0.027428408306077297)	('lSMA_to_lIFG_T2', 0.022581328332677293)	('lSMA_to_lPTL_T2', 0.01839044669399634)	('L_IFGorb_T1', 0.016232855164831285)	('L_PTL_T1', 0.014719104622588465)	('R_IFGorb_T1', 0.014271417619077909)	('L_DLPFC', -0.014256492035964609)	('L_DLPFC_T1', 0.013747945020135563)	('lDLPFC_to_lIFG_T1', 0.012828890487426033)	('lPTL_to_lIFG_T1', 0.011595362990420573)	('Age', 0.010380200805625564)	('L_PTL', -0.009436328878113775)	('lDLPFC_to_lPTL_T2', 0.009201836163429893)	('lDLPFC_to_lPTL_T1', 0.008591901556448681)	('rDLPFC_to_lIFG_T2', -0.008150658600148518)	('R_DLPFC_T2', -0.008119854338280077)	('T1', -0.007809801928029038)	('rDLPFC_to_lPTL_T2', 0.0073057656368847625)	('lIFG_to_lPTL_T2', 0.005374380239280091)	('rIFG_to_lIFG_T1', 0.00506264725351147)	('L_IFGorb_T2', -0.00398397096473385)	('L_SMA_T1', 0.003690388933877937)	('lDLPFC_to_lIFG_T2', -0.0036130710422215976)	('rDLPFC_to_lIFG_T1', -0.003478316977399253)	('lSMA_to_lPTL_T1', -0.0032982529192961043)	('T2', 0.0029571361785990353)	('L_SMA', -0.0027957369242662157)	('lPTL_to_lIFG_T2', -0.0026850126105226325)	('rIFG_to_lIFG_T2', -0.002605305020396172)	('L_DLPFC_T2', 0.002078737011467742)	('R_IFGorb_T2', -0.0011780802353344695)	('L_SMA_T2', -0.0010088190138983896)	('lIFG_to_lPTL_T1', -0.0009690036207299026)	('L_IFGorb', -0.0007842583459671781)	('lSMA_to_lIFG_T1', 0.0006693501479167442)	('R_DLPFC_T1', -7.566579800708706e-05)	('L_PTL_T2', -5.72288874151046e-05)	
