predictors	pearson_correlation	mean_squared_error	r2	
rois + act_t1 + act_t2 + conn_t1 + conn_t2 + age + T1 + T2	-0.3292239242813271	0.12356370719570098	-0.3463778900163461	('T2', 0.033181723726577225)	('lSMA_to_lIFG_T1', -0.02493432391771525)	('lPTL_to_lIFG_T2', 0.019211128052407506)	('L_IFGorb_T1', 0.01915679309385107)	('lSMA_to_lIFG_T2', 0.017538821151231555)	('L_IFGorb', 0.015289253504703183)	('lDLPFC_to_lPTL_T2', 0.014357917548772473)	('rIFG_to_lIFG_T2', -0.013395247200162299)	('R_IFGorb_T1', -0.012760777169025525)	('lIFG_to_lPTL_T2', 0.012586186732440462)	('lDLPFC_to_lPTL_T1', 0.011948350395687389)	('lIFG_to_lPTL_T1', 0.011670493645674119)	('L_DLPFC_T1', -0.011462136681824643)	('rDLPFC_to_lPTL_T2', 0.010172933416212442)	('L_DLPFC', 0.01014116844105346)	('lPTL_to_lIFG_T1', 0.00953503271760746)	('L_IFGorb_T2', -0.008492148689720928)	('rDLPFC_to_lPTL_T1', 0.008079677807382288)	('T1', 0.00786542287034182)	('L_SMA_T2', -0.007735869191634201)	('lSMA_to_lPTL_T1', -0.0071781354392101236)	('R_DLPFC_T1', 0.00683123165341136)	('lDLPFC_to_lIFG_T1', 0.006246988981466911)	('lDLPFC_to_lIFG_T2', 0.005646605695808372)	('L_SMA_T1', -0.005250964717243524)	('L_PTL', 0.004454153399493874)	('rIFG_to_lIFG_T1', 0.0039037871436267157)	('L_SMA', 0.0036553863673380073)	('Age', 0.003592666848693827)	('lSMA_to_lPTL_T2', 0.0034227326331210187)	('R_IFGorb_T2', -0.0032580630630593323)	('L_PTL_T1', 0.0023224859763836007)	('R_DLPFC_T2', 0.0021416409136916057)	('rDLPFC_to_lIFG_T1', 0.002088814778231527)	('rDLPFC_to_lIFG_T2', -0.0017635494577086864)	('L_DLPFC_T2', 0.0009908314292289629)	('L_PTL_T2', 0.0008262250471555725)	
