predictors	pearson_correlation	mean_squared_error	r2	
rois + act_t1 + act_t2 + conn_t1 + conn_t2 + age + T1 + T2	0.016440381093428696	0.09561197106507403	-0.04180949879575224	('rIFG_to_lIFG_T1', 0.025739460211028152)	('lDLPFC_to_lIFG_T2', 0.024285120399514155)	('L_IFGorb_T2', 0.022556255229006696)	('lDLPFC_to_lPTL_T2', 0.01991970114438685)	('lPTL_to_lIFG_T2', -0.019587306383662257)	('lSMA_to_lPTL_T1', -0.018649559677099855)	('rIFG_to_lIFG_T2', 0.0168455274907879)	('L_SMA_T1', 0.015529522485928773)	('R_DLPFC_T2', 0.014671341799916283)	('rDLPFC_to_lPTL_T1', 0.012951228642715243)	('lPTL_to_lIFG_T1', -0.012893426739714779)	('lSMA_to_lIFG_T2', 0.012565101958354528)	('L_DLPFC', 0.009703787668004865)	('L_IFGorb', 0.009201749615335859)	('rDLPFC_to_lIFG_T2', -0.008146437106136658)	('R_IFGorb_T2', -0.007459157209771125)	('L_PTL_T1', -0.006605917020178534)	('L_PTL', 0.006545523952615351)	('Age', 0.005983572725939266)	('lSMA_to_lPTL_T2', 0.005969235905940348)	('L_DLPFC_T2', 0.00592331138427183)	('lDLPFC_to_lPTL_T1', 0.005819665807811003)	('lIFG_to_lPTL_T1', 0.0057279021760911555)	('R_DLPFC_T1', -0.005603586332101287)	('L_SMA', 0.004862818051794886)	('L_IFGorb_T1', 0.003813197987106393)	('T1', -0.0032952910861503196)	('rDLPFC_to_lPTL_T2', 0.0032220458185824754)	('L_PTL_T2', -0.003122239658406595)	('R_IFGorb_T1', -0.0031049154501077585)	('rDLPFC_to_lIFG_T1', -0.0019206938959995263)	('lIFG_to_lPTL_T2', -0.0016925535002517077)	('L_DLPFC_T1', -0.0014156353121972387)	('T2', 0.0011308310269324852)	('L_SMA_T2', -0.0008400105837028673)	('lDLPFC_to_lIFG_T1', -0.0003855162020743468)	('lSMA_to_lIFG_T1', -0.00011490378909101831)	
