predictors	pearson_correlation	mean_squared_error	r2	
rois + act_t1 + act_t2 + conn_t1 + conn_t2 + age + T1 + T2	0.01735987318388618	0.08150789662982721	-0.0318004118492885	('lSMA_to_lPTL_T2', 0.008884103522437518)	('lSMA_to_lPTL_T1', 0.008119570201852336)	('rDLPFC_to_lIFG_T2', 0.007481190663395435)	('T2', -0.007150833841309458)	('L_SMA', 0.0071318858650809055)	('rDLPFC_to_lIFG_T1', 0.00700538330470213)	('lSMA_to_lIFG_T1', 0.006622951295908692)	('L_DLPFC_T1', 0.006566508545366163)	('rDLPFC_to_lPTL_T2', 0.006527187537469878)	('L_DLPFC', 0.005711721489039742)	('lPTL_to_lIFG_T2', 0.0055125159756776575)	('L_IFGorb', -0.004994238983807722)	('lDLPFC_to_lPTL_T2', 0.004263890295063409)	('lIFG_to_lPTL_T1', -0.004247281403583192)	('rIFG_to_lIFG_T1', 0.003482406637113247)	('rIFG_to_lIFG_T2', -0.0030374917345857527)	('lSMA_to_lIFG_T2', -0.0029069579223094232)	('T1', -0.0025799232636294486)	('L_IFGorb_T2', 0.00253770062023977)	('R_IFGorb_T2', 0.0024909361360898738)	('R_DLPFC_T2', 0.002451196192822737)	('L_SMA_T2', -0.002447678404887702)	('L_PTL_T1', 0.0024322796664584126)	('lDLPFC_to_lIFG_T2', 0.002379284477007869)	('L_SMA_T1', 0.0023337017005960986)	('lIFG_to_lPTL_T2', 0.002157017858585863)	('Age', 0.0019445817744103426)	('R_DLPFC_T1', -0.0019174631945910424)	('L_DLPFC_T2', 0.0015373081148052433)	('R_IFGorb_T1', 0.0011743692077095158)	('L_PTL_T2', 0.0009077939490758913)	('lPTL_to_lIFG_T1', 0.0008973217019840514)	('lDLPFC_to_lIFG_T1', -0.0008686879397198728)	('lDLPFC_to_lPTL_T1', 0.0006227375439296021)	('L_IFGorb_T1', -0.0005607534263792462)	('L_PTL', 0.0004506700749319291)	('rDLPFC_to_lPTL_T1', 0.000225376864284562)	
