predictors	pearson_correlation	mean_squared_error	r2	
rois + act_t1 + act_t2 + conn_t1 + conn_t2 + age + T1 + T2	-0.13038910139200693	0.10591230155673469	-0.15404421195362672	('R_DLPFC_T2', 0.03203955648437092)	('L_PTL_T2', 0.02475532028684114)	('rIFG_to_lIFG_T1', 0.022051775489212434)	('lPTL_to_lIFG_T2', 0.019557418705072372)	('lDLPFC_to_lPTL_T1', -0.019338173643015343)	('lSMA_to_lIFG_T2', 0.017839904092807446)	('lDLPFC_to_lPTL_T2', 0.014997059686453759)	('L_SMA_T2', 0.012827339839922375)	('L_DLPFC_T1', 0.012062579512754421)	('R_IFGorb_T1', 0.011152850311090576)	('L_PTL_T1', 0.00976673298823727)	('lIFG_to_lPTL_T2', 0.008739550850640024)	('lDLPFC_to_lIFG_T2', 0.008728589609152782)	('rIFG_to_lIFG_T2', -0.008428318609912257)	('lIFG_to_lPTL_T1', 0.008068735159178383)	('lSMA_to_lPTL_T2', 0.007852094921034827)	('L_PTL', 0.007739030615440174)	('rDLPFC_to_lPTL_T2', 0.0072632052686192735)	('L_IFGorb_T1', 0.006869702180898446)	('L_SMA_T1', -0.006304894729787637)	('R_IFGorb_T2', -0.0062435838396150845)	('rDLPFC_to_lIFG_T1', -0.0047505653391141335)	('L_DLPFC', 0.003895586097059351)	('L_IFGorb', -0.0035069674112904303)	('L_IFGorb_T2', 0.0034963603506291386)	('T2', 0.0025638845573987337)	('lDLPFC_to_lIFG_T1', 0.002282140689658333)	('rDLPFC_to_lIFG_T2', 0.002146366420655497)	('rDLPFC_to_lPTL_T1', 0.0020332028589812997)	('lSMA_to_lIFG_T1', 0.0017957878827557716)	('lPTL_to_lIFG_T1', -0.0015346682299232119)	('lSMA_to_lPTL_T1', -0.001312437602042844)	('R_DLPFC_T1', -0.0009414892437052859)	('L_SMA', 0.0008709750521993764)	('L_DLPFC_T2', 0.0003799839677320662)	('T1', -0.0003247742673426831)	('Age', -6.006131840756236e-05)	
