predictors	pearson_correlation	mean_squared_error	r2	
rois + act_t1 + act_t2 + conn_t1 + conn_t2 + age + T1 + T2	0.060249779844722864	0.09427703005003175	-0.027263681840921983	('lIFG_to_lPTL_T1', 0.01548337246187095)	('lDLPFC_to_lPTL_T1', -0.0152538775203326)	('L_DLPFC_T1', 0.011183194570983268)	('lSMA_to_lIFG_T2', 0.008530201949808842)	('L_PTL', 0.007871214371404462)	('L_PTL_T2', 0.007854549308388263)	('R_IFGorb_T2', 0.007522340404528844)	('L_DLPFC', 0.007411574194016426)	('lSMA_to_lIFG_T1', 0.007266559949826837)	('T2', 0.00651792329434962)	('L_SMA_T1', 0.005872395095689081)	('Age', 0.005403644720698405)	('L_IFGorb_T1', 0.003859350800094527)	('L_PTL_T1', 0.00317444187928926)	('lIFG_to_lPTL_T2', 0.00311588295444252)	('lDLPFC_to_lIFG_T2', -0.0030968841379471453)	('L_IFGorb_T2', 0.0030082595276474545)	('lDLPFC_to_lPTL_T2', 0.002855457933691587)	('L_SMA_T2', -0.0027546542569697303)	('R_IFGorb_T1', -0.002683218926112719)	('T1', 0.0025916187915424544)	('L_IFGorb', -0.0025421822696080347)	('rIFG_to_lIFG_T2', 0.002226412276611137)	('lSMA_to_lPTL_T2', -0.0019359328463032335)	('lDLPFC_to_lIFG_T1', -0.001724094866673351)	('rDLPFC_to_lPTL_T1', -0.001644098489348659)	('lPTL_to_lIFG_T2', -0.0015016211567551855)	('R_DLPFC_T2', 0.0014848769130980158)	('R_DLPFC_T1', 0.0012432143385488529)	('rDLPFC_to_lIFG_T2', -0.0012098008039819117)	('L_SMA', -0.001100718294812993)	('rDLPFC_to_lIFG_T1', 0.0008207786739940344)	('lSMA_to_lPTL_T1', -0.0008081815510575566)	('lPTL_to_lIFG_T1', -0.0007303193596350763)	('rDLPFC_to_lPTL_T2', 0.0004886408789284256)	('L_DLPFC_T2', -0.00033968654654147854)	('rIFG_to_lIFG_T1', 0.0001624607781797609)	
