predictors	pearson_correlation	mean_squared_error	r2	
rois + act_t1 + act_t2 + conn_t1 + conn_t2 + age + T1 + T2	-0.15492291549085038	0.10028807572802273	-0.09276138485097651	('L_PTL_T1', 0.02632248423427055)	('lPTL_to_lIFG_T1', 0.02091125280285288)	('L_PTL_T2', 0.016662993757177114)	('L_DLPFC_T2', 0.01540664426647199)	('rDLPFC_to_lPTL_T1', 0.01404206691292043)	('L_SMA_T2', 0.012692386479863704)	('T2', 0.011712943946977665)	('R_DLPFC_T2', -0.011700977601831225)	('lDLPFC_to_lPTL_T1', -0.011353252561145987)	('L_SMA', 0.010246678210470376)	('L_DLPFC_T1', 0.008701778618241904)	('lSMA_to_lIFG_T1', -0.007085773364376517)	('lDLPFC_to_lIFG_T1', 0.006940847278597543)	('lSMA_to_lPTL_T1', -0.006934113140041505)	('T1', -0.006758291560924452)	('L_PTL', 0.006318461402299519)	('L_IFGorb_T1', 0.005483422183441963)	('L_DLPFC', 0.004976920416347895)	('rIFG_to_lIFG_T1', 0.00490311570912931)	('R_DLPFC_T1', 0.0041703541037364)	('L_IFGorb', 0.003720034148318078)	('lIFG_to_lPTL_T1', -0.00346745144828141)	('lSMA_to_lPTL_T2', 0.0030405648557336163)	('rDLPFC_to_lIFG_T1', -0.0027965281164584743)	('lSMA_to_lIFG_T2', -0.0023559459836951123)	('lDLPFC_to_lIFG_T2', 0.0023419459568491036)	('rDLPFC_to_lIFG_T2', 0.002222975431650148)	('lDLPFC_to_lPTL_T2', -0.00170242294800236)	('rIFG_to_lIFG_T2', 0.0015028692519691445)	('R_IFGorb_T2', -0.0013236179573947948)	('rDLPFC_to_lPTL_T2', -0.0011675877306388468)	('R_IFGorb_T1', -0.0009647391513954189)	('lPTL_to_lIFG_T2', -0.0009127871395650087)	('L_IFGorb_T2', 0.0006191249519561447)	('L_SMA_T1', 0.0004177580499905665)	('Age', 0.00031978447680176873)	('lIFG_to_lPTL_T2', 0.00015578039093396237)	
