predictors	pearson_correlation	mean_squared_error	r2	
rois + act_t1 + act_t2 + conn_t1 + conn_t2 + age + T1 + T2	-0.08255852524352814	0.108578141465441	-0.37447996714560583	('L_SMA_T1', 0.026995870620281272)	('rDLPFC_to_lIFG_T2', 0.014378691185783653)	('lPTL_to_lIFG_T2', -0.01384674620398594)	('L_SMA', 0.011347440719325953)	('R_IFGorb_T1', 0.0113295709278061)	('rDLPFC_to_lIFG_T1', -0.011216428647225935)	('lSMA_to_lIFG_T2', -0.011027120290032142)	('rIFG_to_lIFG_T1', -0.00980889581127652)	('L_PTL_T2', 0.009705156379979877)	('L_DLPFC_T1', 0.009591928555850449)	('L_DLPFC', 0.009299607799693547)	('rDLPFC_to_lPTL_T1', 0.008524945988307754)	('L_PTL', 0.008470564808595277)	('L_DLPFC_T2', 0.007266312994701089)	('lPTL_to_lIFG_T1', -0.007196333212975175)	('lSMA_to_lPTL_T1', 0.006771806487777098)	('R_DLPFC_T1', -0.006741798602392794)	('lIFG_to_lPTL_T1', 0.006445876002027113)	('lDLPFC_to_lIFG_T1', 0.004982958951581257)	('L_PTL_T1', -0.004974264619722889)	('L_SMA_T2', 0.004624198009729337)	('T1', 0.004506435450750256)	('lDLPFC_to_lPTL_T1', -0.004318824278756456)	('R_DLPFC_T2', 0.0037626676359859956)	('T2', 0.0034198656887954476)	('rIFG_to_lIFG_T2', 0.0033371018393505087)	('lIFG_to_lPTL_T2', 0.0033035594597295957)	('L_IFGorb', 0.0029642516357079995)	('L_IFGorb_T1', 0.0028998675436798477)	('L_IFGorb_T2', -0.0020369230256741984)	('lDLPFC_to_lPTL_T2', -0.0017940810456728092)	('R_IFGorb_T2', -0.0017629214325861396)	('rDLPFC_to_lPTL_T2', -0.0013788566440733178)	('Age', -0.0013413442966829672)	('lSMA_to_lPTL_T2', 0.0012214109875890106)	('lDLPFC_to_lIFG_T2', 0.0010895593401178817)	('lSMA_to_lIFG_T1', -0.00034108405079535774)	
