predictors	pearson_correlation	mean_squared_error	r2	
rois + act_t1 + act_t2 + conn_t1 + conn_t2 + age + T1 + T2	-0.0756280622189356	0.09139789458302729	-0.15699691897601276	('lDLPFC_to_lPTL_T1', 0.016387459735677838)	('L_SMA_T1', 0.01318430366984312)	('lSMA_to_lIFG_T1', -0.012141532069471947)	('L_IFGorb_T1', 0.011457535925209176)	('L_IFGorb', 0.011055346282025142)	('T1', 0.010866587515445322)	('lDLPFC_to_lPTL_T2', 0.010756953513245024)	('L_SMA_T2', -0.010315886605227344)	('L_DLPFC', 0.009125611223660639)	('L_IFGorb_T2', 0.009122516174954244)	('L_PTL', 0.00879431157372964)	('lSMA_to_lIFG_T2', 0.00871541292550029)	('R_DLPFC_T1', 0.00842599366112183)	('lPTL_to_lIFG_T2', -0.008081062849066527)	('T2', 0.007456613499486054)	('R_IFGorb_T1', 0.007443298246320876)	('rIFG_to_lIFG_T2', 0.006363829803607577)	('R_DLPFC_T2', 0.006074051302823537)	('lIFG_to_lPTL_T2', 0.005704147517763723)	('L_DLPFC_T2', 0.005159295246941184)	('rDLPFC_to_lIFG_T1', -0.004367943637416853)	('lPTL_to_lIFG_T1', 0.004318849189792338)	('R_IFGorb_T2', 0.0038587694842253805)	('lSMA_to_lPTL_T2', -0.003528975563004785)	('rDLPFC_to_lPTL_T1', -0.003095268190517295)	('rIFG_to_lIFG_T1', 0.002396633972033405)	('lDLPFC_to_lIFG_T2', -0.0022382152400345734)	('L_SMA', 0.0020612478911412506)	('Age', -0.002006769080860717)	('L_PTL_T2', 0.00147552202925126)	('L_DLPFC_T1', 0.001256347878198092)	('lDLPFC_to_lIFG_T1', 0.001195116162853117)	('rDLPFC_to_lPTL_T2', -0.0011298344654983403)	('L_PTL_T1', -0.0009994990884343391)	('rDLPFC_to_lIFG_T2', -0.0007952958535604918)	('lIFG_to_lPTL_T1', 0.0005633083568344954)	('lSMA_to_lPTL_T1', 9.19306690480264e-05)	
