predictors	pearson_correlation	mean_squared_error	r2	
rois + act_t1 + act_t2 + conn_t1 + conn_t2 + age + T1 + T2	-0.25405752205548887	0.11099766615103428	-0.40510849113282776	('lPTL_to_lIFG_T1', 0.023363328465374894)	('T1', 0.02066337060058045)	('R_IFGorb_T1', 0.01232527097813735)	('L_IFGorb_T2', 0.009758345444084434)	('L_PTL_T1', 0.009710616443400186)	('T2', 0.009309745919263023)	('L_DLPFC_T2', 0.009011957241491985)	('lPTL_to_lIFG_T2', 0.00870227090206603)	('L_IFGorb', 0.008664239596334503)	('rDLPFC_to_lIFG_T1', 0.008482404212453765)	('lDLPFC_to_lPTL_T1', 0.008411935253583478)	('lDLPFC_to_lPTL_T2', 0.00814265532336389)	('L_DLPFC', -0.00796435139125862)	('rIFG_to_lIFG_T1', -0.0075964156695393845)	('L_SMA_T1', 0.007412737649890204)	('lSMA_to_lIFG_T1', 0.007017433169323386)	('R_DLPFC_T2', 0.006960761691808056)	('L_SMA_T2', 0.006855887148093209)	('L_PTL', 0.006209970826513)	('L_DLPFC_T1', -0.00601530127584387)	('lSMA_to_lIFG_T2', 0.004492821806075021)	('L_PTL_T2', -0.00427818122527013)	('R_DLPFC_T1', 0.004267400371643709)	('rDLPFC_to_lIFG_T2', 0.0037828353637531023)	('lIFG_to_lPTL_T2', 0.0024387818063967104)	('rIFG_to_lIFG_T2', -0.0023523463178214696)	('Age', -0.0022183392181597374)	('lIFG_to_lPTL_T1', -0.0020651790965888132)	('lDLPFC_to_lIFG_T2', 0.0020535119476890944)	('lSMA_to_lPTL_T1', 0.001875291878274517)	('L_IFGorb_T1', -0.0016138059981592198)	('rDLPFC_to_lPTL_T2', 0.0013551573469881974)	('rDLPFC_to_lPTL_T1', -0.001074231925504891)	('lSMA_to_lPTL_T2', -0.0008528255846572329)	('L_SMA', -0.0005527012532662271)	('lDLPFC_to_lIFG_T1', 5.309408216977455e-05)	('R_IFGorb_T2', 8.173501774203188e-06)	
