predictors	pearson_correlation	mean_squared_error	r2	
rois + act_t1 + act_t2 + conn_t1 + conn_t2 + age + T1 + T2	0.044074537141902716	0.08311817695769316	-0.05218479145155741	('rDLPFC_to_lIFG_T2', 0.020514919447013894)	('lDLPFC_to_lIFG_T1', 0.017572241376748732)	('L_DLPFC_T2', 0.016684541476311324)	('rIFG_to_lIFG_T1', 0.0164854668648476)	('lSMA_to_lPTL_T1', 0.01622091556057188)	('lSMA_to_lIFG_T2', 0.013426960597357368)	('L_DLPFC', 0.012725621817515808)	('R_DLPFC_T2', 0.01226245828591551)	('Age', 0.010906550765494221)	('lIFG_to_lPTL_T1', 0.007790380721424349)	('L_PTL_T2', 0.007591094037930349)	('rDLPFC_to_lPTL_T1', -0.0074241696759571735)	('lPTL_to_lIFG_T2', 0.0074057972920536464)	('lDLPFC_to_lPTL_T1', -0.006710522545843877)	('R_DLPFC_T1', 0.0066643012443352604)	('lSMA_to_lIFG_T1', 0.006373335425074889)	('L_SMA', -0.006248418128459737)	('L_PTL', 0.005275204102521904)	('R_IFGorb_T2', 0.00524041000149604)	('L_DLPFC_T1', 0.005173260335368867)	('lPTL_to_lIFG_T1', -0.0049872133606831326)	('T1', -0.004597067644129854)	('R_IFGorb_T1', -0.004212840678771335)	('rDLPFC_to_lPTL_T2', 0.0035242971517868717)	('L_IFGorb', -0.00332169758558939)	('lSMA_to_lPTL_T2', 0.0032955829723655783)	('L_IFGorb_T1', -0.0032881558763009403)	('L_SMA_T1', -0.002954987578466883)	('L_PTL_T1', -0.002575007418307909)	('lDLPFC_to_lIFG_T2', 0.002043238716072449)	('L_SMA_T2', 0.001979053879411654)	('lIFG_to_lPTL_T2', -0.0018474364043142932)	('L_IFGorb_T2', 0.0009401505975255253)	('rIFG_to_lIFG_T2', 0.0005383029381801585)	('T2', 0.0003869048999962018)	('rDLPFC_to_lIFG_T1', -0.0001515206203004003)	('lDLPFC_to_lPTL_T2', 4.7773656602707865e-05)	
