predictors	pearson_correlation	mean_squared_error	r2	
rois + act_t1 + act_t2 + conn_t1 + conn_t2 + age + T1 + T2	0.005312195546071789	0.08767001541647536	-0.10980606485740596	('L_DLPFC_T2', 0.017622737207168872)	('L_SMA_T1', -0.016734198971929428)	('rDLPFC_to_lPTL_T2', 0.01352015219063551)	('R_IFGorb_T1', 0.012734218958269495)	('L_SMA_T2', 0.01191446864636932)	('R_DLPFC_T1', -0.010295224408809771)	('lDLPFC_to_lIFG_T1', 0.010116757675167665)	('R_DLPFC_T2', 0.0099094736390277)	('lSMA_to_lIFG_T1', 0.009663432298036376)	('L_PTL_T1', 0.009059483054287403)	('rIFG_to_lIFG_T1', 0.00902605530473061)	('L_IFGorb', 0.008253165477835264)	('lSMA_to_lPTL_T2', 0.008197975308288231)	('L_DLPFC', -0.007999636349240854)	('lSMA_to_lIFG_T2', 0.007643465102023027)	('L_IFGorb_T1', 0.0076154495344793694)	('Age', 0.007567597219285906)	('lIFG_to_lPTL_T2', -0.007315295356529992)	('lPTL_to_lIFG_T1', 0.006757778129030327)	('lSMA_to_lPTL_T1', -0.00662010313043721)	('L_PTL', -0.006528568544409964)	('R_IFGorb_T2', 0.006201038677463936)	('lDLPFC_to_lIFG_T2', 0.0061531279914825016)	('rDLPFC_to_lIFG_T1', 0.005843477221430875)	('lIFG_to_lPTL_T1', -0.005708534878117903)	('lDLPFC_to_lPTL_T2', 0.004138693877050994)	('L_PTL_T2', 0.00412074627607612)	('L_IFGorb_T2', 0.00376514275040727)	('L_SMA', 0.003552147038627409)	('rDLPFC_to_lIFG_T2', 0.003479147647863597)	('T2', -0.0032494716920650783)	('lPTL_to_lIFG_T2', 0.003070159031654633)	('L_DLPFC_T1', 0.002627274712793256)	('rIFG_to_lIFG_T2', 0.0017657955382256402)	('lDLPFC_to_lPTL_T1', -0.0016398425475002583)	('T1', 0.0005301078855578167)	('rDLPFC_to_lPTL_T1', 0.000416406565886905)	
