predictors	pearson_correlation	mean_squared_error	r2	
rois + act_t1 + act_t2 + conn_t1 + conn_t2 + age + T1 + T2	-0.11647224075641459	0.08450025325447652	-0.06968035876701162	('lDLPFC_to_lPTL_T1', 0.01091051287099628)	('T2', 0.0098170328666244)	('L_SMA_T2', 0.009308062726326305)	('L_PTL_T2', 0.009284542983345466)	('L_DLPFC_T1', 0.009201417922545231)	('R_DLPFC_T2', 0.009047018887523134)	('L_SMA_T1', -0.008246735149574776)	('rDLPFC_to_lPTL_T1', 0.0080794456896425)	('rIFG_to_lIFG_T2', 0.007810698886417478)	('L_DLPFC_T2', 0.007517144578972408)	('lSMA_to_lPTL_T1', 0.006367151665694862)	('lIFG_to_lPTL_T1', 0.0061980787526072605)	('R_IFGorb_T2', 0.00579545306030431)	('lPTL_to_lIFG_T2', -0.005064484576364193)	('L_IFGorb_T2', 0.005034462781878163)	('lPTL_to_lIFG_T1', 0.0039568264267987804)	('lSMA_to_lIFG_T1', 0.003954889042380291)	('rDLPFC_to_lIFG_T1', 0.00385721515732337)	('L_PTL', 0.0036879467179969936)	('L_IFGorb_T1', 0.0035334486372048538)	('L_IFGorb', -0.0033651675121700417)	('L_SMA', 0.0033188918799011216)	('lSMA_to_lPTL_T2', 0.0029867685331855234)	('rIFG_to_lIFG_T1', 0.002912988971178892)	('lDLPFC_to_lIFG_T2', 0.0028535808270080676)	('lDLPFC_to_lIFG_T1', 0.0023393811815159865)	('rDLPFC_to_lIFG_T2', -0.0021868719781375297)	('lDLPFC_to_lPTL_T2', 0.002071550872576463)	('T1', -0.001971195189125757)	('L_PTL_T1', 0.0017582479513072228)	('Age', 0.001426434003421608)	('lSMA_to_lIFG_T2', 0.0014199975812191194)	('rDLPFC_to_lPTL_T2', 0.0012555980530784283)	('R_IFGorb_T1', -0.000895413229099287)	('R_DLPFC_T1', -0.0007603140174298221)	('lIFG_to_lPTL_T2', 0.0006709574450199238)	('L_DLPFC', -0.0006620795195992874)	
