predictors	pearson_correlation	mean_squared_error	r2	
rois + act_t1 + act_t2 + conn_t1 + conn_t2 + age + T1 + T2	-0.014458689200970246	0.08234754558238815	-0.04242944499678569	('L_DLPFC_T1', 0.024009142681000368)	('L_SMA', 0.02038992180843096)	('R_DLPFC_T2', 0.017974050230727456)	('lSMA_to_lPTL_T2', 0.01422555375877442)	('lDLPFC_to_lIFG_T1', 0.014218801838261817)	('L_SMA_T1', 0.013057557776626863)	('L_IFGorb', 0.012364493882459566)	('lSMA_to_lPTL_T1', 0.01207011117113211)	('lDLPFC_to_lIFG_T2', 0.01118672607503457)	('L_DLPFC', 0.010452830938349018)	('lPTL_to_lIFG_T1', -0.01014698316539461)	('rDLPFC_to_lIFG_T1', -0.009590028279154072)	('L_PTL_T2', 0.009248363214934904)	('lSMA_to_lIFG_T2', -0.008497678357195232)	('L_PTL_T1', 0.007293553372109086)	('rIFG_to_lIFG_T1', 0.0072037050584987635)	('L_PTL', -0.006985677836991794)	('L_DLPFC_T2', 0.00631142437913182)	('Age', -0.00521218777836209)	('T1', 0.005114900685437815)	('R_DLPFC_T1', -0.004911469069124324)	('lDLPFC_to_lPTL_T1', 0.004505581758740996)	('lSMA_to_lIFG_T1', -0.004458246083875049)	('rIFG_to_lIFG_T2', -0.004095627220988877)	('rDLPFC_to_lIFG_T2', 0.003016465920462478)	('lDLPFC_to_lPTL_T2', 0.002989188554319914)	('lIFG_to_lPTL_T2', -0.0026882789187174395)	('L_IFGorb_T2', 0.002652564582633592)	('lIFG_to_lPTL_T1', 0.0025284996449887534)	('rDLPFC_to_lPTL_T2', -0.002020324786250151)	('T2', -0.0017463259294382204)	('lPTL_to_lIFG_T2', 0.0012095455664792776)	('L_SMA_T2', 0.0008404032005783226)	('R_IFGorb_T1', 0.0008352720473098877)	('R_IFGorb_T2', 0.0007024021032381893)	('L_IFGorb_T1', 0.000695814373260294)	('rDLPFC_to_lPTL_T1', -0.0006340361488943941)	
