predictors	pearson_correlation	mean_squared_error	r2	
rois + act_t1 + act_t2 + conn_t1 + conn_t2 + age + T1 + T2	-0.03112752300949685	0.1005773530229249	-0.09591341519046104	('rDLPFC_to_lIFG_T2', 0.012999754708679664)	('L_PTL', 0.012045743004387646)	('L_IFGorb_T2', 0.009909774705559787)	('L_DLPFC_T2', 0.007790049771607519)	('rDLPFC_to_lPTL_T1', 0.007339345444684152)	('lPTL_to_lIFG_T1', 0.00715134819736626)	('L_SMA_T1', 0.007066238053549747)	('L_PTL_T2', 0.007002852629990106)	('R_DLPFC_T1', -0.006951229027788922)	('lIFG_to_lPTL_T2', 0.006921407167962229)	('lDLPFC_to_lIFG_T1', -0.006548744730899474)	('T2', 0.005797835672761199)	('lDLPFC_to_lPTL_T2', -0.005130761604240463)	('lPTL_to_lIFG_T2', 0.0051277618494090845)	('L_DLPFC_T1', -0.005086612350217329)	('L_PTL_T1', 0.004963529806153391)	('L_SMA_T2', 0.0042177488491565674)	('R_IFGorb_T1', 0.0040253090355988385)	('rDLPFC_to_lPTL_T2', -0.0038463479668323208)	('L_SMA', -0.0034994145621702753)	('lIFG_to_lPTL_T1', 0.0033845526616763004)	('L_IFGorb_T1', -0.0033238778095550287)	('rIFG_to_lIFG_T2', 0.0031443693568527675)	('R_DLPFC_T2', -0.0029457380701818766)	('L_IFGorb', 0.002467738437775626)	('rIFG_to_lIFG_T1', -0.0023424476903560823)	('R_IFGorb_T2', 0.0023326596754068866)	('lSMA_to_lPTL_T2', -0.0018131686723016809)	('rDLPFC_to_lIFG_T1', -0.0011796096725940342)	('lDLPFC_to_lPTL_T1', 0.001112753450643041)	('lDLPFC_to_lIFG_T2', -0.0009472285529404795)	('L_DLPFC', -0.000901609745279799)	('lSMA_to_lIFG_T2', 0.0007637361603614747)	('T1', 0.0006222070000765724)	('lSMA_to_lPTL_T1', -0.0005148698966262669)	('lSMA_to_lIFG_T1', -0.00023714484188414836)	('Age', -6.695464604226863e-05)	
