predictors	pearson_correlation	mean_squared_error	r2	
rois + act_t1 + act_t2 + conn_t1 + conn_t2 + age + T1 + T2	-0.09184600023144708	0.09754497704651405	-0.06287196587241772	('L_SMA_T2', 0.012337511423536021)	('rDLPFC_to_lIFG_T1', 0.008851262483909725)	('lDLPFC_to_lIFG_T2', 0.008641031349551222)	('R_IFGorb_T1', -0.008015999033517313)	('lSMA_to_lIFG_T1', 0.007836619385874113)	('T1', 0.007455187196469387)	('Age', 0.006993882327919552)	('L_DLPFC_T1', 0.006822254955476641)	('lDLPFC_to_lPTL_T2', 0.006526345441886925)	('L_IFGorb_T1', 0.00642712499737276)	('lSMA_to_lPTL_T2', 0.006425216192034822)	('lIFG_to_lPTL_T2', 0.0064130999994080895)	('rDLPFC_to_lIFG_T2', -0.006099359714807539)	('lDLPFC_to_lPTL_T1', 0.005866281567075097)	('lIFG_to_lPTL_T1', 0.005584117729729839)	('R_IFGorb_T2', -0.004953106926137184)	('L_IFGorb_T2', 0.004783701407607925)	('L_PTL', 0.0043484998592004075)	('L_PTL_T1', 0.004275565422839774)	('lDLPFC_to_lIFG_T1', 0.004139843580957436)	('L_SMA_T1', -0.003975992842954679)	('L_IFGorb', -0.0032246552125212787)	('L_SMA', 0.003172937007773934)	('lSMA_to_lIFG_T2', 0.002919331408015042)	('L_DLPFC', -0.002573181031988038)	('rIFG_to_lIFG_T2', 0.002492089228459118)	('rDLPFC_to_lPTL_T1', 0.0024807603489488948)	('lPTL_to_lIFG_T2', 0.00246771011753901)	('lSMA_to_lPTL_T1', -0.0024298620783654167)	('R_DLPFC_T1', 0.0021340827329155965)	('lPTL_to_lIFG_T1', -0.002113011856890147)	('L_DLPFC_T2', 0.0018953832475902494)	('rDLPFC_to_lPTL_T2', 0.0016848483941347434)	('rIFG_to_lIFG_T1', 0.0015148277870191485)	('L_PTL_T2', -0.0011405181717376862)	('T2', 0.0009124676508768972)	('R_DLPFC_T2', 0.0008046480681742225)	
