predictors	pearson_correlation	mean_squared_error	r2	
rois + act_t1 + act_t2 + conn_t1 + conn_t2 + age + T1 + T2	0.12018687114371301	0.09109297060614911	0.0074305445871637454	('lPTL_to_lIFG_T1', 0.023383896260521477)	('lDLPFC_to_lIFG_T1', -0.015492585459204792)	('rDLPFC_to_lPTL_T1', -0.014076982701621528)	('L_SMA', 0.0095069911101092)	('L_SMA_T2', -0.008458052308707092)	('lSMA_to_lPTL_T1', 0.008034204319574032)	('L_SMA_T1', 0.007362704915541264)	('L_PTL', 0.007130283846669153)	('L_DLPFC_T1', 0.00694628416690514)	('R_IFGorb_T1', 0.006745478431984683)	('lPTL_to_lIFG_T2', 0.006655063918874855)	('L_DLPFC', -0.006563871350863601)	('T1', 0.006416821238075502)	('lSMA_to_lPTL_T2', 0.006223728887552678)	('lSMA_to_lIFG_T1', 0.006160181841893155)	('lIFG_to_lPTL_T1', 0.006021649247011903)	('R_IFGorb_T2', 0.005667403586475125)	('lSMA_to_lIFG_T2', -0.005296805884395549)	('L_DLPFC_T2', 0.005139512862849497)	('lIFG_to_lPTL_T2', 0.005009174335604972)	('lDLPFC_to_lPTL_T1', -0.004421498418895762)	('L_IFGorb_T1', 0.0034197411320845525)	('rIFG_to_lIFG_T2', 0.003166059238116572)	('rDLPFC_to_lIFG_T2', -0.0030489764628195315)	('rIFG_to_lIFG_T1', -0.002748614958857761)	('Age', 0.0025534462228650086)	('lDLPFC_to_lPTL_T2', 0.0018749395833296749)	('lDLPFC_to_lIFG_T2', 0.0017445421671494717)	('rDLPFC_to_lIFG_T1', -0.001602478485516547)	('R_DLPFC_T2', -0.0012668626924392766)	('L_IFGorb', -0.0009885858134607392)	('L_IFGorb_T2', -0.0008498696667589452)	('L_PTL_T2', -0.00041402426938529015)	('L_PTL_T1', -0.000403264781816754)	('R_DLPFC_T1', 0.0003622789833710348)	('T2', 0.00023721513148645788)	('rDLPFC_to_lPTL_T2', -0.0002089231109164186)	
