predictors	pearson_correlation	mean_squared_error	r2	
rois + act_t1 + act_t2 + conn_t1 + conn_t2 + age + T1 + T2	-0.19577623012919093	0.08418704321648737	-0.06571546383590787	('L_SMA_T1', 0.017044049043326324)	('L_IFGorb_T2', 0.01094219625616359)	('rDLPFC_to_lPTL_T1', 0.01067537486271666)	('rDLPFC_to_lIFG_T2', 0.00991183722897354)	('L_IFGorb', 0.009863753829051029)	('L_PTL_T1', 0.007280079485991742)	('rIFG_to_lIFG_T2', 0.0060176628612214605)	('lSMA_to_lIFG_T2', 0.005467713664953917)	('rDLPFC_to_lIFG_T1', 0.00505305738857262)	('lDLPFC_to_lIFG_T1', 0.004954944522730494)	('L_SMA', 0.004096781188900101)	('lSMA_to_lIFG_T1', -0.003907160434254081)	('L_DLPFC_T2', 0.003212595451847005)	('L_PTL', -0.0029022536636491717)	('lPTL_to_lIFG_T1', -0.002763304578398468)	('lDLPFC_to_lPTL_T2', 0.0024961472184105277)	('lDLPFC_to_lPTL_T1', 0.002494279283521912)	('R_IFGorb_T1', 0.002038037476216612)	('L_IFGorb_T1', 0.001967472962239464)	('lIFG_to_lPTL_T1', -0.001948069105820123)	('lSMA_to_lPTL_T1', 0.0019166341211801308)	('R_DLPFC_T2', -0.0016187123605706922)	('L_PTL_T2', 0.001479413413596511)	('lPTL_to_lIFG_T2', 0.0012434730031946719)	('L_DLPFC_T1', -0.0010861055893594976)	('lIFG_to_lPTL_T2', 0.0010148369076735558)	('L_DLPFC', 0.0007412613347231978)	('T1', 0.0005134436759165473)	('L_SMA_T2', -0.00046087058129700554)	('rDLPFC_to_lPTL_T2', -0.0003307423453955508)	('lDLPFC_to_lIFG_T2', -0.00030645571693238186)	('R_IFGorb_T2', 0.0002641508264344081)	('rIFG_to_lIFG_T1', 0.00025107060921289275)	('lSMA_to_lPTL_T2', 0.00017856848196099318)	('T2', -0.00016918692078276933)	('Age', -7.978535387118242e-05)	('R_DLPFC_T1', -6.504974865504649e-06)	
