predictors	pearson_correlation	mean_squared_error	r2	
rois + act_t1 + act_t2 + conn_t1 + conn_t2 + age + T1 + T2	0.35962210484204926	0.07085800679200413	0.10301549158054213	('L_SMA', 0.022729533238876658)	('T2', -0.02122309971745016)	('L_DLPFC_T2', 0.016205701355608202)	('lDLPFC_to_lIFG_T1', 0.015548774527825689)	('lDLPFC_to_lPTL_T2', 0.015543865277585453)	('lDLPFC_to_lPTL_T1', 0.013853253348545076)	('R_DLPFC_T1', 0.011971740230863852)	('lIFG_to_lPTL_T2', 0.01050617847336365)	('L_SMA_T1', -0.0101384081157566)	('R_DLPFC_T2', 0.00972731696977691)	('lPTL_to_lIFG_T2', 0.009713748657543191)	('L_IFGorb', 0.009706097905794832)	('rDLPFC_to_lIFG_T1', 0.009036616975234103)	('L_PTL_T2', -0.008924507728171311)	('rIFG_to_lIFG_T2', 0.008628620388981486)	('R_IFGorb_T1', 0.00823166737544641)	('L_PTL_T1', 0.007771939229180179)	('L_DLPFC_T1', 0.007640188067246221)	('lSMA_to_lPTL_T2', 0.007554460301833019)	('lPTL_to_lIFG_T1', -0.00666223964899722)	('L_IFGorb_T1', 0.006255556632901828)	('rDLPFC_to_lPTL_T1', -0.005602074507271547)	('rDLPFC_to_lPTL_T2', 0.0052870479633047715)	('L_PTL', 0.005272742366853165)	('T1', -0.00475922839763529)	('R_IFGorb_T2', 0.004542074907211179)	('lIFG_to_lPTL_T1', 0.00431546952602333)	('lSMA_to_lIFG_T2', 0.003989891279202095)	('lSMA_to_lIFG_T1', -0.0033389536976700745)	('rDLPFC_to_lIFG_T2', 0.0031321583856558206)	('L_DLPFC', -0.0027069586981685)	('L_SMA_T2', 0.0023385523399966353)	('lDLPFC_to_lIFG_T2', 0.002185253544815696)	('rIFG_to_lIFG_T1', 0.0018602714208024894)	('Age', 0.001258023859705427)	('lSMA_to_lPTL_T1', 0.0002514142434249207)	('L_IFGorb_T2', 3.0040793370098086e-05)	
