predictors	pearson_correlation	mean_squared_error	r2	
rois + act_t1 + act_t2 + conn_t1 + conn_t2 + age + T1 + T2	-0.05399832107541334	0.0936074458114266	-0.18496740971040682	('L_DLPFC', 0.023551043101574486)	('L_PTL', 0.015664286409799576)	('L_SMA', 0.015515772257376144)	('rDLPFC_to_lIFG_T2', 0.01363218065368861)	('lIFG_to_lPTL_T2', 0.013624425171879524)	('R_DLPFC_T2', 0.011112358063050286)	('lSMA_to_lIFG_T1', 0.011039121354298739)	('rDLPFC_to_lIFG_T1', 0.009635605566755204)	('rDLPFC_to_lPTL_T2', 0.007825170774002625)	('lDLPFC_to_lPTL_T1', -0.007583374749337322)	('L_PTL_T2', -0.007170998159599438)	('L_DLPFC_T1', -0.006501347228828876)	('L_SMA_T1', 0.006399384427760823)	('rIFG_to_lIFG_T2', 0.006386471554925281)	('L_PTL_T1', -0.005131010947078755)	('rIFG_to_lIFG_T1', 0.004715997502937374)	('lDLPFC_to_lIFG_T1', 0.004447091932730447)	('lDLPFC_to_lIFG_T2', 0.003949803194187821)	('L_DLPFC_T2', -0.003720720251649139)	('R_IFGorb_T1', 0.0035636726440545306)	('L_IFGorb_T1', 0.0029035985330694075)	('lSMA_to_lPTL_T1', -0.002469216336854281)	('Age', 0.002324386117048647)	('lPTL_to_lIFG_T2', 0.002240502994482014)	('lPTL_to_lIFG_T1', 0.002185999934565289)	('T1', 0.002091555315893019)	('L_IFGorb_T2', -0.0019556647429808255)	('R_DLPFC_T1', 0.0018035867130516009)	('lSMA_to_lIFG_T2', -0.0015137795169062958)	('R_IFGorb_T2', 0.001419886484414062)	('rDLPFC_to_lPTL_T1', 0.0012240954139242039)	('T2', -0.001160195134834001)	('L_IFGorb', 0.000998476923040381)	('lDLPFC_to_lPTL_T2', -0.0006377875472643765)	('lSMA_to_lPTL_T2', -0.0004171051138045012)	('L_SMA_T2', 0.00016515825902858037)	('lIFG_to_lPTL_T1', 0.00013194154818427228)	
