predictors	pearson_correlation	mean_squared_error	r2	
rois + act_t1 + act_t2 + conn_t1 + conn_t2 + age + T1 + T2	0.060115729346844914	0.08342071576577642	-0.056014600337417786	('L_IFGorb_T1', 0.027783681260742783)	('lSMA_to_lIFG_T2', 0.025226790914627522)	('L_SMA_T2', 0.02285557793285884)	('lSMA_to_lPTL_T1', 0.021441167186029206)	('L_DLPFC_T1', 0.020232102033794535)	('lSMA_to_lIFG_T1', 0.017995283129702593)	('rDLPFC_to_lPTL_T1', 0.01781444179551103)	('L_DLPFC', 0.016385084229938035)	('L_IFGorb', 0.0156625165120024)	('rIFG_to_lIFG_T2', 0.01363394729574914)	('Age', 0.013603418565449872)	('rDLPFC_to_lIFG_T1', 0.013072637619351155)	('lPTL_to_lIFG_T2', 0.0124070053942047)	('L_SMA_T1', 0.010463572445948522)	('lPTL_to_lIFG_T1', -0.009465293614637922)	('L_DLPFC_T2', -0.008831995323092198)	('R_IFGorb_T2', 0.008823002498570561)	('L_IFGorb_T2', 0.008009083603606394)	('lIFG_to_lPTL_T1', -0.0064367961722703515)	('L_SMA', 0.006396824991419026)	('T2', 0.006119585978717795)	('R_DLPFC_T2', -0.005960897271864284)	('lDLPFC_to_lIFG_T1', 0.005523472144846807)	('lSMA_to_lPTL_T2', 0.005248745540809384)	('L_PTL', -0.004979972734544792)	('lDLPFC_to_lPTL_T2', 0.004895957859816597)	('lDLPFC_to_lIFG_T2', 0.003971498303345505)	('rDLPFC_to_lIFG_T2', 0.003875368985012715)	('rDLPFC_to_lPTL_T2', 0.002864737631243314)	('lIFG_to_lPTL_T2', 0.002588607044590898)	('R_DLPFC_T1', 0.00253721027217465)	('L_PTL_T1', 0.0024577875346023575)	('lDLPFC_to_lPTL_T1', -0.002302719263051397)	('L_PTL_T2', -0.00226856983533444)	('T1', 0.0018461265099720021)	('R_IFGorb_T1', -0.0013235739881430327)	('rIFG_to_lIFG_T1', -0.0006705438955514355)	
