predictors	pearson_correlation	mean_squared_error	r2	
rois + act_t1 + act_t2 + conn_t1 + conn_t2 + age + T1 + T2	-0.04579670353986923	0.10131108748327135	-0.10390835057216585	('lDLPFC_to_lPTL_T1', -0.029261790468079592)	('lDLPFC_to_lPTL_T2', 0.019511757909988228)	('rDLPFC_to_lPTL_T2', 0.01836260398828794)	('L_IFGorb_T2', 0.01754588934603257)	('rDLPFC_to_lPTL_T1', 0.016973374012368085)	('lDLPFC_to_lIFG_T2', 0.01564917695281226)	('R_DLPFC_T1', 0.014788397973352324)	('rDLPFC_to_lIFG_T1', 0.013711262069462353)	('L_SMA_T1', -0.013125941408131956)	('L_DLPFC_T1', 0.012429087347237605)	('L_SMA_T2', 0.012128176474618153)	('lIFG_to_lPTL_T1', -0.011889401264122643)	('L_PTL_T1', 0.010561695063568839)	('lSMA_to_lIFG_T2', -0.009929116163823715)	('lPTL_to_lIFG_T1', 0.008724544420406762)	('L_DLPFC', -0.007811927749577249)	('T2', 0.006715376887545735)	('R_DLPFC_T2', 0.00662898564771536)	('rIFG_to_lIFG_T1', 0.006063986044502537)	('lPTL_to_lIFG_T2', 0.005489701016814886)	('L_DLPFC_T2', -0.005405057191598543)	('L_IFGorb', -0.00530325348354195)	('T1', 0.004927653023571662)	('L_IFGorb_T1', 0.003945187031568938)	('R_IFGorb_T2', 0.003916026650596136)	('lSMA_to_lIFG_T1', -0.0036381455606795832)	('lIFG_to_lPTL_T2', 0.0033193548314723416)	('lDLPFC_to_lIFG_T1', -0.002598114499371508)	('L_SMA', 0.0025343068292444115)	('rIFG_to_lIFG_T2', 0.0024517003287410177)	('L_PTL', 0.0023270266996025944)	('Age', -0.002307063042122146)	('lSMA_to_lPTL_T2', 0.0022590992196143823)	('L_PTL_T2', -0.002196295001568286)	('lSMA_to_lPTL_T1', -0.0015674838634328668)	('R_IFGorb_T1', 0.0015146613826106067)	('rDLPFC_to_lIFG_T2', 5.576570699267108e-05)	
