predictors	pearson_correlation	mean_squared_error	r2	
rois + act_t1 + act_t2 + conn_t1 + conn_t2 + age + T1 + T2	0.1499357082105559	0.07954003947249026	-0.006889502485228016	('L_SMA', 0.02819194121395019)	('lDLPFC_to_lIFG_T1', 0.025276599215251667)	('L_IFGorb', 0.018054137445630294)	('L_SMA_T1', 0.017758989852489263)	('R_IFGorb_T1', -0.016978753848966355)	('lSMA_to_lPTL_T2', 0.016379810643775992)	('L_IFGorb_T2', 0.01250140100748935)	('rDLPFC_to_lIFG_T2', -0.012275020581698685)	('lDLPFC_to_lPTL_T2', 0.01197007795207011)	('lSMA_to_lPTL_T1', 0.011445905465271675)	('Age', 0.011401075084528783)	('L_PTL_T2', 0.009825135435230978)	('T2', 0.009362534804743097)	('L_PTL', 0.009057693977787116)	('L_IFGorb_T1', -0.007467702610070222)	('rIFG_to_lIFG_T2', 0.007097589460181988)	('lIFG_to_lPTL_T2', 0.005669768742626806)	('L_DLPFC_T1', 0.005442338199454087)	('T1', -0.0054270822962006375)	('R_IFGorb_T2', 0.005397399131939121)	('lIFG_to_lPTL_T1', 0.005054042160673635)	('L_DLPFC_T2', -0.0049125451168171835)	('lPTL_to_lIFG_T1', 0.004838743723321399)	('lSMA_to_lIFG_T2', 0.004118053525024571)	('lPTL_to_lIFG_T2', 0.004049802420087571)	('lSMA_to_lIFG_T1', 0.0037625951796700567)	('rIFG_to_lIFG_T1', 0.003612694545006549)	('R_DLPFC_T2', 0.0033741139936677364)	('rDLPFC_to_lPTL_T1', -0.003329545717495073)	('L_DLPFC', 0.0032567906493351194)	('lDLPFC_to_lIFG_T2', -0.003070507060025683)	('L_PTL_T1', 0.0018408044543859429)	('L_SMA_T2', -0.001033618424715815)	('lDLPFC_to_lPTL_T1', 0.000654700412554562)	('rDLPFC_to_lPTL_T2', -0.0006325924819238818)	('R_DLPFC_T1', 0.0003926570261727437)	('rDLPFC_to_lIFG_T1', -0.0003344737325107043)	
