predictors	pearson_correlation	mean_squared_error	r2	
rois + act_t1 + act_t2 + conn_t1 + conn_t2 + age + T1 + T2	0.05087393552908081	0.09467554361991913	-0.0316059751529707	('R_DLPFC_T1', 0.014072921405937936)	('L_IFGorb_T2', 0.013765806760266487)	('L_SMA', 0.012500810234506669)	('lDLPFC_to_lPTL_T2', -0.011923038477117584)	('lDLPFC_to_lIFG_T1', 0.01114705750977463)	('lIFG_to_lPTL_T1', -0.01074222993066121)	('R_DLPFC_T2', -0.008905188912345624)	('lIFG_to_lPTL_T2', 0.008665597625605289)	('lSMA_to_lPTL_T1', 0.008292794098858029)	('rDLPFC_to_lPTL_T1', 0.008001687840977623)	('L_IFGorb_T1', 0.00797267409101967)	('L_PTL', -0.00756098147758468)	('L_IFGorb', 0.006216269676889749)	('lSMA_to_lIFG_T2', 0.006194959049257667)	('L_PTL_T2', 0.005784667294182728)	('L_DLPFC_T1', -0.005628121628808622)	('lSMA_to_lIFG_T1', 0.005475583416417851)	('T1', 0.005375521268717281)	('rIFG_to_lIFG_T2', -0.005334660782801397)	('Age', 0.004696211554203291)	('L_SMA_T2', -0.004305751609390917)	('lDLPFC_to_lPTL_T1', 0.004303928940314817)	('rDLPFC_to_lIFG_T2', -0.0035729053790649057)	('T2', 0.003550927112835291)	('lDLPFC_to_lIFG_T2', -0.0035362786581314026)	('lPTL_to_lIFG_T1', 0.0035309629818939658)	('rIFG_to_lIFG_T1', 0.0033980819793783344)	('L_DLPFC_T2', -0.003367423272136429)	('lSMA_to_lPTL_T2', -0.0032799234422581916)	('R_IFGorb_T1', 0.002565221226569202)	('L_PTL_T1', 0.002188762556564407)	('R_IFGorb_T2', -0.0019999417677878284)	('L_DLPFC', -0.0013870894617788309)	('rDLPFC_to_lIFG_T1', 0.0012477823219762822)	('lPTL_to_lIFG_T2', -0.0009789293480174303)	('rDLPFC_to_lPTL_T2', 0.0008019143653246739)	('L_SMA_T1', -0.00041868541198117657)	
