predictors	pearson_correlation	mean_squared_error	r2	
rois + act_t1 + act_t2 + conn_t1 + conn_t2 + age + T1 + T2	0.0003401829870350937	0.08146790012162985	-0.031294100002990044	('lPTL_to_lIFG_T2', 0.01238309822454608)	('lSMA_to_lPTL_T1', 0.010104174846483984)	('L_SMA', 0.009447686364496295)	('rDLPFC_to_lPTL_T1', 0.009217707530712766)	('lDLPFC_to_lIFG_T2', 0.00832177726031261)	('Age', 0.008119737613029076)	('R_DLPFC_T2', -0.0076330417681357)	('rIFG_to_lIFG_T2', 0.007097897731287051)	('L_SMA_T1', 0.006144150824464198)	('L_PTL', 0.005694433189260284)	('L_IFGorb_T1', 0.005343623645626476)	('L_PTL_T2', 0.004877485174226306)	('T2', 0.004842148082084794)	('R_IFGorb_T2', 0.0045994182510842325)	('lDLPFC_to_lPTL_T2', 0.00439571486655863)	('L_IFGorb', 0.004013669473125541)	('rIFG_to_lIFG_T1', 0.0035704315016704224)	('T1', 0.0034101903200412617)	('lSMA_to_lIFG_T2', -0.0031536907081755965)	('R_DLPFC_T1', 0.0027403307387458796)	('L_DLPFC', 0.002558888303552139)	('rDLPFC_to_lIFG_T2', -0.0025105266938156884)	('L_PTL_T1', 0.0019590768804546854)	('lPTL_to_lIFG_T1', -0.00190541560852458)	('L_SMA_T2', 0.001883850104925578)	('lSMA_to_lIFG_T1', 0.0017997338029177162)	('lSMA_to_lPTL_T2', 0.0017143794998160026)	('rDLPFC_to_lPTL_T2', -0.001158872396878578)	('L_DLPFC_T1', 0.0006287994423193487)	('rDLPFC_to_lIFG_T1', -0.00043184605685248474)	('lDLPFC_to_lPTL_T1', -0.00040980365826648763)	('L_DLPFC_T2', -0.00017330823831136782)	('L_IFGorb_T2', 0.00014437448347938986)	('R_IFGorb_T1', 0.00012655982390164606)	('lIFG_to_lPTL_T1', -7.91043050316367e-05)	('lIFG_to_lPTL_T2', -2.5857323063055752e-05)	('lDLPFC_to_lIFG_T1', -2.4357809942782108e-05)	
