predictors	pearson_correlation	mean_squared_error	r2	
rois + act_t1 + act_t2 + conn_t1 + conn_t2 + age + T1 + T2	0.001928693660026841	0.08584247286287629	-0.08667138420137754	('R_IFGorb_T1', 0.01635828683683991)	('R_DLPFC_T2', 0.01632153052999758)	('L_SMA', 0.015659574294608576)	('lPTL_to_lIFG_T1', 0.011498028311178228)	('lPTL_to_lIFG_T2', 0.011431447329045262)	('rDLPFC_to_lIFG_T1', -0.010142926321187889)	('L_DLPFC_T2', 0.010019175033891665)	('lDLPFC_to_lPTL_T2', 0.008273208726691308)	('lSMA_to_lPTL_T1', 0.0074832000544905785)	('L_IFGorb_T1', 0.007140851016163593)	('rIFG_to_lIFG_T2', 0.006874050385394584)	('L_PTL_T1', 0.0066499136514158435)	('lDLPFC_to_lIFG_T2', 0.006049584816609553)	('lDLPFC_to_lPTL_T1', -0.005984338445518558)	('L_DLPFC_T1', 0.005824915359533297)	('R_IFGorb_T2', 0.005621941661442132)	('lIFG_to_lPTL_T2', -0.004945468104145862)	('R_DLPFC_T1', 0.00469001482129127)	('L_PTL', 0.004674778102641666)	('lSMA_to_lPTL_T2', 0.004616128642080964)	('lIFG_to_lPTL_T1', -0.004430458470746497)	('lSMA_to_lIFG_T2', 0.0035676060722076644)	('rDLPFC_to_lIFG_T2', 0.003387193061492061)	('L_PTL_T2', 0.003380659914862759)	('rDLPFC_to_lPTL_T1', 0.003029456529064103)	('rDLPFC_to_lPTL_T2', 0.0030225733949238573)	('L_SMA_T1', 0.0027725611866420796)	('T2', 0.002222030943642743)	('L_IFGorb', -0.002180337890873986)	('rIFG_to_lIFG_T1', -0.0016367726035683746)	('lSMA_to_lIFG_T1', 0.0014704583117195742)	('L_SMA_T2', 0.0010943648777431052)	('L_DLPFC', 0.0010694813048966263)	('lDLPFC_to_lIFG_T1', 0.000522299469349118)	('T1', -0.0003374708788098059)	('L_IFGorb_T2', -0.00023920373403039837)	('Age', -8.122065490264063e-05)	
