predictors	pearson_correlation	mean_squared_error	r2	
rois + act_t1 + act_t2 + conn_t1 + conn_t2 + age + T1 + T2	0.014501442053458512	0.09590406860393841	-0.044992259146510616	('L_DLPFC_T1', 0.021816683702781628)	('lSMA_to_lIFG_T1', -0.021749090514657232)	('R_DLPFC_T1', -0.020541770430567968)	('lDLPFC_to_lPTL_T2', -0.01951989953170974)	('lSMA_to_lIFG_T2', 0.018346985083460846)	('lDLPFC_to_lPTL_T1', 0.018042959755514273)	('lDLPFC_to_lIFG_T1', 0.017799392207187903)	('L_IFGorb_T1', -0.017343034258057013)	('Age', -0.014890191549656678)	('L_DLPFC', -0.013715849697869672)	('rIFG_to_lIFG_T2', 0.013244000621974597)	('lIFG_to_lPTL_T2', 0.012644289122825988)	('L_SMA_T2', 0.01211037930096241)	('lPTL_to_lIFG_T2', -0.011971636041948078)	('lPTL_to_lIFG_T1', 0.011886502566690693)	('L_DLPFC_T2', -0.011637572108963776)	('L_IFGorb_T2', 0.008080434085935577)	('L_SMA_T1', 0.007780146092276474)	('L_PTL', 0.0076723124426982215)	('rDLPFC_to_lPTL_T2', 0.007248366424168171)	('R_IFGorb_T1', -0.007088398822719773)	('T1', 0.0061437905546004356)	('L_PTL_T2', 0.005864040411590182)	('rDLPFC_to_lIFG_T1', 0.005642144763216378)	('L_IFGorb', 0.005493207644774388)	('L_PTL_T1', 0.005390986543691802)	('lSMA_to_lPTL_T2', 0.0038617705904829573)	('L_SMA', 0.0037616714490933414)	('T2', -0.0037124689873807163)	('rDLPFC_to_lPTL_T1', 0.003329595572292594)	('lSMA_to_lPTL_T1', 0.003304159390760465)	('rDLPFC_to_lIFG_T2', 0.003260149013637585)	('R_IFGorb_T2', 0.002096886475451755)	('lDLPFC_to_lIFG_T2', -0.0016897735082530123)	('R_DLPFC_T2', -0.0014608183717658044)	('lIFG_to_lPTL_T1', 0.0009378371449217037)	('rIFG_to_lIFG_T1', -0.0005353690775892405)	
