predictors	pearson_correlation	mean_squared_error	r2	
rois + act_t1 + act_t2 + conn_t1 + conn_t2 + age + T1 + T2	-0.08189566455734744	0.08669091991850926	-0.09741179166656133	('L_PTL_T2', 0.012546678160111341)	('lSMA_to_lIFG_T2', 0.010615768521829473)	('rDLPFC_to_lPTL_T1', 0.010368428294067426)	('L_DLPFC_T1', 0.008701204632772732)	('lDLPFC_to_lIFG_T1', 0.008561903456233644)	('Age', 0.008301681433518854)	('rDLPFC_to_lIFG_T1', -0.006864087673313949)	('lPTL_to_lIFG_T2', -0.006284841754728212)	('L_IFGorb_T2', 0.006174096376348419)	('lSMA_to_lIFG_T1', 0.0061642107071624135)	('rIFG_to_lIFG_T2', 0.005928014904269451)	('R_IFGorb_T2', 0.005478136806649332)	('rDLPFC_to_lIFG_T2', 0.005457034472296286)	('L_PTL', 0.005403245691820208)	('T2', 0.004704661720033268)	('L_SMA_T1', 0.004623841130020081)	('lIFG_to_lPTL_T1', -0.0039204840969342255)	('lDLPFC_to_lPTL_T1', 0.003786091838826309)	('lPTL_to_lIFG_T1', -0.003689072585436839)	('T1', -0.0027529003348567005)	('L_IFGorb_T1', 0.002683948543441156)	('L_DLPFC_T2', -0.002596807457186922)	('rDLPFC_to_lPTL_T2', 0.0019904314453963157)	('R_DLPFC_T1', 0.0018415516324864747)	('lDLPFC_to_lPTL_T2', 0.0017009173141086557)	('L_PTL_T1', 0.0016176079772440234)	('lDLPFC_to_lIFG_T2', 0.0015362296554475682)	('R_IFGorb_T1', 0.0015170518273919407)	('L_SMA', 0.0012498847983332467)	('lSMA_to_lPTL_T1', 0.0012214887560534962)	('lIFG_to_lPTL_T2', -0.0011763284672212941)	('L_DLPFC', -0.0009766900840655391)	('L_SMA_T2', 0.0007337110223595319)	('R_DLPFC_T2', -0.0006822243141018483)	('lSMA_to_lPTL_T2', -0.0006271524693218406)	('rIFG_to_lIFG_T1', -0.0005344348780484554)	('L_IFGorb', -0.0004371824707115791)	
