predictors	pearson_correlation	mean_squared_error	r2	
rois + act_t1 + act_t2 + conn_t1 + conn_t2 + age + T1 + T2	-0.02330578623920172	0.08722426100690313	-0.1041633038195513	('lDLPFC_to_lPTL_T2', 0.03277745339047386)	('L_SMA', 0.028767300227465428)	('T2', 0.026497834120651556)	('lSMA_to_lPTL_T2', 0.023888531209921755)	('L_SMA_T2', 0.023137847807464695)	('L_PTL_T2', 0.019895997949795418)	('lPTL_to_lIFG_T1', 0.017736504250679228)	('R_DLPFC_T1', -0.016364668280978788)	('L_DLPFC', -0.015599887827042653)	('rIFG_to_lIFG_T1', -0.014528000136850376)	('L_PTL', -0.013531415364494577)	('lSMA_to_lPTL_T1', -0.012204886899518989)	('rDLPFC_to_lPTL_T1', 0.012183006653873849)	('lSMA_to_lIFG_T2', -0.011881310563778169)	('lDLPFC_to_lIFG_T2', 0.011685194827951918)	('lIFG_to_lPTL_T1', -0.010981541886102566)	('lIFG_to_lPTL_T2', 0.010235823223607615)	('Age', 0.009839369985066376)	('L_DLPFC_T2', -0.008724845850630665)	('rIFG_to_lIFG_T2', -0.007743446985970922)	('R_IFGorb_T2', 0.007627310884133936)	('rDLPFC_to_lIFG_T1', 0.007186338736511174)	('L_IFGorb', 0.0071294163837177064)	('R_IFGorb_T1', 0.005486931267944037)	('lSMA_to_lIFG_T1', 0.005266511820836531)	('R_DLPFC_T2', -0.0052098220411661246)	('lDLPFC_to_lIFG_T1', 0.005072262497046018)	('lPTL_to_lIFG_T2', 0.004868640780454762)	('lDLPFC_to_lPTL_T1', -0.0047057757168493435)	('L_DLPFC_T1', 0.004313990280917894)	('L_IFGorb_T2', -0.0030308272573311185)	('rDLPFC_to_lPTL_T2', 0.002281141509432547)	('rDLPFC_to_lIFG_T2', 0.001480499750886561)	('L_IFGorb_T1', -0.00126905713209581)	('T1', 0.0008675839246164075)	('L_PTL_T1', -0.0008435911095003546)	('L_SMA_T1', -0.00036649291345403745)	
