predictors	pearson_correlation	mean_squared_error	r2	
rois + act_t1 + act_t2 + conn_t1 + conn_t2 + age + T1 + T2	0.3589424711550705	0.0799679982216338	0.12865074091739315	('L_IFGorb', 0.025787871906500108)	('lDLPFC_to_lPTL_T2', 0.02511160541398987)	('L_PTL_T2', 0.02350702434753799)	('L_PTL_T1', 0.021393166856930622)	('lSMA_to_lPTL_T1', 0.020785862516475035)	('lSMA_to_lPTL_T2', 0.015195106173817934)	('lIFG_to_lPTL_T2', -0.015031207989019841)	('lSMA_to_lIFG_T2', 0.01419732986102816)	('L_SMA', 0.013750018159604194)	('rDLPFC_to_lIFG_T2', 0.013000748950888192)	('lIFG_to_lPTL_T1', 0.012005465104224637)	('lDLPFC_to_lPTL_T1', -0.01070492196934315)	('R_DLPFC_T1', -0.009068824372743832)	('lSMA_to_lIFG_T1', 0.009025948222251112)	('L_PTL', 0.008792262759437109)	('rDLPFC_to_lIFG_T1', -0.008783967622152902)	('lPTL_to_lIFG_T2', -0.008288711791583176)	('rDLPFC_to_lPTL_T1', 0.008104093185637564)	('lDLPFC_to_lIFG_T2', -0.00803742277315878)	('lPTL_to_lIFG_T1', -0.007525726612855567)	('L_DLPFC', 0.007163238886124117)	('L_IFGorb_T2', 0.005529503016300969)	('R_IFGorb_T1', 0.00534793004418758)	('T1', 0.004833625419503601)	('T2', 0.0043750369386323824)	('Age', 0.004260202518763522)	('L_SMA_T1', -0.004034033569276106)	('L_DLPFC_T1', 0.003656388939684559)	('R_DLPFC_T2', 0.0031643267054227856)	('L_DLPFC_T2', -0.0024251731277886487)	('L_IFGorb_T1', 0.0022597473329457112)	('R_IFGorb_T2', 0.001935108192289146)	('lDLPFC_to_lIFG_T1', 0.0014838002494400111)	('rIFG_to_lIFG_T2', -0.0010463526421896846)	('rDLPFC_to_lPTL_T2', 0.0007418363564604158)	('rIFG_to_lIFG_T1', 0.00027178754493426194)	('L_SMA_T2', -9.096806021178563e-05)	
