predictors	pearson_correlation	mean_squared_error	r2	
rois + act_t1 + act_t2 + conn_t1 + conn_t2 + age + T1 + T2	0.15145858137535367	0.07859947702289116	0.005016984652745582	('L_IFGorb_T1', 0.020475110750564365)	('L_DLPFC', 0.019039824991953266)	('lIFG_to_lPTL_T1', -0.017151340850059725)	('L_PTL_T2', 0.015994250502784406)	('lDLPFC_to_lIFG_T2', 0.012482625421080322)	('L_IFGorb', 0.011664941316256453)	('rDLPFC_to_lIFG_T1', 0.011417835655311475)	('lDLPFC_to_lIFG_T1', 0.011193797496884204)	('L_IFGorb_T2', 0.011052022799515844)	('lDLPFC_to_lPTL_T1', 0.010607999515362102)	('lSMA_to_lPTL_T1', 0.010060189331384485)	('lSMA_to_lIFG_T1', 0.009975179168969998)	('T1', 0.00931261984696556)	('L_PTL_T1', 0.007713951767370875)	('L_SMA_T1', 0.007524656306362065)	('rDLPFC_to_lPTL_T2', -0.007280236898751646)	('lSMA_to_lPTL_T2', 0.00653082636966734)	('rDLPFC_to_lPTL_T1', 0.006434799137346938)	('rDLPFC_to_lIFG_T2', 0.006413754805926873)	('L_PTL', 0.005130973724812832)	('rIFG_to_lIFG_T1', 0.00512876032581245)	('T2', 0.005013105048147832)	('R_DLPFC_T1', 0.004533144602915678)	('rIFG_to_lIFG_T2', -0.004072220070235553)	('L_SMA', 0.0034706372588968974)	('lIFG_to_lPTL_T2', 0.001422890685325036)	('lPTL_to_lIFG_T1', -0.0013506649346060765)	('Age', 0.0013247701854277104)	('R_DLPFC_T2', -0.0013027227027681946)	('R_IFGorb_T2', -0.0010073496137308828)	('L_SMA_T2', -0.0008104375041588976)	('R_IFGorb_T1', 0.0007349430157416095)	('lSMA_to_lIFG_T2', -0.0006414852992639043)	('lPTL_to_lIFG_T2', -0.0003150386901700209)	('L_DLPFC_T1', 0.00017782591110846003)	('L_DLPFC_T2', 0.00016382748707151576)	('lDLPFC_to_lPTL_T2', -9.456773910016354e-06)	
