predictors	pearson_correlation	mean_squared_error	r2	
rois + act_t1 + act_t2 + conn_t1 + conn_t2 + age + T1 + T2	0.09095482203978776	0.09569186247055556	-0.2113538342935648	('L_DLPFC_T1', 0.018052029835677545)	('T1', 0.017982168453324787)	('R_DLPFC_T1', 0.0171809710320225)	('lSMA_to_lIFG_T1', 0.016394610909343594)	('lDLPFC_to_lIFG_T2', 0.016371082324171102)	('L_SMA_T2', 0.015495439395866287)	('lIFG_to_lPTL_T2', 0.01248041918203806)	('L_PTL_T1', 0.011912553740387447)	('lSMA_to_lIFG_T2', -0.011563083613234965)	('rIFG_to_lIFG_T2', -0.008415665054162039)	('L_SMA_T1', 0.00810159062168513)	('rDLPFC_to_lPTL_T1', 0.008069310166432034)	('lSMA_to_lPTL_T2', 0.008054504685520205)	('L_IFGorb_T2', 0.007523193040393973)	('T2', -0.007487929377294846)	('L_SMA', 0.006816854043739809)	('Age', 0.00664048966156146)	('L_DLPFC_T2', -0.0066206561484434745)	('rIFG_to_lIFG_T1', -0.006349185319005407)	('L_DLPFC', 0.005973321440572245)	('lSMA_to_lPTL_T1', 0.00511153349369411)	('rDLPFC_to_lIFG_T2', 0.004107523644896257)	('L_IFGorb_T1', -0.003971823597877931)	('lDLPFC_to_lIFG_T1', 0.0036979739403276484)	('lPTL_to_lIFG_T2', 0.0029650318039275416)	('L_PTL', -0.0027976395165147856)	('rDLPFC_to_lPTL_T2', -0.0027546032126075063)	('L_PTL_T2', 0.0024436753985478295)	('R_IFGorb_T1', 0.0019514839988992209)	('lDLPFC_to_lPTL_T2', 0.0019274621750260143)	('rDLPFC_to_lIFG_T1', -0.0015928233212305245)	('lDLPFC_to_lPTL_T1', -0.0013273884138804292)	('lPTL_to_lIFG_T1', 0.0009584693241914314)	('R_IFGorb_T2', -0.0009198724208814741)	('L_IFGorb', -0.0007570561870849987)	('R_DLPFC_T2', -0.0007482772775719286)	('lIFG_to_lPTL_T1', -0.0005509328852065843)	
