predictors	pearson_correlation	mean_squared_error	r2	
rois + act_t1 + act_t2 + conn_t1 + conn_t2 + age + T1 + T2	0.007104518231888534	0.08291581027171874	-0.04962305156417868	('L_DLPFC_T2', 0.017364954453707837)	('lSMA_to_lIFG_T1', 0.016781874600602504)	('L_SMA_T1', 0.015054979435044429)	('R_IFGorb_T1', 0.014577236395036218)	('L_DLPFC', 0.011928316430660627)	('lSMA_to_lPTL_T1', -0.010624426492055325)	('rDLPFC_to_lPTL_T1', 0.01017691969950983)	('T1', 0.00938677288326468)	('rDLPFC_to_lIFG_T2', -0.009071806381991517)	('Age', 0.008844415979290718)	('lPTL_to_lIFG_T1', 0.008647349040522799)	('L_DLPFC_T1', 0.008592580481073517)	('lSMA_to_lPTL_T2', 0.008176511534338647)	('R_DLPFC_T1', 0.0074810380848841914)	('lDLPFC_to_lPTL_T1', -0.006596970266438904)	('L_SMA', 0.005745359981464899)	('rIFG_to_lIFG_T1', -0.005653188032410823)	('L_SMA_T2', 0.00552366387693988)	('lDLPFC_to_lIFG_T2', 0.005113802189881644)	('lPTL_to_lIFG_T2', 0.0050962482799974135)	('R_DLPFC_T2', 0.0050942532266765855)	('rDLPFC_to_lPTL_T2', -0.004881974384827645)	('lIFG_to_lPTL_T1', 0.004840118907146213)	('lDLPFC_to_lPTL_T2', -0.004262437172666696)	('L_IFGorb', -0.004173246070726239)	('lSMA_to_lIFG_T2', 0.004128829923922442)	('lDLPFC_to_lIFG_T1', -0.0038233813735441694)	('L_PTL_T2', -0.0031670788301793973)	('T2', 0.003139656888266031)	('L_IFGorb_T2', 0.0026090072530949005)	('L_PTL', -0.002316864877817835)	('R_IFGorb_T2', 0.002202719378428149)	('rIFG_to_lIFG_T2', 0.0017321195312199557)	('lIFG_to_lPTL_T2', 0.0015983101755008883)	('L_PTL_T1', -0.0008758833094577261)	('L_IFGorb_T1', -0.00042732566165513844)	('rDLPFC_to_lIFG_T1', -0.00017924353965505336)	
