predictors	pearson_correlation	mean_squared_error	r2	
rois + act_t1 + act_t2 + conn_t1 + conn_t2 + age + T1 + T2	0.1220583623254158	0.09109831408348534	0.007372320858654913	('rDLPFC_to_lPTL_T2', 0.03366202061303044)	('L_IFGorb', -0.024440265551920005)	('lDLPFC_to_lIFG_T1', 0.020397959406594238)	('R_DLPFC_T1', 0.018900717112373584)	('L_SMA', 0.01887977192638361)	('lSMA_to_lPTL_T2', 0.017641071486942512)	('L_DLPFC', -0.016881243361140243)	('R_IFGorb_T2', -0.014457994164527782)	('L_SMA_T1', 0.013670272286980747)	('lSMA_to_lIFG_T1', 0.013409198758895081)	('rDLPFC_to_lIFG_T2', 0.013108601586861085)	('lPTL_to_lIFG_T2', 0.012786522606333135)	('rIFG_to_lIFG_T1', -0.012718073498547661)	('L_DLPFC_T1', 0.012705481517801522)	('lDLPFC_to_lIFG_T2', -0.012226620757701876)	('L_PTL', 0.01172963791206741)	('R_IFGorb_T1', 0.010651822180078638)	('L_PTL_T2', -0.009644529391868996)	('T1', -0.009542925003782775)	('lSMA_to_lIFG_T2', -0.009527862812453198)	('rDLPFC_to_lPTL_T1', 0.008388652751518148)	('L_PTL_T1', 0.008035329959771012)	('lPTL_to_lIFG_T1', 0.007721766222524328)	('rDLPFC_to_lIFG_T1', -0.007360692825124097)	('R_DLPFC_T2', 0.007346689093935235)	('L_DLPFC_T2', 0.005951056428286488)	('lIFG_to_lPTL_T1', 0.005387760577104371)	('L_IFGorb_T1', -0.0050590513463228785)	('lDLPFC_to_lPTL_T2', -0.004232663384499379)	('L_SMA_T2', 0.0037041611753627765)	('rIFG_to_lIFG_T2', 0.0036592501044387803)	('T2', -0.00288076814690079)	('lIFG_to_lPTL_T2', -0.002645534490305232)	('lSMA_to_lPTL_T1', -0.002269431762959615)	('Age', 0.001999014886049864)	('L_IFGorb_T2', -0.0016269295715318167)	('lDLPFC_to_lPTL_T1', 0.0006526400446817297)	
