predictors	pearson_correlation	mean_squared_error	r2	
rois + act_t1 + act_t2 + conn_t1 + conn_t2 + age + T1 + T2	0.060242111716729066	0.080279467852771	-0.016249853308310414	('L_DLPFC', 0.01680926453358725)	('R_DLPFC_T1', 0.014824986417011108)	('R_IFGorb_T1', 0.01390792882822871)	('L_IFGorb', 0.012631991564278354)	('lDLPFC_to_lIFG_T2', 0.010922146100524511)	('L_SMA', 0.010914402330411115)	('lSMA_to_lIFG_T1', 0.00926699287987581)	('L_PTL_T2', 0.009226283969486526)	('lIFG_to_lPTL_T1', 0.008826693511306155)	('lSMA_to_lPTL_T2', 0.007985602591581311)	('L_SMA_T1', 0.007898974299707338)	('lPTL_to_lIFG_T1', 0.007157074110248274)	('T1', 0.006479392898343133)	('rDLPFC_to_lIFG_T1', -0.006000629680000308)	('L_IFGorb_T2', 0.005594429749954656)	('lSMA_to_lPTL_T1', -0.0055928058610549385)	('lPTL_to_lIFG_T2', 0.005420678777073694)	('L_DLPFC_T2', -0.004683496063020345)	('R_DLPFC_T2', 0.00463798539563035)	('T2', 0.004566489957019566)	('rIFG_to_lIFG_T1', 0.004484286797222136)	('L_PTL', -0.004390390015628059)	('rDLPFC_to_lPTL_T2', -0.004013951503178498)	('R_IFGorb_T2', -0.0034620825678695934)	('lIFG_to_lPTL_T2', 0.0020575606629826453)	('lSMA_to_lIFG_T2', 0.001632165494058768)	('Age', -0.001417389761680134)	('rDLPFC_to_lIFG_T2', -0.001386740559629137)	('L_IFGorb_T1', -0.0013235682170701804)	('rDLPFC_to_lPTL_T1', 0.00121949029078616)	('rIFG_to_lIFG_T2', 0.0010883694649245622)	('lDLPFC_to_lIFG_T1', 0.0009550896633403082)	('L_SMA_T2', 0.0007381702796985825)	('lDLPFC_to_lPTL_T1', 0.0006964382487190282)	('L_PTL_T1', -0.0004246202480427137)	('lDLPFC_to_lPTL_T2', 9.703728640364243e-05)	('L_DLPFC_T1', -1.662594136553517e-05)	
