predictors	pearson_correlation	mean_squared_error	r2	
rois + act_t1 + act_t2 + conn_t1 + conn_t2 + age + T1 + T2	0.031692945662058956	0.10576035049425031	-0.15238851906826012	('rDLPFC_to_lPTL_T2', 0.019332022659004917)	('Age', -0.01621885754151546)	('L_SMA_T1', 0.015222002442698532)	('lSMA_to_lPTL_T2', 0.014685065725848647)	('lSMA_to_lIFG_T2', -0.013901798825921732)	('rDLPFC_to_lIFG_T1', 0.013228279232570764)	('rDLPFC_to_lIFG_T2', 0.01224483410742857)	('L_IFGorb_T2', 0.01205489092481956)	('L_IFGorb_T1', -0.011925779687533613)	('T2', 0.01120964239360947)	('L_PTL_T1', 0.0110518147981479)	('lPTL_to_lIFG_T1', 0.011046713339086533)	('rDLPFC_to_lPTL_T1', 0.01052598843910619)	('L_DLPFC_T2', 0.009369407686021501)	('L_PTL_T2', 0.007735216689273289)	('R_DLPFC_T2', -0.006953404305675013)	('lDLPFC_to_lIFG_T1', -0.0058340459341392715)	('L_SMA', 0.0055740899473726655)	('R_IFGorb_T2', 0.005525252684931551)	('L_SMA_T2', 0.0050923968195529905)	('rIFG_to_lIFG_T2', 0.005052463406308999)	('lDLPFC_to_lIFG_T2', 0.004946083365094381)	('L_DLPFC', 0.004497635787215841)	('L_PTL', -0.0044634318327075075)	('lDLPFC_to_lPTL_T2', 0.004039946913088628)	('T1', -0.003949698583906515)	('lPTL_to_lIFG_T2', -0.003632737823641771)	('L_IFGorb', -0.0031311193116362215)	('rIFG_to_lIFG_T1', 0.0029667020763120364)	('lIFG_to_lPTL_T1', 0.002900992071678769)	('lSMA_to_lPTL_T1', 0.0025773945237028313)	('R_IFGorb_T1', 0.0016280180703821467)	('R_DLPFC_T1', 0.0014236951045780352)	('lIFG_to_lPTL_T2', 0.0011751771318170249)	('lSMA_to_lIFG_T1', -0.0009817515858873435)	('lDLPFC_to_lPTL_T1', 0.0005100752401632895)	('L_DLPFC_T1', -0.00018382738319608688)	
