predictors	pearson_correlation	mean_squared_error	r2	
rois + act_t1 + act_t2 + conn_t1 + conn_t2 + age + T1 + T2	0.00635278457981564	0.08103640508083626	-0.025831846905922218	('rDLPFC_to_lPTL_T2', 0.021967633028891317)	('lSMA_to_lPTL_T2', 0.02127502978317547)	('L_PTL_T2', 0.020774448894393137)	('lSMA_to_lPTL_T1', 0.019669406343553127)	('L_DLPFC_T2', -0.014767960308768566)	('rIFG_to_lIFG_T1', 0.012470357504377232)	('L_DLPFC', 0.011724967331568383)	('lDLPFC_to_lIFG_T1', 0.010372315587792206)	('rDLPFC_to_lIFG_T2', 0.00992195410495155)	('L_PTL_T1', 0.008495834720779184)	('rIFG_to_lIFG_T2', 0.00790970541636346)	('L_PTL', 0.007679806911091786)	('T2', 0.007577917103045477)	('rDLPFC_to_lPTL_T1', -0.0075629119262821225)	('R_IFGorb_T1', 0.006993909144350482)	('lDLPFC_to_lPTL_T1', -0.006438037074229879)	('lIFG_to_lPTL_T2', -0.005603761291999781)	('R_IFGorb_T2', 0.0052690525628218115)	('lPTL_to_lIFG_T1', 0.004692860839163037)	('R_DLPFC_T2', -0.004520096626513278)	('L_SMA_T1', -0.00446409995258717)	('lDLPFC_to_lIFG_T2', 0.004381742242172459)	('lIFG_to_lPTL_T1', -0.004292913892430904)	('R_DLPFC_T1', -0.0036069252177861055)	('lDLPFC_to_lPTL_T2', -0.0035067442647478794)	('T1', 0.003069919170834548)	('L_IFGorb_T1', 0.003011025597630623)	('lPTL_to_lIFG_T2', 0.002870150489916618)	('L_SMA', 0.0017048790753181073)	('L_SMA_T2', -0.0008992617158430912)	('lSMA_to_lIFG_T1', 0.0007585228426998643)	('L_IFGorb', -0.0005914950350770843)	('L_IFGorb_T2', 0.0005284781699505878)	('L_DLPFC_T1', 0.0004908807999375969)	('lSMA_to_lIFG_T2', 0.00017499927560166756)	('rDLPFC_to_lIFG_T1', 3.1141910691139144e-05)	('Age', -5.686519846564512e-06)	
