predictors	pearson_correlation	mean_squared_error	r2	
rois + act_t1 + act_t2 + conn_t1 + conn_t2 + age + T1 + T2	0.06931409061127765	0.09431152341384415	-0.02763952927576585	('L_PTL_T2', -0.015381075088301742)	('L_DLPFC_T1', 0.015330831505246013)	('lDLPFC_to_lPTL_T1', 0.012705292476944645)	('L_SMA_T2', -0.012290015102676173)	('L_PTL_T1', 0.01028572807316133)	('T1', 0.010218318430552544)	('L_SMA_T1', 0.009012068534633691)	('L_DLPFC', -0.008642306366792687)	('rDLPFC_to_lIFG_T2', 0.008013631899412574)	('rIFG_to_lIFG_T2', -0.007826133411147138)	('lDLPFC_to_lIFG_T1', 0.007592621607328643)	('lIFG_to_lPTL_T1', 0.007265259070948501)	('lDLPFC_to_lIFG_T2', 0.006670754584960321)	('lPTL_to_lIFG_T2', 0.00656936828629289)	('R_IFGorb_T2', 0.0065355792985565715)	('rDLPFC_to_lPTL_T1', 0.006456855616003432)	('T2', -0.0058479135273802815)	('Age', 0.005628516565747588)	('L_SMA', 0.004675770293395105)	('rDLPFC_to_lIFG_T1', 0.004543015038809102)	('lSMA_to_lIFG_T1', -0.004298645063845401)	('lIFG_to_lPTL_T2', -0.0036154920169593112)	('L_IFGorb_T2', 0.002971855753975073)	('L_PTL', -0.0026725493359321417)	('lSMA_to_lPTL_T1', 0.00224129008025667)	('lDLPFC_to_lPTL_T2', -0.002063429606025909)	('L_IFGorb', 0.002003800392500767)	('lSMA_to_lPTL_T2', 0.0014941617464051802)	('rIFG_to_lIFG_T1', 0.0014191811654005206)	('R_IFGorb_T1', -0.0012537256704668346)	('R_DLPFC_T1', 0.0011305747546955186)	('L_IFGorb_T1', 0.0008073684420000372)	('rDLPFC_to_lPTL_T2', -0.0007785937931029267)	('lSMA_to_lIFG_T2', 0.00040791826798580505)	('L_DLPFC_T2', -0.0003508329911133981)	('lPTL_to_lIFG_T1', 0.0002616447155788578)	('R_DLPFC_T2', -0.00024770060573724433)	
