predictors	pearson_correlation	mean_squared_error	r2	
rois + act_t1 + act_t2 + conn_t1 + conn_t2 + age + T1 + T2	0.20627497242893525	0.07566872734208865	0.042117055354025434	('R_IFGorb_T2', 0.01939577982883297)	('rDLPFC_to_lIFG_T2', 0.017934274073722535)	('lPTL_to_lIFG_T2', 0.015340256642965214)	('rIFG_to_lIFG_T2', -0.014886137161110705)	('L_SMA_T2', -0.014094407860425097)	('R_DLPFC_T1', 0.01355052808627817)	('rDLPFC_to_lPTL_T1', 0.012508861624020573)	('lSMA_to_lPTL_T2', 0.011841937030455683)	('lDLPFC_to_lPTL_T1', 0.011113075074592233)	('lSMA_to_lIFG_T2', -0.010754485746221672)	('rIFG_to_lIFG_T1', 0.010162827667764922)	('L_SMA', 0.010038378656888391)	('lIFG_to_lPTL_T2', -0.00973667690401607)	('L_DLPFC_T1', -0.009669273514413225)	('L_PTL_T2', -0.00853599503977032)	('Age', 0.008339407605041762)	('lDLPFC_to_lPTL_T2', 0.007813099189836675)	('rDLPFC_to_lIFG_T1', 0.005943242258789486)	('R_IFGorb_T1', 0.005645163670833388)	('L_DLPFC', 0.005400480328500189)	('L_PTL_T1', 0.005050119721148529)	('L_IFGorb', 0.004520721003496776)	('lIFG_to_lPTL_T1', -0.004310752208225492)	('L_IFGorb_T2', -0.0040126025228902585)	('L_PTL', 0.003756000081696744)	('L_SMA_T1', 0.003448801271352345)	('R_DLPFC_T2', 0.0034185946054287996)	('T1', 0.0033585770306107897)	('rDLPFC_to_lPTL_T2', -0.003129256899479945)	('L_DLPFC_T2', -0.002526100027997082)	('T2', 0.0025206530029375884)	('lSMA_to_lPTL_T1', 0.002406421483620978)	('lSMA_to_lIFG_T1', 0.0023782946291868294)	('lDLPFC_to_lIFG_T1', 0.0021819833521223783)	('lDLPFC_to_lIFG_T2', 0.0008825275424331353)	('L_IFGorb_T1', -0.0008073944007675628)	('lPTL_to_lIFG_T1', 0.0008027672196270797)	
