predictors	pearson_correlation	mean_squared_error	r2	
rois + act_t1 + act_t2 + conn_t1 + conn_t2 + age + T1 + T2	-0.03899414671647261	0.08519733886442635	-0.07850469664321724	('lPTL_to_lIFG_T2', 0.01674601003778033)	('lDLPFC_to_lPTL_T1', 0.010952895460789126)	('rDLPFC_to_lPTL_T2', 0.010305695671060816)	('L_DLPFC_T2', -0.010276786833519201)	('lDLPFC_to_lIFG_T2', 0.00985520990503888)	('L_SMA_T2', 0.009742925398621292)	('rDLPFC_to_lPTL_T1', 0.007365104623357594)	('R_DLPFC_T1', 0.007117693304619031)	('L_IFGorb_T1', 0.00702229226103115)	('R_IFGorb_T2', 0.006992927786964961)	('L_SMA_T1', 0.006170058353857075)	('rIFG_to_lIFG_T2', 0.006164346060970716)	('rDLPFC_to_lIFG_T2', 0.0060394513933384845)	('L_PTL_T1', 0.005694940128037876)	('L_PTL', 0.0056654753848075935)	('lIFG_to_lPTL_T1', 0.005665307272279539)	('rDLPFC_to_lIFG_T1', 0.004911872956794017)	('L_DLPFC_T1', 0.004859060472642267)	('L_IFGorb_T2', 0.00458109676128793)	('T1', -0.004554655013822612)	('Age', -0.00433446521174164)	('lDLPFC_to_lPTL_T2', 0.0029793651195244675)	('lSMA_to_lIFG_T2', 0.0029628721721700973)	('R_DLPFC_T2', 0.0025115413751713987)	('lSMA_to_lPTL_T2', -0.0024624545995400398)	('L_SMA', -0.0024331911035273416)	('rIFG_to_lIFG_T1', 0.0022312486255054503)	('L_PTL_T2', -0.0020086907116414303)	('L_IFGorb', 0.0019925868666378684)	('lSMA_to_lPTL_T1', 0.0017339213564970548)	('lPTL_to_lIFG_T1', 0.000982700676145801)	('L_DLPFC', -0.0009809707979873657)	('lIFG_to_lPTL_T2', 0.0005507024772458925)	('lSMA_to_lIFG_T1', 0.0004625941962612639)	('lDLPFC_to_lIFG_T1', -0.0004592832408239466)	('R_IFGorb_T1', -0.0004198613775445363)	('T2', -7.216787554331423e-05)	
