predictors	pearson_correlation	mean_squared_error	r2	
rois + act_t1 + act_t2 + conn_t1 + conn_t2 + age + T1 + T2	0.21796422751746128	0.0766608917337789	0.029557344328510315	('rIFG_to_lIFG_T1', 0.01981365020635885)	('L_SMA_T1', 0.01631213611494816)	('rDLPFC_to_lPTL_T1', 0.015123051620956214)	('L_DLPFC', 0.014723392329301326)	('T1', -0.012869289984823984)	('lDLPFC_to_lPTL_T1', 0.010099648692551914)	('L_DLPFC_T1', -0.009410212919701033)	('rDLPFC_to_lPTL_T2', 0.008537564897455456)	('lIFG_to_lPTL_T1', -0.008389317394678663)	('rDLPFC_to_lIFG_T1', 0.007942824573401702)	('lSMA_to_lPTL_T1', 0.007681882614278739)	('lPTL_to_lIFG_T1', 0.0075408203005825)	('L_PTL_T1', 0.006987436691463398)	('lPTL_to_lIFG_T2', 0.0064008277828370656)	('lDLPFC_to_lIFG_T2', 0.006278074223002893)	('R_IFGorb_T2', 0.006173708092384144)	('lDLPFC_to_lIFG_T1', -0.006150288739852453)	('lDLPFC_to_lPTL_T2', -0.0058690035699225235)	('L_IFGorb_T1', -0.005696215991903801)	('lSMA_to_lIFG_T2', 0.004365010264280093)	('Age', 0.003993742225711958)	('L_PTL_T2', -0.003886155547666489)	('T2', 0.0037117993055338565)	('R_IFGorb_T1', 0.0035693257403759996)	('L_SMA_T2', 0.0035588646114043665)	('lIFG_to_lPTL_T2', 0.003067603215573957)	('L_IFGorb_T2', 0.0029801693334931593)	('L_IFGorb', 0.0029739555448282822)	('L_SMA', -0.0027395940536292895)	('lSMA_to_lIFG_T1', -0.0026404776755005444)	('rDLPFC_to_lIFG_T2', 0.002618869066164905)	('R_DLPFC_T2', 0.0022588915363680575)	('L_PTL', 0.0018236652647241093)	('rIFG_to_lIFG_T2', 0.0015029722457772907)	('R_DLPFC_T1', 0.0008931000111041728)	('L_DLPFC_T2', 0.0005057665541589047)	('lSMA_to_lPTL_T2', 0.00039877797257895764)	
