predictors	pearson_correlation	mean_squared_error	r2	
rois + act_t1 + act_t2 + conn_t1 + conn_t2 + age + T1 + T2	0.0497559384620155	0.07899580788581179	-1.2859024822731158e-07	('R_DLPFC_T2', 0.013431695827055945)	('rIFG_to_lIFG_T1', 0.010617515946766997)	('lSMA_to_lPTL_T2', 0.009657664826881766)	('lSMA_to_lIFG_T2', 0.00904971189223393)	('L_IFGorb_T2', 0.008496386411153804)	('lSMA_to_lIFG_T1', 0.008474404346048939)	('lDLPFC_to_lPTL_T2', -0.007782193508429528)	('L_PTL_T2', 0.0077060853413274495)	('rIFG_to_lIFG_T2', 0.006625267406282293)	('T2', 0.006499947811948816)	('lDLPFC_to_lIFG_T2', 0.006406952954658576)	('L_PTL', 0.0055937587414639205)	('lPTL_to_lIFG_T2', 0.005107988987757729)	('R_DLPFC_T1', 0.004723602064303907)	('L_SMA_T1', -0.004551497935096311)	('lDLPFC_to_lPTL_T1', -0.00426712554885691)	('rDLPFC_to_lIFG_T1', 0.004085861504418108)	('L_SMA_T2', 0.0038386350896073306)	('L_DLPFC', 0.003830207083866861)	('L_DLPFC_T2', -0.0034946316997084147)	('R_IFGorb_T2', 0.0034399852262707318)	('Age', 0.003140987806622755)	('rDLPFC_to_lPTL_T2', 0.00289564840184267)	('R_IFGorb_T1', -0.0026712690086462673)	('lSMA_to_lPTL_T1', -0.002568383130413317)	('rDLPFC_to_lPTL_T1', 0.0021981934567677805)	('lIFG_to_lPTL_T1', 0.001820312487104776)	('rDLPFC_to_lIFG_T2', -0.0017245682248160981)	('lDLPFC_to_lIFG_T1', -0.0014839719406420638)	('L_IFGorb', 0.0014769178475533727)	('T1', -0.00102607644196616)	('L_SMA', 0.0009863871281294279)	('L_DLPFC_T1', 0.0009452915145685377)	('lIFG_to_lPTL_T2', 0.000888001776806637)	('lPTL_to_lIFG_T1', 0.0006751423192635111)	('L_PTL_T1', -0.0005316831053194042)	('L_IFGorb_T1', -7.570689385715318e-05)	
