predictors	pearson_correlation	mean_squared_error	r2	
rois + act_t1 + act_t2 + conn_t1 + conn_t2 + age + T1 + T2	-0.004274470385209387	0.09629529111413504	-0.049255107435540735	('Age', 0.019941500149057653)	('L_IFGorb_T2', 0.019358975741947282)	('L_DLPFC_T2', 0.0159149097629999)	('lDLPFC_to_lPTL_T2', 0.015493981327146203)	('lDLPFC_to_lPTL_T1', 0.014456024117589616)	('lIFG_to_lPTL_T1', 0.01197927402781942)	('L_IFGorb', 0.01152686549008002)	('lPTL_to_lIFG_T1', 0.009412657509535445)	('lSMA_to_lPTL_T1', -0.009158362950078847)	('lDLPFC_to_lIFG_T1', 0.008479161799879611)	('rIFG_to_lIFG_T1', 0.008301815421989163)	('lSMA_to_lPTL_T2', -0.008218884235570344)	('rDLPFC_to_lPTL_T2', -0.00702279514713806)	('lDLPFC_to_lIFG_T2', -0.0055640639826451815)	('rIFG_to_lIFG_T2', 0.005067263125967957)	('lIFG_to_lPTL_T2', 0.00498806314953443)	('R_DLPFC_T1', -0.004984201924633257)	('L_SMA_T2', -0.004906663238184588)	('L_DLPFC', -0.004619953698215317)	('lSMA_to_lIFG_T2', -0.004617192070223295)	('L_PTL_T2', 0.0043868027636671586)	('lPTL_to_lIFG_T2', -0.003729640852660212)	('rDLPFC_to_lPTL_T1', -0.003063425570123001)	('T2', 0.0030008378100344923)	('L_DLPFC_T1', -0.00289979523784231)	('L_PTL', 0.0028945681436959993)	('L_SMA', -0.002382194030785755)	('rDLPFC_to_lIFG_T2', 0.00207031975602925)	('L_PTL_T1', -0.0014577726680667286)	('L_SMA_T1', -0.0014135288367557587)	('lSMA_to_lIFG_T1', -0.0011842737150693703)	('R_IFGorb_T1', 0.0009258102826031852)	('R_IFGorb_T2', -0.0008207036870819119)	('L_IFGorb_T1', 0.0007490516279797766)	('R_DLPFC_T2', -0.0003452833091421217)	('rDLPFC_to_lIFG_T1', -0.0002054110561576524)	('T1', 9.283095817549124e-05)	
