predictors	pearson_correlation	mean_squared_error	r2	
rois + act_t1 + act_t2 + conn_t1 + conn_t2 + age + T1 + T2	-0.039754917579753135	0.08757531678656748	-0.10860728425600885	('Age', 0.024344581965611543)	('lSMA_to_lIFG_T1', 0.021875347004858454)	('R_IFGorb_T2', 0.0174887698175992)	('lDLPFC_to_lIFG_T2', 0.017389643572356554)	('rDLPFC_to_lPTL_T2', 0.016968811030544324)	('L_IFGorb_T1', 0.016579058220862645)	('rDLPFC_to_lIFG_T2', 0.016137649115766)	('L_SMA', 0.013931548185991802)	('L_DLPFC_T2', 0.01385278249640697)	('L_PTL_T1', 0.01283887657681225)	('lDLPFC_to_lIFG_T1', 0.012077148343753792)	('L_PTL', 0.010997150746308013)	('R_IFGorb_T1', 0.010433714761206917)	('lDLPFC_to_lPTL_T1', -0.010414788851823063)	('R_DLPFC_T1', 0.009999055494849139)	('rIFG_to_lIFG_T2', 0.009907299496525631)	('R_DLPFC_T2', 0.009758327955970841)	('L_DLPFC', -0.007944069719022472)	('T2', 0.006596566236686768)	('L_IFGorb_T2', 0.006222556882964781)	('L_PTL_T2', -0.006022743153781585)	('L_SMA_T1', 0.00601823340523438)	('L_IFGorb', 0.005504988748202625)	('lSMA_to_lPTL_T2', 0.005345285349372286)	('rDLPFC_to_lPTL_T1', -0.005310176611683107)	('rIFG_to_lIFG_T1', 0.005171379503043693)	('lIFG_to_lPTL_T1', 0.004959207439504459)	('T1', 0.004265695807246409)	('rDLPFC_to_lIFG_T1', -0.003087905335862924)	('lSMA_to_lPTL_T1', 0.0029460150010671158)	('lSMA_to_lIFG_T2', 0.0027154354719796004)	('lIFG_to_lPTL_T2', -0.0023856024251831883)	('lDLPFC_to_lPTL_T2', -0.0017547235957238686)	('lPTL_to_lIFG_T1', -0.0015249131410278087)	('lPTL_to_lIFG_T2', 0.0013172168127180274)	('L_DLPFC_T1', 0.0011996052884476356)	('L_SMA_T2', -0.0002710362036281681)	
