predictors	pearson_correlation	mean_squared_error	r2	
rois + act_t1 + act_t2 + conn_t1 + conn_t2 + age + T1 + T2	0.4120257153402725	0.08250649070264182	0.10099075702755356	('L_IFGorb_T2', 0.026497873577174168)	('T2', -0.026006302210911263)	('lDLPFC_to_lPTL_T2', -0.019486410846673106)	('Age', 0.01702654451451378)	('lSMA_to_lIFG_T1', -0.01614642230102533)	('L_SMA_T1', 0.014149786859529707)	('R_IFGorb_T2', 0.01396065427766078)	('lDLPFC_to_lIFG_T2', 0.013088335457008889)	('L_DLPFC_T2', 0.012307968283891146)	('lDLPFC_to_lIFG_T1', 0.011876981027852564)	('rDLPFC_to_lIFG_T2', -0.011578146984811943)	('lIFG_to_lPTL_T2', 0.010360041021465951)	('lDLPFC_to_lPTL_T1', 0.009750240660933933)	('lSMA_to_lPTL_T2', -0.009508816354166493)	('T1', -0.009080444161287286)	('L_DLPFC', -0.008144033104102116)	('R_DLPFC_T2', -0.006859991603702849)	('rDLPFC_to_lIFG_T1', 0.00682415029203139)	('L_DLPFC_T1', 0.0062398157198271225)	('L_PTL_T1', 0.006222510457782519)	('lPTL_to_lIFG_T2', 0.0061905649722850415)	('L_PTL_T2', -0.005632740655196702)	('L_PTL', 0.005577267279873184)	('lSMA_to_lIFG_T2', -0.005413346275697683)	('lPTL_to_lIFG_T1', -0.005182640786357592)	('rIFG_to_lIFG_T2', 0.005112315162936585)	('rIFG_to_lIFG_T1', 0.0038020469191677782)	('lIFG_to_lPTL_T1', -0.0035405074191729702)	('R_IFGorb_T1', 0.0034013627564969708)	('lSMA_to_lPTL_T1', 0.003118458911127448)	('L_IFGorb_T1', -0.002989458765925059)	('R_DLPFC_T1', -0.002636509907645863)	('rDLPFC_to_lPTL_T2', 0.002550107187513211)	('L_SMA_T2', -0.001588706805060635)	('L_SMA', 0.0008668458613953125)	('rDLPFC_to_lPTL_T1', 0.00023451238927866874)	('L_IFGorb', -0.00016770094100823955)	
