predictors	pearson_correlation	mean_squared_error	r2	
rois + act_t1 + act_t2 + conn_t1 + conn_t2 + age + T1 + T2	-0.11929129719559642	0.08441418916233528	-0.06859088192625773	('L_SMA_T2', 0.020631278309405816)	('L_SMA', 0.0168766366055826)	('Age', 0.014830191904745972)	('L_PTL_T2', 0.013983037395479686)	('lSMA_to_lIFG_T1', 0.013928855943119992)	('L_PTL', 0.01301861208185002)	('lDLPFC_to_lPTL_T1', 0.009534024664947465)	('rIFG_to_lIFG_T2', 0.009307983348564372)	('lPTL_to_lIFG_T1', 0.00863567699284638)	('rDLPFC_to_lPTL_T1', 0.00597259836433702)	('R_IFGorb_T1', 0.005788443840533201)	('L_IFGorb_T2', 0.005774363559322856)	('lDLPFC_to_lIFG_T1', 0.005358446505056143)	('lSMA_to_lIFG_T2', 0.005223034084085006)	('lDLPFC_to_lPTL_T2', -0.005106280327150138)	('L_DLPFC_T2', 0.004835259211475431)	('R_IFGorb_T2', 0.004314415495076738)	('L_DLPFC_T1', 0.003977204830228572)	('R_DLPFC_T2', 0.0036039677473165485)	('rDLPFC_to_lIFG_T1', 0.0033837271022917567)	('L_IFGorb_T1', -0.00329032299442095)	('T1', 0.0031420204870567245)	('R_DLPFC_T1', -0.00309173826392813)	('rDLPFC_to_lPTL_T2', -0.003078021228385396)	('lIFG_to_lPTL_T2', 0.0029501645214591917)	('L_PTL_T1', 0.0028081507073358524)	('lSMA_to_lPTL_T1', -0.002673121764730975)	('rIFG_to_lIFG_T1', 0.0026395442273797376)	('L_DLPFC', 0.002569511159047976)	('lDLPFC_to_lIFG_T2', -0.0017926962357780957)	('L_SMA_T1', 0.0013784946636179265)	('T2', -0.0012331744084966903)	('L_IFGorb', 0.0010413963493856753)	('rDLPFC_to_lIFG_T2', -0.0009864712991829701)	('lPTL_to_lIFG_T2', 0.00022981275507065926)	('lSMA_to_lPTL_T2', -0.00012316573304792697)	('lIFG_to_lPTL_T1', 3.295731051905406e-05)	
