predictors	pearson_correlation	mean_squared_error	r2	
rois + act_t1 + act_t2 + conn_t1 + conn_t2 + age + T1 + T2	0.08500341847547142	0.0989757915839703	-0.25292476854418844	('L_SMA', 0.039574181047915595)	('L_IFGorb_T1', 0.036442977059480394)	('L_PTL_T2', 0.02626275326801004)	('rDLPFC_to_lPTL_T1', 0.023335879589524943)	('lPTL_to_lIFG_T2', 0.018647032124029687)	('L_PTL', 0.017221671731809288)	('L_DLPFC', 0.016496280210673158)	('R_IFGorb_T2', 0.01626471483316348)	('Age', -0.015964593233022302)	('rDLPFC_to_lPTL_T2', 0.015132220538972369)	('L_DLPFC_T1', 0.01451278943067804)	('lDLPFC_to_lPTL_T1', 0.0136135636400354)	('L_PTL_T1', -0.012813052673025132)	('lDLPFC_to_lIFG_T1', 0.011631129609073204)	('lSMA_to_lIFG_T1', 0.011123997490292373)	('L_SMA_T2', 0.009509877428820625)	('L_IFGorb', 0.009127280151740708)	('R_DLPFC_T2', 0.009107602769247297)	('R_DLPFC_T1', -0.008321390648198729)	('T1', 0.007687278715559551)	('T2', 0.007037436341328083)	('lDLPFC_to_lPTL_T2', -0.006235243855551629)	('lSMA_to_lPTL_T2', -0.005021689004841508)	('R_IFGorb_T1', 0.003744781474249188)	('lSMA_to_lPTL_T1', -0.003714736810161765)	('rIFG_to_lIFG_T1', 0.0033224739161566517)	('L_SMA_T1', 0.0028802689172457824)	('L_IFGorb_T2', -0.002567678073139769)	('lIFG_to_lPTL_T2', -0.002253585198186057)	('lPTL_to_lIFG_T1', 0.001718283138568953)	('rIFG_to_lIFG_T2', 0.001639625270060382)	('lDLPFC_to_lIFG_T2', 0.0016101791547905894)	('lSMA_to_lIFG_T2', 0.001608553488288998)	('L_DLPFC_T2', 0.0012716476490635857)	('rDLPFC_to_lIFG_T1', -0.0009848549590733364)	('rDLPFC_to_lIFG_T2', 0.0007403048610899939)	('lIFG_to_lPTL_T1', 0.00015400099935509767)	
