predictors	pearson_correlation	mean_squared_error	r2	
rois + act_t1 + act_t2 + conn_t1 + conn_t2 + age + T1 + T2	0.04820660095219405	0.09318932327560421	-0.015411784668633244	('T2', 0.021147637352652314)	('L_DLPFC_T1', 0.020485519806551906)	('lPTL_to_lIFG_T1', 0.015077199938792259)	('Age', -0.014891565161381893)	('lIFG_to_lPTL_T2', 0.014545852796491598)	('L_SMA_T1', 0.013583540476515173)	('L_SMA', 0.012825082590999053)	('R_IFGorb_T1', 0.012468093422923867)	('L_IFGorb_T2', -0.01171192168433912)	('L_DLPFC', 0.010315358178610392)	('R_DLPFC_T2', 0.00908980864951534)	('L_PTL_T1', 0.008898093627823648)	('rIFG_to_lIFG_T2', -0.007591175223866824)	('lDLPFC_to_lPTL_T2', -0.007288390595848648)	('L_PTL', -0.007095644213199451)	('lSMA_to_lIFG_T2', -0.006591291954146126)	('R_DLPFC_T1', -0.006354667063054055)	('lIFG_to_lPTL_T1', 0.00613522526498138)	('rDLPFC_to_lIFG_T1', -0.00599820868797267)	('lSMA_to_lIFG_T1', -0.005922046445997138)	('R_IFGorb_T2', 0.004951149757433697)	('L_IFGorb_T1', 0.004749204821369462)	('lDLPFC_to_lIFG_T1', -0.0044051335434138715)	('lSMA_to_lPTL_T2', -0.004244728562707853)	('rDLPFC_to_lIFG_T2', -0.0035354337028730494)	('rDLPFC_to_lPTL_T2', -0.00349604270183195)	('lSMA_to_lPTL_T1', -0.003495193200918684)	('rIFG_to_lIFG_T1', -0.0031609024115550294)	('T1', -0.002953659763884556)	('L_IFGorb', 0.002929766536263785)	('lPTL_to_lIFG_T2', 0.0023673828443372003)	('lDLPFC_to_lPTL_T1', -0.0022746826822761844)	('rDLPFC_to_lPTL_T1', 0.0014716218546031203)	('L_PTL_T2', -0.0014155463732134234)	('L_SMA_T2', -0.0012787053109042453)	('L_DLPFC_T2', -0.000931971887710439)	('lDLPFC_to_lIFG_T2', 0.0007381502985654398)	
