predictors	pearson_correlation	mean_squared_error	r2	
rois + act_t1 + act_t2 + conn_t1 + conn_t2 + age + T1 + T2	0.0633922952926105	0.09538714115130659	-0.03935970158765012	('L_PTL_T1', 0.024612819571421543)	('lIFG_to_lPTL_T2', 0.0239899586395266)	('L_PTL_T2', 0.02371418614454029)	('L_DLPFC_T1', 0.021366276614640047)	('L_IFGorb', 0.015355502284426161)	('L_PTL', 0.014511835334229792)	('lIFG_to_lPTL_T1', 0.014468239250983584)	('rDLPFC_to_lIFG_T1', 0.01433992989143358)	('lSMA_to_lPTL_T1', 0.01201387874396017)	('lSMA_to_lIFG_T1', -0.011491777968756731)	('rDLPFC_to_lIFG_T2', 0.0109733609503904)	('R_IFGorb_T2', -0.01095314086857924)	('rIFG_to_lIFG_T2', -0.00940309023970809)	('L_DLPFC', 0.00879836333358155)	('T1', 0.008221902288817189)	('lPTL_to_lIFG_T1', -0.006488735057934274)	('T2', -0.006420647565010782)	('L_DLPFC_T2', -0.006061473114399189)	('L_IFGorb_T1', 0.005869687716753637)	('Age', 0.005061703733877446)	('L_IFGorb_T2', 0.004883111563141701)	('lPTL_to_lIFG_T2', -0.0046587661627390566)	('lDLPFC_to_lPTL_T1', 0.00461312467386995)	('L_SMA_T2', -0.0044879176349156774)	('lDLPFC_to_lIFG_T1', 0.004189607986098583)	('rDLPFC_to_lPTL_T2', -0.004161118336235737)	('L_SMA', 0.0031949678598425816)	('L_SMA_T1', 0.0026484566917584444)	('lDLPFC_to_lIFG_T2', -0.002235730596317128)	('lSMA_to_lPTL_T2', 0.002159461988494337)	('R_DLPFC_T1', 0.001820799934987032)	('rIFG_to_lIFG_T1', 0.0017946731098809911)	('lDLPFC_to_lPTL_T2', 0.0014066379613569898)	('rDLPFC_to_lPTL_T1', -0.0013916058204844434)	('R_IFGorb_T1', 0.0010314627280806601)	('R_DLPFC_T2', -0.0003071516619007298)	('lSMA_to_lIFG_T2', -0.00023092990285233412)	
