predictors	pearson_correlation	mean_squared_error	r2	
rois + act_t1 + act_t2 + conn_t1 + conn_t2 + age + T1 + T2	-0.038352299872962604	0.08397857123567326	-0.06307643762425208	('L_DLPFC_T2', 0.01737620089572121)	('T2', 0.013827680018101432)	('lSMA_to_lPTL_T1', -0.013737110168920251)	('lDLPFC_to_lPTL_T1', -0.0112693130795018)	('lPTL_to_lIFG_T2', 0.0112221581715702)	('lPTL_to_lIFG_T1', 0.010702257521288835)	('lDLPFC_to_lIFG_T1', 0.010433978474567689)	('L_DLPFC', 0.01035580822768676)	('rDLPFC_to_lPTL_T2', 0.009833403384259653)	('L_PTL_T2', 0.009492626812767906)	('rDLPFC_to_lPTL_T1', 0.009009771037623994)	('L_SMA_T2', 0.008953691645047116)	('lIFG_to_lPTL_T1', 0.008179159787047348)	('R_IFGorb_T2', -0.007533104991616976)	('lSMA_to_lPTL_T2', 0.007393144771370056)	('L_DLPFC_T1', 0.007390927382132006)	('lDLPFC_to_lIFG_T2', 0.0073206967837508834)	('R_DLPFC_T2', 0.006976220441247531)	('lSMA_to_lIFG_T1', 0.005520141561086753)	('L_SMA_T1', 0.005324273285258814)	('rDLPFC_to_lIFG_T2', 0.0053211009540585445)	('rIFG_to_lIFG_T1', 0.005129807275197918)	('L_PTL', -0.004527959832668196)	('L_IFGorb', -0.003882264216617602)	('L_SMA', 0.003715672735072072)	('R_DLPFC_T1', -0.003662671087306072)	('R_IFGorb_T1', -0.0034071109503852007)	('L_PTL_T1', 0.0033309557184652188)	('rDLPFC_to_lIFG_T1', -0.0033164162583832826)	('lIFG_to_lPTL_T2', 0.0026351058519409167)	('rIFG_to_lIFG_T2', 0.0025582147196423237)	('L_IFGorb_T2', 0.0024873587477508294)	('lSMA_to_lIFG_T2', 0.0020013416076101642)	('Age', -0.0015033085671564042)	('L_IFGorb_T1', 0.0013413764356695692)	('lDLPFC_to_lPTL_T2', 0.0007875070820819564)	('T1', -0.0004844947801763437)	
