predictors	pearson_correlation	mean_squared_error	r2	
rois + act_t1 + act_t2 + conn_t1 + conn_t2 + age + T1 + T2	0.026755659958081216	0.09545321220487069	-0.040079626618289454	('Age', 0.033857405550407976)	('rDLPFC_to_lIFG_T2', 0.019935009901513773)	('R_IFGorb_T1', 0.019271218535428587)	('lSMA_to_lIFG_T1', -0.019242930917127896)	('T2', 0.018127126480896406)	('L_DLPFC_T1', -0.01801562551428557)	('rIFG_to_lIFG_T2', 0.015750090132500883)	('lDLPFC_to_lPTL_T1', 0.014645697912934014)	('lSMA_to_lIFG_T2', 0.013964137154599075)	('R_DLPFC_T2', -0.013892561907278776)	('lDLPFC_to_lPTL_T2', 0.01368998273991823)	('T1', 0.01365925628121208)	('lDLPFC_to_lIFG_T1', 0.012791006464410497)	('L_DLPFC', 0.012027214859799075)	('L_SMA', 0.01108848630106624)	('lSMA_to_lPTL_T1', -0.009145999874374528)	('L_PTL', -0.009006783575838466)	('R_IFGorb_T2', 0.008935557969867784)	('rIFG_to_lIFG_T1', 0.008815808034783646)	('lSMA_to_lPTL_T2', 0.008220791184701265)	('L_DLPFC_T2', 0.007642450951998022)	('lIFG_to_lPTL_T2', 0.0072732631860791125)	('rDLPFC_to_lPTL_T1', -0.00712283743841164)	('L_SMA_T1', -0.006664212457199583)	('L_IFGorb_T2', -0.006473998431360821)	('L_IFGorb_T1', 0.005946224167528158)	('L_IFGorb', -0.00516761259409569)	('R_DLPFC_T1', 0.005068181143888884)	('L_PTL_T2', 0.0047939365836209506)	('rDLPFC_to_lPTL_T2', 0.003873845489767678)	('lDLPFC_to_lIFG_T2', 0.003092922025902686)	('L_SMA_T2', -0.0025063087263112603)	('lPTL_to_lIFG_T1', -0.0019687016650497295)	('lPTL_to_lIFG_T2', 0.0018761950263115551)	('lIFG_to_lPTL_T1', 0.0017506372764280191)	('L_PTL_T1', -0.0008429342137839798)	('rDLPFC_to_lIFG_T1', 0.000260384505853763)	
