predictors	pearson_correlation	mean_squared_error	r2	
rois + act_t1 + act_t2 + conn_t1 + conn_t2 + age + T1 + T2	0.19817348733747261	0.09069483800407348	0.011768686788419691	('L_DLPFC_T1', 0.02607112038876691)	('lSMA_to_lPTL_T1', -0.017566733340901988)	('L_IFGorb_T2', 0.01422894237616657)	('lPTL_to_lIFG_T1', -0.012129807046699737)	('lSMA_to_lPTL_T2', 0.011764906048575881)	('lDLPFC_to_lIFG_T1', -0.01126537611231659)	('R_DLPFC_T2', -0.011227760797400895)	('L_DLPFC', 0.01104679841787839)	('T2', 0.01100242067445862)	('Age', 0.010197696614788015)	('lIFG_to_lPTL_T2', 0.008577256135330147)	('R_IFGorb_T2', 0.007520185294882062)	('rDLPFC_to_lIFG_T1', 0.00708937141718467)	('lIFG_to_lPTL_T1', 0.00642879109870137)	('L_SMA_T1', 0.005599176835403688)	('L_DLPFC_T2', 0.0053815646456581235)	('lSMA_to_lIFG_T1', -0.005147130490848255)	('rDLPFC_to_lIFG_T2', 0.004894544626737797)	('L_PTL', 0.004434189649705891)	('R_DLPFC_T1', 0.0036989181023835364)	('L_IFGorb', -0.003621951904894743)	('lPTL_to_lIFG_T2', -0.0035478565876672207)	('R_IFGorb_T1', 0.003326670487068205)	('rDLPFC_to_lPTL_T1', 0.0032772299455228722)	('L_SMA', 0.00270095811295096)	('lSMA_to_lIFG_T2', 0.002344026361014335)	('lDLPFC_to_lPTL_T1', 0.0022816863082222184)	('rIFG_to_lIFG_T1', -0.0021329522702218167)	('L_PTL_T1', 0.0018701824545589948)	('lDLPFC_to_lPTL_T2', -0.0018439234747029596)	('L_PTL_T2', 0.0016725776756193725)	('rDLPFC_to_lPTL_T2', -0.0014523031895149468)	('L_IFGorb_T1', 0.0012711900846974068)	('rIFG_to_lIFG_T2', -0.0005302402268383963)	('lDLPFC_to_lIFG_T2', 0.0003266610321104879)	('T1', 0.00032162479520171617)	('L_SMA_T2', -4.562788112473684e-05)	
