predictors	pearson_correlation	mean_squared_error	r2	
rois + act_t1 + act_t2 + conn_t1 + conn_t2 + age + T1 + T2	-0.0767629400979101	0.09835940712208213	-0.0717461787913658	('rDLPFC_to_lPTL_T1', 0.01985466439879256)	('L_SMA', 0.016965656569732382)	('rIFG_to_lIFG_T2', 0.014370964557041479)	('rDLPFC_to_lIFG_T2', -0.013483182775304402)	('lDLPFC_to_lPTL_T1', 0.0097715543195313)	('L_SMA_T2', 0.008855480967262947)	('lIFG_to_lPTL_T2', 0.00822270301498553)	('lDLPFC_to_lIFG_T1', 0.00699086372673425)	('L_PTL_T2', 0.006851639305900151)	('T2', -0.006746749696358183)	('lDLPFC_to_lPTL_T2', 0.0065708980010946594)	('Age', 0.006278130539078272)	('T1', 0.005873284257637633)	('lIFG_to_lPTL_T1', -0.005167779098280464)	('L_DLPFC_T2', -0.004994769009378223)	('L_DLPFC_T1', -0.004895231357596617)	('lPTL_to_lIFG_T1', 0.0048659844121725256)	('R_DLPFC_T2', 0.004615456161747693)	('L_PTL_T1', 0.004567553377538744)	('R_IFGorb_T2', -0.004318957849934031)	('rIFG_to_lIFG_T1', 0.003955382278956084)	('rDLPFC_to_lIFG_T1', 0.003830367022027119)	('L_SMA_T1', 0.003778793477242316)	('lSMA_to_lPTL_T2', 0.0035131895263819262)	('L_IFGorb', -0.0032847134794659534)	('lPTL_to_lIFG_T2', 0.0031161060978319465)	('L_PTL', -0.0028129600959963153)	('lSMA_to_lPTL_T1', -0.0023021756556494697)	('L_IFGorb_T1', -0.0017058254419645919)	('lSMA_to_lIFG_T2', 0.0008699316828384909)	('L_IFGorb_T2', -0.0008250146731812228)	('L_DLPFC', 0.0007100710413706587)	('lDLPFC_to_lIFG_T2', 0.000676400152503517)	('R_DLPFC_T1', 0.00048331225646722664)	('rDLPFC_to_lPTL_T2', 0.0003441933821531337)	('R_IFGorb_T1', -0.0002520405605660551)	('lSMA_to_lIFG_T1', -7.254770104963303e-05)	
