predictors	pearson_correlation	mean_squared_error	r2	
rois + act_t1 + act_t2 + conn_t1 + conn_t2 + age + T1 + T2	-0.1569284483814358	0.10855130069083033	-0.18279933889629163	('rDLPFC_to_lPTL_T2', 0.015597105696758424)	('L_DLPFC_T1', 0.012924283436705613)	('lIFG_to_lPTL_T1', 0.01034824288606748)	('L_PTL_T2', 0.01019720304390194)	('R_IFGorb_T1', 0.00967031147032355)	('L_IFGorb', -0.009348836847405263)	('L_PTL_T1', -0.008716401577212167)	('lSMA_to_lPTL_T1', -0.00828333039598986)	('T1', 0.007724802282472435)	('R_DLPFC_T1', 0.007643702888107562)	('lPTL_to_lIFG_T1', 0.007515566110785636)	('lDLPFC_to_lIFG_T1', 0.0074666306447029)	('L_DLPFC_T2', -0.005911856357242378)	('lPTL_to_lIFG_T2', -0.00573770850905612)	('rIFG_to_lIFG_T2', 0.005704111750874404)	('rDLPFC_to_lIFG_T1', 0.0052609333069826856)	('lDLPFC_to_lIFG_T2', 0.005021282980320778)	('Age', -0.004785070653280837)	('lSMA_to_lPTL_T2', 0.00451136238141542)	('lSMA_to_lIFG_T1', -0.004427396503928018)	('R_DLPFC_T2', 0.003916036727330586)	('L_IFGorb_T2', 0.00376988294282156)	('T2', 0.003737508051837415)	('rDLPFC_to_lPTL_T1', 0.0030662479928650816)	('lDLPFC_to_lPTL_T1', -0.002957749970015969)	('lDLPFC_to_lPTL_T2', 0.002332124115038639)	('L_SMA', 0.0023178509871045624)	('R_IFGorb_T2', 0.0020763780533350432)	('lSMA_to_lIFG_T2', 0.0017768440537760646)	('L_PTL', 0.0016365581891683862)	('L_SMA_T2', 0.0010307225525450605)	('rIFG_to_lIFG_T1', 0.0008821255560515797)	('lIFG_to_lPTL_T2', -0.0008505662716243884)	('L_SMA_T1', 0.0005645868767580128)	('rDLPFC_to_lIFG_T2', 0.00033577058092676854)	('L_IFGorb_T1', 0.0003299150806065702)	('L_DLPFC', -0.00024872797534815496)	
