predictors	pearson_correlation	mean_squared_error	r2	
rois + act_t1 + act_t2 + conn_t1 + conn_t2 + age + T1 + T2	-0.01287547034862029	0.08469193237417587	-0.07210680580866313	('Age', 0.009959793794705489)	('lSMA_to_lIFG_T2', 0.008693638398416444)	('T1', 0.0082007341796)	('lPTL_to_lIFG_T1', 0.007944722121200582)	('L_DLPFC_T1', 0.006563497591142958)	('L_DLPFC_T2', -0.00651391933863864)	('rDLPFC_to_lIFG_T2', 0.006419959439403073)	('R_DLPFC_T2', 0.005663394501067341)	('L_IFGorb', 0.005441394495215244)	('rDLPFC_to_lPTL_T2', 0.00525758692551787)	('rDLPFC_to_lPTL_T1', 0.005183519464476415)	('T2', 0.004878248516930974)	('lDLPFC_to_lIFG_T1', 0.004731855022686073)	('L_SMA_T1', 0.004572616564310283)	('rDLPFC_to_lIFG_T1', 0.004414421669959831)	('L_SMA', 0.003997507617677434)	('lDLPFC_to_lPTL_T2', 0.003849603133020989)	('R_DLPFC_T1', 0.0036024923223547402)	('L_PTL_T1', 0.0032801406822787413)	('lDLPFC_to_lPTL_T1', 0.003088435667024675)	('lSMA_to_lPTL_T2', -0.0027474861095614436)	('L_DLPFC', 0.0024261897359102082)	('lSMA_to_lPTL_T1', -0.0021489126080072455)	('rIFG_to_lIFG_T1', 0.002115535820429713)	('lIFG_to_lPTL_T2', -0.0014370686149827925)	('L_PTL_T2', 0.0013407306686766414)	('lSMA_to_lIFG_T1', -0.0009281791283743945)	('lDLPFC_to_lIFG_T2', 0.0005297310856678294)	('L_SMA_T2', -0.00040149635395042636)	('L_PTL', 0.00035594713632220267)	('rIFG_to_lIFG_T2', -0.00033572905718754674)	('lPTL_to_lIFG_T2', 0.0002598126200524425)	('R_IFGorb_T1', -0.00025330136980232656)	('lIFG_to_lPTL_T1', -0.00017844775229906105)	('L_IFGorb_T2', -4.6240863364034125e-05)	('L_IFGorb_T1', 2.7494384124282503e-05)	('R_IFGorb_T2', 1.0856678065078485e-06)	
