predictors	pearson_correlation	mean_squared_error	r2	
rois + act_t1 + act_t2 + conn_t1 + conn_t2 + age + T1 + T2	0.16722872096037056	0.09012144178237627	0.018016540730591557	('lIFG_to_lPTL_T1', 0.029645187216895814)	('lDLPFC_to_lIFG_T1', 0.018039658490579605)	('L_DLPFC', 0.017794407023976368)	('L_SMA', 0.01779401223229372)	('lSMA_to_lPTL_T2', 0.017764312346670932)	('T2', 0.01727178700132879)	('lPTL_to_lIFG_T1', 0.014382870334418655)	('L_SMA_T1', -0.013111683254818339)	('rIFG_to_lIFG_T1', 0.012754188922948136)	('R_IFGorb_T2', -0.012667206947881725)	('L_PTL', 0.011606994755513994)	('rDLPFC_to_lPTL_T1', -0.009903861396171105)	('R_IFGorb_T1', 0.009005703492540625)	('T1', 0.008365655305544693)	('lSMA_to_lIFG_T2', 0.008351297823941787)	('rDLPFC_to_lIFG_T2', -0.00738770615537226)	('L_PTL_T2', 0.007238015572663922)	('lDLPFC_to_lPTL_T2', 0.007231416268496947)	('rDLPFC_to_lIFG_T1', 0.006656634731810286)	('lSMA_to_lIFG_T1', -0.006561931683790262)	('lSMA_to_lPTL_T1', 0.0063619820042817654)	('L_IFGorb', -0.00627839726913905)	('rDLPFC_to_lPTL_T2', -0.0060750462957986405)	('R_DLPFC_T1', -0.0049705645613461625)	('L_IFGorb_T1', -0.004698785630240969)	('lDLPFC_to_lPTL_T1', -0.004236050570506728)	('L_IFGorb_T2', 0.0039006886651956137)	('R_DLPFC_T2', 0.003880611826646495)	('lPTL_to_lIFG_T2', -0.003616279734158712)	('L_SMA_T2', 0.003342801928475439)	('lIFG_to_lPTL_T2', -0.00283821926665178)	('Age', -0.00239877551186895)	('rIFG_to_lIFG_T2', -0.0022809518282778034)	('L_DLPFC_T2', 0.0015884259872702801)	('L_PTL_T1', -0.001135708154974367)	('lDLPFC_to_lIFG_T2', -0.0009719097894443268)	('L_DLPFC_T1', 0.0003829106733806784)	
