predictors	pearson_correlation	mean_squared_error	r2	
rois + act_t1 + act_t2 + conn_t1 + conn_t2 + age + T1 + T2	-0.20394419779900252	0.11933067710908252	-0.30025384400200505	('rDLPFC_to_lPTL_T1', 0.0194799157077776)	('L_SMA_T1', 0.01616859805941197)	('rIFG_to_lIFG_T1', 0.014954101780219909)	('lSMA_to_lIFG_T2', 0.014541722177852738)	('L_SMA_T2', 0.012262692437885627)	('lDLPFC_to_lPTL_T1', 0.011990784520364898)	('lIFG_to_lPTL_T2', 0.009884329658964349)	('L_SMA', -0.009707812119132379)	('T1', 0.009449459831697097)	('L_DLPFC', -0.009012634887724434)	('lPTL_to_lIFG_T1', -0.0088484084084119)	('L_PTL', 0.00856212051056824)	('L_PTL_T2', -0.008558913428987656)	('lPTL_to_lIFG_T2', 0.008239945080939092)	('L_IFGorb', -0.008124676383148958)	('L_DLPFC_T2', 0.00749157137551636)	('lDLPFC_to_lIFG_T2', -0.005965072075001516)	('rDLPFC_to_lIFG_T2', -0.005788323751043092)	('R_IFGorb_T1', 0.005666699229580194)	('T2', 0.0052758709290784715)	('L_IFGorb_T1', 0.004951058801134177)	('R_DLPFC_T1', -0.004163733483244648)	('lIFG_to_lPTL_T1', -0.003792191016061165)	('lSMA_to_lPTL_T1', 0.0035049231512350476)	('rDLPFC_to_lIFG_T1', 0.0032762754085052213)	('L_DLPFC_T1', 0.0025858419506595877)	('R_IFGorb_T2', -0.00249285784567208)	('Age', -0.002460630052069205)	('R_DLPFC_T2', 0.0023172656744448895)	('lSMA_to_lPTL_T2', 0.0021808266897394278)	('rDLPFC_to_lPTL_T2', -0.0021028652408488302)	('lDLPFC_to_lIFG_T1', 0.0016072435705869151)	('L_PTL_T1', 0.0015391896175393127)	('rIFG_to_lIFG_T2', 0.0005522799012160496)	('lSMA_to_lIFG_T1', 0.0004911011965866899)	('L_IFGorb_T2', 0.00031879032614941336)	('lDLPFC_to_lPTL_T2', -0.000214078886242394)	
