predictors	pearson_correlation	mean_squared_error	r2	
rois + act_t1 + act_t2 + conn_t1 + conn_t2 + age + T1 + T2	-0.26567745074873683	0.11896548988050394	-0.2962746819856388	('L_DLPFC_T2', -0.034595927869306674)	('L_IFGorb_T2', 0.018785655141297986)	('lDLPFC_to_lIFG_T1', 0.018601405625874923)	('L_PTL_T1', 0.017936087900923214)	('rIFG_to_lIFG_T1', 0.01738634504810872)	('lPTL_to_lIFG_T1', -0.016036510218865454)	('lSMA_to_lPTL_T2', 0.015930576671696773)	('T2', 0.015365900971768768)	('rDLPFC_to_lPTL_T2', -0.013505112157911857)	('R_IFGorb_T1', 0.013138076277589793)	('rDLPFC_to_lIFG_T2', 0.012629181937406296)	('L_PTL_T2', -0.011795322085306722)	('L_IFGorb_T1', 0.011317723973295479)	('Age', -0.010742712370943156)	('lSMA_to_lIFG_T1', -0.009927993071243785)	('lPTL_to_lIFG_T2', 0.008708353160655671)	('L_DLPFC', 0.008615571589785993)	('L_IFGorb', 0.00810810108956282)	('lIFG_to_lPTL_T1', 0.00630222501194017)	('lDLPFC_to_lIFG_T2', 0.006073791173404309)	('R_DLPFC_T2', 0.005320792331316081)	('L_SMA', 0.0052571341256967725)	('R_DLPFC_T1', 0.005225947986347632)	('lSMA_to_lIFG_T2', 0.004900740384828059)	('lDLPFC_to_lPTL_T1', -0.004339111072984605)	('lDLPFC_to_lPTL_T2', 0.0033889230848483825)	('rIFG_to_lIFG_T2', 0.003244692597812251)	('lSMA_to_lPTL_T1', 0.003217128744870263)	('L_DLPFC_T1', 0.0030625915023534136)	('L_SMA_T1', -0.0021336845112357628)	('L_PTL', -0.0019290935918296547)	('T1', -0.0018683542254474485)	('L_SMA_T2', -0.0012987606961079108)	('rDLPFC_to_lIFG_T1', -0.001162904781328599)	('lIFG_to_lPTL_T2', -0.000884237784773933)	('R_IFGorb_T2', -0.0008441611551640229)	('rDLPFC_to_lPTL_T1', -3.651853399564102e-05)	
