predictors	pearson_correlation	mean_squared_error	r2	
rois + act_t1 + act_t2 + conn_t1 + conn_t2 + age + T1 + T2	0.16092164707469972	0.07699277549795573	0.02535606054224171	('lDLPFC_to_lPTL_T1', 0.01619481197916952)	('L_SMA_T2', 0.015210573429286523)	('rIFG_to_lIFG_T1', -0.014673991116313269)	('rDLPFC_to_lPTL_T2', 0.013897452170310246)	('L_PTL_T2', 0.012450875250293517)	('lIFG_to_lPTL_T2', -0.011897557060435193)	('L_IFGorb', 0.011789475094838747)	('rDLPFC_to_lPTL_T1', -0.011226011626605005)	('L_DLPFC_T1', 0.011131632104055572)	('lSMA_to_lPTL_T2', 0.011006629020391373)	('R_DLPFC_T1', 0.008861445082922722)	('T1', 0.008341509758428999)	('L_DLPFC', 0.007671243779899815)	('R_DLPFC_T2', -0.0067338118851639405)	('lPTL_to_lIFG_T2', -0.006503667129625388)	('R_IFGorb_T2', 0.006453510658987543)	('lSMA_to_lPTL_T1', -0.006437741780902461)	('L_IFGorb_T1', 0.006079912699511199)	('lDLPFC_to_lPTL_T2', 0.006014332376274353)	('L_DLPFC_T2', -0.005885582812421994)	('rDLPFC_to_lIFG_T1', 0.005487611027389249)	('lSMA_to_lIFG_T1', -0.005208155871654433)	('lDLPFC_to_lIFG_T1', -0.00503925129682632)	('lSMA_to_lIFG_T2', 0.004689588354156566)	('L_SMA', -0.004307457045727845)	('R_IFGorb_T1', 0.0034678529162410496)	('lIFG_to_lPTL_T1', 0.0031408204932266972)	('L_PTL_T1', -0.003039244778877541)	('lPTL_to_lIFG_T1', 0.0024455687891017145)	('L_SMA_T1', 0.0024161005152101883)	('rDLPFC_to_lIFG_T2', -0.002325087095175589)	('L_PTL', 0.0015332152733166925)	('lDLPFC_to_lIFG_T2', -0.001369174522259829)	('T2', 0.0013449308267034974)	('L_IFGorb_T2', -0.0012110316552835286)	('Age', 0.0008092325400754653)	('rIFG_to_lIFG_T2', 0.0004042900082939995)	
