predictors	pearson_correlation	mean_squared_error	r2	
rois + act_t1 + act_t2 + conn_t1 + conn_t2 + age + T1 + T2	-0.025110500368005793	0.08658277074515784	-0.09604274196439633	('lDLPFC_to_lPTL_T2', 0.013712184985717744)	('L_SMA', 0.010601176174695083)	('L_DLPFC_T2', 0.010239134594826376)	('rDLPFC_to_lPTL_T1', 0.009986695784902544)	('lSMA_to_lIFG_T2', 0.009878406036142599)	('lSMA_to_lPTL_T1', 0.008692313889390355)	('lSMA_to_lIFG_T1', 0.007293786637892908)	('L_IFGorb', 0.007044125667253117)	('R_DLPFC_T2', 0.006905044388937294)	('lSMA_to_lPTL_T2', -0.006665625554262103)	('T1', 0.006458964019829451)	('Age', -0.006419215439303444)	('R_IFGorb_T1', 0.006299451948459737)	('rDLPFC_to_lIFG_T1', 0.00615398471037088)	('lDLPFC_to_lIFG_T1', 0.005982463022425956)	('L_DLPFC', 0.005497706675589463)	('L_PTL_T1', 0.005334270528304702)	('lIFG_to_lPTL_T1', 0.004595457964724151)	('L_PTL_T2', 0.00407562928573228)	('lDLPFC_to_lIFG_T2', 0.0038125215771418427)	('T2', 0.0036343516088463363)	('rDLPFC_to_lPTL_T2', 0.0029056167432415757)	('rDLPFC_to_lIFG_T2', 0.002895364138464047)	('lDLPFC_to_lPTL_T1', 0.002838100307392175)	('R_DLPFC_T1', 0.0023032251186441725)	('lIFG_to_lPTL_T2', -0.0017819883226591988)	('R_IFGorb_T2', 0.0016965638372094267)	('L_SMA_T2', -0.0016891280409814559)	('L_SMA_T1', 0.0016702538580410985)	('rIFG_to_lIFG_T1', 0.0015801903110196473)	('rIFG_to_lIFG_T2', -0.0014782307965937366)	('L_DLPFC_T1', -0.00115407413228786)	('lPTL_to_lIFG_T1', -0.001013552224851669)	('L_IFGorb_T1', -0.0008788253486008475)	('L_PTL', -0.00031718973878502356)	('lPTL_to_lIFG_T2', 0.00028931540471360036)	('L_IFGorb_T2', -0.00022960962540247493)	
