predictors	pearson_correlation	mean_squared_error	r2	
rois + act_t1 + act_t2 + conn_t1 + conn_t2 + age + T1 + T2	-0.08389707366099255	0.09597892830212854	-0.04580794722178694	('lDLPFC_to_lIFG_T1', -0.009272274653887984)	('rIFG_to_lIFG_T2', 0.007205356252157571)	('L_DLPFC_T1', 0.006987658965581936)	('L_SMA_T1', -0.00697054450817809)	('T2', -0.005541365375220535)	('R_DLPFC_T2', 0.005526831829854439)	('lPTL_to_lIFG_T2', 0.005463869754623022)	('L_PTL_T1', 0.005027015018599764)	('L_IFGorb_T1', 0.004784528496073752)	('L_PTL_T2', 0.00437746855546997)	('Age', 0.004367797760153084)	('R_DLPFC_T1', 0.004350765156778933)	('L_PTL', 0.003791068597366498)	('R_IFGorb_T2', -0.003478722831853944)	('lPTL_to_lIFG_T1', 0.003446546573347851)	('lIFG_to_lPTL_T1', 0.0034167546330839352)	('lDLPFC_to_lPTL_T2', -0.003349596582309503)	('lDLPFC_to_lPTL_T1', 0.003261545860710854)	('lSMA_to_lPTL_T1', -0.0030984116649115778)	('rDLPFC_to_lPTL_T1', -0.0026908787698873456)	('lIFG_to_lPTL_T2', 0.0022078477498917288)	('lSMA_to_lPTL_T2', 0.002130635928500402)	('L_DLPFC_T2', -0.001985291808145696)	('T1', 0.001617550376909021)	('R_IFGorb_T1', -0.0015923314660118257)	('L_IFGorb_T2', 0.0015005079208918152)	('L_DLPFC', -0.001211138544904574)	('L_SMA', 0.001056029705070196)	('rIFG_to_lIFG_T1', 0.0008360145957149456)	('rDLPFC_to_lIFG_T1', -0.0006882926697288806)	('lSMA_to_lIFG_T2', 0.0005331306355100577)	('L_SMA_T2', 0.0005113007378985612)	('rDLPFC_to_lPTL_T2', 0.00044349221720088307)	('rDLPFC_to_lIFG_T2', 0.00041432771892569765)	('L_IFGorb', -0.00038327776365014085)	('lSMA_to_lIFG_T1', 0.00032117950797035447)	('lDLPFC_to_lIFG_T2', -0.0002398174381317594)	
