predictors	pearson_correlation	mean_squared_error	r2	
rois + act_t1 + act_t2 + conn_t1 + conn_t2 + age + T1 + T2	-0.2929508163043662	0.12139128521032598	-0.32270669241896544	('rDLPFC_to_lPTL_T2', 0.028925641923501205)	('Age', 0.024561463792966965)	('L_SMA', -0.02384894556751835)	('rDLPFC_to_lIFG_T2', 0.019738683418971392)	('lSMA_to_lPTL_T1', 0.01880305263932674)	('lDLPFC_to_lIFG_T2', -0.0169120225572225)	('rIFG_to_lIFG_T1', -0.016631851170010894)	('lSMA_to_lIFG_T1', 0.01595876762047518)	('T2', -0.01446135857521044)	('R_DLPFC_T2', 0.013472770397532136)	('L_PTL_T1', -0.012648918284843056)	('lDLPFC_to_lPTL_T1', 0.011660204768799165)	('lIFG_to_lPTL_T1', 0.011187593377872082)	('R_IFGorb_T2', 0.010973603112307308)	('R_DLPFC_T1', 0.01076311997549974)	('rIFG_to_lIFG_T2', 0.010651223331274797)	('L_SMA_T1', 0.00975167484244835)	('L_PTL', 0.007827133376859823)	('lSMA_to_lIFG_T2', 0.007682546085061837)	('L_IFGorb_T2', 0.0071915155938780465)	('lPTL_to_lIFG_T1', 0.006903237311103121)	('T1', -0.00689578945305771)	('lIFG_to_lPTL_T2', 0.005644003303672488)	('L_SMA_T2', -0.005445077632014981)	('R_IFGorb_T1', -0.004657240794776364)	('L_DLPFC_T1', -0.0041835166006561845)	('rDLPFC_to_lIFG_T1', 0.0037723638945364336)	('L_DLPFC_T2', -0.0034969825297706245)	('lSMA_to_lPTL_T2', -0.002946155095966903)	('lPTL_to_lIFG_T2', 0.002803980335605292)	('lDLPFC_to_lPTL_T2', -0.002459834728380622)	('lDLPFC_to_lIFG_T1', 0.0021935098242050455)	('L_IFGorb_T1', 0.0014959856080446665)	('rDLPFC_to_lPTL_T1', 0.0014208016093658076)	('L_IFGorb', 0.001317945356770558)	('L_DLPFC', 0.000708996670187955)	('L_PTL_T2', -0.0002261538291903965)	
