predictors	pearson_correlation	mean_squared_error	r2	
rois + act_t1 + act_t2 + conn_t1 + conn_t2 + age + T1 + T2	-0.22004419799807953	0.09748898364405133	-0.06226184919031463	('L_PTL_T2', 0.016811785989334856)	('rDLPFC_to_lPTL_T2', 0.015589024560146712)	('lDLPFC_to_lPTL_T1', -0.013591157828051502)	('L_IFGorb', 0.012942296983080935)	('rDLPFC_to_lPTL_T1', -0.011970633680418376)	('rIFG_to_lIFG_T2', 0.010038529980437173)	('rDLPFC_to_lIFG_T2', 0.008297309384605888)	('Age', -0.007897243637904457)	('L_IFGorb_T2', 0.007514037594493701)	('lDLPFC_to_lIFG_T2', 0.0072148021954306345)	('R_IFGorb_T2', 0.006896635665872889)	('R_DLPFC_T1', 0.006810586125775812)	('lSMA_to_lPTL_T2', 0.006585154173826129)	('L_DLPFC', -0.006377508735547672)	('T2', -0.00593989235896689)	('lDLPFC_to_lPTL_T2', 0.005901498376416451)	('L_PTL_T1', -0.0054434593725359425)	('lSMA_to_lIFG_T1', -0.005216441315824313)	('lSMA_to_lIFG_T2', 0.005199943906249293)	('lPTL_to_lIFG_T2', 0.004782692244292273)	('rDLPFC_to_lIFG_T1', 0.004748181612854511)	('rIFG_to_lIFG_T1', 0.0036896889951429346)	('lDLPFC_to_lIFG_T1', 0.003684716372841798)	('L_SMA_T2', -0.0030181668876927696)	('L_DLPFC_T2', -0.002676448007717535)	('lIFG_to_lPTL_T1', 0.002669413432297095)	('L_PTL', -0.002453034393099012)	('R_IFGorb_T1', -0.002230397146024106)	('R_DLPFC_T2', 0.0020977906056881437)	('L_SMA', 0.0020148220664601216)	('L_IFGorb_T1', -0.001456872949186396)	('T1', -0.0010985317251809602)	('lSMA_to_lPTL_T1', 0.0010723505711393365)	('L_SMA_T1', 0.000969906656651855)	('lPTL_to_lIFG_T1', 0.0008086286921174886)	('lIFG_to_lPTL_T2', 0.0007311575300686877)	('L_DLPFC_T1', -0.0002841674980836243)	
