predictors	pearson_correlation	mean_squared_error	r2	
rois + act_t1 + act_t2 + conn_t1 + conn_t2 + age + T1 + T2	0.11331459951468245	0.09268340276230058	-0.009899161191426531	('R_IFGorb_T1', 0.02217338453972357)	('R_DLPFC_T2', 0.01730610564259329)	('lPTL_to_lIFG_T1', 0.016611856729309555)	('T2', 0.015284288313824128)	('lSMA_to_lPTL_T2', 0.011762552753741917)	('T1', 0.011746476642322753)	('lDLPFC_to_lPTL_T2', 0.011103488693999802)	('lDLPFC_to_lIFG_T1', 0.010240792502008806)	('lPTL_to_lIFG_T2', 0.00988583021704646)	('lSMA_to_lIFG_T2', -0.009182791373314502)	('R_IFGorb_T2', 0.008756908739764391)	('L_SMA', 0.0077761090685487385)	('L_SMA_T1', 0.007115136623365633)	('rDLPFC_to_lIFG_T1', 0.007047909625638466)	('L_IFGorb', -0.006442610269354902)	('rIFG_to_lIFG_T2', 0.005468996479486904)	('R_DLPFC_T1', -0.005404777931087075)	('Age', 0.005017095724231677)	('L_SMA_T2', -0.005013902800986383)	('L_IFGorb_T1', 0.004906476257023971)	('lSMA_to_lPTL_T1', 0.004774147868943875)	('lIFG_to_lPTL_T1', -0.004087352310166841)	('rDLPFC_to_lIFG_T2', 0.004058484358978652)	('L_PTL_T1', -0.004049812612042863)	('lIFG_to_lPTL_T2', 0.0037512614354215765)	('L_PTL_T2', 0.003605231614112076)	('lDLPFC_to_lIFG_T2', -0.003307240396570203)	('lSMA_to_lIFG_T1', -0.0032430048339310616)	('rDLPFC_to_lPTL_T1', 0.0031943228268636625)	('L_DLPFC_T1', 0.0030123672830058776)	('L_PTL', 0.0024017130150983477)	('L_DLPFC', 0.00210396360782875)	('rDLPFC_to_lPTL_T2', 0.001652304204875082)	('rIFG_to_lIFG_T1', -0.0015698817039710396)	('L_IFGorb_T2', 0.0006116654605043729)	('lDLPFC_to_lPTL_T1', 0.0003658816223603944)	('L_DLPFC_T2', 0.0003124045205920246)	
