predictors	pearson_correlation	mean_squared_error	r2	
rois + act_t1 + act_t2 + conn_t1 + conn_t2 + age + T1 + T2	-0.07223122867452189	0.09703464792229687	-0.05731130518109362	('lPTL_to_lIFG_T2', 0.025053204297084374)	('L_IFGorb_T2', -0.022289438408191354)	('R_DLPFC_T1', -0.020564807108690592)	('R_DLPFC_T2', 0.018785923732176187)	('rIFG_to_lIFG_T2', 0.017450195481941683)	('T2', -0.013419121282985795)	('lDLPFC_to_lPTL_T1', 0.013214010028014507)	('rDLPFC_to_lPTL_T1', 0.013101281052197312)	('lIFG_to_lPTL_T2', 0.012756279659622762)	('L_SMA_T1', 0.011755829594611196)	('lSMA_to_lIFG_T2', 0.010715583898506582)	('lDLPFC_to_lPTL_T2', 0.01010602312483612)	('L_DLPFC', -0.008560997602471842)	('R_IFGorb_T2', 0.008143689191031858)	('lIFG_to_lPTL_T1', -0.00799796094749133)	('L_PTL_T1', 0.007205049002720633)	('R_IFGorb_T1', -0.006820815562480351)	('lDLPFC_to_lIFG_T1', 0.0056305314662507535)	('L_SMA_T2', -0.005508144021192868)	('T1', 0.005226513220856011)	('L_IFGorb', -0.004941754395001102)	('lDLPFC_to_lIFG_T2', -0.0047295346947225265)	('lSMA_to_lPTL_T1', 0.004715114694828662)	('rDLPFC_to_lIFG_T2', -0.004491992663320175)	('L_DLPFC_T1', 0.0039034325377455318)	('L_PTL', 0.0038906224320122912)	('rIFG_to_lIFG_T1', -0.0038169126783141843)	('rDLPFC_to_lIFG_T1', 0.003208556275312608)	('rDLPFC_to_lPTL_T2', -0.0026759232111727388)	('L_DLPFC_T2', 0.0026344877590232154)	('lSMA_to_lPTL_T2', -0.002395325668652633)	('lPTL_to_lIFG_T1', -0.002095183601588398)	('L_SMA', -0.0014385238453281806)	('L_PTL_T2', 0.0010912487017760966)	('lSMA_to_lIFG_T1', 0.0007273855274256145)	('Age', -0.0006719665971426194)	('L_IFGorb_T1', 0.00032705214166361285)	
