predictors	pearson_correlation	mean_squared_error	r2	
rois + act_t1 + act_t2 + conn_t1 + conn_t2 + age + T1 + T2	0.16997792308480933	0.08999527203113965	0.019391314661457937	('lDLPFC_to_lPTL_T2', 0.014297982873590492)	('L_IFGorb_T1', -0.013768236579775068)	('lPTL_to_lIFG_T1', 0.013095190540787859)	('L_IFGorb', 0.012387789403577886)	('lDLPFC_to_lIFG_T1', -0.011050477548352625)	('L_SMA', 0.010332771002800625)	('lSMA_to_lIFG_T1', 0.008719596038798473)	('rDLPFC_to_lIFG_T2', 0.00787396221478718)	('R_IFGorb_T1', -0.007775058961688954)	('lIFG_to_lPTL_T2', 0.007540348006211964)	('lSMA_to_lIFG_T2', -0.007480872732409629)	('lSMA_to_lPTL_T2', -0.007443390610217021)	('L_DLPFC', 0.007371120549082802)	('rIFG_to_lIFG_T2', -0.006674266006301386)	('R_DLPFC_T2', 0.006627440886588684)	('L_SMA_T1', 0.006588807717732615)	('R_IFGorb_T2', 0.0064937347414408455)	('lSMA_to_lPTL_T1', 0.006158974516151238)	('rDLPFC_to_lPTL_T2', 0.0058195958489539465)	('rDLPFC_to_lPTL_T1', -0.005236396980426554)	('rDLPFC_to_lIFG_T1', 0.004854174688922217)	('L_PTL', -0.004764913004210199)	('T2', 0.004572056385878205)	('R_DLPFC_T1', 0.004086736171740039)	('T1', 0.0037485501754541996)	('L_DLPFC_T1', 0.0037277046336189647)	('lIFG_to_lPTL_T1', -0.003396855827615572)	('L_PTL_T2', -0.003229656917637053)	('L_PTL_T1', -0.00283810125319459)	('lDLPFC_to_lPTL_T1', -0.0025001885484999937)	('Age', -0.0016221255027228973)	('L_IFGorb_T2', -0.0015529824398347832)	('rIFG_to_lIFG_T1', 0.0007520066124572908)	('lDLPFC_to_lIFG_T2', -0.00044400144263205917)	('L_SMA_T2', -0.0003302983088537382)	('lPTL_to_lIFG_T2', 0.0002559315109556179)	('L_DLPFC_T2', 0.00019052977558667699)	
