predictors	pearson_correlation	mean_squared_error	r2	
rois + act_t1 + act_t2 + conn_t1 + conn_t2 + age + T1 + T2	0.0077752063932014556	0.09508566279542381	-0.036074725748942216	('L_DLPFC_T2', 0.011816714793562784)	('L_SMA_T2', 0.011619341747748296)	('R_IFGorb_T1', 0.011432905602617487)	('rDLPFC_to_lIFG_T2', 0.007840442488773962)	('lPTL_to_lIFG_T2', 0.007625506694807931)	('rDLPFC_to_lPTL_T2', 0.007467464306500016)	('R_DLPFC_T2', -0.006791780439012935)	('rDLPFC_to_lPTL_T1', 0.005806684217300313)	('L_DLPFC', 0.005705785314200717)	('lDLPFC_to_lIFG_T2', 0.005646096817057849)	('L_IFGorb', 0.005204866388518595)	('lSMA_to_lIFG_T1', -0.005161415862463708)	('rIFG_to_lIFG_T1', 0.0048781285941222625)	('L_PTL_T2', 0.00465675016959772)	('T2', 0.004594974989482245)	('L_IFGorb_T1', 0.004125276779583737)	('L_IFGorb_T2', 0.003956228250421549)	('Age', 0.0039055223525250424)	('rIFG_to_lIFG_T2', -0.0038452035832048006)	('R_DLPFC_T1', 0.0034442585211122414)	('T1', 0.003430005164015103)	('L_SMA_T1', 0.002551425141366667)	('lDLPFC_to_lIFG_T1', -0.0024137176516688423)	('L_PTL', 0.00227486078440862)	('L_PTL_T1', 0.0021656933036861476)	('lDLPFC_to_lPTL_T2', 0.0018628053908177277)	('R_IFGorb_T2', 0.0015936682997161175)	('lSMA_to_lPTL_T1', 0.001351580521332794)	('lDLPFC_to_lPTL_T1', 0.0012454857343082379)	('lPTL_to_lIFG_T1', 0.0008491589431640948)	('lSMA_to_lPTL_T2', -0.000686035026382103)	('L_SMA', 0.0006467979770425401)	('rDLPFC_to_lIFG_T1', -0.0003053570685635143)	('lSMA_to_lIFG_T2', 0.00020491869890224815)	('lIFG_to_lPTL_T1', 0.0001890912980754193)	('lIFG_to_lPTL_T2', 7.564395466237302e-05)	('L_DLPFC_T1', 3.313242924967095e-05)	
