predictors	pearson_correlation	mean_squared_error	r2	
rois + act_t1 + act_t2 + conn_t1 + conn_t2 + age + T1 + T2	0.018936107484386087	0.07973536339989576	-0.009362088787587153	('L_DLPFC_T2', 0.01668329827989755)	('R_DLPFC_T1', 0.014346890913692761)	('rIFG_to_lIFG_T1', 0.011827272786793663)	('L_IFGorb', 0.01068103374202827)	('lSMA_to_lPTL_T1', 0.010541903896065683)	('lDLPFC_to_lPTL_T1', -0.007732459131423042)	('lSMA_to_lIFG_T1', 0.007650219960965585)	('L_DLPFC', 0.0075754233064921905)	('lIFG_to_lPTL_T2', 0.00741311353655268)	('rDLPFC_to_lPTL_T2', 0.007372056895530959)	('lSMA_to_lIFG_T2', 0.007041182472577044)	('Age', 0.006187026699240732)	('R_DLPFC_T2', 0.0057876690202283065)	('T1', -0.00571748928199593)	('lDLPFC_to_lPTL_T2', -0.005379370913938324)	('rIFG_to_lIFG_T2', -0.005311512158574252)	('lDLPFC_to_lIFG_T2', 0.005200437820618181)	('R_IFGorb_T1', 0.004531905568371239)	('lDLPFC_to_lIFG_T1', 0.004334825512876661)	('rDLPFC_to_lIFG_T2', 0.004134962254878813)	('L_DLPFC_T1', -0.0036659941692933004)	('L_PTL_T2', 0.0032004925919305784)	('R_IFGorb_T2', -0.003140064923110027)	('L_SMA_T2', -0.00308811632491768)	('L_IFGorb_T1', 0.00263331289563444)	('T2', 0.0024342433303309883)	('rDLPFC_to_lIFG_T1', -0.0021587211542879324)	('rDLPFC_to_lPTL_T1', 0.0020368073875943688)	('L_SMA_T1', -0.0017488196909285327)	('L_SMA', 0.0014953315877123824)	('lSMA_to_lPTL_T2', -0.0014574182987554445)	('L_PTL', -0.0011713398661056397)	('lPTL_to_lIFG_T1', 0.0010104958329195492)	('lIFG_to_lPTL_T1', 0.000979852502026428)	('L_PTL_T1', -0.0007848292824618813)	('lPTL_to_lIFG_T2', -0.0002500423983333928)	('L_IFGorb_T2', 0.00010966179639772315)	
