predictors	pearson_correlation	mean_squared_error	r2	
rois + act_t1 + act_t2 + conn_t1 + conn_t2 + age + T1 + T2	0.06345658398703795	0.08235076043529987	-0.042470141502222614	('L_DLPFC_T1', 0.026593300029517118)	('L_IFGorb_T2', 0.01957270352109314)	('L_DLPFC', 0.014186042266654798)	('rDLPFC_to_lPTL_T2', 0.012901156497521013)	('L_PTL_T1', -0.010459374825506866)	('lIFG_to_lPTL_T2', -0.010429941961532409)	('lIFG_to_lPTL_T1', -0.010177359740338216)	('R_DLPFC_T1', 0.010068168536551271)	('lPTL_to_lIFG_T1', 0.009235926298606359)	('R_IFGorb_T2', 0.00909435840886045)	('L_PTL_T2', 0.008903087272237755)	('lSMA_to_lPTL_T1', 0.008714029709074611)	('rIFG_to_lIFG_T1', -0.007472672407865969)	('lDLPFC_to_lIFG_T1', 0.0074301348602831266)	('lSMA_to_lIFG_T1', 0.007184159670423278)	('L_IFGorb_T1', -0.007119340853341237)	('lSMA_to_lPTL_T2', 0.006191426613104989)	('lDLPFC_to_lPTL_T1', 0.005550581246511471)	('R_DLPFC_T2', 0.0055168859089301725)	('rDLPFC_to_lPTL_T1', 0.00543736270721143)	('rDLPFC_to_lIFG_T1', -0.004777844492063861)	('L_PTL', 0.004756910545230425)	('L_SMA', 0.004742999409674505)	('lDLPFC_to_lIFG_T2', 0.004482196484389768)	('lDLPFC_to_lPTL_T2', -0.00404029148584039)	('lSMA_to_lIFG_T2', 0.003676421926570207)	('L_DLPFC_T2', 0.003247180114991464)	('rDLPFC_to_lIFG_T2', 0.0031676583954401375)	('Age', 0.003159656786860601)	('R_IFGorb_T1', 0.0028880784622771914)	('T1', 0.0028539719818227085)	('lPTL_to_lIFG_T2', 0.002823911414832088)	('L_IFGorb', 0.0027102886263375026)	('T2', 0.002499615985700039)	('L_SMA_T1', 0.001972988779946921)	('rIFG_to_lIFG_T2', -0.0014364600329936227)	('L_SMA_T2', 0.0010607184230873603)	
