predictors	pearson_correlation	mean_squared_error	r2	
rois + act_t1 + act_t2 + conn_t1 + conn_t2 + age + T1 + T2	0.20630536218207637	0.08805683120666745	0.04051300100776423	('L_DLPFC_T1', -0.018631434034759163)	('L_DLPFC_T2', 0.015595200660446343)	('L_SMA_T1', 0.013597816586442107)	('lDLPFC_to_lIFG_T2', -0.013340659126924536)	('L_IFGorb', 0.01310411486809015)	('R_DLPFC_T2', -0.012743852172710873)	('R_IFGorb_T2', 0.010237996219245087)	('L_SMA', -0.010219747583498025)	('T1', 0.010159872129451518)	('L_SMA_T2', 0.010148938782579095)	('T2', 0.01009406998336753)	('lSMA_to_lPTL_T1', 0.009751016980251792)	('rIFG_to_lIFG_T1', 0.009333954175429916)	('rDLPFC_to_lIFG_T1', -0.007006912935655876)	('R_IFGorb_T1', 0.006766411603701491)	('lDLPFC_to_lPTL_T2', 0.006663444663656211)	('rDLPFC_to_lIFG_T2', 0.00630480548409252)	('rDLPFC_to_lPTL_T2', -0.0062715224094134665)	('lSMA_to_lPTL_T2', 0.0058261387600171905)	('rIFG_to_lIFG_T2', 0.005442853544623906)	('lDLPFC_to_lPTL_T1', -0.004839758124792103)	('lSMA_to_lIFG_T2', -0.004789270283723843)	('rDLPFC_to_lPTL_T1', -0.0038050246193495436)	('R_DLPFC_T1', 0.0031205036509675582)	('L_DLPFC', 0.002473587086185717)	('Age', 0.0014055788927740066)	('L_PTL_T2', -0.0013673867586617577)	('L_IFGorb_T1', 0.0012337545217314557)	('lPTL_to_lIFG_T2', -0.0011731093499696827)	('lPTL_to_lIFG_T1', -0.000961322575924959)	('L_PTL_T1', 0.0008757415306033758)	('lDLPFC_to_lIFG_T1', 0.0007672597951096327)	('L_IFGorb_T2', 0.0006795052980324746)	('lIFG_to_lPTL_T2', -0.0005032023166634518)	('L_PTL', -0.0003514388982797458)	('lSMA_to_lIFG_T1', -0.000282198095279483)	('lIFG_to_lPTL_T1', 0.00011726208256910074)	
