predictors	pearson_correlation	mean_squared_error	r2	
rois + act_t1 + act_t2 + conn_t1 + conn_t2 + age + T1 + T2	0.029783840462470124	0.0833562551208386	-0.05519859940076044	('L_IFGorb_T2', 0.021587833398433072)	('lDLPFC_to_lPTL_T2', 0.016949066447641766)	('L_PTL', 0.011846570364933235)	('rIFG_to_lIFG_T1', 0.011480452252632582)	('rIFG_to_lIFG_T2', -0.010958391916320512)	('rDLPFC_to_lIFG_T2', 0.010400930171617464)	('rDLPFC_to_lIFG_T1', -0.010376868446811254)	('lIFG_to_lPTL_T2', 0.010213184512627552)	('lSMA_to_lPTL_T1', -0.009429049032021517)	('lPTL_to_lIFG_T1', 0.00786243851842881)	('L_IFGorb_T1', 0.00677123212249183)	('L_IFGorb', -0.006703588978413217)	('lDLPFC_to_lPTL_T1', 0.006578617230842217)	('lPTL_to_lIFG_T2', 0.005742460766371685)	('L_DLPFC_T1', 0.00529523841152932)	('rDLPFC_to_lPTL_T2', 0.0046788183612271154)	('L_DLPFC', 0.0046189216248072274)	('R_DLPFC_T1', -0.004614176388096322)	('T2', 0.004554076335265258)	('R_DLPFC_T2', -0.003739689457893222)	('lIFG_to_lPTL_T1', 0.003717685291475481)	('R_IFGorb_T1', -0.0036953167819692686)	('L_PTL_T1', 0.0036897952758779694)	('lDLPFC_to_lIFG_T1', 0.0034939604282747156)	('L_DLPFC_T2', 0.0034584980575582984)	('Age', 0.0030161408122598254)	('lSMA_to_lIFG_T2', 0.0029596165151077164)	('L_SMA_T2', 0.0026368558837653222)	('L_PTL_T2', 0.0022079887121999)	('L_SMA', 0.002143030194134835)	('T1', -0.002140479138170446)	('L_SMA_T1', 0.0018502692566118584)	('lDLPFC_to_lIFG_T2', -0.0018206365507218395)	('lSMA_to_lIFG_T1', -0.0017215294279364526)	('lSMA_to_lPTL_T2', 0.0017198525842650584)	('rDLPFC_to_lPTL_T1', 0.0012110470021762202)	('R_IFGorb_T2', -0.0010777825217957529)	
