predictors	pearson_correlation	mean_squared_error	r2	
rois + act_t1 + act_t2 + conn_t1 + conn_t2 + age + T1 + T2	0.007723568827392247	0.0965185447137442	-0.05168772877073802	('rIFG_to_lIFG_T1', 0.02270721596349427)	('L_IFGorb_T2', 0.02090299996036833)	('L_DLPFC_T2', -0.020403587172470487)	('lSMA_to_lIFG_T2', 0.020263240322438203)	('L_PTL_T1', -0.01900758683829086)	('rDLPFC_to_lIFG_T1', -0.01429340424461592)	('lDLPFC_to_lIFG_T1', -0.014092532956618662)	('lIFG_to_lPTL_T2', 0.013196589451342687)	('lSMA_to_lPTL_T1', 0.01273910229490091)	('L_PTL', 0.01192891793324073)	('rIFG_to_lIFG_T2', 0.010631711556128345)	('R_DLPFC_T2', 0.009716737229691436)	('lIFG_to_lPTL_T1', 0.009171466520161233)	('rDLPFC_to_lIFG_T2', -0.008737340076206216)	('L_SMA', -0.007650370992661268)	('L_DLPFC', -0.006655606791093138)	('L_DLPFC_T1', -0.006389256515051633)	('L_SMA_T1', -0.006135197826359994)	('lSMA_to_lIFG_T1', 0.005683719128633913)	('lDLPFC_to_lPTL_T1', -0.005573966547721954)	('lDLPFC_to_lIFG_T2', -0.005514741114427056)	('R_IFGorb_T1', -0.004936736246482586)	('R_IFGorb_T2', 0.004437035096283544)	('T2', 0.004089789807553993)	('L_IFGorb', 0.004026597722311851)	('Age', 0.004024322670164003)	('lDLPFC_to_lPTL_T2', -0.0037911607473675494)	('lPTL_to_lIFG_T1', -0.0033044966353674055)	('L_IFGorb_T1', 0.00317839872815961)	('rDLPFC_to_lPTL_T1', 0.0029410199229250537)	('L_PTL_T2', 0.0028914363988376706)	('rDLPFC_to_lPTL_T2', 0.002246933956445185)	('L_SMA_T2', 0.0018028546396728093)	('lSMA_to_lPTL_T2', 0.0007389931244140618)	('R_DLPFC_T1', 0.0005116490415720698)	('lPTL_to_lIFG_T2', 0.000350457261241556)	('T1', -8.875424919644279e-05)	
