predictors	pearson_correlation	mean_squared_error	r2	
rois + act_t1 + act_t2 + conn_t1 + conn_t2 + age + T1 + T2	-0.0957671302955703	0.0858143171290777	-0.08631496354852675	('R_DLPFC_T2', -0.015435164686116208)	('L_IFGorb_T1', 0.014433659832756834)	('lDLPFC_to_lPTL_T1', 0.014092815393904766)	('L_DLPFC_T1', 0.010950372417767104)	('lDLPFC_to_lIFG_T2', 0.010513464544161298)	('lSMA_to_lIFG_T1', 0.010431308393760415)	('L_SMA_T2', 0.009753909426034667)	('lDLPFC_to_lIFG_T1', 0.009654723716214298)	('T2', 0.00925987742593396)	('R_IFGorb_T1', 0.008285077800314167)	('rDLPFC_to_lPTL_T1', 0.007193796744276016)	('lIFG_to_lPTL_T1', 0.007032907639737233)	('rDLPFC_to_lIFG_T2', 0.005567326123063924)	('rDLPFC_to_lPTL_T2', 0.005341349561863818)	('lIFG_to_lPTL_T2', -0.005054473735447873)	('R_IFGorb_T2', 0.0044670728504675634)	('L_IFGorb', -0.0044229221499789105)	('lSMA_to_lPTL_T2', 0.003988226812076024)	('L_DLPFC_T2', -0.003903958590521438)	('rDLPFC_to_lIFG_T1', 0.0034897716944228964)	('lPTL_to_lIFG_T1', -0.003439467195382059)	('L_PTL_T2', -0.0033542941383661886)	('lSMA_to_lPTL_T1', -0.0033358654104006244)	('R_DLPFC_T1', 0.0029416620073542026)	('lPTL_to_lIFG_T2', 0.0027286095401065527)	('lDLPFC_to_lPTL_T2', 0.002595709008315573)	('L_PTL_T1', 0.0022881960738709473)	('rIFG_to_lIFG_T2', -0.001729474325917703)	('Age', -0.0011030436685069902)	('lSMA_to_lIFG_T2', -0.0007329485915855163)	('rIFG_to_lIFG_T1', 0.0006452103794994397)	('L_SMA_T1', -0.0005059987607953202)	('L_DLPFC', -0.0004927577175325624)	('L_PTL', 0.0004442937139589765)	('T1', -0.00023520197202627586)	('L_IFGorb_T2', -0.00013289811166066804)	('L_SMA', 6.606134262789042e-05)	
