predictors	pearson_correlation	mean_squared_error	r2	
rois + act_t1 + act_t2 + conn_t1 + conn_t2 + age + T1 + T2	0.09711120803757728	0.07880103068371563	0.002465536770426935	('lPTL_to_lIFG_T1', -0.018714952081579486)	('L_SMA_T1', 0.016834458980288805)	('T2', 0.011166141052638362)	('lIFG_to_lPTL_T2', -0.0100015747183096)	('rDLPFC_to_lIFG_T2', 0.009490402638598293)	('L_IFGorb_T1', 0.009157544866797377)	('lDLPFC_to_lPTL_T1', 0.009149037830768137)	('lSMA_to_lIFG_T2', 0.00792211048233047)	('lPTL_to_lIFG_T2', 0.007746340750689975)	('R_IFGorb_T1', 0.007661056094239985)	('lIFG_to_lPTL_T1', 0.0070444562518483305)	('Age', 0.006273783209285322)	('rDLPFC_to_lPTL_T2', 0.005736600976533185)	('rDLPFC_to_lPTL_T1', 0.005728352811214237)	('rIFG_to_lIFG_T2', 0.005168733202800168)	('R_DLPFC_T2', 0.004505187518615187)	('lSMA_to_lPTL_T1', 0.004082816371429168)	('lSMA_to_lIFG_T1', 0.003517905219315195)	('L_DLPFC_T1', -0.0033710567006406886)	('T1', -0.003318831030946613)	('L_IFGorb_T2', 0.0032729033445522185)	('rDLPFC_to_lIFG_T1', -0.0032049220700432588)	('L_SMA_T2', -0.003096748041224074)	('lDLPFC_to_lIFG_T2', 0.0029174382699094672)	('L_DLPFC_T2', 0.0028169556474089454)	('L_PTL', 0.0028163362579324974)	('lDLPFC_to_lIFG_T1', 0.002807519371456449)	('L_PTL_T1', 0.0025981128961379166)	('L_IFGorb', 0.002387815950695229)	('R_DLPFC_T1', 0.0021148006169596214)	('lDLPFC_to_lPTL_T2', 0.0018660059825479154)	('L_PTL_T2', 0.0015483905299920142)	('R_IFGorb_T2', 0.0015186778598522638)	('lSMA_to_lPTL_T2', 0.0015036450673556526)	('rIFG_to_lIFG_T1', 0.0009318574475453196)	('L_DLPFC', -0.000686691914987016)	('L_SMA', -0.00017287446783570854)	
