predictors	pearson_correlation	mean_squared_error	r2	
rois + act_t1 + act_t2 + conn_t1 + conn_t2 + age + T1 + T2	-0.0847554460428831	0.09833901854356347	-0.07152402026319127	('lPTL_to_lIFG_T2', 0.018022427380507595)	('R_IFGorb_T2', 0.01386834313481953)	('L_PTL_T2', 0.011206539788058963)	('L_IFGorb_T1', 0.010898364253577366)	('L_IFGorb_T2', -0.01028945688915702)	('lSMA_to_lIFG_T1', 0.009774772526313317)	('lPTL_to_lIFG_T1', 0.009673439513563531)	('lSMA_to_lPTL_T1', -0.009156985351049534)	('L_PTL', 0.009048816900112716)	('L_DLPFC_T2', -0.00896609218697918)	('L_DLPFC', 0.008428368056706268)	('L_PTL_T1', 0.007992643990343357)	('rDLPFC_to_lIFG_T1', -0.007032044369216569)	('T1', -0.005865443732006163)	('rIFG_to_lIFG_T2', 0.005839611107562525)	('L_SMA_T2', -0.005734312951305467)	('lIFG_to_lPTL_T2', 0.0050242756483615605)	('lIFG_to_lPTL_T1', 0.004602187129096493)	('lDLPFC_to_lIFG_T2', 0.004574424387245416)	('L_SMA', 0.004443520523859328)	('rIFG_to_lIFG_T1', 0.004408498905881705)	('R_IFGorb_T1', -0.004238452698647091)	('rDLPFC_to_lIFG_T2', -0.0040571082300866375)	('rDLPFC_to_lPTL_T1', 0.004029284267537281)	('T2', 0.003757276050671028)	('L_IFGorb', -0.0024994103718928027)	('L_DLPFC_T1', -0.0015710284588537542)	('R_DLPFC_T2', -0.0014430487608259126)	('lDLPFC_to_lPTL_T1', -0.0013262202465995087)	('L_SMA_T1', 0.0012035405816603058)	('R_DLPFC_T1', 0.0010481741504410045)	('lSMA_to_lPTL_T2', -0.0008402731403287061)	('lDLPFC_to_lIFG_T1', 0.0008266592836536517)	('Age', 0.000783754575294553)	('lSMA_to_lIFG_T2', 0.0004469877981400026)	('rDLPFC_to_lPTL_T2', 0.0003341275293605457)	('lDLPFC_to_lPTL_T2', 0.00022135144465723232)	
