predictors	pearson_correlation	mean_squared_error	r2	
rois + act_t1 + act_t2 + conn_t1 + conn_t2 + age + T1 + T2	0.2585268614550822	0.07468506928153307	0.0545690855739871	('L_SMA', 0.01926561151499688)	('lPTL_to_lIFG_T1', 0.01799349277778181)	('L_PTL_T2', 0.01796027258299111)	('L_IFGorb', 0.015651887046157872)	('L_IFGorb_T1', 0.015222830020847407)	('lSMA_to_lPTL_T1', 0.01370608407129997)	('lIFG_to_lPTL_T1', 0.012172660980353715)	('R_IFGorb_T1', 0.012097447336160834)	('T1', 0.01150437027855708)	('L_DLPFC', 0.01121414357564713)	('T2', 0.009762995375295628)	('L_PTL', 0.009038282466913725)	('lDLPFC_to_lIFG_T1', 0.008241123705404871)	('L_PTL_T1', -0.0074448820294210575)	('L_IFGorb_T2', 0.0073588483869429806)	('lDLPFC_to_lPTL_T1', 0.007305796747253269)	('lDLPFC_to_lPTL_T2', 0.006184827436151201)	('R_IFGorb_T2', 0.005867605171229967)	('rIFG_to_lIFG_T1', 0.005713523782840503)	('R_DLPFC_T1', -0.0054417523813818465)	('rDLPFC_to_lPTL_T2', 0.005398554804309759)	('rIFG_to_lIFG_T2', -0.004350002059400863)	('lSMA_to_lPTL_T2', -0.0038434058121223197)	('lDLPFC_to_lIFG_T2', 0.003830585955932888)	('rDLPFC_to_lIFG_T1', 0.0037539976608881257)	('Age', -0.0036998581374837157)	('rDLPFC_to_lPTL_T1', -0.003268654202196186)	('L_DLPFC_T1', 0.0027375685703018523)	('R_DLPFC_T2', -0.002702742514453594)	('L_SMA_T2', 0.0025371156602576306)	('lSMA_to_lIFG_T2', -0.002466720836026118)	('lIFG_to_lPTL_T2', -0.0024320811756966087)	('rDLPFC_to_lIFG_T2', 0.002108127934303797)	('L_DLPFC_T2', -0.0020564015522355227)	('lSMA_to_lIFG_T1', -0.0013439507313480151)	('L_SMA_T1', -0.001186242329860156)	('lPTL_to_lIFG_T2', -0.0011449716721247127)	
