predictors	pearson_correlation	mean_squared_error	r2	
rois + act_t1 + act_t2 + conn_t1 + conn_t2 + age + T1 + T2	-0.20660136561449888	0.10218754347654868	-0.11345841181346517	('L_PTL_T2', 0.021610440480575137)	('lSMA_to_lPTL_T1', 0.016183833954301265)	('lDLPFC_to_lIFG_T1', 0.016179264041862144)	('L_IFGorb_T2', 0.014096389832371327)	('L_DLPFC_T1', 0.01334865057748454)	('L_PTL_T1', 0.012830214276392266)	('lIFG_to_lPTL_T1', 0.011992700871452702)	('R_DLPFC_T1', 0.010996841076216922)	('L_SMA_T1', -0.010293671505760773)	('lIFG_to_lPTL_T2', 0.01026584619876522)	('L_SMA_T2', 0.00978123289441264)	('lPTL_to_lIFG_T2', 0.009122129729783721)	('L_IFGorb_T1', 0.007943189470219691)	('lSMA_to_lIFG_T2', -0.00784506437978096)	('L_PTL', 0.0076407270733070505)	('L_DLPFC_T2', 0.007201087342955985)	('L_DLPFC', -0.006769364626665775)	('T1', 0.005347876597055627)	('lDLPFC_to_lIFG_T2', -0.004619096318059483)	('rIFG_to_lIFG_T2', -0.004376135087167393)	('lPTL_to_lIFG_T1', -0.0042961682254238735)	('lSMA_to_lPTL_T2', 0.0033602269735342263)	('R_IFGorb_T1', 0.003302326996180444)	('rIFG_to_lIFG_T1', -0.0032592584184472084)	('R_IFGorb_T2', 0.002871215202486922)	('L_SMA', -0.0020077346497986057)	('R_DLPFC_T2', -0.0016871652954922125)	('L_IFGorb', -0.0016777766098557332)	('lDLPFC_to_lPTL_T2', -0.0016532979616172996)	('rDLPFC_to_lPTL_T1', 0.0012984406970103527)	('lDLPFC_to_lPTL_T1', -0.001273709310077858)	('rDLPFC_to_lPTL_T2', -0.0012621353750474232)	('Age', -0.0012491204458571134)	('lSMA_to_lIFG_T1', -0.0007989682389818973)	('rDLPFC_to_lIFG_T2', -0.0004865542290502496)	('rDLPFC_to_lIFG_T1', -0.00048121073855793484)	('T2', -0.0002383014903821576)	
