predictors	pearson_correlation	mean_squared_error	r2	
rois + act_t1 + act_t2 + conn_t1 + conn_t2 + age + T1 + T2	-0.05794954767005134	0.08550395313142715	-0.0823860963609293	('L_SMA', 0.020322840399946352)	('L_SMA_T2', 0.0190794190059419)	('L_IFGorb_T2', 0.015034636722567059)	('R_IFGorb_T1', -0.013662844858047547)	('R_DLPFC_T2', -0.013565660425980473)	('lPTL_to_lIFG_T2', 0.013217837949154456)	('lSMA_to_lPTL_T1', 0.011794896234281782)	('L_IFGorb_T1', -0.01091278340920142)	('lPTL_to_lIFG_T1', 0.01060575329320316)	('lSMA_to_lPTL_T2', 0.010108155043175443)	('T2', 0.010068520017424422)	('rDLPFC_to_lPTL_T2', -0.00973447312870953)	('L_DLPFC_T2', -0.008810124894402025)	('lSMA_to_lIFG_T1', 0.008658126378360838)	('lIFG_to_lPTL_T2', 0.008461752845078007)	('L_PTL_T2', 0.007740229592576975)	('R_IFGorb_T2', 0.007563722754438292)	('R_DLPFC_T1', 0.007186994769546675)	('L_PTL_T1', 0.006462140331299455)	('T1', -0.0060825325088494885)	('rDLPFC_to_lIFG_T2', -0.005774084468456056)	('lSMA_to_lIFG_T2', 0.00575521078985639)	('rDLPFC_to_lPTL_T1', 0.005667596414016651)	('rIFG_to_lIFG_T1', 0.0049104016628611)	('Age', 0.004769350060329685)	('lDLPFC_to_lPTL_T1', -0.0045701255342932385)	('L_PTL', 0.003925060924069265)	('L_DLPFC', 0.003720255173844991)	('lIFG_to_lPTL_T1', 0.0034961635079273517)	('L_SMA_T1', -0.0029474408650563763)	('rIFG_to_lIFG_T2', -0.0029230792205606044)	('L_DLPFC_T1', -0.002643311583315935)	('lDLPFC_to_lIFG_T1', 0.002045340515939128)	('L_IFGorb', 0.0019807842266817257)	('lDLPFC_to_lIFG_T2', 0.0018714314723839679)	('rDLPFC_to_lIFG_T1', 0.00045882029381893026)	('lDLPFC_to_lPTL_T2', 0.00030416608745128165)	
