predictors	pearson_correlation	mean_squared_error	r2	
rois + act_t1 + act_t2 + conn_t1 + conn_t2 + age + T1 + T2	0.15528967269196836	0.07731321512046266	0.021299647014886625	('T2', 0.010522147893422474)	('L_DLPFC_T2', -0.009043698448046882)	('T1', 0.00882969749511192)	('R_IFGorb_T2', 0.008066038902839249)	('lSMA_to_lIFG_T1', 0.008017771714084472)	('rDLPFC_to_lPTL_T2', 0.007640418098427157)	('lDLPFC_to_lPTL_T2', 0.004833427815030679)	('L_PTL_T2', 0.00474061354797816)	('L_IFGorb', 0.004669869436535603)	('lDLPFC_to_lPTL_T1', 0.004552186498272793)	('rIFG_to_lIFG_T2', 0.004508820501937147)	('lIFG_to_lPTL_T1', 0.004481803505430771)	('L_SMA_T2', 0.004042454643167043)	('L_DLPFC', 0.003994810011796445)	('R_IFGorb_T1', 0.003599515511487646)	('lSMA_to_lPTL_T2', 0.0034390757574596005)	('rDLPFC_to_lIFG_T1', 0.003339042081380698)	('rDLPFC_to_lPTL_T1', -0.0024366297221482466)	('L_PTL', 0.002400760077833983)	('lSMA_to_lPTL_T1', 0.002321886819780958)	('L_PTL_T1', -0.002114456709475417)	('L_DLPFC_T1', 0.0020883746003746142)	('rDLPFC_to_lIFG_T2', 0.001984045940872378)	('L_SMA', -0.001756039890688559)	('lPTL_to_lIFG_T1', -0.0016521846815221622)	('lDLPFC_to_lIFG_T2', -0.0015788610658092465)	('rIFG_to_lIFG_T1', 0.0015302287604770227)	('Age', 0.0014263067662690816)	('R_DLPFC_T1', 0.001386563597176113)	('R_DLPFC_T2', 0.0013477190275335204)	('lPTL_to_lIFG_T2', 0.0011946902471581273)	('lSMA_to_lIFG_T2', 0.000995983104480198)	('L_IFGorb_T2', 0.0009628087373045357)	('L_SMA_T1', -0.0007636310007200542)	('L_IFGorb_T1', 0.0004915302767624964)	('lDLPFC_to_lIFG_T1', 0.00015592167750507025)	('lIFG_to_lPTL_T2', -7.961402153672824e-05)	
