predictors	pearson_correlation	mean_squared_error	r2	
rois + act_t1 + act_t2 + conn_t1 + conn_t2 + age + T1 + T2	0.08214222731227545	0.09144624305884366	0.003581208643345879	('L_DLPFC', 0.012482990342333087)	('R_IFGorb_T1', 0.01193276234677331)	('lPTL_to_lIFG_T1', -0.011009650662575548)	('rDLPFC_to_lPTL_T2', 0.010417465683385389)	('L_SMA', -0.010018834570473516)	('L_SMA_T2', 0.009020624240368553)	('L_SMA_T1', -0.008657311558578525)	('T2', 0.008174145652017269)	('L_IFGorb', 0.0077477608944144915)	('Age', 0.007542433407200356)	('lDLPFC_to_lIFG_T1', -0.007345205616733943)	('lSMA_to_lIFG_T2', 0.007114279185001637)	('rDLPFC_to_lIFG_T2', 0.006821034587809788)	('R_DLPFC_T1', -0.006810816198797507)	('lSMA_to_lPTL_T2', 0.00629097908360082)	('rDLPFC_to_lPTL_T1', 0.006140698982560564)	('L_IFGorb_T1', 0.005890652030410269)	('rIFG_to_lIFG_T2', 0.005352740028811965)	('L_DLPFC_T1', -0.005336629149731292)	('R_IFGorb_T2', -0.00395679712806754)	('lDLPFC_to_lPTL_T1', 0.003844974498818095)	('lDLPFC_to_lPTL_T2', 0.0028355356294018507)	('L_PTL', 0.0026039018259633715)	('rDLPFC_to_lIFG_T1', -0.0024940284106198408)	('lDLPFC_to_lIFG_T2', -0.002033199360830141)	('rIFG_to_lIFG_T1', 0.0019435342806213116)	('lPTL_to_lIFG_T2', 0.0018149027329345461)	('lIFG_to_lPTL_T2', 0.0013787887089003739)	('L_DLPFC_T2', -0.0013649758458047047)	('lSMA_to_lPTL_T1', 0.001315065332664995)	('L_PTL_T2', 0.0012861113590399945)	('T1', -0.0008737573892142429)	('lIFG_to_lPTL_T1', -0.0007822238413691725)	('R_DLPFC_T2', 0.0006251566957445331)	('lSMA_to_lIFG_T1', -0.00046490070775385804)	('L_PTL_T1', 4.34699707330563e-05)	('L_IFGorb_T2', 3.3558653034965804e-05)	
