predictors	pearson_correlation	mean_squared_error	r2	
rois + act_t1 + act_t2 + conn_t1 + conn_t2 + age + T1 + T2	0.03480653572614591	0.09370585750346376	-0.021040057562107695	('rIFG_to_lIFG_T2', 0.024569182806312827)	('lDLPFC_to_lPTL_T1', -0.018915052182264584)	('L_IFGorb_T2', 0.012571484658085568)	('L_PTL_T2', 0.012097725671397642)	('rIFG_to_lIFG_T1', -0.011793590863774212)	('R_IFGorb_T1', 0.009749766913482314)	('lSMA_to_lPTL_T2', 0.008810896083988542)	('L_SMA_T2', 0.007739285856526031)	('L_SMA', 0.007452067711963557)	('lSMA_to_lIFG_T2', -0.006887955794284072)	('lDLPFC_to_lPTL_T2', 0.006852984513952185)	('lSMA_to_lPTL_T1', 0.0064248234550703335)	('R_DLPFC_T1', 0.006056177184449489)	('L_DLPFC_T2', 0.005984693862607934)	('rDLPFC_to_lPTL_T2', -0.005255548612719391)	('rDLPFC_to_lIFG_T1', 0.005170956272100323)	('R_DLPFC_T2', -0.0050815472849702345)	('Age', -0.004711680019550378)	('L_IFGorb', -0.004629430706759198)	('T1', -0.004563678157468512)	('rDLPFC_to_lIFG_T2', 0.004105819751588353)	('rDLPFC_to_lPTL_T1', 0.0038708040446807294)	('lIFG_to_lPTL_T1', 0.003864636588127817)	('L_PTL_T1', 0.00384547869024004)	('L_DLPFC_T1', 0.0036930582044569383)	('T2', -0.0034619770840099203)	('L_PTL', 0.0033692088034809934)	('lSMA_to_lIFG_T1', 0.00318304657148728)	('R_IFGorb_T2', 0.0025095823775296957)	('lDLPFC_to_lIFG_T1', 0.0022183209018819625)	('lPTL_to_lIFG_T2', 0.0016540699919895994)	('L_DLPFC', 0.0015653188836819377)	('lDLPFC_to_lIFG_T2', 0.0012751075057508105)	('lPTL_to_lIFG_T1', -0.0010934215022416333)	('lIFG_to_lPTL_T2', 0.0006844730520813171)	('L_SMA_T1', 0.0005406858509828336)	('L_IFGorb_T1', 0.00011868877865715862)	
