predictors	pearson_correlation	mean_squared_error	r2	
rois + act_t1 + act_t2 + conn_t1 + conn_t2 + age + T1 + T2	0.18877498885810617	0.08534756272258698	-0.08040636562412184	('rDLPFC_to_lPTL_T1', 0.029300971452843955)	('L_SMA', 0.02515214006060003)	('R_DLPFC_T1', 0.02248653845659912)	('L_DLPFC_T2', 0.019149996656637296)	('R_IFGorb_T1', 0.01800937333435422)	('lIFG_to_lPTL_T1', 0.01687498684789489)	('lSMA_to_lIFG_T1', 0.01661917382780426)	('lDLPFC_to_lIFG_T2', 0.01591197207405879)	('R_DLPFC_T2', -0.011394149132818578)	('lDLPFC_to_lPTL_T2', 0.010509980902561725)	('L_DLPFC_T1', -0.009977633962340884)	('lDLPFC_to_lPTL_T1', -0.008688058496020825)	('L_PTL', -0.008481338270180121)	('L_PTL_T1', 0.008476740157737805)	('L_SMA_T2', 0.008447668074762191)	('L_SMA_T1', 0.008350496317157738)	('lIFG_to_lPTL_T2', -0.007948694976842715)	('T2', 0.007852314470902266)	('R_IFGorb_T2', 0.007572031787782285)	('rIFG_to_lIFG_T2', 0.007509212372302634)	('L_IFGorb_T2', 0.006986493159465977)	('rDLPFC_to_lPTL_T2', -0.006824734104290264)	('lSMA_to_lPTL_T2', -0.005642687330373932)	('L_PTL_T2', 0.005072963070531989)	('lSMA_to_lPTL_T1', -0.004809388806640374)	('L_DLPFC', 0.004607223239546059)	('rDLPFC_to_lIFG_T2', 0.0044890997126278654)	('rIFG_to_lIFG_T1', 0.004149779938572274)	('lPTL_to_lIFG_T1', -0.003800058148172643)	('rDLPFC_to_lIFG_T1', 0.0031411810384469763)	('Age', 0.002840310617044254)	('lPTL_to_lIFG_T2', 0.00277201939630775)	('lDLPFC_to_lIFG_T1', -0.002262845248057072)	('T1', 0.0021145277742699703)	('L_IFGorb', 0.001430202391917071)	('lSMA_to_lIFG_T2', 0.0013663746315687117)	('L_IFGorb_T1', 0.0009503131583667838)	
