predictors	pearson_correlation	mean_squared_error	r2	
rois + act_t1 + act_t2 + conn_t1 + conn_t2 + age + T1 + T2	0.11425816061804282	0.07962960274195616	-0.00802327506607603	('lSMA_to_lPTL_T1', 0.02793815808728012)	('L_SMA_T1', 0.025244527007020925)	('lSMA_to_lIFG_T1', 0.015069975423742134)	('L_IFGorb_T1', 0.014559355868654474)	('lSMA_to_lPTL_T2', 0.01429533512447409)	('L_IFGorb_T2', 0.01429207349374609)	('L_DLPFC_T2', 0.010825099389904426)	('lDLPFC_to_lIFG_T1', 0.008835908021323495)	('L_PTL_T2', 0.00849174453907562)	('Age', 0.00847417101990952)	('lDLPFC_to_lPTL_T2', 0.008386235005690489)	('lIFG_to_lPTL_T2', 0.0075257430292262045)	('lPTL_to_lIFG_T2', 0.0074161891515844795)	('R_IFGorb_T1', -0.007284200463474504)	('lIFG_to_lPTL_T1', 0.0068601279125584036)	('R_DLPFC_T2', 0.006754376478552895)	('R_IFGorb_T2', 0.006483107257135147)	('rDLPFC_to_lPTL_T2', -0.006461839768782744)	('L_SMA', -0.0063103546971364855)	('L_DLPFC_T1', -0.0061381951769619)	('L_DLPFC', -0.005277398163484356)	('lPTL_to_lIFG_T1', 0.004294168228808204)	('lDLPFC_to_lPTL_T1', 0.0038839247286413673)	('T2', -0.0038153881750819024)	('rDLPFC_to_lIFG_T1', 0.0037303738982505954)	('T1', 0.0034650792582478773)	('L_PTL_T1', -0.0031337937984103697)	('rDLPFC_to_lIFG_T2', 0.0030158545000410755)	('lDLPFC_to_lIFG_T2', 0.0028859264650478345)	('R_DLPFC_T1', -0.0028632255724666384)	('L_IFGorb', 0.0024580942772470023)	('L_PTL', 0.0022698217976942774)	('L_SMA_T2', -0.0020104794995969228)	('lSMA_to_lIFG_T2', 0.00151778857086992)	('rIFG_to_lIFG_T1', 0.0011116900115684318)	('rDLPFC_to_lPTL_T1', 0.0010112122939727904)	('rIFG_to_lIFG_T2', -0.00045974551109524865)	
