predictors	pearson_correlation	mean_squared_error	r2	
rois + act_t1 + act_t2 + conn_t1 + conn_t2 + age + T1 + T2	-0.1529533124970016	0.10307213586360371	-0.12309712902774694	('R_DLPFC_T1', 0.014442206060611593)	('rIFG_to_lIFG_T2', 0.01248144709058652)	('lPTL_to_lIFG_T1', 0.012151441333506216)	('rIFG_to_lIFG_T1', 0.010903798224626782)	('lSMA_to_lIFG_T2', 0.009670281049126987)	('L_IFGorb', -0.009081643750658511)	('lSMA_to_lPTL_T1', 0.008863134110961639)	('lDLPFC_to_lIFG_T1', -0.008598225397535105)	('lDLPFC_to_lIFG_T2', 0.00797889110838743)	('lDLPFC_to_lPTL_T1', -0.007822177399262602)	('L_PTL_T1', 0.0075787859508143806)	('lSMA_to_lIFG_T1', 0.006882835666436226)	('rDLPFC_to_lIFG_T2', -0.006530495265030139)	('R_DLPFC_T2', 0.006513423127724264)	('lPTL_to_lIFG_T2', 0.00628945279829163)	('R_IFGorb_T1', 0.005527599371451858)	('lSMA_to_lPTL_T2', 0.005327132479927813)	('T2', -0.004948416913294047)	('L_SMA', -0.00461186636253579)	('R_IFGorb_T2', 0.0037645700583715165)	('lDLPFC_to_lPTL_T2', -0.0028729700935195036)	('L_PTL_T2', 0.0028579049643242607)	('L_DLPFC_T2', -0.002553757842771662)	('L_PTL', -0.0024636095410496264)	('L_DLPFC', 0.0022337656177660366)	('rDLPFC_to_lPTL_T2', -0.0014564152674478744)	('L_IFGorb_T2', -0.0014075518816472285)	('L_SMA_T2', 0.0013364265288819135)	('rDLPFC_to_lPTL_T1', 0.0010176296696159702)	('L_SMA_T1', -0.0008967472023386767)	('L_DLPFC_T1', 0.00072624304410864)	('L_IFGorb_T1', 0.00041395341540210984)	('lIFG_to_lPTL_T1', 0.000299613144431934)	('lIFG_to_lPTL_T2', 0.0002795220774810465)	('Age', -9.546567968710168e-05)	('T1', 7.797143266521262e-05)	('rDLPFC_to_lIFG_T1', -4.890682478476452e-05)	
