predictors	pearson_correlation	mean_squared_error	r2	
rois + act_t1 + act_t2 + conn_t1 + conn_t2 + age + T1 + T2	0.006729788187283683	0.08676953228949663	-0.09840693790533117	('lDLPFC_to_lIFG_T2', 0.016798878786064134)	('rDLPFC_to_lPTL_T1', 0.013868641257775554)	('L_DLPFC_T2', 0.01302664191072212)	('rIFG_to_lIFG_T1', 0.012922978041935797)	('T2', 0.012761363845407376)	('lSMA_to_lIFG_T1', 0.012442867792639218)	('L_PTL_T1', 0.010366956995242002)	('lPTL_to_lIFG_T1', -0.010071879501811331)	('L_SMA_T2', -0.0099488330033923)	('L_DLPFC_T1', 0.009235364950730055)	('T1', 0.008947650478675769)	('lDLPFC_to_lPTL_T2', 0.0073950158295048125)	('L_SMA_T1', 0.007226758102567334)	('L_DLPFC', 0.007118388069426587)	('rDLPFC_to_lIFG_T1', 0.007029805215913529)	('lPTL_to_lIFG_T2', 0.006545441680216697)	('L_SMA', 0.006333749290898414)	('L_IFGorb', 0.005388306338722653)	('L_IFGorb_T1', -0.00534158981212424)	('R_DLPFC_T1', 0.004956534239542289)	('Age', 0.004779852164710738)	('R_DLPFC_T2', 0.004087341259372445)	('lDLPFC_to_lPTL_T1', -0.0040067078678507236)	('R_IFGorb_T1', -0.003655779449505077)	('rDLPFC_to_lPTL_T2', 0.003337028015419049)	('lSMA_to_lPTL_T1', -0.0032073628284641593)	('L_PTL', 0.003136193619201797)	('lIFG_to_lPTL_T1', 0.0030290202653294033)	('rDLPFC_to_lIFG_T2', -0.00282125526927061)	('lSMA_to_lIFG_T2', -0.0026871296234134974)	('lSMA_to_lPTL_T2', -0.0024894783880143375)	('lIFG_to_lPTL_T2', 0.0024874378636623087)	('lDLPFC_to_lIFG_T1', 0.0021055427495178395)	('L_PTL_T2', -0.0015768773336213373)	('L_IFGorb_T2', -0.0012337119388821864)	('R_IFGorb_T2', -0.0008136375065677713)	('rIFG_to_lIFG_T2', -5.3581870453688506e-05)	
