predictors	pearson_correlation	mean_squared_error	r2	
rois + act_t1 + act_t2 + conn_t1 + conn_t2 + age + T1 + T2	-0.052344517102815936	0.08997167126078866	-0.1389424988262924	('lDLPFC_to_lIFG_T2', 0.017907419129142843)	('L_IFGorb_T1', 0.01705466973030102)	('lIFG_to_lPTL_T1', 0.016764145392189407)	('lSMA_to_lIFG_T2', 0.016277192061979015)	('L_SMA', 0.015578733399793586)	('lIFG_to_lPTL_T2', 0.014658453890244458)	('Age', 0.013856856710697146)	('rIFG_to_lIFG_T1', 0.013599219535154156)	('lPTL_to_lIFG_T1', 0.012620887899398444)	('L_PTL_T2', 0.01005741828773794)	('T2', 0.008617809552492499)	('R_IFGorb_T1', 0.00822122122852947)	('L_PTL', 0.007982616697780075)	('T1', 0.007297606940362616)	('L_PTL_T1', 0.00532792809612676)	('L_SMA_T2', 0.005247398918864929)	('rDLPFC_to_lIFG_T1', 0.005237762336927902)	('rDLPFC_to_lPTL_T2', 0.005043753257433978)	('rDLPFC_to_lIFG_T2', 0.0048298400775829324)	('lDLPFC_to_lIFG_T1', 0.004649148521558247)	('R_IFGorb_T2', -0.004477527898595857)	('L_DLPFC_T1', 0.003734961088965625)	('lSMA_to_lPTL_T1', 0.0035681188692216876)	('L_DLPFC_T2', 0.0032487836573092963)	('lPTL_to_lIFG_T2', 0.0030901242657945553)	('L_IFGorb_T2', -0.002571049256630589)	('rDLPFC_to_lPTL_T1', 0.002564646411014678)	('lSMA_to_lIFG_T1', -0.0025072957159486915)	('lSMA_to_lPTL_T2', -0.0023463924198968366)	('rIFG_to_lIFG_T2', -0.0021597330917913055)	('R_DLPFC_T2', -0.0016915618429409799)	('R_DLPFC_T1', 0.0016596265716448569)	('L_DLPFC', 0.0007840741423652657)	('L_IFGorb', 0.0007076114272365419)	('L_SMA_T1', 0.0006906794198840062)	('lDLPFC_to_lPTL_T1', 0.0004674157654452682)	('lDLPFC_to_lPTL_T2', 0.00041149672383834833)	
