predictors	pearson_correlation	mean_squared_error	r2	
rois + act_t1 + act_t2 + conn_t1 + conn_t2 + age + T1 + T2	0.019300288575056966	0.09702719275538724	-0.05723007200898089	('rDLPFC_to_lIFG_T2', 0.015097195432467434)	('lIFG_to_lPTL_T1', 0.011983358802881918)	('T1', 0.011263779255992395)	('L_DLPFC_T1', 0.010667942507026922)	('lPTL_to_lIFG_T2', 0.010624375550096184)	('lPTL_to_lIFG_T1', -0.00999991746833214)	('L_DLPFC_T2', 0.009333191923365642)	('rIFG_to_lIFG_T1', 0.009305744085665224)	('lIFG_to_lPTL_T2', 0.00869551220784481)	('L_IFGorb_T2', -0.008065115984908493)	('rDLPFC_to_lIFG_T1', 0.007935897873838875)	('L_IFGorb', -0.007629198837833434)	('lSMA_to_lIFG_T2', 0.007232221374274673)	('L_DLPFC', 0.006752030961977541)	('L_PTL', 0.006144797352155065)	('lSMA_to_lPTL_T1', -0.005918519672292433)	('lSMA_to_lIFG_T1', 0.005827412515028236)	('L_PTL_T2', 0.005320457492571375)	('T2', 0.0052327693305193835)	('R_DLPFC_T2', 0.00520738958071714)	('lDLPFC_to_lIFG_T2', -0.004911593270919303)	('R_IFGorb_T2', 0.004808612099374858)	('L_SMA_T2', 0.004722340801522578)	('rDLPFC_to_lPTL_T1', 0.004688408182763445)	('lDLPFC_to_lIFG_T1', 0.004506810237573525)	('R_DLPFC_T1', 0.003832280222034224)	('rDLPFC_to_lPTL_T2', 0.0031245530774424855)	('L_SMA_T1', -0.0020395248445929195)	('L_PTL_T1', 0.001906375108556853)	('lDLPFC_to_lPTL_T2', 0.001844041269904832)	('lSMA_to_lPTL_T2', 0.0013479170865671965)	('R_IFGorb_T1', -0.0011525424321189007)	('Age', -0.001089884033272359)	('lDLPFC_to_lPTL_T1', 0.0008017805442421083)	('L_IFGorb_T1', -0.0006663003805061755)	('L_SMA', 0.0005582925435303239)	('rIFG_to_lIFG_T2', 0.00020220109767642717)	
