predictors	pearson_correlation	mean_squared_error	r2	
rois + act_t1 + act_t2 + conn_t1 + conn_t2 + age + T1 + T2	0.23806649079067196	0.08747477273638789	0.04685524075490899	('lPTL_to_lIFG_T2', -0.012526225396626896)	('rDLPFC_to_lPTL_T2', 0.011827066751676244)	('rDLPFC_to_lPTL_T1', 0.011202848162906351)	('L_PTL_T1', 0.009757043916318087)	('lDLPFC_to_lIFG_T1', 0.009672349621829926)	('L_IFGorb_T2', -0.00925451326756662)	('L_DLPFC_T1', 0.008787240801007921)	('L_IFGorb_T1', 0.008686254308014807)	('rIFG_to_lIFG_T1', 0.007589974234409617)	('lSMA_to_lPTL_T2', -0.006965092077235367)	('T1', 0.006228142315297418)	('L_DLPFC_T2', 0.006150395756663161)	('T2', 0.006026014068440418)	('L_PTL_T2', 0.005985137765789852)	('Age', -0.004293518791753277)	('lSMA_to_lPTL_T1', -0.0041657975986374735)	('L_SMA_T2', 0.003048742089947502)	('lPTL_to_lIFG_T1', 0.002712994793032876)	('rIFG_to_lIFG_T2', 0.0027113896570356393)	('L_DLPFC', 0.002566962158674333)	('L_SMA_T1', 0.0023846171306417655)	('R_DLPFC_T2', 0.0022981107792447173)	('R_DLPFC_T1', 0.0022120736900576947)	('R_IFGorb_T1', 0.0020583817816021577)	('L_IFGorb', 0.001645388756950384)	('lIFG_to_lPTL_T2', 0.0014408039290056335)	('rDLPFC_to_lIFG_T2', 0.0010647888330078672)	('R_IFGorb_T2', -0.0010357151590092903)	('lDLPFC_to_lPTL_T2', -0.000954913312992393)	('L_PTL', -0.0008127508889135308)	('lIFG_to_lPTL_T1', -0.0007589331540586343)	('lDLPFC_to_lPTL_T1', 0.0006682401694387716)	('rDLPFC_to_lIFG_T1', 0.0004521310123874741)	('lSMA_to_lIFG_T2', 0.00043318332660825305)	('L_SMA', 0.0003081817909866991)	('lDLPFC_to_lIFG_T2', -0.00011715874519688785)	('lSMA_to_lIFG_T1', 0.0)	
