predictors	pearson_correlation	mean_squared_error	r2	
rois + act_t1 + act_t2 + conn_t1 + conn_t2 + age + T1 + T2	0.21903549502814756	0.08818119172152825	0.03915794092256908	('lPTL_to_lIFG_T1', 0.021260641405201463)	('rIFG_to_lIFG_T2', 0.020103407759953194)	('R_IFGorb_T2', 0.01796953477454624)	('lDLPFC_to_lIFG_T1', 0.016233699687900574)	('L_DLPFC_T1', 0.016042681793806766)	('L_IFGorb_T2', -0.013605424849357626)	('L_IFGorb_T1', 0.013574616766792844)	('lSMA_to_lIFG_T1', -0.01336090566821746)	('R_IFGorb_T1', -0.013017458194181588)	('lDLPFC_to_lPTL_T2', 0.012005386940622611)	('L_PTL_T1', -0.010521895759847796)	('L_SMA_T1', -0.01027330087518656)	('L_PTL_T2', 0.010129830246123444)	('lPTL_to_lIFG_T2', 0.010065814011486382)	('rDLPFC_to_lIFG_T1', 0.009685300125027843)	('lDLPFC_to_lPTL_T1', 0.009358365500296268)	('rDLPFC_to_lPTL_T2', 0.008341879678743593)	('lIFG_to_lPTL_T2', -0.007877710953445364)	('L_SMA', -0.007807488908038247)	('T2', 0.007275714005032142)	('T1', 0.007109719192813694)	('rDLPFC_to_lPTL_T1', -0.006976223272922217)	('L_PTL', -0.005919301049463594)	('R_DLPFC_T1', 0.005887776870764126)	('L_IFGorb', -0.0044687842585482175)	('lSMA_to_lPTL_T1', 0.0039040314896241963)	('lSMA_to_lPTL_T2', -0.0029717581688624233)	('lSMA_to_lIFG_T2', -0.002594049717986516)	('rIFG_to_lIFG_T1', 0.0021478454421215466)	('lIFG_to_lPTL_T1', 0.001766366943891998)	('Age', -0.0015896093074447796)	('rDLPFC_to_lIFG_T2', -0.0015828237264030984)	('lDLPFC_to_lIFG_T2', -0.0013438893032084527)	('L_SMA_T2', 0.0006149586739152848)	('R_DLPFC_T2', -0.0005392544152184418)	('L_DLPFC', 0.000500367708808457)	('L_DLPFC_T2', 4.780858865369012e-05)	
