predictors	pearson_correlation	mean_squared_error	r2	
rois + act_t1 + act_t2 + conn_t1 + conn_t2 + age + T1 + T2	-0.16221757438889886	0.09791826669127206	-0.239537665392914	('lIFG_to_lPTL_T2', 0.02560540668716932)	('T2', 0.020262349739468787)	('lSMA_to_lPTL_T1', 0.020020113040324552)	('R_IFGorb_T1', 0.014065118390823429)	('L_DLPFC_T1', 0.011629585096987392)	('L_IFGorb', 0.010085706154695544)	('L_SMA_T1', 0.009218996129416462)	('L_PTL_T1', 0.008534704901176757)	('rDLPFC_to_lIFG_T2', 0.008519637612851932)	('L_PTL_T2', 0.007778010693061231)	('lDLPFC_to_lPTL_T2', -0.007532986118636434)	('L_IFGorb_T1', -0.00726457393217119)	('rDLPFC_to_lPTL_T2', -0.00726007930263796)	('R_DLPFC_T1', 0.006876450599085206)	('rIFG_to_lIFG_T1', -0.0065499047399581066)	('rDLPFC_to_lPTL_T1', 0.005838558882585013)	('rIFG_to_lIFG_T2', -0.004730730523750008)	('L_DLPFC_T2', 0.004653866396632463)	('lSMA_to_lPTL_T2', 0.0037254089254453123)	('lPTL_to_lIFG_T1', 0.0036719090194946686)	('rDLPFC_to_lIFG_T1', -0.003520131395140867)	('lSMA_to_lIFG_T2', -0.003500792824364408)	('L_SMA', 0.0034298633089740196)	('L_SMA_T2', 0.0033597270196194023)	('Age', -0.0033517080405414015)	('L_IFGorb_T2', -0.0032513244636866775)	('lSMA_to_lIFG_T1', 0.003162716874062417)	('L_PTL', -0.003061166346740044)	('R_DLPFC_T2', 0.0025184401841022003)	('lDLPFC_to_lIFG_T1', 0.002303903884086674)	('lIFG_to_lPTL_T1', 0.0022821837401942793)	('L_DLPFC', 0.0015150796571758596)	('lDLPFC_to_lPTL_T1', 0.0013515247621007339)	('lDLPFC_to_lIFG_T2', 0.0007719937729974756)	('T1', 0.0005394596725283913)	('lPTL_to_lIFG_T2', 0.0003516638989668148)	('R_IFGorb_T2', 0.00011381037551885628)	
