predictors	pearson_correlation	mean_squared_error	r2	
rois + act_t1 + act_t2 + conn_t1 + conn_t2 + age + T1 + T2	0.026207810266803893	0.08557148410543093	-0.08324096428993655	('R_IFGorb_T1', 0.024170103881987558)	('lSMA_to_lIFG_T2', 0.02151059928422061)	('lPTL_to_lIFG_T2', 0.019325011473928764)	('R_DLPFC_T2', -0.016795270451814732)	('L_DLPFC_T2', 0.015914125350892237)	('rDLPFC_to_lPTL_T2', 0.013616563797231354)	('rIFG_to_lIFG_T1', -0.013340340262541307)	('lIFG_to_lPTL_T1', 0.012841157817106187)	('L_IFGorb', 0.012199354496890613)	('L_PTL_T2', 0.010265253775218742)	('rDLPFC_to_lPTL_T1', 0.010027760554771663)	('L_PTL_T1', 0.009355885050380456)	('lSMA_to_lPTL_T2', 0.009229179101833582)	('lSMA_to_lPTL_T1', 0.009119596665650077)	('lDLPFC_to_lIFG_T2', -0.008271959780733413)	('L_SMA_T1', 0.007965768528413426)	('R_DLPFC_T1', 0.007952967898718988)	('lDLPFC_to_lPTL_T1', -0.006108956836677173)	('T1', 0.005546913702415844)	('lSMA_to_lIFG_T1', 0.0054983697592972764)	('L_SMA', 0.005367786575533867)	('L_SMA_T2', -0.0034088587920898337)	('rIFG_to_lIFG_T2', 0.002626028960769138)	('L_DLPFC_T1', -0.0023762073295280086)	('lDLPFC_to_lIFG_T1', 0.0023681503410456412)	('T2', 0.002326975400368199)	('lIFG_to_lPTL_T2', -0.002322373869619888)	('lPTL_to_lIFG_T1', 0.002251560344701691)	('rDLPFC_to_lIFG_T1', -0.001914225176811373)	('L_IFGorb_T1', 0.0014109550564350233)	('rDLPFC_to_lIFG_T2', 0.001185384439460741)	('L_PTL', -0.0010018892682639566)	('L_IFGorb_T2', 0.0009365081770013741)	('lDLPFC_to_lPTL_T2', -0.0006665873803537952)	('L_DLPFC', 0.0006608945086114998)	('Age', -0.0006297952658691012)	('R_IFGorb_T2', 0.0005460230350955972)	
