predictors	pearson_correlation	mean_squared_error	r2	
rois + act_t1 + act_t2 + conn_t1 + conn_t2 + age + T1 + T2	-0.025679247983473975	0.08402460714387204	-0.06365920163857908	('rDLPFC_to_lIFG_T1', 0.018864283178883084)	('R_DLPFC_T1', 0.014284792702091145)	('lSMA_to_lIFG_T1', 0.011739616576871705)	('R_IFGorb_T1', 0.01051702584685329)	('lDLPFC_to_lIFG_T1', 0.010034449007001412)	('L_IFGorb', 0.009625873250030309)	('lPTL_to_lIFG_T1', 0.009139434703178384)	('L_SMA', 0.007943573074295926)	('rDLPFC_to_lIFG_T2', -0.007784944348659575)	('rDLPFC_to_lPTL_T1', 0.007537805689653452)	('rDLPFC_to_lPTL_T2', 0.007534380504850997)	('lDLPFC_to_lPTL_T2', -0.006729068494121084)	('T2', 0.00662571901169998)	('L_PTL_T2', 0.006372560004818252)	('R_DLPFC_T2', -0.006143809968541001)	('lSMA_to_lIFG_T2', -0.006132401656575893)	('lIFG_to_lPTL_T2', 0.00607555980811553)	('L_DLPFC', 0.005973287639558883)	('L_IFGorb_T1', 0.005888616613966497)	('lDLPFC_to_lIFG_T2', 0.0050483685513426965)	('rIFG_to_lIFG_T1', 0.004929234625723193)	('lPTL_to_lIFG_T2', 0.004352077085999576)	('lDLPFC_to_lPTL_T1', 0.004257154989367654)	('lSMA_to_lPTL_T1', -0.0038276481490077843)	('R_IFGorb_T2', -0.003787307810153677)	('L_IFGorb_T2', -0.0034944628306074633)	('rIFG_to_lIFG_T2', -0.0034773562402766467)	('T1', -0.0029497695331750454)	('lSMA_to_lPTL_T2', 0.002869035955036154)	('L_SMA_T2', 0.0028211516877165253)	('L_PTL_T1', 0.0023316876185453393)	('L_DLPFC_T1', 0.0019555063982199233)	('L_DLPFC_T2', -0.0017663135005178258)	('L_SMA_T1', -0.0010862344204649996)	('L_PTL', -0.000995610807243378)	('Age', -0.000970599959996313)	('lIFG_to_lPTL_T1', 0.00020314087741376294)	
