predictors	pearson_correlation	mean_squared_error	r2	
rois + act_t1 + act_t2 + conn_t1 + conn_t2 + age + T1 + T2	-0.17593460225937563	0.10098350017969596	-0.27834015333017037	('L_IFGorb_T2', 0.01700162898746062)	('lDLPFC_to_lIFG_T2', 0.014484708681984926)	('L_DLPFC_T1', 0.013359788748943158)	('lPTL_to_lIFG_T1', 0.011821409025942689)	('L_PTL_T2', 0.011661374049955896)	('lDLPFC_to_lIFG_T1', -0.010753151939875416)	('R_IFGorb_T1', -0.008397075955729371)	('R_DLPFC_T1', 0.008222622506457448)	('L_PTL', 0.00733311336885469)	('lDLPFC_to_lPTL_T1', 0.00701707783034633)	('L_PTL_T1', -0.006978954391452828)	('T2', 0.006925419634060405)	('L_SMA', 0.006844636098175145)	('rIFG_to_lIFG_T2', 0.006762293059256456)	('rDLPFC_to_lIFG_T2', -0.0063757077945164106)	('R_DLPFC_T2', 0.005653455689371309)	('lSMA_to_lIFG_T2', -0.005460830329409409)	('lSMA_to_lPTL_T2', 0.004893437250816571)	('L_SMA_T1', 0.004840781320351928)	('L_DLPFC', 0.004630673945238827)	('rDLPFC_to_lPTL_T1', 0.004526122497842802)	('lDLPFC_to_lPTL_T2', 0.00445789593132883)	('L_IFGorb', 0.003665183212192163)	('lPTL_to_lIFG_T2', 0.0031679920845769116)	('L_SMA_T2', 0.003089685835144859)	('rIFG_to_lIFG_T1', -0.0028521586581525607)	('lSMA_to_lPTL_T1', 0.002841032111348893)	('rDLPFC_to_lIFG_T1', -0.0024655047267352695)	('lIFG_to_lPTL_T1', -0.0023442980790638283)	('L_DLPFC_T2', -0.0023232185889345623)	('lSMA_to_lIFG_T1', 0.0018695039264389256)	('Age', 0.0012962411519670462)	('T1', 0.0012537733301101045)	('L_IFGorb_T1', 0.0006223995623672071)	('rDLPFC_to_lPTL_T2', -0.0005871704294192479)	('R_IFGorb_T2', 0.0001923933782909244)	('lIFG_to_lPTL_T2', 0.00013743122366722044)	
