predictors	pearson_correlation	mean_squared_error	r2	
rois + act_t1 + act_t2 + conn_t1 + conn_t2 + age + T1 + T2	0.22453615781890887	0.08751809138323448	0.046383231055108554	('lIFG_to_lPTL_T1', 0.011420471422777446)	('R_IFGorb_T2', 0.01064856848752672)	('L_IFGorb_T1', 0.010014409923805796)	('L_IFGorb', -0.00852704102004109)	('lPTL_to_lIFG_T2', 0.008306751213316024)	('lSMA_to_lPTL_T2', 0.008182223483688784)	('L_DLPFC_T2', 0.007903882026732294)	('L_DLPFC', 0.007189863056847002)	('lDLPFC_to_lIFG_T1', -0.005193539964387447)	('rDLPFC_to_lPTL_T1', 0.0049368293010520325)	('rDLPFC_to_lIFG_T1', 0.00453278776595064)	('L_PTL_T2', 0.004258527819235481)	('lSMA_to_lIFG_T2', 0.003878002940186429)	('L_DLPFC_T1', 0.0035898136535122685)	('lSMA_to_lPTL_T1', 0.0032390652093954937)	('L_IFGorb_T2', 0.0032227787552675186)	('lDLPFC_to_lPTL_T2', -0.0027614797402734695)	('lPTL_to_lIFG_T1', 0.0023819357060863825)	('lDLPFC_to_lIFG_T2', -0.0022560355239439264)	('T2', -0.002029316417772559)	('L_SMA', 0.002001014727773978)	('rIFG_to_lIFG_T2', -0.0013620660106232196)	('lIFG_to_lPTL_T2', 0.00135522988794479)	('R_DLPFC_T1', -0.0012521445497504977)	('L_PTL_T1', 0.0011791964183450459)	('rIFG_to_lIFG_T1', -0.0011527300346141226)	('rDLPFC_to_lPTL_T2', -0.0010400340743176564)	('L_SMA_T2', 0.0009693848459470782)	('lSMA_to_lIFG_T1', 0.0009173148262416348)	('lDLPFC_to_lPTL_T1', -0.000899304460866809)	('R_DLPFC_T2', -0.0007544600172258968)	('L_SMA_T1', -0.0006418139064753889)	('R_IFGorb_T1', -0.000514831938865059)	('rDLPFC_to_lIFG_T2', -0.00041407067547390646)	('L_PTL', 0.0003110376108503083)	('T1', 0.00020055045529906188)	('Age', -0.00011651403202523525)	
