predictors	pearson_correlation	mean_squared_error	r2	
rois + act_t1 + act_t2 + conn_t1 + conn_t2 + age + T1 + T2	-0.2908312420019794	0.10440096821359643	-0.13757638459698174	('T1', 0.01993267528377795)	('L_IFGorb', 0.018991843555315302)	('lDLPFC_to_lPTL_T1', 0.018315470369683215)	('rIFG_to_lIFG_T1', 0.018002925604409012)	('L_SMA_T2', 0.013965104715690268)	('Age', -0.01335015323598083)	('rDLPFC_to_lIFG_T2', 0.013242754576638087)	('L_DLPFC_T2', 0.010672429545198604)	('L_SMA', -0.009918436214749665)	('L_PTL_T2', 0.00966989445555947)	('R_DLPFC_T2', 0.009371016315517863)	('L_IFGorb_T1', -0.00827167716429711)	('R_IFGorb_T1', 0.007956153985962748)	('lSMA_to_lIFG_T1', -0.007881130902278722)	('L_DLPFC', -0.006909311780659317)	('L_PTL_T1', 0.006661387596530759)	('lDLPFC_to_lIFG_T1', -0.0064757209259511065)	('lIFG_to_lPTL_T1', -0.0063942150691562024)	('lDLPFC_to_lIFG_T2', 0.0046879220666104305)	('rIFG_to_lIFG_T2', 0.00434922076146055)	('lSMA_to_lPTL_T1', -0.003553124066600612)	('R_DLPFC_T1', -0.0026861812440603485)	('rDLPFC_to_lIFG_T1', -0.0026772515805640077)	('R_IFGorb_T2', -0.002644861871140745)	('lIFG_to_lPTL_T2', 0.002581304333030607)	('L_SMA_T1', 0.002401486180020294)	('rDLPFC_to_lPTL_T2', -0.0023314362278916987)	('lSMA_to_lPTL_T2', 0.002144372888948805)	('lPTL_to_lIFG_T1', 0.001711602590302883)	('lSMA_to_lIFG_T2', 0.0015460081874502604)	('L_IFGorb_T2', -0.0013103777292855505)	('rDLPFC_to_lPTL_T1', -0.001125052306374526)	('L_DLPFC_T1', -0.0009620627556411372)	('T2', 0.0009293207868743233)	('L_PTL', 0.0009148132625261553)	('lDLPFC_to_lPTL_T2', -0.0006997156416814851)	('lPTL_to_lIFG_T2', 0.0005257941548390002)	
