predictors	pearson_correlation	mean_squared_error	r2	
rois + act_t1 + act_t2 + conn_t1 + conn_t2 + age + T1 + T2	-0.023452009835642704	0.11148290249431025	-0.2147427302052467	('T2', 0.034781391882809355)	('lSMA_to_lPTL_T1', 0.02257775620309274)	('R_DLPFC_T2', 0.020409348571640264)	('L_PTL_T1', 0.019001652286474293)	('L_SMA', 0.017944712181706585)	('lSMA_to_lIFG_T1', 0.014195149965959223)	('lIFG_to_lPTL_T2', 0.012975209309153331)	('lSMA_to_lPTL_T2', 0.01267116733277409)	('L_IFGorb_T1', 0.012583713570850533)	('lPTL_to_lIFG_T2', 0.012433135159684023)	('lPTL_to_lIFG_T1', 0.011247528740543685)	('rIFG_to_lIFG_T1', -0.01106150076089439)	('lDLPFC_to_lPTL_T1', 0.010206074518045236)	('R_DLPFC_T1', 0.009818637363365242)	('L_SMA_T1', -0.009400819577050842)	('L_DLPFC_T1', 0.008257487510263397)	('lDLPFC_to_lIFG_T1', -0.00798267584468397)	('lDLPFC_to_lPTL_T2', -0.00789875321434952)	('rDLPFC_to_lIFG_T2', 0.007553276088241477)	('rDLPFC_to_lIFG_T1', 0.007550394387637542)	('R_IFGorb_T1', 0.007436763675922872)	('rIFG_to_lIFG_T2', 0.007044639772762009)	('L_IFGorb', 0.006648270781680244)	('R_IFGorb_T2', -0.006117227702101634)	('L_IFGorb_T2', 0.006054868136021631)	('L_SMA_T2', 0.005872559817046433)	('L_DLPFC', -0.005773812917252148)	('T1', 0.0054830027568608065)	('L_PTL_T2', -0.005431898202383892)	('rDLPFC_to_lPTL_T2', 0.005140392850010749)	('L_DLPFC_T2', -0.004967277731114243)	('lDLPFC_to_lIFG_T2', -0.0045741810680219675)	('lSMA_to_lIFG_T2', 0.0044832098006962195)	('rDLPFC_to_lPTL_T1', 0.00329485148076084)	('Age', 0.00266054133742894)	('lIFG_to_lPTL_T1', 0.001287349912206701)	('L_PTL', -0.000573245278107371)	
