predictors	pearson_correlation	mean_squared_error	r2	
rois + act_t1 + act_t2 + conn_t1 + conn_t2 + age + T1 + T2	0.06218491217680415	0.07996636585766523	-0.012286326081394794	('lDLPFC_to_lPTL_T2', 0.019253648593926927)	('lDLPFC_to_lPTL_T1', -0.017216399428198723)	('T2', -0.01278088474042469)	('lSMA_to_lPTL_T2', 0.01265714146940339)	('T1', 0.011614534275943314)	('rDLPFC_to_lIFG_T2', 0.011582238812408796)	('rDLPFC_to_lPTL_T2', 0.01145551588549562)	('L_PTL', 0.011088125536562422)	('L_DLPFC_T2', 0.010758350916819108)	('L_IFGorb', 0.010265818764029143)	('L_SMA', 0.010187189951569002)	('lPTL_to_lIFG_T2', 0.009394281507645423)	('L_DLPFC', 0.008998933579642706)	('L_PTL_T2', -0.008998224252294802)	('rIFG_to_lIFG_T2', 0.007878896788881908)	('R_DLPFC_T1', 0.0077921391228985)	('lDLPFC_to_lIFG_T1', -0.007589919491050362)	('L_PTL_T1', 0.006981480841203589)	('L_IFGorb_T2', 0.0054640038610868176)	('lSMA_to_lIFG_T1', 0.005320453446035139)	('L_DLPFC_T1', 0.004909746023525481)	('L_SMA_T1', 0.004860710241928456)	('lDLPFC_to_lIFG_T2', 0.0045903253528114425)	('lIFG_to_lPTL_T2', -0.003919907315697557)	('lSMA_to_lPTL_T1', 0.003750123455976657)	('lIFG_to_lPTL_T1', -0.003233924503960365)	('lPTL_to_lIFG_T1', -0.0028973335446757)	('L_IFGorb_T1', 0.002770827347302758)	('R_IFGorb_T2', 0.0021507745516473322)	('rDLPFC_to_lPTL_T1', 0.0015918168382133076)	('L_SMA_T2', 0.0014717208639556762)	('R_DLPFC_T2', 0.0011977081746227278)	('Age', -0.0010795131430778213)	('lSMA_to_lIFG_T2', 0.0009806573842712624)	('rDLPFC_to_lIFG_T1', -0.0009005852911884932)	('R_IFGorb_T1', -0.0008394395864712057)	('rIFG_to_lIFG_T1', -7.819442760333343e-05)	
