predictors	pearson_correlation	mean_squared_error	r2	
rois + act_t1 + act_t2 + conn_t1 + conn_t2 + age + T1 + T2	-0.04418928480996425	0.08708750440506834	-0.10243211550614073	('R_DLPFC_T1', 0.022601822986351033)	('lPTL_to_lIFG_T2', 0.017746776415018307)	('Age', 0.015127526800457515)	('T1', 0.014747159596894554)	('lSMA_to_lIFG_T1', -0.014397375763540157)	('L_PTL', 0.011441337279011171)	('lDLPFC_to_lPTL_T2', 0.010363899815705267)	('lDLPFC_to_lIFG_T2', 0.010361669069870955)	('rIFG_to_lIFG_T1', 0.010042620855739278)	('lIFG_to_lPTL_T1', 0.009932896056057038)	('L_IFGorb_T1', 0.0095098662152624)	('L_DLPFC', 0.008997635540594622)	('lSMA_to_lIFG_T2', 0.008476545984606895)	('lDLPFC_to_lIFG_T1', 0.007979740783250314)	('L_SMA', 0.007146420369298762)	('R_DLPFC_T2', 0.007118955329110747)	('rDLPFC_to_lIFG_T1', 0.005774342668562433)	('rDLPFC_to_lPTL_T1', 0.004958938868006057)	('lDLPFC_to_lPTL_T1', -0.004683067189776931)	('L_IFGorb_T2', -0.00393262221823663)	('L_IFGorb', 0.0036173749227773706)	('lSMA_to_lPTL_T1', 0.003544603740934763)	('R_IFGorb_T2', -0.003522607277278478)	('L_SMA_T1', 0.003292095276424947)	('lSMA_to_lPTL_T2', 0.0031552700347552798)	('L_DLPFC_T2', -0.0031272821287381255)	('rDLPFC_to_lIFG_T2', -0.0028256046909490187)	('T2', 0.0027822868679594106)	('rIFG_to_lIFG_T2', 0.0026912657041198683)	('L_DLPFC_T1', 0.0024570556053164546)	('lPTL_to_lIFG_T1', 0.0023537900964086026)	('L_SMA_T2', 0.0020168128294500674)	('L_PTL_T2', -0.0018124214000341714)	('lIFG_to_lPTL_T2', -0.0015165482471723385)	('L_PTL_T1', -0.0013152966645710797)	('rDLPFC_to_lPTL_T2', -0.000844786072180239)	('R_IFGorb_T1', -0.00024384622781718133)	
