predictors	pearson_correlation	mean_squared_error	r2	
rois + act_t1 + act_t2 + conn_t1 + conn_t2 + age + T1 + T2	0.008179638446125055	0.09689892781773926	-0.05583246845666889	('L_DLPFC_T1', 0.018808062641226777)	('L_SMA', -0.017266941531697177)	('L_PTL_T1', 0.016874331463984548)	('L_DLPFC_T2', 0.015018741280325966)	('R_DLPFC_T1', 0.013984393141790567)	('lDLPFC_to_lPTL_T1', 0.013593654349856705)	('L_IFGorb_T2', 0.011004650133241343)	('lDLPFC_to_lPTL_T2', 0.01094213154695802)	('R_IFGorb_T1', 0.00978405470657301)	('lPTL_to_lIFG_T2', 0.009588226613463317)	('L_PTL', 0.009461526301745451)	('rIFG_to_lIFG_T2', 0.009423153117469623)	('rDLPFC_to_lPTL_T2', 0.008379378057661376)	('T2', -0.008349222572043843)	('lSMA_to_lIFG_T2', -0.008286027321800817)	('rDLPFC_to_lIFG_T2', -0.008078841231381782)	('L_SMA_T2', -0.007596884729956292)	('Age', 0.007009854676750223)	('lSMA_to_lPTL_T2', 0.006986470523260815)	('lIFG_to_lPTL_T2', 0.006867138485879494)	('L_DLPFC', 0.006682762239761949)	('R_DLPFC_T2', -0.006673529977336635)	('lDLPFC_to_lIFG_T2', 0.006505874527492053)	('lPTL_to_lIFG_T1', -0.0064670045597985375)	('L_IFGorb_T1', -0.004326197686371076)	('lIFG_to_lPTL_T1', 0.0037545900045738182)	('R_IFGorb_T2', -0.0037529056493020535)	('L_IFGorb', 0.003468878419692006)	('lSMA_to_lPTL_T1', -0.003464739469656517)	('T1', 0.003390479871075996)	('L_SMA_T1', 0.0033668204429200196)	('L_PTL_T2', -0.001891270188394759)	('rDLPFC_to_lIFG_T1', 0.0017416601949602503)	('lSMA_to_lIFG_T1', 0.0011063481282147702)	('lDLPFC_to_lIFG_T1', 0.0008938261505440399)	('rIFG_to_lIFG_T1', 0.0008172554995197796)	('rDLPFC_to_lPTL_T1', 0.0004338711771170979)	
