predictors	pearson_correlation	mean_squared_error	r2	
rois + act_t1 + act_t2 + conn_t1 + conn_t2 + age + T1 + T2	0.05643274695958814	0.08244156071157674	-0.043619573230095465	('rDLPFC_to_lIFG_T2', 0.01608913486813855)	('L_IFGorb', 0.015279229305183807)	('T1', 0.01395776359839486)	('lDLPFC_to_lIFG_T2', -0.010734875247248383)	('lPTL_to_lIFG_T1', 0.00978352180481524)	('lDLPFC_to_lPTL_T2', 0.008625095987373715)	('Age', 0.008585213370969274)	('L_PTL', 0.00818331561786435)	('T2', 0.007697359246740886)	('lSMA_to_lPTL_T1', 0.007679147011445231)	('rDLPFC_to_lPTL_T2', 0.007590193137779303)	('L_DLPFC_T1', 0.0072412036843576095)	('rDLPFC_to_lIFG_T1', -0.0052542725709967516)	('lPTL_to_lIFG_T2', -0.004570899547443137)	('lSMA_to_lPTL_T2', 0.004541784274752886)	('L_SMA', 0.004524504655197444)	('R_IFGorb_T2', -0.004369778123115391)	('L_PTL_T2', 0.004316582256112309)	('rIFG_to_lIFG_T1', 0.0036020245634100344)	('rDLPFC_to_lPTL_T1', 0.0029377299201988074)	('L_SMA_T2', 0.002814985237749361)	('R_IFGorb_T1', -0.0027233404282472422)	('L_DLPFC', 0.0022762750569474185)	('lIFG_to_lPTL_T2', -0.002105405261300295)	('R_DLPFC_T2', 0.002098688229555038)	('lSMA_to_lIFG_T2', 0.002008028927729186)	('R_DLPFC_T1', 0.001956884936880172)	('L_SMA_T1', 0.0018518473593292241)	('rIFG_to_lIFG_T2', 0.0016020056189838684)	('L_IFGorb_T2', 0.0011429006306851789)	('L_DLPFC_T2', 0.0010815445409990553)	('lDLPFC_to_lIFG_T1', 0.0008689636060784734)	('lDLPFC_to_lPTL_T1', 0.0005465802294965523)	('L_IFGorb_T1', 0.0005071132862536961)	('lIFG_to_lPTL_T1', 0.0002728845475526536)	('L_PTL_T1', -0.00011957735638570392)	('lSMA_to_lIFG_T1', 3.4876756933324366e-06)	
