predictors	pearson_correlation	mean_squared_error	r2	
rois + act_t1 + act_t2 + conn_t1 + conn_t2 + age + T1 + T2	-0.0885453851481105	0.08967905205568376	-0.13523826121464788	('R_IFGorb_T1', 0.028692402921400465)	('L_PTL_T2', -0.027050809538566808)	('Age', 0.02507836746563175)	('T2', 0.0230387838712589)	('rIFG_to_lIFG_T1', 0.020885979326478107)	('L_PTL_T1', 0.018994162750366996)	('L_IFGorb', 0.017959008759821468)	('lPTL_to_lIFG_T1', 0.0178745387882588)	('L_IFGorb_T2', -0.017432651687806305)	('lSMA_to_lIFG_T2', 0.01722084505844667)	('lSMA_to_lPTL_T1', 0.017195176991554765)	('rDLPFC_to_lIFG_T1', 0.01667133402651041)	('L_SMA_T2', 0.016052778628853567)	('L_DLPFC', 0.014251330744727649)	('lPTL_to_lIFG_T2', 0.01175438203537783)	('lDLPFC_to_lPTL_T2', -0.009567439121864044)	('L_SMA', 0.00952712182858481)	('lIFG_to_lPTL_T2', 0.008209845344817676)	('lDLPFC_to_lPTL_T1', -0.008034441456593846)	('lIFG_to_lPTL_T1', 0.007535119574769438)	('lDLPFC_to_lIFG_T2', -0.00723205890578604)	('rDLPFC_to_lPTL_T2', 0.006767438542580599)	('R_DLPFC_T2', -0.0055754085914309975)	('rIFG_to_lIFG_T2', 0.005558390330532429)	('rDLPFC_to_lIFG_T2', -0.005015281044157763)	('R_IFGorb_T2', -0.00493879270852426)	('L_DLPFC_T2', -0.004889332944241331)	('T1', 0.004565976575957342)	('L_PTL', -0.004305989025778993)	('lSMA_to_lIFG_T1', 0.004167991045101379)	('L_SMA_T1', 0.002956758831748495)	('L_IFGorb_T1', 0.0015568904235796607)	('rDLPFC_to_lPTL_T1', -0.0008496884229130997)	('R_DLPFC_T1', -0.0005872252353588285)	('lDLPFC_to_lIFG_T1', 0.0005458915223432224)	('lSMA_to_lPTL_T2', -0.00011134844361163787)	('L_DLPFC_T1', -1.4660240578318965e-05)	
