predictors	pearson_correlation	mean_squared_error	r2	
rois + act_t1 + act_t2 + conn_t1 + conn_t2 + age + T1 + T2	0.25034032922302923	0.07495410667338175	0.051163367806872806	('T1', 0.014829719996623504)	('rDLPFC_to_lIFG_T1', 0.014629475132968127)	('Age', 0.014064072563395402)	('L_PTL_T2', 0.013994418324046073)	('R_IFGorb_T2', -0.013005938118576922)	('lSMA_to_lPTL_T1', 0.010430000708045693)	('L_DLPFC_T1', 0.009579099745120917)	('lDLPFC_to_lIFG_T2', 0.009194651520745355)	('L_IFGorb_T1', 0.007818076746021153)	('R_DLPFC_T1', 0.007606987982083318)	('T2', 0.007547683627849415)	('lSMA_to_lIFG_T1', -0.007358777347366648)	('L_SMA_T2', -0.0063755269922133925)	('rIFG_to_lIFG_T1', 0.006054183937873174)	('L_DLPFC_T2', 0.005372199009122649)	('L_SMA_T1', 0.005010296590634431)	('lDLPFC_to_lPTL_T2', 0.004826912538776982)	('L_PTL', 0.004502609522766231)	('L_DLPFC', 0.003994961727407966)	('lDLPFC_to_lPTL_T1', 0.0033711662759158614)	('rDLPFC_to_lPTL_T2', 0.0033155475134142866)	('rIFG_to_lIFG_T2', -0.003260435346750924)	('L_IFGorb_T2', 0.003040506593650337)	('R_IFGorb_T1', 0.002770253972792871)	('L_SMA', 0.002338103463937579)	('L_PTL_T1', 0.002182049786988458)	('lIFG_to_lPTL_T1', 0.0019045573243892692)	('R_DLPFC_T2', 0.0017372083874801607)	('lSMA_to_lPTL_T2', 0.001675510147669585)	('lSMA_to_lIFG_T2', 0.0015120066470196425)	('rDLPFC_to_lPTL_T1', 0.001428438896551764)	('lDLPFC_to_lIFG_T1', 0.001211546599649483)	('lPTL_to_lIFG_T2', 0.000817080158550598)	('lIFG_to_lPTL_T2', -0.000795469516462313)	('L_IFGorb', 0.0003717203937267702)	('lPTL_to_lIFG_T1', -0.0002035192146685041)	('rDLPFC_to_lIFG_T2', 6.651957792493621e-05)	
