predictors	pearson_correlation	mean_squared_error	r2	
rois + act_t1 + act_t2 + conn_t1 + conn_t2 + age + T1 + T2	-0.025618303760825935	0.0979234604599503	-0.06699600610359502	('Age', 0.019788182339304607)	('rIFG_to_lIFG_T2', -0.015902357530905395)	('T2', 0.013887422910453834)	('lSMA_to_lPTL_T2', 0.0134753287879446)	('L_IFGorb_T1', 0.011848632948480048)	('L_PTL_T1', 0.011144342570018848)	('lDLPFC_to_lIFG_T1', -0.010983496975214465)	('lIFG_to_lPTL_T2', -0.010660017958742567)	('lSMA_to_lPTL_T1', -0.010460814482599376)	('R_DLPFC_T2', 0.010041473729444467)	('lSMA_to_lIFG_T2', 0.008055363278197851)	('lPTL_to_lIFG_T1', 0.007970653056457848)	('lDLPFC_to_lPTL_T1', -0.0066544111520804505)	('L_SMA_T2', 0.006590068041625193)	('lDLPFC_to_lPTL_T2', -0.006256962357455062)	('L_DLPFC_T2', 0.005396078923290545)	('R_IFGorb_T2', 0.0053908170976698505)	('lPTL_to_lIFG_T2', -0.005202380207291441)	('T1', 0.00520152811602634)	('rDLPFC_to_lIFG_T2', 0.004958552243018082)	('L_IFGorb', -0.004538935488016053)	('L_PTL', -0.004130980068816095)	('L_PTL_T2', -0.00381744009324424)	('lSMA_to_lIFG_T1', 0.0035138741285911292)	('L_IFGorb_T2', 0.0029555757687435556)	('L_SMA_T1', -0.0028348226643890853)	('R_DLPFC_T1', -0.0028339303167724855)	('L_DLPFC', -0.0027219773325610256)	('L_DLPFC_T1', -0.0026501912213881154)	('rDLPFC_to_lIFG_T1', 0.002419678967473362)	('rDLPFC_to_lPTL_T1', 0.0023507445284402426)	('lDLPFC_to_lIFG_T2', 0.0022572361477527975)	('L_SMA', -0.001961185726229277)	('rDLPFC_to_lPTL_T2', -0.00196026669228562)	('R_IFGorb_T1', 0.0015534263850060508)	('rIFG_to_lIFG_T1', -0.001281724071776136)	('lIFG_to_lPTL_T1', -0.0004582227214804056)	
