predictors	pearson_correlation	mean_squared_error	r2	
rois + act_t1 + act_t2 + conn_t1 + conn_t2 + age + T1 + T2	-0.32143877408565996	0.0882334175042428	-0.11693811623195294	('rIFG_to_lIFG_T1', 0.011416694482302538)	('lDLPFC_to_lIFG_T1', 0.009019185570622992)	('L_PTL_T1', -0.007043166130837654)	('lPTL_to_lIFG_T1', 0.006914374634739994)	('L_DLPFC_T2', 0.006610973658761584)	('lSMA_to_lIFG_T2', 0.005351319104949362)	('lSMA_to_lPTL_T2', 0.005257123811093996)	('T1', 0.005060785041606139)	('L_SMA', 0.00496339067749186)	('lPTL_to_lIFG_T2', 0.004723939123535697)	('lIFG_to_lPTL_T1', -0.004680337949383237)	('rDLPFC_to_lIFG_T1', 0.00464839545407841)	('R_DLPFC_T2', 0.004597494045783034)	('R_IFGorb_T1', -0.004553815443682624)	('L_IFGorb', 0.004452158563140794)	('lDLPFC_to_lPTL_T1', 0.004187245551673255)	('rDLPFC_to_lPTL_T2', -0.004153867830759762)	('R_IFGorb_T2', 0.004152120513704962)	('L_PTL_T2', 0.0037346375201143013)	('T2', 0.0036867440415218004)	('rIFG_to_lIFG_T2', 0.003629583359145465)	('L_IFGorb_T2', 0.003408060495269434)	('L_IFGorb_T1', 0.003320455235305647)	('rDLPFC_to_lPTL_T1', 0.00221993871562314)	('L_SMA_T2', 0.0022071719323288864)	('lSMA_to_lPTL_T1', 0.0017111675160439818)	('lDLPFC_to_lPTL_T2', -0.0017010033138562428)	('L_SMA_T1', -0.0010286423843997895)	('lSMA_to_lIFG_T1', -0.0009471197339498252)	('lDLPFC_to_lIFG_T2', 0.0009314006230539718)	('L_DLPFC_T1', -0.0008495236721540984)	('Age', -0.00035475714655803)	('L_DLPFC', 0.0003391877700964084)	('R_DLPFC_T1', -0.0002780670875391935)	('L_PTL', -0.00022053089867412964)	('rDLPFC_to_lIFG_T2', -0.00012559580092011958)	('lIFG_to_lPTL_T2', -0.00010934463439927275)	
