predictors	pearson_correlation	mean_squared_error	r2	
rois + act_t1 + act_t2 + conn_t1 + conn_t2 + age + T1 + T2	-0.16477488981312585	0.10626023751936617	-0.15783540030383247	('lSMA_to_lPTL_T2', 0.025186359359322685)	('lDLPFC_to_lIFG_T1', -0.017652767053442806)	('rDLPFC_to_lPTL_T2', 0.013351597313615758)	('R_DLPFC_T2', 0.0129617768645563)	('R_IFGorb_T1', 0.012555414718369686)	('L_IFGorb_T1', 0.011011026570253863)	('lIFG_to_lPTL_T1', -0.009920690702098398)	('rDLPFC_to_lIFG_T1', -0.00945359833003076)	('lSMA_to_lIFG_T1', 0.009132971251148352)	('L_DLPFC_T2', -0.00814031195606979)	('L_PTL', 0.007448357949318024)	('lSMA_to_lPTL_T1', -0.007281989057932535)	('lDLPFC_to_lPTL_T2', 0.006979636524649174)	('lIFG_to_lPTL_T2', 0.006622990637642204)	('R_IFGorb_T2', -0.005718518635285303)	('T1', 0.005687126031420584)	('lPTL_to_lIFG_T1', 0.005557537435068921)	('rIFG_to_lIFG_T1', 0.005371343448183696)	('L_SMA', -0.004989182295854353)	('rDLPFC_to_lIFG_T2', 0.004930701605766956)	('lPTL_to_lIFG_T2', -0.00426516797256671)	('L_SMA_T1', 0.003907701622658037)	('Age', -0.003783564404007457)	('rIFG_to_lIFG_T2', 0.003769961630660517)	('lDLPFC_to_lIFG_T2', -0.003609318220132242)	('L_PTL_T1', 0.003440582149592091)	('L_PTL_T2', 0.003419260571236304)	('rDLPFC_to_lPTL_T1', 0.003240647073693619)	('L_SMA_T2', -0.0029819721732130514)	('T2', -0.0024586583149185746)	('L_DLPFC', -0.0022563779267266845)	('L_IFGorb', 0.0017150680863099333)	('lSMA_to_lIFG_T2', 0.0014775464425851332)	('R_DLPFC_T1', -0.0008408559441720452)	('L_IFGorb_T2', -0.0006090992351867445)	('lDLPFC_to_lPTL_T1', 0.0005399261923305778)	('L_DLPFC_T1', -0.00010184356388120846)	
