predictors	pearson_correlation	mean_squared_error	r2	
rois + act_t1 + act_t2 + conn_t1 + conn_t2 + age + T1 + T2	-0.026438901114209077	0.08422504064074188	-0.06619646947604929	('Age', -0.01921080764839644)	('lDLPFC_to_lPTL_T1', 0.018940796311076095)	('lDLPFC_to_lPTL_T2', 0.018335889010116107)	('L_IFGorb_T1', 0.018085438006875832)	('lDLPFC_to_lIFG_T2', 0.01793760542508044)	('T2', 0.013945191048340959)	('R_IFGorb_T2', 0.013927451796449343)	('rDLPFC_to_lIFG_T1', -0.013785855091813529)	('lSMA_to_lPTL_T1', 0.012157439702731894)	('lSMA_to_lPTL_T2', 0.011849213575399536)	('L_SMA_T2', -0.011580879790416478)	('rDLPFC_to_lPTL_T1', -0.010786690190592895)	('lDLPFC_to_lIFG_T1', -0.01072639794833326)	('L_PTL_T2', -0.010688401868702048)	('L_PTL', 0.010647043417083573)	('lPTL_to_lIFG_T2', 0.010639362235157795)	('R_DLPFC_T1', 0.010378236754490228)	('lIFG_to_lPTL_T1', -0.010208886772360672)	('L_DLPFC', 0.009282344184657568)	('L_DLPFC_T2', 0.008884870808893143)	('L_IFGorb', 0.007266018788343277)	('rIFG_to_lIFG_T2', 0.006599236824187278)	('L_SMA_T1', 0.005823423042424852)	('L_DLPFC_T1', 0.005656176644252874)	('R_DLPFC_T2', -0.005502299150812422)	('T1', -0.005485361402009802)	('lPTL_to_lIFG_T1', 0.005386752505543408)	('lSMA_to_lIFG_T2', -0.004895394106904694)	('L_IFGorb_T2', -0.004752569769213646)	('L_SMA', 0.004334437194857343)	('L_PTL_T1', 0.0043313386477362974)	('rDLPFC_to_lIFG_T2', -0.0042354073343338705)	('rIFG_to_lIFG_T1', 0.00403716187368591)	('R_IFGorb_T1', 0.0026894885437453156)	('lSMA_to_lIFG_T1', 0.0023842439122072497)	('rDLPFC_to_lPTL_T2', -0.0021456073418364505)	('lIFG_to_lPTL_T2', 0.0010655209135348696)	
