predictors	pearson_correlation	mean_squared_error	r2	
rois + act_t1 + act_t2 + conn_t1 + conn_t2 + age + T1 + T2	0.0581751434429753	0.08154537793557838	-0.03227488399628009	('L_PTL_T1', 0.028393680963669336)	('lPTL_to_lIFG_T1', 0.021575185805520477)	('lDLPFC_to_lIFG_T2', 0.02090236243029485)	('L_PTL_T2', 0.016442521184385314)	('R_DLPFC_T1', 0.01627378050681814)	('lDLPFC_to_lPTL_T2', 0.015657610783898955)	('rIFG_to_lIFG_T2', 0.0153099513855127)	('L_DLPFC', 0.01261060238756469)	('lSMA_to_lPTL_T1', 0.011994429661744752)	('lIFG_to_lPTL_T2', 0.01199082903787881)	('L_SMA_T2', 0.010762779036109116)	('rDLPFC_to_lIFG_T1', 0.008804687245310482)	('R_DLPFC_T2', -0.007991098547573641)	('rDLPFC_to_lIFG_T2', 0.007302176261169638)	('L_PTL', 0.006071872351338803)	('lDLPFC_to_lIFG_T1', 0.005923438027705832)	('rIFG_to_lIFG_T1', -0.005894000728384052)	('lSMA_to_lPTL_T2', 0.005677390679063042)	('L_SMA_T1', 0.005505834389205736)	('lDLPFC_to_lPTL_T1', -0.005396923204886106)	('T1', 0.005171166311821877)	('R_IFGorb_T2', -0.004827691907047412)	('L_IFGorb_T2', 0.004658061949411628)	('L_IFGorb_T1', -0.004634189927908398)	('lIFG_to_lPTL_T1', -0.004541309792523399)	('lSMA_to_lIFG_T2', 0.0043988241695304756)	('rDLPFC_to_lPTL_T1', 0.004125709071528548)	('R_IFGorb_T1', -0.0037993314819977295)	('L_DLPFC_T1', -0.0029974977801859046)	('L_SMA', 0.001999671831330102)	('lSMA_to_lIFG_T1', 0.0014035693593833895)	('lPTL_to_lIFG_T2', 0.0012962275056204455)	('L_DLPFC_T2', 0.0012391461308251255)	('rDLPFC_to_lPTL_T2', -0.0012255147999099805)	('L_IFGorb', 0.0005291572091781207)	('T2', -0.00030833118814277855)	('Age', -0.00022208316538577922)	
