predictors	pearson_correlation	mean_squared_error	r2	
rois + act_t1 + act_t2 + conn_t1 + conn_t2 + age + T1 + T2	0.027831504218865072	0.09370821098944365	-0.021065701673632642	('rDLPFC_to_lPTL_T2', 0.03243688941751224)	('lPTL_to_lIFG_T2', 0.02394276475705551)	('R_DLPFC_T1', -0.022411092744788124)	('L_PTL', -0.019086507586209868)	('rIFG_to_lIFG_T2', 0.018695675358311317)	('lIFG_to_lPTL_T2', 0.017405390976196082)	('R_IFGorb_T2', 0.01642412799612613)	('L_PTL_T1', 0.016156988076225)	('lSMA_to_lIFG_T2', -0.011107575190238859)	('rDLPFC_to_lPTL_T1', -0.009909979116685909)	('L_IFGorb_T1', -0.009846391035978)	('lDLPFC_to_lPTL_T2', 0.008534891848658716)	('lIFG_to_lPTL_T1', -0.008257272547389219)	('L_DLPFC_T2', 0.008116758193193874)	('R_IFGorb_T1', 0.007782031823581554)	('L_IFGorb', -0.007761634564100747)	('lDLPFC_to_lIFG_T2', 0.007695043686320977)	('lDLPFC_to_lPTL_T1', -0.0071283261464963835)	('rIFG_to_lIFG_T1', -0.007072763817101675)	('L_PTL_T2', -0.006008679366454632)	('L_SMA_T1', 0.005855161419795771)	('rDLPFC_to_lIFG_T2', 0.0057957920719075426)	('R_DLPFC_T2', -0.005225030846708562)	('lDLPFC_to_lIFG_T1', -0.004812716173841243)	('L_IFGorb_T2', 0.004660180528619031)	('lPTL_to_lIFG_T1', -0.004356899040226139)	('L_DLPFC_T1', 0.004191256276694909)	('lSMA_to_lPTL_T1', -0.004114433349750881)	('L_SMA_T2', 0.003725825694212756)	('T2', -0.00368031910042297)	('Age', 0.0036047670781129645)	('L_DLPFC', -0.0035177204569962614)	('lSMA_to_lPTL_T2', 0.002273355816089225)	('lSMA_to_lIFG_T1', 0.00212665150802087)	('L_SMA', -0.0020585405113226585)	('T1', -0.0015680706188567286)	('rDLPFC_to_lIFG_T1', -0.0009731591871669749)	
