predictors	pearson_correlation	mean_squared_error	r2	
rois + act_t1 + act_t2 + conn_t1 + conn_t2 + age + T1 + T2	0.03331393576679721	0.08924321011967123	-0.12972098120040254	('lPTL_to_lIFG_T2', 0.029317384114688556)	('L_SMA_T2', 0.018065268626579332)	('lDLPFC_to_lPTL_T1', -0.014344254302318699)	('lSMA_to_lPTL_T2', 0.012715849933758348)	('lDLPFC_to_lIFG_T2', 0.011394614877527987)	('L_IFGorb', 0.0112564422521719)	('R_IFGorb_T2', -0.010583953183552056)	('L_SMA_T1', 0.009424120400483333)	('L_SMA', 0.009413570113395586)	('L_DLPFC', 0.009124750391846228)	('L_PTL', -0.008833249996138631)	('R_IFGorb_T1', -0.008717322685222068)	('rDLPFC_to_lIFG_T2', 0.008507089415293772)	('L_PTL_T2', 0.007261641495340587)	('lDLPFC_to_lPTL_T2', 0.005658680004254311)	('lIFG_to_lPTL_T1', -0.005143934825902429)	('L_IFGorb_T2', 0.004770220640916058)	('lSMA_to_lPTL_T1', -0.00472448552289871)	('lDLPFC_to_lIFG_T1', 0.004260883352161723)	('rIFG_to_lIFG_T1', -0.003602763769468814)	('Age', 0.0035674964206042323)	('T1', 0.003536886401999524)	('rDLPFC_to_lPTL_T2', -0.0035234158198179048)	('R_DLPFC_T1', 0.003361757764735377)	('lSMA_to_lIFG_T2', 0.003122405123815181)	('L_DLPFC_T1', 0.0026940184777208497)	('R_DLPFC_T2', -0.0024701854969519737)	('rDLPFC_to_lPTL_T1', 0.002079439499909677)	('L_DLPFC_T2', 0.0016141109032210875)	('lPTL_to_lIFG_T1', 0.0015661911877208267)	('lSMA_to_lIFG_T1', 0.0014728081125258685)	('rDLPFC_to_lIFG_T1', -0.0013314100641601183)	('L_PTL_T1', 0.0009727305300206881)	('lIFG_to_lPTL_T2', -0.0004658547595295781)	('T2', -0.0003911043860417871)	('rIFG_to_lIFG_T2', 0.00034929197210095773)	('L_IFGorb_T1', 8.981691357242731e-05)	
