predictors	pearson_correlation	mean_squared_error	r2	
rois + act_t1 + act_t2 + conn_t1 + conn_t2 + age + T1 + T2	-0.29629809752736425	0.08405178658390432	-0.06400326348508356	('lSMA_to_lPTL_T1', 0.015876288996794878)	('L_PTL', 0.013566459846460297)	('T2', 0.011332227688994749)	('rDLPFC_to_lPTL_T1', -0.010562239224632985)	('lPTL_to_lIFG_T1', 0.009951876946978425)	('rIFG_to_lIFG_T1', 0.009569466981178285)	('L_IFGorb_T2', -0.009279560452657919)	('lPTL_to_lIFG_T2', 0.008231077042068637)	('rDLPFC_to_lIFG_T2', 0.00818793025574539)	('rIFG_to_lIFG_T2', 0.006680007943009749)	('R_DLPFC_T1', 0.005698378103364403)	('Age', 0.005644410609860337)	('lSMA_to_lIFG_T1', -0.005611939034757504)	('R_IFGorb_T1', 0.004801073227823181)	('lDLPFC_to_lIFG_T2', 0.004662290903245734)	('lSMA_to_lPTL_T2', -0.004202221307687108)	('R_DLPFC_T2', 0.004165510064905048)	('L_SMA', 0.0038924194777383947)	('L_PTL_T1', 0.0038440956419467653)	('L_DLPFC', 0.0038233882305013776)	('lSMA_to_lIFG_T2', 0.003641882093176045)	('lDLPFC_to_lIFG_T1', 0.00342730467845157)	('L_PTL_T2', 0.003360443686664523)	('L_IFGorb_T1', -0.002963620856207896)	('T1', 0.0028959578789035847)	('lIFG_to_lPTL_T2', 0.0023356089386758713)	('rDLPFC_to_lIFG_T1', -0.0020618727174313)	('L_SMA_T1', 0.0016904893367866273)	('lDLPFC_to_lPTL_T1', 0.0013501487458650737)	('lIFG_to_lPTL_T1', -0.0011406648635361436)	('rDLPFC_to_lPTL_T2', -0.0009595229912421824)	('L_SMA_T2', 0.0007391475692929222)	('lDLPFC_to_lPTL_T2', -0.0006691501703019968)	('L_DLPFC_T1', 0.0006345375585373631)	('R_IFGorb_T2', -0.0005579064425809583)	('L_DLPFC_T2', -0.0003164970360251732)	('L_IFGorb', -0.00030554602664552256)	
