predictors	pearson_correlation	mean_squared_error	r2	
rois + act_t1 + act_t2 + conn_t1 + conn_t2 + age + T1 + T2	0.027382312684677095	0.09456203114879647	-0.03036911778741258	('rDLPFC_to_lIFG_T1', 0.011860870191486936)	('T1', 0.01073642774120434)	('rIFG_to_lIFG_T1', 0.009548000513250231)	('rDLPFC_to_lPTL_T1', -0.008483661244656803)	('L_DLPFC', 0.008239223582584878)	('R_DLPFC_T2', -0.007689090081544097)	('L_DLPFC_T1', 0.007501605332020642)	('lDLPFC_to_lPTL_T1', -0.007220107307291752)	('lPTL_to_lIFG_T2', 0.0066353621858316475)	('L_IFGorb_T2', 0.006360400798063239)	('lDLPFC_to_lIFG_T2', 0.006230275001383159)	('Age', -0.005624023437852315)	('lDLPFC_to_lPTL_T2', 0.00533469695034065)	('L_SMA_T1', 0.005323924850104473)	('L_SMA_T2', 0.0047849849911784995)	('L_IFGorb', 0.004086555115738165)	('rDLPFC_to_lIFG_T2', -0.004076310165196215)	('L_PTL', -0.003891041220619182)	('rDLPFC_to_lPTL_T2', -0.0036758858395806626)	('L_SMA', 0.0030708259750103772)	('lSMA_to_lPTL_T2', 0.002864569560969485)	('R_IFGorb_T2', 0.0028118928431947405)	('lIFG_to_lPTL_T1', -0.0024782437429467087)	('L_DLPFC_T2', -0.0024593653962499003)	('L_PTL_T2', 0.002425752739289768)	('L_IFGorb_T1', 0.0022319452237378416)	('R_DLPFC_T1', 0.001968641978280164)	('lSMA_to_lIFG_T1', 0.0015423070278872083)	('T2', 0.0015303235780289406)	('lIFG_to_lPTL_T2', 0.0012851132353301974)	('lSMA_to_lPTL_T1', 0.0011100454236603618)	('rIFG_to_lIFG_T2', -0.0010273997890132979)	('lPTL_to_lIFG_T1', 0.0005850330818937519)	('lDLPFC_to_lIFG_T1', -0.00039434458946777714)	('lSMA_to_lIFG_T2', -0.0003701927431857183)	('L_PTL_T1', 0.00035305836604771103)	('R_IFGorb_T1', 0.00013498682076851977)	
