predictors	pearson_correlation	mean_squared_error	r2	
rois + act_t1 + act_t2 + conn_t1 + conn_t2 + age + T1 + T2	-0.36067840122046446	0.10319017911670977	-0.3062742840116486	('R_DLPFC_T2', 0.021455093351810395)	('lSMA_to_lIFG_T2', 0.017027278369212293)	('L_IFGorb_T2', 0.016945329845493087)	('L_DLPFC_T2', 0.014581686579906585)	('lDLPFC_to_lPTL_T1', 0.013978613054716196)	('L_SMA_T1', 0.012813394484687986)	('rIFG_to_lIFG_T1', 0.011858162732781348)	('lIFG_to_lPTL_T1', 0.011249770234682602)	('lSMA_to_lPTL_T1', 0.010871109061409194)	('lSMA_to_lPTL_T2', 0.009635170039210307)	('lIFG_to_lPTL_T2', 0.009011255169430375)	('lDLPFC_to_lIFG_T2', 0.008144147497091494)	('L_SMA', 0.006786959148887459)	('rDLPFC_to_lPTL_T1', 0.006660383330610207)	('L_DLPFC', 0.006655251308108005)	('R_DLPFC_T1', -0.005533872999942326)	('T2', 0.00550689110351617)	('T1', 0.005477287374515433)	('rDLPFC_to_lIFG_T2', 0.005441242037672304)	('rIFG_to_lIFG_T2', -0.005358297804438964)	('L_PTL_T1', -0.005231265142454825)	('L_SMA_T2', 0.004987498878658537)	('L_PTL', 0.004341325278127608)	('rDLPFC_to_lPTL_T2', -0.004269504155728007)	('lPTL_to_lIFG_T2', 0.0034061174570624163)	('lPTL_to_lIFG_T1', -0.003062115774357503)	('L_IFGorb', 0.002980719953199004)	('L_DLPFC_T1', 0.001986457730749908)	('L_PTL_T2', 0.001969535325759662)	('lDLPFC_to_lIFG_T1', 0.0019074871207965896)	('R_IFGorb_T2', -0.0014496496010465083)	('rDLPFC_to_lIFG_T1', -0.0010678623983153297)	('lDLPFC_to_lPTL_T2', -0.000895327512613419)	('L_IFGorb_T1', 0.0004571356244760555)	('Age', -0.00035813278339726594)	('lSMA_to_lIFG_T1', -0.00029415342151957035)	('R_IFGorb_T1', -0.00021004525417303154)	
