predictors	pearson_correlation	mean_squared_error	r2	
rois + act_t1 + act_t2 + conn_t1 + conn_t2 + age + T1 + T2	0.2518543131570263	0.08643718764605	0.05816100080651532	('Age', 0.01162613971866935)	('lDLPFC_to_lIFG_T1', 0.011615330041671163)	('L_DLPFC', 0.010766766072655176)	('L_IFGorb_T2', 0.010522165234602681)	('rDLPFC_to_lIFG_T2', 0.010452208153323705)	('L_IFGorb_T1', -0.009588982720907828)	('L_PTL_T2', 0.008728294145531466)	('R_DLPFC_T2', -0.008720698230917064)	('lDLPFC_to_lPTL_T1', 0.007517200825196929)	('L_SMA', 0.0067771564329566665)	('L_DLPFC_T2', 0.00659875010737864)	('L_IFGorb', -0.005658564656910908)	('L_PTL', 0.005444976227285845)	('lSMA_to_lIFG_T1', 0.004920630091137742)	('T1', 0.004621283287661436)	('R_DLPFC_T1', 0.0045974122629657615)	('R_IFGorb_T1', -0.004139648855202187)	('L_PTL_T1', -0.003730128175103003)	('lDLPFC_to_lIFG_T2', -0.0028357904303592616)	('lIFG_to_lPTL_T2', 0.002636793908022601)	('rIFG_to_lIFG_T2', -0.002512204245009775)	('lDLPFC_to_lPTL_T2', 0.0024787595864716877)	('T2', 0.0023441767586509484)	('lIFG_to_lPTL_T1', 0.0023115484565720762)	('rDLPFC_to_lPTL_T1', -0.0023114350352344826)	('R_IFGorb_T2', -0.0023052350081247904)	('L_DLPFC_T1', 0.001757367571114144)	('rDLPFC_to_lIFG_T1', 0.0017125360402019173)	('lSMA_to_lPTL_T1', 0.0016012512751436992)	('lPTL_to_lIFG_T1', 0.001357552842018968)	('rDLPFC_to_lPTL_T2', -0.0013543031108375996)	('lSMA_to_lPTL_T2', -0.0010565108751182742)	('lPTL_to_lIFG_T2', -0.0009028602350662895)	('L_SMA_T2', -0.0008213481612689367)	('rIFG_to_lIFG_T1', 0.0006319570017676023)	('L_SMA_T1', 0.0004182872729411143)	('lSMA_to_lIFG_T2', 0.0003667909293376942)	
