predictors	pearson_correlation	mean_squared_error	r2	
rois + act_t1 + act_t2 + conn_t1 + conn_t2 + age + T1 + T2	0.10849871445655088	0.09146859472394817	0.003337659883076882	('L_IFGorb', 0.019511330419901544)	('lIFG_to_lPTL_T2', -0.018346765552370255)	('lSMA_to_lPTL_T1', 0.015375910904876366)	('R_DLPFC_T2', 0.015299386638338684)	('L_SMA_T2', 0.014972689301879435)	('lDLPFC_to_lIFG_T2', 0.01434045069054651)	('L_DLPFC_T2', 0.01402461158608769)	('L_SMA_T1', -0.013828656831903827)	('Age', 0.013642119762933308)	('L_PTL_T2', -0.013392953187315843)	('R_DLPFC_T1', 0.013305278570549778)	('lSMA_to_lIFG_T1', -0.01278438391472636)	('rDLPFC_to_lPTL_T2', 0.01141772600770344)	('lIFG_to_lPTL_T1', 0.010340414408824635)	('L_IFGorb_T2', -0.00914661264119975)	('rDLPFC_to_lIFG_T2', 0.007755239844711166)	('lDLPFC_to_lPTL_T1', 0.007105056912514391)	('rDLPFC_to_lIFG_T1', 0.006871062914778961)	('lSMA_to_lPTL_T2', 0.006731935295375254)	('lPTL_to_lIFG_T2', -0.006234063164664403)	('L_PTL_T1', -0.00575174689220074)	('lDLPFC_to_lIFG_T1', -0.005594688212725521)	('lDLPFC_to_lPTL_T2', -0.0052968261217821834)	('rIFG_to_lIFG_T2', 0.005172012390456615)	('R_IFGorb_T1', -0.004420755743118778)	('lPTL_to_lIFG_T1', -0.004005924658616956)	('rDLPFC_to_lPTL_T1', 0.0034212327224682087)	('rIFG_to_lIFG_T1', 0.0032914275115363267)	('L_PTL', -0.0029484297195088243)	('L_SMA', 0.002494178145966149)	('T1', 0.002227871531869372)	('L_DLPFC_T1', 0.0017802044041716207)	('L_DLPFC', 0.0015248587387957555)	('lSMA_to_lIFG_T2', 0.000897914103492884)	('L_IFGorb_T1', 0.000866185982626142)	('T2', -0.0005114645962291072)	('R_IFGorb_T2', -0.0002710191262279694)	
