predictors	pearson_correlation	mean_squared_error	r2	
rois + act_t1 + act_t2 + conn_t1 + conn_t2 + age + T1 + T2	0.10594656348267077	0.07980347074292247	-0.010224252915120635	('lSMA_to_lIFG_T2', 0.018059493339375985)	('lSMA_to_lIFG_T1', 0.01593313021536817)	('lDLPFC_to_lIFG_T1', 0.015340894474279346)	('rDLPFC_to_lIFG_T1', 0.01385170869734897)	('lPTL_to_lIFG_T2', 0.010400056633822359)	('L_PTL', 0.010193140727997497)	('L_PTL_T2', 0.00969178723723721)	('L_PTL_T1', 0.00827472735692314)	('rIFG_to_lIFG_T2', 0.008063298454133202)	('lIFG_to_lPTL_T2', 0.007694771918981459)	('L_SMA_T2', 0.007602774943815212)	('L_SMA', -0.007380437898561836)	('L_SMA_T1', 0.007250701651935505)	('lDLPFC_to_lPTL_T1', -0.007076315019290542)	('L_DLPFC', -0.006760956688513373)	('R_IFGorb_T2', 0.006106754600280078)	('rDLPFC_to_lPTL_T1', 0.006037548495691493)	('lPTL_to_lIFG_T1', -0.005943938646955327)	('R_DLPFC_T2', 0.005629158711186702)	('rDLPFC_to_lIFG_T2', 0.005113801408440108)	('L_IFGorb', -0.00509733027149573)	('lDLPFC_to_lPTL_T2', 0.005023662537403396)	('lDLPFC_to_lIFG_T2', 0.004705855083853678)	('R_DLPFC_T1', 0.004332503270554704)	('T1', 0.0042775621972629746)	('L_IFGorb_T1', 0.0042446563173416775)	('rIFG_to_lIFG_T1', 0.0036659343119429533)	('L_DLPFC_T2', 0.003629553466080602)	('R_IFGorb_T1', 0.00344389401685067)	('lSMA_to_lPTL_T2', -0.0033048672801508543)	('T2', 0.0029024079917464585)	('rDLPFC_to_lPTL_T2', 0.001758633905652252)	('L_DLPFC_T1', 0.0017318176305505433)	('lIFG_to_lPTL_T1', -0.0011242109910450128)	('L_IFGorb_T2', -0.0006887049977998583)	('Age', -0.000310481413138878)	('lSMA_to_lPTL_T1', 0.0003080909163168767)	
