predictors	pearson_correlation	mean_squared_error	r2	
rois + act_t1 + act_t2 + conn_t1 + conn_t2 + age + T1 + T2	0.0857118985644985	0.08176953342016532	-0.03511244613293374	('R_DLPFC_T2', 0.024777620182480194)	('rDLPFC_to_lPTL_T2', 0.019837317241182387)	('lDLPFC_to_lPTL_T1', 0.019325674488176278)	('lPTL_to_lIFG_T2', 0.012723549738541812)	('lSMA_to_lIFG_T2', 0.012708102528317328)	('L_PTL', 0.012163651918233006)	('L_PTL_T1', 0.01083655385948652)	('L_DLPFC', 0.010482202579238493)	('lSMA_to_lIFG_T1', 0.00936003767450892)	('R_IFGorb_T2', -0.008802333322019771)	('T1', 0.008641345509774223)	('lDLPFC_to_lIFG_T1', 0.008234145956229077)	('L_DLPFC_T2', 0.008100574927962187)	('rIFG_to_lIFG_T2', 0.007342932922085772)	('L_PTL_T2', 0.0066905328847666895)	('L_IFGorb', 0.0055019042710694206)	('R_IFGorb_T1', -0.005490830491243152)	('L_IFGorb_T2', 0.005081719286895897)	('L_SMA_T2', -0.003978002209196479)	('lSMA_to_lPTL_T2', 0.003929303294786046)	('lSMA_to_lPTL_T1', -0.003813737533860372)	('T2', 0.0036570722782670755)	('L_SMA_T1', -0.003605499506135111)	('lDLPFC_to_lPTL_T2', -0.0028884217275721626)	('lIFG_to_lPTL_T1', -0.002830146734895322)	('lIFG_to_lPTL_T2', 0.002448473805555928)	('rIFG_to_lIFG_T1', 0.0022849059851235533)	('R_DLPFC_T1', 0.0019417704573763115)	('rDLPFC_to_lIFG_T2', 0.001381365565912744)	('L_SMA', -0.0013379354846006148)	('rDLPFC_to_lPTL_T1', 0.0013209866123004579)	('L_DLPFC_T1', -0.0011509128999437714)	('lPTL_to_lIFG_T1', 0.0008806700026645055)	('Age', 0.0008767405311808677)	('L_IFGorb_T1', 0.0007048234848968426)	('lDLPFC_to_lIFG_T2', -0.0006747531867901084)	('rDLPFC_to_lIFG_T1', -0.0006618059418076486)	
