predictors	pearson_correlation	mean_squared_error	r2	
rois + act_t1 + act_t2 + conn_t1 + conn_t2 + age + T1 + T2	-0.055109465070667885	0.08928397627796432	-0.1302370359712346	('L_SMA_T1', -0.019282095996581202)	('L_SMA_T2', 0.018912339299540497)	('lIFG_to_lPTL_T1', 0.01881179350926694)	('lSMA_to_lIFG_T2', 0.018236336656410723)	('rDLPFC_to_lIFG_T1', 0.017701802023348878)	('L_DLPFC_T2', 0.017486353174734674)	('L_PTL_T2', 0.016894357306128677)	('lDLPFC_to_lIFG_T2', -0.014037690226312554)	('L_PTL', 0.01357829769191101)	('R_DLPFC_T1', 0.010867596380182096)	('rDLPFC_to_lPTL_T1', 0.009840277910320747)	('L_DLPFC', 0.00939027910842607)	('lDLPFC_to_lIFG_T1', 0.009258108721496027)	('rIFG_to_lIFG_T2', -0.008109743210035741)	('lDLPFC_to_lPTL_T1', -0.008074362873982962)	('lSMA_to_lPTL_T1', 0.007271014041348104)	('lPTL_to_lIFG_T2', 0.006835591348025186)	('L_SMA', 0.006756810319827029)	('R_DLPFC_T2', 0.006199761849634374)	('lIFG_to_lPTL_T2', 0.005512106233473417)	('R_IFGorb_T2', 0.0052311516355157605)	('rIFG_to_lIFG_T1', -0.005021576185278755)	('T2', 0.004860768641528363)	('L_IFGorb', 0.004788198578721252)	('Age', -0.004479662400073305)	('L_IFGorb_T1', -0.004321117543547863)	('lPTL_to_lIFG_T1', -0.004053057243065143)	('rDLPFC_to_lPTL_T2', 0.0038323007149986318)	('lSMA_to_lIFG_T1', 0.003591999944423038)	('lDLPFC_to_lPTL_T2', -0.0035660004005293395)	('L_DLPFC_T1', 0.0034934664037807113)	('lSMA_to_lPTL_T2', 0.0033710686724154736)	('L_PTL_T1', 0.0019822709655626094)	('rDLPFC_to_lIFG_T2', 0.0008459935957455636)	('R_IFGorb_T1', -0.0007099447653157508)	('L_IFGorb_T2', -0.00037557860699219414)	('T1', -0.00027285091437584397)	
