predictors	pearson_correlation	mean_squared_error	r2	
rois + act_t1 + act_t2 + conn_t1 + conn_t2 + age + T1 + T2	0.21467066774877255	0.07557719034951868	0.04327581310067763	('L_PTL_T1', 0.020327837417346648)	('L_DLPFC_T1', 0.017131763462877477)	('lSMA_to_lPTL_T2', 0.016103102239225172)	('rIFG_to_lIFG_T1', 0.015824183554984512)	('L_PTL_T2', 0.014150438362118706)	('T1', 0.01348311315496427)	('rDLPFC_to_lPTL_T1', 0.013214209780445938)	('lIFG_to_lPTL_T1', 0.013136926000174624)	('lDLPFC_to_lIFG_T2', 0.012851735718862632)	('L_DLPFC_T2', -0.011584895474086292)	('rDLPFC_to_lPTL_T2', 0.011316933449355332)	('rIFG_to_lIFG_T2', 0.00941677800325471)	('T2', 0.009410790023762447)	('lSMA_to_lPTL_T1', -0.009219417592134476)	('R_IFGorb_T1', -0.00879986162387507)	('L_SMA', 0.008644326258242668)	('R_DLPFC_T2', 0.00841450248335298)	('L_IFGorb_T1', 0.006877514715921779)	('lDLPFC_to_lPTL_T2', -0.006821824084245459)	('lPTL_to_lIFG_T1', 0.006771081332424723)	('lSMA_to_lIFG_T2', 0.00540934577472593)	('L_DLPFC', 0.005392932918856018)	('L_SMA_T2', 0.005116640266254225)	('rDLPFC_to_lIFG_T2', 0.004445020513858602)	('Age', 0.003929030346019085)	('L_IFGorb', 0.0036035750373788174)	('lDLPFC_to_lPTL_T1', 0.00349316976878241)	('R_IFGorb_T2', -0.0032232243118105884)	('rDLPFC_to_lIFG_T1', -0.0031303955156960434)	('L_SMA_T1', 0.0024684608181579967)	('lIFG_to_lPTL_T2', -0.0023958327127292754)	('L_PTL', 0.0012928305829016285)	('L_IFGorb_T2', -0.0010274049371534423)	('R_DLPFC_T1', 0.0009059278821912802)	('lSMA_to_lIFG_T1', -0.0007182285739582183)	('lPTL_to_lIFG_T2', -0.0004681602767451153)	('lDLPFC_to_lIFG_T1', 0.0002582422427157391)	
