predictors	pearson_correlation	mean_squared_error	r2	
rois + act_t1 + act_t2 + conn_t1 + conn_t2 + age + T1 + T2	-0.21212120874411147	0.08936708738308988	-0.13128913124106179	('L_DLPFC_T1', 0.017496087385588405)	('R_DLPFC_T2', 0.015500811135296218)	('L_PTL_T2', 0.014546727173956388)	('L_PTL', 0.013489524592772266)	('rDLPFC_to_lIFG_T2', 0.012926078223288024)	('lPTL_to_lIFG_T2', 0.01025294316479882)	('lIFG_to_lPTL_T2', 0.010240410481676204)	('rIFG_to_lIFG_T2', -0.009373941824251107)	('lSMA_to_lIFG_T2', 0.008450143219584443)	('rDLPFC_to_lPTL_T1', -0.008368559782720926)	('L_SMA', 0.007746765916679433)	('L_SMA_T1', 0.007675834676776673)	('lDLPFC_to_lPTL_T2', 0.007435706083401069)	('L_SMA_T2', 0.0068316307129818975)	('lIFG_to_lPTL_T1', 0.0067979035791005)	('L_IFGorb', 0.006465329267213837)	('lSMA_to_lPTL_T1', 0.006265520717594605)	('lDLPFC_to_lIFG_T1', 0.005985674290557261)	('L_PTL_T1', 0.005684672952844051)	('Age', 0.005071319550125623)	('lDLPFC_to_lIFG_T2', 0.0048727601784330455)	('rIFG_to_lIFG_T1', 0.004759411055926812)	('R_DLPFC_T1', 0.004545393427890089)	('L_IFGorb_T2', -0.004303891465369997)	('R_IFGorb_T1', 0.0030492977035656106)	('L_DLPFC_T2', 0.0021826566349944496)	('rDLPFC_to_lIFG_T1', 0.002158066179524466)	('T1', 0.0021059766714591)	('R_IFGorb_T2', -0.0019205257529933907)	('L_DLPFC', -0.0014918073548905858)	('lSMA_to_lPTL_T2', 0.00129938727256552)	('lDLPFC_to_lPTL_T1', -0.0010810904339674083)	('T2', 0.000908055234180521)	('L_IFGorb_T1', -0.0007856751141854322)	('lPTL_to_lIFG_T1', 0.00019351033079106602)	('rDLPFC_to_lPTL_T2', 0.00012184499897697221)	('lSMA_to_lIFG_T1', 0.00010111918388524658)	
