predictors	pearson_correlation	mean_squared_error	r2	
rois + act_t1 + act_t2 + conn_t1 + conn_t2 + age + T1 + T2	-0.13099446686593297	0.08970674657282036	-0.13558884337133503	('L_IFGorb_T2', 0.015336408986145217)	('T1', 0.014036808523176382)	('L_SMA', 0.011307455022504452)	('lSMA_to_lIFG_T2', 0.010646070218042186)	('T2', 0.010642498287967695)	('rDLPFC_to_lPTL_T1', 0.010465568833790781)	('lPTL_to_lIFG_T2', -0.010339502601146022)	('lIFG_to_lPTL_T2', -0.008923178092897941)	('L_DLPFC', -0.007564891625375187)	('lDLPFC_to_lPTL_T2', 0.007532241384879049)	('L_PTL_T1', 0.007458263057509291)	('lDLPFC_to_lPTL_T1', 0.006155571642950887)	('R_DLPFC_T2', 0.006036459446243904)	('L_DLPFC_T2', 0.0060152054694311355)	('rDLPFC_to_lIFG_T1', 0.0058391486793194424)	('L_PTL_T2', 0.005462505628437412)	('rIFG_to_lIFG_T2', -0.0054109912507935825)	('lPTL_to_lIFG_T1', 0.005186060908940209)	('R_IFGorb_T2', 0.004759009802012847)	('L_PTL', 0.00456538025544371)	('L_IFGorb_T1', 0.004280141255315139)	('rIFG_to_lIFG_T1', 0.004124536054342377)	('lIFG_to_lPTL_T1', 0.0034778456300763425)	('rDLPFC_to_lIFG_T2', -0.003256842389976514)	('lSMA_to_lPTL_T2', 0.0031410183654954865)	('lSMA_to_lPTL_T1', 0.001983452469236548)	('lSMA_to_lIFG_T1', -0.0018135135739782082)	('Age', -0.0015682369846671312)	('L_SMA_T2', 0.0014850173651473593)	('L_DLPFC_T1', 0.0012693581297699682)	('R_IFGorb_T1', 0.0010829977031560952)	('L_IFGorb', 0.0009158402862234953)	('lDLPFC_to_lIFG_T2', -0.0006091257900793425)	('rDLPFC_to_lPTL_T2', -0.000562400296600496)	('lDLPFC_to_lIFG_T1', -0.0003978019682591468)	('L_SMA_T1', 0.00035842076285844674)	('R_DLPFC_T1', -7.50444439655039e-05)	
