predictors	pearson_correlation	mean_squared_error	r2	
rois + act_t1 + act_t2 + conn_t1 + conn_t2 + age + T1 + T2	-0.0023615766350233696	0.0860410394814248	-0.08918501941059365	('rIFG_to_lIFG_T2', 0.023537903538389134)	('rDLPFC_to_lIFG_T2', 0.02092824064528237)	('lSMA_to_lIFG_T2', 0.02005132993201338)	('R_IFGorb_T1', 0.018071853204842954)	('R_IFGorb_T2', 0.017584087637218276)	('lDLPFC_to_lPTL_T1', -0.014126534353656914)	('Age', 0.013274557153413935)	('R_DLPFC_T1', 0.012494113435629393)	('L_IFGorb_T1', 0.012288111591121108)	('lSMA_to_lPTL_T1', 0.010160830449045777)	('L_PTL_T2', -0.00990465912131582)	('rDLPFC_to_lIFG_T1', 0.009566802609065873)	('lIFG_to_lPTL_T2', -0.008991000061977322)	('L_IFGorb', 0.00866079906793112)	('T2', 0.008577703801479026)	('lDLPFC_to_lIFG_T1', 0.007592183934612901)	('L_SMA', 0.007537549665624237)	('R_DLPFC_T2', -0.006033068603039168)	('L_PTL', 0.006003606954997827)	('lPTL_to_lIFG_T1', 0.005021031559631819)	('L_IFGorb_T2', 0.004798376694582478)	('lIFG_to_lPTL_T1', -0.004789336898039012)	('rDLPFC_to_lPTL_T2', 0.004749825436000136)	('rDLPFC_to_lPTL_T1', 0.004516259016318354)	('lDLPFC_to_lIFG_T2', 0.0038626973765827992)	('L_SMA_T2', 0.003754626728635264)	('L_DLPFC', -0.0028258271392746126)	('lPTL_to_lIFG_T2', 0.0028066121572237635)	('T1', -0.002599817435692939)	('lSMA_to_lPTL_T2', 0.0018624401971362224)	('L_DLPFC_T1', 0.0012165669294031947)	('rIFG_to_lIFG_T1', -0.000817673054323253)	('L_SMA_T1', -0.0005558691367861185)	('L_PTL_T1', -0.0004402019713165902)	('lSMA_to_lIFG_T1', -0.0004046578440179123)	('L_DLPFC_T2', -0.0003763830918296338)	('lDLPFC_to_lPTL_T2', 7.286989639804028e-05)	
