target	predictor_one	predictor_two	average_corr_one	average_corr_two	raw_permutation_p	fdr_corrected_p
T2-T1	L_PTL	L_DLPFC	0.24539351414019342	0.24539351414019342	0.5	0.5
T2-T1	L_PTL	L_IFGorb	0.24539351414019342	0.2514341719921734	0.28199110528208726	0.4596232975857643
T2-T1	L_DLPFC	L_IFGorb	0.24539351414019342	0.2514341719921734	0.28199110528208726	0.4596232975857643
T3-T2	L_PTL	L_DLPFC	0.16220749365355308	0.16220749365355308	0.5	0.5
T3-T2	L_PTL	L_IFGorb	0.16220749365355308	0.09781105062199412	9.267991821645146e-13	8.810205089714105e-11
T3-T2	L_DLPFC	L_IFGorb	0.16220749365355308	0.09781105062199412	9.267991821645146e-13	8.810205089714105e-11
T3-T1	L_PTL	L_DLPFC	0.25820211904579154	0.25820211904579154	0.5	0.5
T3-T1	L_PTL	L_IFGorb	0.25820211904579154	0.2677822683211775	0.14134275584130263	0.27090694869583004
T3-T1	L_DLPFC	L_IFGorb	0.25820211904579154	0.2677822683211775	0.14134275584130263	0.27090694869583004
