target	predictor_one	predictor_two	average_corr_one	average_corr_two	raw_permutation_p	fdr_corrected_p
T2-T1	L_PTL	L_DLPFC	0.2698408807172043	0.2698408807172043	0.5	0.5
T2-T1	L_PTL	L_IFGorb	0.2698408807172043	0.23781736326816638	0.0009212651844878132	0.0030270141776028146
T2-T1	L_DLPFC	L_IFGorb	0.2698408807172043	0.23781736326816638	0.0009212651844878132	0.0030270141776028146
T3-T2	L_PTL	L_DLPFC	0.21147389771653552	0.21147389771653552	0.5	0.5
T3-T2	L_PTL	L_IFGorb	0.21147389771653552	0.15479181292463015	1.6324396530847838e-14	1.8773056010475015e-13
T3-T2	L_DLPFC	L_IFGorb	0.21147389771653552	0.15479181292463015	1.6324396530847838e-14	1.8773056010475015e-13
T3-T1	L_PTL	L_DLPFC	0.2570531801429981	0.2570531801429981	0.5	0.5
T3-T1	L_PTL	L_IFGorb	0.2570531801429981	0.22231528777124424	1.4715282270889792e-05	7.810419051472274e-05
T3-T1	L_DLPFC	L_IFGorb	0.2570531801429981	0.22231528777124424	1.4715282270889792e-05	7.810419051472274e-05
