predictors	pearson_correlation	mean_squared_error	r2	
rois + act_t1 + act_t2 + conn_t1 + conn_t2 + age + T1 + T2	0.6752315870435343	0.038886660164401565	0.45046867981097827	('T2', 0.7091571330720657)	('L_PTL_T1', 0.07773130891146222)	('R_DLPFC_T2', 0.06942229763495578)	('lSMA_to_lIFG_T2', -0.056967858485614926)	('Age', -0.039629178550163374)	('R_DLPFC_T1', 0.03317273393098793)	('rDLPFC_to_lPTL_T2', 0.03148178917710185)	('lPTL_to_lIFG_T2', 0.030000856762644024)	('R_IFGorb_T1', 0.029317606666330907)	('lDLPFC_to_lPTL_T1', 0.023033366297344253)	('rIFG_to_lIFG_T2', -0.02180491328639338)	('L_DLPFC', 0.017364557953273106)	('rDLPFC_to_lPTL_T1', 0.014448253363715058)	('L_IFGorb_T1', 0.011325606452555533)	('R_IFGorb_T2', 0.011206426430156246)	('L_SMA', 0.011061672149329642)	('lIFG_to_lPTL_T1', -0.008557115476702489)	('L_IFGorb', -0.005641911218375054)	('rDLPFC_to_lIFG_T1', -0.004191790672180649)	('L_IFGorb_T2', 0.001545655886966004)	('lDLPFC_to_lIFG_T2', -0.0012615049637618042)	('T1', 0.0010836584384124766)	('L_SMA_T2', 0.0010186485434648853)	('rIFG_to_lIFG_T1', 0.0009090092206468283)	('lIFG_to_lPTL_T2', -0.0008461233024300498)	('lSMA_to_lPTL_T1', 0.0006534928609520307)	('lSMA_to_lPTL_T2', 0.00046940824488271495)	('L_PTL', 0.0)	('L_DLPFC_T1', 0.0)	('L_SMA_T1', 0.0)	('L_DLPFC_T2', 0.0)	('L_PTL_T2', 0.0)	('lSMA_to_lIFG_T1', 0.0)	('lDLPFC_to_lIFG_T1', 0.0)	('lPTL_to_lIFG_T1', 0.0)	('rDLPFC_to_lIFG_T2', 0.0)	('lDLPFC_to_lPTL_T2', 0.0)	
