predictors	pearson_correlation	mean_squared_error	r2	
rois + act_t1 + act_t2 + conn_t1 + conn_t2 + age + T1 + T2	0.9277758197679221	0.011016393784567476	0.8605445593126606	('T1', -1.041228513944761)	('T2', 0.44680602952960413)	('R_IFGorb_T1', 0.10687915786233465)	('L_DLPFC', 0.10122074688949914)	('rIFG_to_lIFG_T2', -0.09925075945004808)	('R_DLPFC_T2', 0.07484612494556386)	('R_DLPFC_T1', 0.06518163266917047)	('Age', -0.061862510914573746)	('L_SMA', 0.060903413270596854)	('rDLPFC_to_lPTL_T2', 0.05874652909516458)	('lPTL_to_lIFG_T2', 0.0539749084550177)	('lSMA_to_lIFG_T2', -0.04144947333591583)	('L_PTL_T1', 0.0407385896217717)	('lIFG_to_lPTL_T1', -0.0362980511240329)	('lDLPFC_to_lPTL_T1', 0.03508807649415112)	('L_PTL_T2', -0.03292799714954803)	('rDLPFC_to_lPTL_T1', 0.032780162762306934)	('rIFG_to_lIFG_T1', 0.031189451523736884)	('lSMA_to_lPTL_T2', -0.02513215543130234)	('L_DLPFC_T1', -0.02463251442562181)	('L_IFGorb_T2', 0.017852359531500713)	('lSMA_to_lPTL_T1', -0.005716716212055334)	('L_IFGorb', -0.004979942712701815)	('lDLPFC_to_lPTL_T2', 0.0010945970657767574)	('rDLPFC_to_lIFG_T1', -0.0009748452775093381)	('L_SMA_T1', 0.00048739767538479)	('lIFG_to_lPTL_T2', -0.00042480990650793654)	('rDLPFC_to_lIFG_T2', -0.00034645044301596494)	('lSMA_to_lIFG_T1', -0.0003113891447222381)	('lDLPFC_to_lIFG_T2', 0.00029910174604317604)	('L_SMA_T2', 0.00025919247084452645)	('lDLPFC_to_lIFG_T1', 0.00015729167157322481)	('L_IFGorb_T1', 4.4836494093481226e-05)	('L_PTL', 0.0)	('L_DLPFC_T2', 0.0)	('R_IFGorb_T2', 0.0)	('lPTL_to_lIFG_T1', 0.0)	
